dataset_folder,model,seed_folder,dataset_exp_name,participation_method,seed_num,score,chance_level,chance_source,category_en,category_ch,subtype,dataset_name,path
Awakening_balanced_within_subject_linear_downsample,bendr,seed_10_downsample_t40,Awakening_balanced,within_subject,10,0.47491795593061414,0.5,balanced_chance,Unknown,Unknown,Unknown,,/benchmark-eeg/5.0_version/result_5/linear_downsample/Awakening_balanced_within_subject_linear_downsample/seed_10_downsample_t40/ratio_full/bendr/summary.json
Awakening_balanced_within_subject_linear_downsample,bendr,seed_42_downsample_t40,Awakening_balanced,within_subject,42,0.5181684017390611,0.5,balanced_chance,Unknown,Unknown,Unknown,,/benchmark-eeg/5.0_version/result_5/linear_downsample/Awakening_balanced_within_subject_linear_downsample/seed_42_downsample_t40/ratio_full/bendr/summary.json
Awakening_balanced_within_subject_linear_downsample,bendr,seed_5_downsample_t40,Awakening_balanced,within_subject,5,0.5247415683921669,0.5,balanced_chance,Unknown,Unknown,Unknown,,/benchmark-eeg/5.0_version/result_5/linear_downsample/Awakening_balanced_within_subject_linear_downsample/seed_5_downsample_t40/ratio_full/bendr/summary.json
Awakening_balanced_within_subject_linear_downsample,biot,seed_10_downsample_t40,Awakening_balanced,within_subject,10,0.9831888626214866,0.5,balanced_chance,Unknown,Unknown,Unknown,,/benchmark-eeg/5.0_version/result_5/linear_downsample/Awakening_balanced_within_subject_linear_downsample/seed_10_downsample_t40/ratio_full/biot/summary.json
Awakening_balanced_within_subject_linear_downsample,biot,seed_42_downsample_t40,Awakening_balanced,within_subject,42,0.9713954448297529,0.5,balanced_chance,Unknown,Unknown,Unknown,,/benchmark-eeg/5.0_version/result_5/linear_downsample/Awakening_balanced_within_subject_linear_downsample/seed_42_downsample_t40/ratio_full/biot/summary.json
Awakening_balanced_within_subject_linear_downsample,biot,seed_5_downsample_t40,Awakening_balanced,within_subject,5,0.9775134527390614,0.5,balanced_chance,Unknown,Unknown,Unknown,,/benchmark-eeg/5.0_version/result_5/linear_downsample/Awakening_balanced_within_subject_linear_downsample/seed_5_downsample_t40/ratio_full/biot/summary.json
Awakening_balanced_within_subject_linear_downsample,brainomni,seed_10_downsample_t40,Awakening_balanced,within_subject,10,0.9849362536776725,0.5,balanced_chance,Unknown,Unknown,Unknown,,/benchmark-eeg/5.0_version/result_5/linear_downsample/Awakening_balanced_within_subject_linear_downsample/seed_10_downsample_t40/ratio_full/brainomni/summary.json
Awakening_balanced_within_subject_linear_downsample,brainomni,seed_42_downsample_t40,Awakening_balanced,within_subject,42,0.988111633880782,0.5,balanced_chance,Unknown,Unknown,Unknown,,/benchmark-eeg/5.0_version/result_5/linear_downsample/Awakening_balanced_within_subject_linear_downsample/seed_42_downsample_t40/ratio_full/brainomni/summary.json
Awakening_balanced_within_subject_linear_downsample,brainomni,seed_5_downsample_t40,Awakening_balanced,within_subject,5,0.9693408277976494,0.5,balanced_chance,Unknown,Unknown,Unknown,,/benchmark-eeg/5.0_version/result_5/linear_downsample/Awakening_balanced_within_subject_linear_downsample/seed_5_downsample_t40/ratio_full/brainomni/summary.json
Awakening_balanced_within_subject_linear_downsample,cbramod,seed_10_downsample_t40,Awakening_balanced,within_subject,10,0.8169216274449598,0.5,balanced_chance,Unknown,Unknown,Unknown,,/benchmark-eeg/5.0_version/result_5/linear_downsample/Awakening_balanced_within_subject_linear_downsample/seed_10_downsample_t40/ratio_full/cbramod/summary.json
Awakening_balanced_within_subject_linear_downsample,cbramod,seed_42_downsample_t40,Awakening_balanced,within_subject,42,0.8049082924308963,0.5,balanced_chance,Unknown,Unknown,Unknown,,/benchmark-eeg/5.0_version/result_5/linear_downsample/Awakening_balanced_within_subject_linear_downsample/seed_42_downsample_t40/ratio_full/cbramod/summary.json
Awakening_balanced_within_subject_linear_downsample,cbramod,seed_5_downsample_t40,Awakening_balanced,within_subject,5,0.7908254519719489,0.5,balanced_chance,Unknown,Unknown,Unknown,,/benchmark-eeg/5.0_version/result_5/linear_downsample/Awakening_balanced_within_subject_linear_downsample/seed_5_downsample_t40/ratio_full/cbramod/summary.json
Awakening_balanced_within_subject_linear_downsample,eegmamba,seed_10_downsample_t40,Awakening_balanced,within_subject,10,0.7677673526514955,0.5,balanced_chance,Unknown,Unknown,Unknown,,/benchmark-eeg/5.0_version/result_5/linear_downsample/Awakening_balanced_within_subject_linear_downsample/seed_10_downsample_t40/ratio_full/eegmamba/summary.json
Awakening_balanced_within_subject_linear_downsample,eegmamba,seed_42_downsample_t40,Awakening_balanced,within_subject,42,0.7874716981132075,0.5,balanced_chance,Unknown,Unknown,Unknown,,/benchmark-eeg/5.0_version/result_5/linear_downsample/Awakening_balanced_within_subject_linear_downsample/seed_42_downsample_t40/ratio_full/eegmamba/summary.json
Awakening_balanced_within_subject_linear_downsample,eegmamba,seed_5_downsample_t40,Awakening_balanced,within_subject,5,0.7274521788795478,0.5,balanced_chance,Unknown,Unknown,Unknown,,/benchmark-eeg/5.0_version/result_5/linear_downsample/Awakening_balanced_within_subject_linear_downsample/seed_5_downsample_t40/ratio_full/eegmamba/summary.json
Awakening_balanced_within_subject_linear_downsample,femba,seed_10_downsample_t40,Awakening_balanced,within_subject,10,0.9550373517832842,0.5,balanced_chance,Unknown,Unknown,Unknown,,/benchmark-eeg/5.0_version/result_5/linear_downsample/Awakening_balanced_within_subject_linear_downsample/seed_10_downsample_t40/ratio_full/femba/summary.json
Awakening_balanced_within_subject_linear_downsample,femba,seed_42_downsample_t40,Awakening_balanced,within_subject,42,0.9499160049666628,0.5,balanced_chance,Unknown,Unknown,Unknown,,/benchmark-eeg/5.0_version/result_5/linear_downsample/Awakening_balanced_within_subject_linear_downsample/seed_42_downsample_t40/ratio_full/femba/summary.json
Awakening_balanced_within_subject_linear_downsample,femba,seed_5_downsample_t40,Awakening_balanced,within_subject,5,0.94527809841392,0.5,balanced_chance,Unknown,Unknown,Unknown,,/benchmark-eeg/5.0_version/result_5/linear_downsample/Awakening_balanced_within_subject_linear_downsample/seed_5_downsample_t40/ratio_full/femba/summary.json
Awakening_balanced_within_subject_linear_downsample,labram,seed_10_downsample_t40,Awakening_balanced,within_subject,10,0.9321611482966605,0.5,balanced_chance,Unknown,Unknown,Unknown,,/benchmark-eeg/5.0_version/result_5/linear_downsample/Awakening_balanced_within_subject_linear_downsample/seed_10_downsample_t40/ratio_full/labram/summary.json
Awakening_balanced_within_subject_linear_downsample,labram,seed_42_downsample_t40,Awakening_balanced,within_subject,42,0.9262912125304938,0.5,balanced_chance,Unknown,Unknown,Unknown,,/benchmark-eeg/5.0_version/result_5/linear_downsample/Awakening_balanced_within_subject_linear_downsample/seed_42_downsample_t40/ratio_full/labram/summary.json
Awakening_balanced_within_subject_linear_downsample,labram,seed_5_downsample_t40,Awakening_balanced,within_subject,5,0.9257626725437884,0.5,balanced_chance,Unknown,Unknown,Unknown,,/benchmark-eeg/5.0_version/result_5/linear_downsample/Awakening_balanced_within_subject_linear_downsample/seed_5_downsample_t40/ratio_full/labram/summary.json
Awakening_balanced_within_subject_linear_downsample,neurogpt,seed_10_downsample_t40,Awakening_balanced,within_subject,10,0.8012916045702931,0.5,balanced_chance,Unknown,Unknown,Unknown,,/benchmark-eeg/5.0_version/result_5/linear_downsample/Awakening_balanced_within_subject_linear_downsample/seed_10_downsample_t40/ratio_full/neurogpt/summary.json
Awakening_balanced_within_subject_linear_downsample,neurogpt,seed_42_downsample_t40,Awakening_balanced,within_subject,42,0.8018312911929933,0.5,balanced_chance,Unknown,Unknown,Unknown,,/benchmark-eeg/5.0_version/result_5/linear_downsample/Awakening_balanced_within_subject_linear_downsample/seed_42_downsample_t40/ratio_full/neurogpt/summary.json
Awakening_balanced_within_subject_linear_downsample,neurogpt,seed_5_downsample_t40,Awakening_balanced,within_subject,5,0.8259218568335271,0.5,balanced_chance,Unknown,Unknown,Unknown,,/benchmark-eeg/5.0_version/result_5/linear_downsample/Awakening_balanced_within_subject_linear_downsample/seed_5_downsample_t40/ratio_full/neurogpt/summary.json
Awakening_balanced_within_subject_linear_downsample,neurolm,seed_10_downsample_t40,Awakening_balanced,within_subject,10,0.9221110797506933,0.5,balanced_chance,Unknown,Unknown,Unknown,,/benchmark-eeg/5.0_version/result_5/linear_downsample/Awakening_balanced_within_subject_linear_downsample/seed_10_downsample_t40/ratio_full/neurolm/summary.json
Awakening_balanced_within_subject_linear_downsample,neurolm,seed_42_downsample_t40,Awakening_balanced,within_subject,42,0.9098138581429418,0.5,balanced_chance,Unknown,Unknown,Unknown,,/benchmark-eeg/5.0_version/result_5/linear_downsample/Awakening_balanced_within_subject_linear_downsample/seed_42_downsample_t40/ratio_full/neurolm/summary.json
Awakening_balanced_within_subject_linear_downsample,neurolm,seed_5_downsample_t40,Awakening_balanced,within_subject,5,0.9281775041682698,0.5,balanced_chance,Unknown,Unknown,Unknown,,/benchmark-eeg/5.0_version/result_5/linear_downsample/Awakening_balanced_within_subject_linear_downsample/seed_5_downsample_t40/ratio_full/neurolm/summary.json
Awakening_balanced_within_subject_linear_downsample,reve,seed_10_downsample_t40,Awakening_balanced,within_subject,10,0.5754337092514032,0.5,balanced_chance,Unknown,Unknown,Unknown,,/benchmark-eeg/5.0_version/result_5/linear_downsample/Awakening_balanced_within_subject_linear_downsample/seed_10_downsample_t40/ratio_full/reve/summary.json
Awakening_balanced_within_subject_linear_downsample,reve,seed_42_downsample_t40,Awakening_balanced,within_subject,42,0.5744840996048421,0.5,balanced_chance,Unknown,Unknown,Unknown,,/benchmark-eeg/5.0_version/result_5/linear_downsample/Awakening_balanced_within_subject_linear_downsample/seed_42_downsample_t40/ratio_full/reve/summary.json
Awakening_balanced_within_subject_linear_downsample,reve,seed_5_downsample_t40,Awakening_balanced,within_subject,5,0.6117393163668188,0.5,balanced_chance,Unknown,Unknown,Unknown,,/benchmark-eeg/5.0_version/result_5/linear_downsample/Awakening_balanced_within_subject_linear_downsample/seed_5_downsample_t40/ratio_full/reve/summary.json
BCIC2A_wsn_within_subject_linear_downsample,bendr,seed_10_downsample_t40,BCIC2A_wsn,within_subject,10,0.19720505860275817,0.25,balanced_chance,Unknown,Unknown,Unknown,,/benchmark-eeg/5.0_version/result_5/linear_downsample/BCIC2A_wsn_within_subject_linear_downsample/seed_10_downsample_t40/ratio_full/bendr/summary.json
BCIC2A_wsn_within_subject_linear_downsample,bendr,seed_42_downsample_t40,BCIC2A_wsn,within_subject,42,0.24202604891628554,0.25,balanced_chance,Unknown,Unknown,Unknown,,/benchmark-eeg/5.0_version/result_5/linear_downsample/BCIC2A_wsn_within_subject_linear_downsample/seed_42_downsample_t40/ratio_full/bendr/summary.json
BCIC2A_wsn_within_subject_linear_downsample,bendr,seed_5_downsample_t40,BCIC2A_wsn,within_subject,5,0.21012637126856124,0.25,balanced_chance,Unknown,Unknown,Unknown,,/benchmark-eeg/5.0_version/result_5/linear_downsample/BCIC2A_wsn_within_subject_linear_downsample/seed_5_downsample_t40/ratio_full/bendr/summary.json
BCIC2A_wsn_within_subject_linear_downsample,biot,seed_10_downsample_t40,BCIC2A_wsn,within_subject,10,0.09984756097560976,0.25,balanced_chance,Unknown,Unknown,Unknown,,/benchmark-eeg/5.0_version/result_5/linear_downsample/BCIC2A_wsn_within_subject_linear_downsample/seed_10_downsample_t40/ratio_full/biot/summary.json
BCIC2A_wsn_within_subject_linear_downsample,biot,seed_42_downsample_t40,BCIC2A_wsn,within_subject,42,0.08948194662480377,0.25,balanced_chance,Unknown,Unknown,Unknown,,/benchmark-eeg/5.0_version/result_5/linear_downsample/BCIC2A_wsn_within_subject_linear_downsample/seed_42_downsample_t40/ratio_full/biot/summary.json
BCIC2A_wsn_within_subject_linear_downsample,biot,seed_5_downsample_t40,BCIC2A_wsn,within_subject,5,0.10410334346504559,0.25,balanced_chance,Unknown,Unknown,Unknown,,/benchmark-eeg/5.0_version/result_5/linear_downsample/BCIC2A_wsn_within_subject_linear_downsample/seed_5_downsample_t40/ratio_full/biot/summary.json
BCIC2A_wsn_within_subject_linear_downsample,brainomni,seed_10_downsample_t40,BCIC2A_wsn,within_subject,10,0.2921158472758607,0.25,balanced_chance,Unknown,Unknown,Unknown,,/benchmark-eeg/5.0_version/result_5/linear_downsample/BCIC2A_wsn_within_subject_linear_downsample/seed_10_downsample_t40/ratio_full/brainomni/summary.json
BCIC2A_wsn_within_subject_linear_downsample,brainomni,seed_42_downsample_t40,BCIC2A_wsn,within_subject,42,0.31227981281416545,0.25,balanced_chance,Unknown,Unknown,Unknown,,/benchmark-eeg/5.0_version/result_5/linear_downsample/BCIC2A_wsn_within_subject_linear_downsample/seed_42_downsample_t40/ratio_full/brainomni/summary.json
BCIC2A_wsn_within_subject_linear_downsample,brainomni,seed_5_downsample_t40,BCIC2A_wsn,within_subject,5,0.3145059849570514,0.25,balanced_chance,Unknown,Unknown,Unknown,,/benchmark-eeg/5.0_version/result_5/linear_downsample/BCIC2A_wsn_within_subject_linear_downsample/seed_5_downsample_t40/ratio_full/brainomni/summary.json
BCIC2A_wsn_within_subject_linear_downsample,cbramod,seed_10_downsample_t40,BCIC2A_wsn,within_subject,10,0.23029124822844232,0.25,balanced_chance,Unknown,Unknown,Unknown,,/benchmark-eeg/5.0_version/result_5/linear_downsample/BCIC2A_wsn_within_subject_linear_downsample/seed_10_downsample_t40/ratio_full/cbramod/summary.json
BCIC2A_wsn_within_subject_linear_downsample,cbramod,seed_42_downsample_t40,BCIC2A_wsn,within_subject,42,0.2463312098625332,0.25,balanced_chance,Unknown,Unknown,Unknown,,/benchmark-eeg/5.0_version/result_5/linear_downsample/BCIC2A_wsn_within_subject_linear_downsample/seed_42_downsample_t40/ratio_full/cbramod/summary.json
BCIC2A_wsn_within_subject_linear_downsample,cbramod,seed_5_downsample_t40,BCIC2A_wsn,within_subject,5,0.20265003418782426,0.25,balanced_chance,Unknown,Unknown,Unknown,,/benchmark-eeg/5.0_version/result_5/linear_downsample/BCIC2A_wsn_within_subject_linear_downsample/seed_5_downsample_t40/ratio_full/cbramod/summary.json
BCIC2A_wsn_within_subject_linear_downsample,eegmamba,seed_10_downsample_t40,BCIC2A_wsn,within_subject,10,0.24637418166691236,0.25,balanced_chance,Unknown,Unknown,Unknown,,/benchmark-eeg/5.0_version/result_5/linear_downsample/BCIC2A_wsn_within_subject_linear_downsample/seed_10_downsample_t40/ratio_full/eegmamba/summary.json
BCIC2A_wsn_within_subject_linear_downsample,eegmamba,seed_42_downsample_t40,BCIC2A_wsn,within_subject,42,0.2812255711051611,0.25,balanced_chance,Unknown,Unknown,Unknown,,/benchmark-eeg/5.0_version/result_5/linear_downsample/BCIC2A_wsn_within_subject_linear_downsample/seed_42_downsample_t40/ratio_full/eegmamba/summary.json
BCIC2A_wsn_within_subject_linear_downsample,eegmamba,seed_5_downsample_t40,BCIC2A_wsn,within_subject,5,0.2895649723303956,0.25,balanced_chance,Unknown,Unknown,Unknown,,/benchmark-eeg/5.0_version/result_5/linear_downsample/BCIC2A_wsn_within_subject_linear_downsample/seed_5_downsample_t40/ratio_full/eegmamba/summary.json
BCIC2A_wsn_within_subject_linear_downsample,femba,seed_10_downsample_t40,BCIC2A_wsn,within_subject,10,0.2709416625041625,0.25,balanced_chance,Unknown,Unknown,Unknown,,/benchmark-eeg/5.0_version/result_5/linear_downsample/BCIC2A_wsn_within_subject_linear_downsample/seed_10_downsample_t40/ratio_full/femba/summary.json
BCIC2A_wsn_within_subject_linear_downsample,femba,seed_42_downsample_t40,BCIC2A_wsn,within_subject,42,0.3284351900430457,0.25,balanced_chance,Unknown,Unknown,Unknown,,/benchmark-eeg/5.0_version/result_5/linear_downsample/BCIC2A_wsn_within_subject_linear_downsample/seed_42_downsample_t40/ratio_full/femba/summary.json
BCIC2A_wsn_within_subject_linear_downsample,femba,seed_5_downsample_t40,BCIC2A_wsn,within_subject,5,0.32195775240188684,0.25,balanced_chance,Unknown,Unknown,Unknown,,/benchmark-eeg/5.0_version/result_5/linear_downsample/BCIC2A_wsn_within_subject_linear_downsample/seed_5_downsample_t40/ratio_full/femba/summary.json
BCIC2A_wsn_within_subject_linear_downsample,labram,seed_10_downsample_t40,BCIC2A_wsn,within_subject,10,0.2803796339576227,0.25,balanced_chance,Unknown,Unknown,Unknown,,/benchmark-eeg/5.0_version/result_5/linear_downsample/BCIC2A_wsn_within_subject_linear_downsample/seed_10_downsample_t40/ratio_full/labram/summary.json
BCIC2A_wsn_within_subject_linear_downsample,labram,seed_42_downsample_t40,BCIC2A_wsn,within_subject,42,0.25362892157529454,0.25,balanced_chance,Unknown,Unknown,Unknown,,/benchmark-eeg/5.0_version/result_5/linear_downsample/BCIC2A_wsn_within_subject_linear_downsample/seed_42_downsample_t40/ratio_full/labram/summary.json
BCIC2A_wsn_within_subject_linear_downsample,labram,seed_5_downsample_t40,BCIC2A_wsn,within_subject,5,0.2688147881951737,0.25,balanced_chance,Unknown,Unknown,Unknown,,/benchmark-eeg/5.0_version/result_5/linear_downsample/BCIC2A_wsn_within_subject_linear_downsample/seed_5_downsample_t40/ratio_full/labram/summary.json
BCIC2A_wsn_within_subject_linear_downsample,neurogpt,seed_10_downsample_t40,BCIC2A_wsn,within_subject,10,0.2700990647195929,0.25,balanced_chance,Unknown,Unknown,Unknown,,/benchmark-eeg/5.0_version/result_5/linear_downsample/BCIC2A_wsn_within_subject_linear_downsample/seed_10_downsample_t40/ratio_full/neurogpt/summary.json
BCIC2A_wsn_within_subject_linear_downsample,neurogpt,seed_42_downsample_t40,BCIC2A_wsn,within_subject,42,0.23507823285543972,0.25,balanced_chance,Unknown,Unknown,Unknown,,/benchmark-eeg/5.0_version/result_5/linear_downsample/BCIC2A_wsn_within_subject_linear_downsample/seed_42_downsample_t40/ratio_full/neurogpt/summary.json
BCIC2A_wsn_within_subject_linear_downsample,neurogpt,seed_5_downsample_t40,BCIC2A_wsn,within_subject,5,0.2916097196039165,0.25,balanced_chance,Unknown,Unknown,Unknown,,/benchmark-eeg/5.0_version/result_5/linear_downsample/BCIC2A_wsn_within_subject_linear_downsample/seed_5_downsample_t40/ratio_full/neurogpt/summary.json
BCIC2A_wsn_within_subject_linear_downsample,neurolm,seed_10_downsample_t40,BCIC2A_wsn,within_subject,10,0.28723871845662013,0.25,balanced_chance,Unknown,Unknown,Unknown,,/benchmark-eeg/5.0_version/result_5/linear_downsample/BCIC2A_wsn_within_subject_linear_downsample/seed_10_downsample_t40/ratio_full/neurolm/summary.json
BCIC2A_wsn_within_subject_linear_downsample,neurolm,seed_42_downsample_t40,BCIC2A_wsn,within_subject,42,0.2713206368073525,0.25,balanced_chance,Unknown,Unknown,Unknown,,/benchmark-eeg/5.0_version/result_5/linear_downsample/BCIC2A_wsn_within_subject_linear_downsample/seed_42_downsample_t40/ratio_full/neurolm/summary.json
BCIC2A_wsn_within_subject_linear_downsample,neurolm,seed_5_downsample_t40,BCIC2A_wsn,within_subject,5,0.29363019824102615,0.25,balanced_chance,Unknown,Unknown,Unknown,,/benchmark-eeg/5.0_version/result_5/linear_downsample/BCIC2A_wsn_within_subject_linear_downsample/seed_5_downsample_t40/ratio_full/neurolm/summary.json
BCIC2A_wsn_within_subject_linear_downsample,reve,seed_10_downsample_t40,BCIC2A_wsn,within_subject,10,0.24307769199560708,0.25,balanced_chance,Unknown,Unknown,Unknown,,/benchmark-eeg/5.0_version/result_5/linear_downsample/BCIC2A_wsn_within_subject_linear_downsample/seed_10_downsample_t40/ratio_full/reve/summary.json
BCIC2A_wsn_within_subject_linear_downsample,reve,seed_42_downsample_t40,BCIC2A_wsn,within_subject,42,0.27148309307876256,0.25,balanced_chance,Unknown,Unknown,Unknown,,/benchmark-eeg/5.0_version/result_5/linear_downsample/BCIC2A_wsn_within_subject_linear_downsample/seed_42_downsample_t40/ratio_full/reve/summary.json
BCIC2A_wsn_within_subject_linear_downsample,reve,seed_5_downsample_t40,BCIC2A_wsn,within_subject,5,0.23314662849059659,0.25,balanced_chance,Unknown,Unknown,Unknown,,/benchmark-eeg/5.0_version/result_5/linear_downsample/BCIC2A_wsn_within_subject_linear_downsample/seed_5_downsample_t40/ratio_full/reve/summary.json
BCI_Speech_within_subject_linear_downsample,bendr,seed_10_downsample_t40,BCI_Speech,within_subject,10,0.21154127783172977,0.2,balanced_chance,Unknown,Unknown,Unknown,,/benchmark-eeg/5.0_version/result_5/linear_downsample/BCI_Speech_within_subject_linear_downsample/seed_10_downsample_t40/ratio_full/bendr/summary.json
BCI_Speech_within_subject_linear_downsample,bendr,seed_42_downsample_t40,BCI_Speech,within_subject,42,0.18382409995957502,0.2,balanced_chance,Unknown,Unknown,Unknown,,/benchmark-eeg/5.0_version/result_5/linear_downsample/BCI_Speech_within_subject_linear_downsample/seed_42_downsample_t40/ratio_full/bendr/summary.json
BCI_Speech_within_subject_linear_downsample,bendr,seed_5_downsample_t40,BCI_Speech,within_subject,5,0.1914554905982801,0.2,balanced_chance,Unknown,Unknown,Unknown,,/benchmark-eeg/5.0_version/result_5/linear_downsample/BCI_Speech_within_subject_linear_downsample/seed_5_downsample_t40/ratio_full/bendr/summary.json
BCI_Speech_within_subject_linear_downsample,biot,seed_10_downsample_t40,BCI_Speech,within_subject,10,0.2042052025372952,0.2,balanced_chance,Unknown,Unknown,Unknown,,/benchmark-eeg/5.0_version/result_5/linear_downsample/BCI_Speech_within_subject_linear_downsample/seed_10_downsample_t40/ratio_full/biot/summary.json
BCI_Speech_within_subject_linear_downsample,biot,seed_42_downsample_t40,BCI_Speech,within_subject,42,0.19046701952307116,0.2,balanced_chance,Unknown,Unknown,Unknown,,/benchmark-eeg/5.0_version/result_5/linear_downsample/BCI_Speech_within_subject_linear_downsample/seed_42_downsample_t40/ratio_full/biot/summary.json
BCI_Speech_within_subject_linear_downsample,biot,seed_5_downsample_t40,BCI_Speech,within_subject,5,0.2059330469181746,0.2,balanced_chance,Unknown,Unknown,Unknown,,/benchmark-eeg/5.0_version/result_5/linear_downsample/BCI_Speech_within_subject_linear_downsample/seed_5_downsample_t40/ratio_full/biot/summary.json
BCI_Speech_within_subject_linear_downsample,brainomni,seed_10_downsample_t40,BCI_Speech,within_subject,10,0.19117087790694995,0.2,balanced_chance,Unknown,Unknown,Unknown,,/benchmark-eeg/5.0_version/result_5/linear_downsample/BCI_Speech_within_subject_linear_downsample/seed_10_downsample_t40/ratio_full/brainomni/summary.json
BCI_Speech_within_subject_linear_downsample,brainomni,seed_42_downsample_t40,BCI_Speech,within_subject,42,0.18383314559978686,0.2,balanced_chance,Unknown,Unknown,Unknown,,/benchmark-eeg/5.0_version/result_5/linear_downsample/BCI_Speech_within_subject_linear_downsample/seed_42_downsample_t40/ratio_full/brainomni/summary.json
BCI_Speech_within_subject_linear_downsample,brainomni,seed_5_downsample_t40,BCI_Speech,within_subject,5,0.16654545781165017,0.2,balanced_chance,Unknown,Unknown,Unknown,,/benchmark-eeg/5.0_version/result_5/linear_downsample/BCI_Speech_within_subject_linear_downsample/seed_5_downsample_t40/ratio_full/brainomni/summary.json
BCI_Speech_within_subject_linear_downsample,cbramod,seed_10_downsample_t40,BCI_Speech,within_subject,10,0.20622638169515728,0.2,balanced_chance,Unknown,Unknown,Unknown,,/benchmark-eeg/5.0_version/result_5/linear_downsample/BCI_Speech_within_subject_linear_downsample/seed_10_downsample_t40/ratio_full/cbramod/summary.json
BCI_Speech_within_subject_linear_downsample,cbramod,seed_42_downsample_t40,BCI_Speech,within_subject,42,0.2060004437564103,0.2,balanced_chance,Unknown,Unknown,Unknown,,/benchmark-eeg/5.0_version/result_5/linear_downsample/BCI_Speech_within_subject_linear_downsample/seed_42_downsample_t40/ratio_full/cbramod/summary.json
BCI_Speech_within_subject_linear_downsample,cbramod,seed_5_downsample_t40,BCI_Speech,within_subject,5,0.18770100446343843,0.2,balanced_chance,Unknown,Unknown,Unknown,,/benchmark-eeg/5.0_version/result_5/linear_downsample/BCI_Speech_within_subject_linear_downsample/seed_5_downsample_t40/ratio_full/cbramod/summary.json
BCI_Speech_within_subject_linear_downsample,eegmamba,seed_10_downsample_t40,BCI_Speech,within_subject,10,0.19778142848788197,0.2,balanced_chance,Unknown,Unknown,Unknown,,/benchmark-eeg/5.0_version/result_5/linear_downsample/BCI_Speech_within_subject_linear_downsample/seed_10_downsample_t40/ratio_full/eegmamba/summary.json
BCI_Speech_within_subject_linear_downsample,eegmamba,seed_42_downsample_t40,BCI_Speech,within_subject,42,0.20588701888569522,0.2,balanced_chance,Unknown,Unknown,Unknown,,/benchmark-eeg/5.0_version/result_5/linear_downsample/BCI_Speech_within_subject_linear_downsample/seed_42_downsample_t40/ratio_full/eegmamba/summary.json
BCI_Speech_within_subject_linear_downsample,eegmamba,seed_5_downsample_t40,BCI_Speech,within_subject,5,0.21734678225836404,0.2,balanced_chance,Unknown,Unknown,Unknown,,/benchmark-eeg/5.0_version/result_5/linear_downsample/BCI_Speech_within_subject_linear_downsample/seed_5_downsample_t40/ratio_full/eegmamba/summary.json
BCI_Speech_within_subject_linear_downsample,femba,seed_10_downsample_t40,BCI_Speech,within_subject,10,0.1217768814880474,0.2,balanced_chance,Unknown,Unknown,Unknown,,/benchmark-eeg/5.0_version/result_5/linear_downsample/BCI_Speech_within_subject_linear_downsample/seed_10_downsample_t40/ratio_full/femba/summary.json
BCI_Speech_within_subject_linear_downsample,femba,seed_42_downsample_t40,BCI_Speech,within_subject,42,0.14092612386399522,0.2,balanced_chance,Unknown,Unknown,Unknown,,/benchmark-eeg/5.0_version/result_5/linear_downsample/BCI_Speech_within_subject_linear_downsample/seed_42_downsample_t40/ratio_full/femba/summary.json
BCI_Speech_within_subject_linear_downsample,femba,seed_5_downsample_t40,BCI_Speech,within_subject,5,0.20100830458441718,0.2,balanced_chance,Unknown,Unknown,Unknown,,/benchmark-eeg/5.0_version/result_5/linear_downsample/BCI_Speech_within_subject_linear_downsample/seed_5_downsample_t40/ratio_full/femba/summary.json
BCI_Speech_within_subject_linear_downsample,labram,seed_10_downsample_t40,BCI_Speech,within_subject,10,0.21498709469788696,0.2,balanced_chance,Unknown,Unknown,Unknown,,/benchmark-eeg/5.0_version/result_5/linear_downsample/BCI_Speech_within_subject_linear_downsample/seed_10_downsample_t40/ratio_full/labram/summary.json
BCI_Speech_within_subject_linear_downsample,labram,seed_42_downsample_t40,BCI_Speech,within_subject,42,0.2151687353628038,0.2,balanced_chance,Unknown,Unknown,Unknown,,/benchmark-eeg/5.0_version/result_5/linear_downsample/BCI_Speech_within_subject_linear_downsample/seed_42_downsample_t40/ratio_full/labram/summary.json
BCI_Speech_within_subject_linear_downsample,labram,seed_5_downsample_t40,BCI_Speech,within_subject,5,0.15916970431729144,0.2,balanced_chance,Unknown,Unknown,Unknown,,/benchmark-eeg/5.0_version/result_5/linear_downsample/BCI_Speech_within_subject_linear_downsample/seed_5_downsample_t40/ratio_full/labram/summary.json
BCI_Speech_within_subject_linear_downsample,neurogpt,seed_10_downsample_t40,BCI_Speech,within_subject,10,0.16047500968449585,0.2,balanced_chance,Unknown,Unknown,Unknown,,/benchmark-eeg/5.0_version/result_5/linear_downsample/BCI_Speech_within_subject_linear_downsample/seed_10_downsample_t40/ratio_full/neurogpt/summary.json
BCI_Speech_within_subject_linear_downsample,neurogpt,seed_42_downsample_t40,BCI_Speech,within_subject,42,0.20265247022518137,0.2,balanced_chance,Unknown,Unknown,Unknown,,/benchmark-eeg/5.0_version/result_5/linear_downsample/BCI_Speech_within_subject_linear_downsample/seed_42_downsample_t40/ratio_full/neurogpt/summary.json
BCI_Speech_within_subject_linear_downsample,neurogpt,seed_5_downsample_t40,BCI_Speech,within_subject,5,0.19754930377948282,0.2,balanced_chance,Unknown,Unknown,Unknown,,/benchmark-eeg/5.0_version/result_5/linear_downsample/BCI_Speech_within_subject_linear_downsample/seed_5_downsample_t40/ratio_full/neurogpt/summary.json
BCI_Speech_within_subject_linear_downsample,neurolm,seed_10_downsample_t40,BCI_Speech,within_subject,10,0.1870135395022273,0.2,balanced_chance,Unknown,Unknown,Unknown,,/benchmark-eeg/5.0_version/result_5/linear_downsample/BCI_Speech_within_subject_linear_downsample/seed_10_downsample_t40/ratio_full/neurolm/summary.json
BCI_Speech_within_subject_linear_downsample,neurolm,seed_42_downsample_t40,BCI_Speech,within_subject,42,0.20769583848429968,0.2,balanced_chance,Unknown,Unknown,Unknown,,/benchmark-eeg/5.0_version/result_5/linear_downsample/BCI_Speech_within_subject_linear_downsample/seed_42_downsample_t40/ratio_full/neurolm/summary.json
BCI_Speech_within_subject_linear_downsample,neurolm,seed_5_downsample_t40,BCI_Speech,within_subject,5,0.20607647276759936,0.2,balanced_chance,Unknown,Unknown,Unknown,,/benchmark-eeg/5.0_version/result_5/linear_downsample/BCI_Speech_within_subject_linear_downsample/seed_5_downsample_t40/ratio_full/neurolm/summary.json
BCI_Speech_within_subject_linear_downsample,reve,seed_10_downsample_t40,BCI_Speech,within_subject,10,0.1630020242693182,0.2,balanced_chance,Unknown,Unknown,Unknown,,/benchmark-eeg/5.0_version/result_5/linear_downsample/BCI_Speech_within_subject_linear_downsample/seed_10_downsample_t40/ratio_full/reve/summary.json
BCI_Speech_within_subject_linear_downsample,reve,seed_42_downsample_t40,BCI_Speech,within_subject,42,0.15516128934731843,0.2,balanced_chance,Unknown,Unknown,Unknown,,/benchmark-eeg/5.0_version/result_5/linear_downsample/BCI_Speech_within_subject_linear_downsample/seed_42_downsample_t40/ratio_full/reve/summary.json
BCI_Speech_within_subject_linear_downsample,reve,seed_5_downsample_t40,BCI_Speech,within_subject,5,0.20342863299762484,0.2,balanced_chance,Unknown,Unknown,Unknown,,/benchmark-eeg/5.0_version/result_5/linear_downsample/BCI_Speech_within_subject_linear_downsample/seed_5_downsample_t40/ratio_full/reve/summary.json
BETA_SSVEP_within_subject_linear_downsample,reve,seed_10_downsample_t40,BETA_SSVEP,within_subject,10,0.04224444222614503,,unknown,Unknown,Unknown,Unknown,,/benchmark-eeg/5.0_version/result_5/linear_downsample/BETA_SSVEP_within_subject_linear_downsample/seed_10_downsample_t40/ratio_full/reve/summary.json
BETA_SSVEP_within_subject_linear_downsample,reve,seed_42_downsample_t40,BETA_SSVEP,within_subject,42,0.02550375395100556,,unknown,Unknown,Unknown,Unknown,,/benchmark-eeg/5.0_version/result_5/linear_downsample/BETA_SSVEP_within_subject_linear_downsample/seed_42_downsample_t40/ratio_full/reve/summary.json
BETA_SSVEP_within_subject_linear_downsample,reve,seed_5_downsample_t40,BETA_SSVEP,within_subject,5,0.0300884868673007,,unknown,Unknown,Unknown,Unknown,,/benchmark-eeg/5.0_version/result_5/linear_downsample/BETA_SSVEP_within_subject_linear_downsample/seed_5_downsample_t40/ratio_full/reve/summary.json
BETA_SSVEP_wsn_within_subject_linear_downsample,bendr,seed_10_downsample_t40,BETA_SSVEP_wsn,within_subject,10,0.03445269846491837,0.025,balanced_chance,Unknown,Unknown,Unknown,,/benchmark-eeg/5.0_version/result_5/linear_downsample/BETA_SSVEP_wsn_within_subject_linear_downsample/seed_10_downsample_t40/ratio_full/bendr/summary.json
BETA_SSVEP_wsn_within_subject_linear_downsample,bendr,seed_42_downsample_t40,BETA_SSVEP_wsn,within_subject,42,0.022118611437820884,0.025,balanced_chance,Unknown,Unknown,Unknown,,/benchmark-eeg/5.0_version/result_5/linear_downsample/BETA_SSVEP_wsn_within_subject_linear_downsample/seed_42_downsample_t40/ratio_full/bendr/summary.json
BETA_SSVEP_wsn_within_subject_linear_downsample,bendr,seed_5_downsample_t40,BETA_SSVEP_wsn,within_subject,5,0.026829293150766532,0.025,balanced_chance,Unknown,Unknown,Unknown,,/benchmark-eeg/5.0_version/result_5/linear_downsample/BETA_SSVEP_wsn_within_subject_linear_downsample/seed_5_downsample_t40/ratio_full/bendr/summary.json
BETA_SSVEP_wsn_within_subject_linear_downsample,biot,seed_10_downsample_t40,BETA_SSVEP_wsn,within_subject,10,0.018463006952964635,0.025,balanced_chance,Unknown,Unknown,Unknown,,/benchmark-eeg/5.0_version/result_5/linear_downsample/BETA_SSVEP_wsn_within_subject_linear_downsample/seed_10_downsample_t40/ratio_full/biot/summary.json
BETA_SSVEP_wsn_within_subject_linear_downsample,biot,seed_42_downsample_t40,BETA_SSVEP_wsn,within_subject,42,0.0128255462751982,0.025,balanced_chance,Unknown,Unknown,Unknown,,/benchmark-eeg/5.0_version/result_5/linear_downsample/BETA_SSVEP_wsn_within_subject_linear_downsample/seed_42_downsample_t40/ratio_full/biot/summary.json
BETA_SSVEP_wsn_within_subject_linear_downsample,biot,seed_5_downsample_t40,BETA_SSVEP_wsn,within_subject,5,0.019696150396179488,0.025,balanced_chance,Unknown,Unknown,Unknown,,/benchmark-eeg/5.0_version/result_5/linear_downsample/BETA_SSVEP_wsn_within_subject_linear_downsample/seed_5_downsample_t40/ratio_full/biot/summary.json
BETA_SSVEP_wsn_within_subject_linear_downsample,brainomni,seed_10_downsample_t40,BETA_SSVEP_wsn,within_subject,10,0.020751976760978515,0.025,balanced_chance,Unknown,Unknown,Unknown,,/benchmark-eeg/5.0_version/result_5/linear_downsample/BETA_SSVEP_wsn_within_subject_linear_downsample/seed_10_downsample_t40/ratio_full/brainomni/summary.json
BETA_SSVEP_wsn_within_subject_linear_downsample,brainomni,seed_42_downsample_t40,BETA_SSVEP_wsn,within_subject,42,0.026276395837527677,0.025,balanced_chance,Unknown,Unknown,Unknown,,/benchmark-eeg/5.0_version/result_5/linear_downsample/BETA_SSVEP_wsn_within_subject_linear_downsample/seed_42_downsample_t40/ratio_full/brainomni/summary.json
BETA_SSVEP_wsn_within_subject_linear_downsample,brainomni,seed_5_downsample_t40,BETA_SSVEP_wsn,within_subject,5,0.026876356039850675,0.025,balanced_chance,Unknown,Unknown,Unknown,,/benchmark-eeg/5.0_version/result_5/linear_downsample/BETA_SSVEP_wsn_within_subject_linear_downsample/seed_5_downsample_t40/ratio_full/brainomni/summary.json
BETA_SSVEP_wsn_within_subject_linear_downsample,cbramod,seed_10_downsample_t40,BETA_SSVEP_wsn,within_subject,10,0.01530152384771224,0.025,balanced_chance,Unknown,Unknown,Unknown,,/benchmark-eeg/5.0_version/result_5/linear_downsample/BETA_SSVEP_wsn_within_subject_linear_downsample/seed_10_downsample_t40/ratio_full/cbramod/summary.json
BETA_SSVEP_wsn_within_subject_linear_downsample,cbramod,seed_42_downsample_t40,BETA_SSVEP_wsn,within_subject,42,0.003616297484314794,0.025,balanced_chance,Unknown,Unknown,Unknown,,/benchmark-eeg/5.0_version/result_5/linear_downsample/BETA_SSVEP_wsn_within_subject_linear_downsample/seed_42_downsample_t40/ratio_full/cbramod/summary.json
BETA_SSVEP_wsn_within_subject_linear_downsample,cbramod,seed_5_downsample_t40,BETA_SSVEP_wsn,within_subject,5,0.010910618123115584,0.025,balanced_chance,Unknown,Unknown,Unknown,,/benchmark-eeg/5.0_version/result_5/linear_downsample/BETA_SSVEP_wsn_within_subject_linear_downsample/seed_5_downsample_t40/ratio_full/cbramod/summary.json
BETA_SSVEP_wsn_within_subject_linear_downsample,eegmamba,seed_10_downsample_t40,BETA_SSVEP_wsn,within_subject,10,0.012302832835707005,0.025,balanced_chance,Unknown,Unknown,Unknown,,/benchmark-eeg/5.0_version/result_5/linear_downsample/BETA_SSVEP_wsn_within_subject_linear_downsample/seed_10_downsample_t40/ratio_full/eegmamba/summary.json
BETA_SSVEP_wsn_within_subject_linear_downsample,eegmamba,seed_42_downsample_t40,BETA_SSVEP_wsn,within_subject,42,0.011965454354364732,0.025,balanced_chance,Unknown,Unknown,Unknown,,/benchmark-eeg/5.0_version/result_5/linear_downsample/BETA_SSVEP_wsn_within_subject_linear_downsample/seed_42_downsample_t40/ratio_full/eegmamba/summary.json
BETA_SSVEP_wsn_within_subject_linear_downsample,eegmamba,seed_5_downsample_t40,BETA_SSVEP_wsn,within_subject,5,0.013542398598156136,0.025,balanced_chance,Unknown,Unknown,Unknown,,/benchmark-eeg/5.0_version/result_5/linear_downsample/BETA_SSVEP_wsn_within_subject_linear_downsample/seed_5_downsample_t40/ratio_full/eegmamba/summary.json
BETA_SSVEP_wsn_within_subject_linear_downsample,femba,seed_10_downsample_t40,BETA_SSVEP_wsn,within_subject,10,0.027315936239339107,0.025,balanced_chance,Unknown,Unknown,Unknown,,/benchmark-eeg/5.0_version/result_5/linear_downsample/BETA_SSVEP_wsn_within_subject_linear_downsample/seed_10_downsample_t40/ratio_full/femba/summary.json
BETA_SSVEP_wsn_within_subject_linear_downsample,femba,seed_42_downsample_t40,BETA_SSVEP_wsn,within_subject,42,0.04031343723575661,0.025,balanced_chance,Unknown,Unknown,Unknown,,/benchmark-eeg/5.0_version/result_5/linear_downsample/BETA_SSVEP_wsn_within_subject_linear_downsample/seed_42_downsample_t40/ratio_full/femba/summary.json
BETA_SSVEP_wsn_within_subject_linear_downsample,femba,seed_5_downsample_t40,BETA_SSVEP_wsn,within_subject,5,0.030361167597865602,0.025,balanced_chance,Unknown,Unknown,Unknown,,/benchmark-eeg/5.0_version/result_5/linear_downsample/BETA_SSVEP_wsn_within_subject_linear_downsample/seed_5_downsample_t40/ratio_full/femba/summary.json
BETA_SSVEP_wsn_within_subject_linear_downsample,labram,seed_10_downsample_t40,BETA_SSVEP_wsn,within_subject,10,0.01686273669027745,0.025,balanced_chance,Unknown,Unknown,Unknown,,/benchmark-eeg/5.0_version/result_5/linear_downsample/BETA_SSVEP_wsn_within_subject_linear_downsample/seed_10_downsample_t40/ratio_full/labram/summary.json
BETA_SSVEP_wsn_within_subject_linear_downsample,labram,seed_42_downsample_t40,BETA_SSVEP_wsn,within_subject,42,0.016436138071826274,0.025,balanced_chance,Unknown,Unknown,Unknown,,/benchmark-eeg/5.0_version/result_5/linear_downsample/BETA_SSVEP_wsn_within_subject_linear_downsample/seed_42_downsample_t40/ratio_full/labram/summary.json
BETA_SSVEP_wsn_within_subject_linear_downsample,labram,seed_5_downsample_t40,BETA_SSVEP_wsn,within_subject,5,0.018064204495433066,0.025,balanced_chance,Unknown,Unknown,Unknown,,/benchmark-eeg/5.0_version/result_5/linear_downsample/BETA_SSVEP_wsn_within_subject_linear_downsample/seed_5_downsample_t40/ratio_full/labram/summary.json
BETA_SSVEP_wsn_within_subject_linear_downsample,neurogpt,seed_10_downsample_t40,BETA_SSVEP_wsn,within_subject,10,0.004499694679585942,0.025,balanced_chance,Unknown,Unknown,Unknown,,/benchmark-eeg/5.0_version/result_5/linear_downsample/BETA_SSVEP_wsn_within_subject_linear_downsample/seed_10_downsample_t40/ratio_full/neurogpt/summary.json
BETA_SSVEP_wsn_within_subject_linear_downsample,neurogpt,seed_42_downsample_t40,BETA_SSVEP_wsn,within_subject,42,0.007335190491632884,0.025,balanced_chance,Unknown,Unknown,Unknown,,/benchmark-eeg/5.0_version/result_5/linear_downsample/BETA_SSVEP_wsn_within_subject_linear_downsample/seed_42_downsample_t40/ratio_full/neurogpt/summary.json
BETA_SSVEP_wsn_within_subject_linear_downsample,neurogpt,seed_5_downsample_t40,BETA_SSVEP_wsn,within_subject,5,0.0062411701718779996,0.025,balanced_chance,Unknown,Unknown,Unknown,,/benchmark-eeg/5.0_version/result_5/linear_downsample/BETA_SSVEP_wsn_within_subject_linear_downsample/seed_5_downsample_t40/ratio_full/neurogpt/summary.json
BETA_SSVEP_wsn_within_subject_linear_downsample,neurolm,seed_10_downsample_t40,BETA_SSVEP_wsn,within_subject,10,0.016664258178613667,0.025,balanced_chance,Unknown,Unknown,Unknown,,/benchmark-eeg/5.0_version/result_5/linear_downsample/BETA_SSVEP_wsn_within_subject_linear_downsample/seed_10_downsample_t40/ratio_full/neurolm/summary.json
BETA_SSVEP_wsn_within_subject_linear_downsample,neurolm,seed_42_downsample_t40,BETA_SSVEP_wsn,within_subject,42,0.012902610198756947,0.025,balanced_chance,Unknown,Unknown,Unknown,,/benchmark-eeg/5.0_version/result_5/linear_downsample/BETA_SSVEP_wsn_within_subject_linear_downsample/seed_42_downsample_t40/ratio_full/neurolm/summary.json
BETA_SSVEP_wsn_within_subject_linear_downsample,neurolm,seed_5_downsample_t40,BETA_SSVEP_wsn,within_subject,5,0.011549169789966134,0.025,balanced_chance,Unknown,Unknown,Unknown,,/benchmark-eeg/5.0_version/result_5/linear_downsample/BETA_SSVEP_wsn_within_subject_linear_downsample/seed_5_downsample_t40/ratio_full/neurolm/summary.json
BETA_SSVEP_wsn_within_subject_linear_downsample,reve,seed_10_downsample_t40,BETA_SSVEP_wsn,within_subject,10,0.02429188749690432,0.025,balanced_chance,Unknown,Unknown,Unknown,,/benchmark-eeg/5.0_version/result_5/linear_downsample/BETA_SSVEP_wsn_within_subject_linear_downsample/seed_10_downsample_t40/ratio_full/reve/summary.json
BETA_SSVEP_wsn_within_subject_linear_downsample,reve,seed_42_downsample_t40,BETA_SSVEP_wsn,within_subject,42,0.016471828780127023,0.025,balanced_chance,Unknown,Unknown,Unknown,,/benchmark-eeg/5.0_version/result_5/linear_downsample/BETA_SSVEP_wsn_within_subject_linear_downsample/seed_42_downsample_t40/ratio_full/reve/summary.json
BETA_SSVEP_wsn_within_subject_linear_downsample,reve,seed_5_downsample_t40,BETA_SSVEP_wsn,within_subject,5,0.021299441075334,0.025,balanced_chance,Unknown,Unknown,Unknown,,/benchmark-eeg/5.0_version/result_5/linear_downsample/BETA_SSVEP_wsn_within_subject_linear_downsample/seed_5_downsample_t40/ratio_full/reve/summary.json
Broderick_CP_within_subject_linear_downsample,bendr,seed_10_downsample_t40,Broderick_CP,within_subject,10,0.46583938804354064,0.5,balanced_chance,Unknown,Unknown,Unknown,,/benchmark-eeg/5.0_version/result_5/linear_downsample/Broderick_CP_within_subject_linear_downsample/seed_10_downsample_t40/ratio_full/bendr/summary.json
Broderick_CP_within_subject_linear_downsample,bendr,seed_42_downsample_t40,Broderick_CP,within_subject,42,0.3665386256935553,0.5,balanced_chance,Unknown,Unknown,Unknown,,/benchmark-eeg/5.0_version/result_5/linear_downsample/Broderick_CP_within_subject_linear_downsample/seed_42_downsample_t40/ratio_full/bendr/summary.json
Broderick_CP_within_subject_linear_downsample,bendr,seed_5_downsample_t40,Broderick_CP,within_subject,5,0.47925213674217904,0.5,balanced_chance,Unknown,Unknown,Unknown,,/benchmark-eeg/5.0_version/result_5/linear_downsample/Broderick_CP_within_subject_linear_downsample/seed_5_downsample_t40/ratio_full/bendr/summary.json
Broderick_CP_within_subject_linear_downsample,biot,seed_10_downsample_t40,Broderick_CP,within_subject,10,0.6013391694830322,0.5,balanced_chance,Unknown,Unknown,Unknown,,/benchmark-eeg/5.0_version/result_5/linear_downsample/Broderick_CP_within_subject_linear_downsample/seed_10_downsample_t40/ratio_full/biot/summary.json
Broderick_CP_within_subject_linear_downsample,biot,seed_42_downsample_t40,Broderick_CP,within_subject,42,0.6010023940908156,0.5,balanced_chance,Unknown,Unknown,Unknown,,/benchmark-eeg/5.0_version/result_5/linear_downsample/Broderick_CP_within_subject_linear_downsample/seed_42_downsample_t40/ratio_full/biot/summary.json
Broderick_CP_within_subject_linear_downsample,biot,seed_5_downsample_t40,Broderick_CP,within_subject,5,0.612218451615623,0.5,balanced_chance,Unknown,Unknown,Unknown,,/benchmark-eeg/5.0_version/result_5/linear_downsample/Broderick_CP_within_subject_linear_downsample/seed_5_downsample_t40/ratio_full/biot/summary.json
Broderick_CP_within_subject_linear_downsample,brainomni,seed_10_downsample_t40,Broderick_CP,within_subject,10,0.5732469210457196,0.5,balanced_chance,Unknown,Unknown,Unknown,,/benchmark-eeg/5.0_version/result_5/linear_downsample/Broderick_CP_within_subject_linear_downsample/seed_10_downsample_t40/ratio_full/brainomni/summary.json
Broderick_CP_within_subject_linear_downsample,brainomni,seed_42_downsample_t40,Broderick_CP,within_subject,42,0.5965532690664073,0.5,balanced_chance,Unknown,Unknown,Unknown,,/benchmark-eeg/5.0_version/result_5/linear_downsample/Broderick_CP_within_subject_linear_downsample/seed_42_downsample_t40/ratio_full/brainomni/summary.json
Broderick_CP_within_subject_linear_downsample,brainomni,seed_5_downsample_t40,Broderick_CP,within_subject,5,0.5682748392538155,0.5,balanced_chance,Unknown,Unknown,Unknown,,/benchmark-eeg/5.0_version/result_5/linear_downsample/Broderick_CP_within_subject_linear_downsample/seed_5_downsample_t40/ratio_full/brainomni/summary.json
Broderick_CP_within_subject_linear_downsample,cbramod,seed_10_downsample_t40,Broderick_CP,within_subject,10,0.4585493850897911,0.5,balanced_chance,Unknown,Unknown,Unknown,,/benchmark-eeg/5.0_version/result_5/linear_downsample/Broderick_CP_within_subject_linear_downsample/seed_10_downsample_t40/ratio_full/cbramod/summary.json
Broderick_CP_within_subject_linear_downsample,cbramod,seed_42_downsample_t40,Broderick_CP,within_subject,42,0.49604606034485244,0.5,balanced_chance,Unknown,Unknown,Unknown,,/benchmark-eeg/5.0_version/result_5/linear_downsample/Broderick_CP_within_subject_linear_downsample/seed_42_downsample_t40/ratio_full/cbramod/summary.json
Broderick_CP_within_subject_linear_downsample,cbramod,seed_5_downsample_t40,Broderick_CP,within_subject,5,0.545532605810813,0.5,balanced_chance,Unknown,Unknown,Unknown,,/benchmark-eeg/5.0_version/result_5/linear_downsample/Broderick_CP_within_subject_linear_downsample/seed_5_downsample_t40/ratio_full/cbramod/summary.json
Broderick_CP_within_subject_linear_downsample,eegmamba,seed_10_downsample_t40,Broderick_CP,within_subject,10,0.4892288942504852,0.5,balanced_chance,Unknown,Unknown,Unknown,,/benchmark-eeg/5.0_version/result_5/linear_downsample/Broderick_CP_within_subject_linear_downsample/seed_10_downsample_t40/ratio_full/eegmamba/summary.json
Broderick_CP_within_subject_linear_downsample,eegmamba,seed_42_downsample_t40,Broderick_CP,within_subject,42,0.4528923142332628,0.5,balanced_chance,Unknown,Unknown,Unknown,,/benchmark-eeg/5.0_version/result_5/linear_downsample/Broderick_CP_within_subject_linear_downsample/seed_42_downsample_t40/ratio_full/eegmamba/summary.json
Broderick_CP_within_subject_linear_downsample,eegmamba,seed_5_downsample_t40,Broderick_CP,within_subject,5,0.47526092364510103,0.5,balanced_chance,Unknown,Unknown,Unknown,,/benchmark-eeg/5.0_version/result_5/linear_downsample/Broderick_CP_within_subject_linear_downsample/seed_5_downsample_t40/ratio_full/eegmamba/summary.json
Broderick_CP_within_subject_linear_downsample,femba,seed_10_downsample_t40,Broderick_CP,within_subject,10,0.5710675210052181,0.5,balanced_chance,Unknown,Unknown,Unknown,,/benchmark-eeg/5.0_version/result_5/linear_downsample/Broderick_CP_within_subject_linear_downsample/seed_10_downsample_t40/ratio_full/femba/summary.json
Broderick_CP_within_subject_linear_downsample,femba,seed_42_downsample_t40,Broderick_CP,within_subject,42,0.5890079367392154,0.5,balanced_chance,Unknown,Unknown,Unknown,,/benchmark-eeg/5.0_version/result_5/linear_downsample/Broderick_CP_within_subject_linear_downsample/seed_42_downsample_t40/ratio_full/femba/summary.json
Broderick_CP_within_subject_linear_downsample,femba,seed_5_downsample_t40,Broderick_CP,within_subject,5,0.579816062073423,0.5,balanced_chance,Unknown,Unknown,Unknown,,/benchmark-eeg/5.0_version/result_5/linear_downsample/Broderick_CP_within_subject_linear_downsample/seed_5_downsample_t40/ratio_full/femba/summary.json
Broderick_CP_within_subject_linear_downsample,labram,seed_10_downsample_t40,Broderick_CP,within_subject,10,0.5970110201680783,0.5,balanced_chance,Unknown,Unknown,Unknown,,/benchmark-eeg/5.0_version/result_5/linear_downsample/Broderick_CP_within_subject_linear_downsample/seed_10_downsample_t40/ratio_full/labram/summary.json
Broderick_CP_within_subject_linear_downsample,labram,seed_42_downsample_t40,Broderick_CP,within_subject,42,0.6063392706860884,0.5,balanced_chance,Unknown,Unknown,Unknown,,/benchmark-eeg/5.0_version/result_5/linear_downsample/Broderick_CP_within_subject_linear_downsample/seed_42_downsample_t40/ratio_full/labram/summary.json
Broderick_CP_within_subject_linear_downsample,labram,seed_5_downsample_t40,Broderick_CP,within_subject,5,0.5976254994239175,0.5,balanced_chance,Unknown,Unknown,Unknown,,/benchmark-eeg/5.0_version/result_5/linear_downsample/Broderick_CP_within_subject_linear_downsample/seed_5_downsample_t40/ratio_full/labram/summary.json
Broderick_CP_within_subject_linear_downsample,neurogpt,seed_10_downsample_t40,Broderick_CP,within_subject,10,0.44010896628742446,0.5,balanced_chance,Unknown,Unknown,Unknown,,/benchmark-eeg/5.0_version/result_5/linear_downsample/Broderick_CP_within_subject_linear_downsample/seed_10_downsample_t40/ratio_full/neurogpt/summary.json
Broderick_CP_within_subject_linear_downsample,neurogpt,seed_42_downsample_t40,Broderick_CP,within_subject,42,0.5319118653207204,0.5,balanced_chance,Unknown,Unknown,Unknown,,/benchmark-eeg/5.0_version/result_5/linear_downsample/Broderick_CP_within_subject_linear_downsample/seed_42_downsample_t40/ratio_full/neurogpt/summary.json
Broderick_CP_within_subject_linear_downsample,neurogpt,seed_5_downsample_t40,Broderick_CP,within_subject,5,0.5105667496681583,0.5,balanced_chance,Unknown,Unknown,Unknown,,/benchmark-eeg/5.0_version/result_5/linear_downsample/Broderick_CP_within_subject_linear_downsample/seed_5_downsample_t40/ratio_full/neurogpt/summary.json
Broderick_CP_within_subject_linear_downsample,neurolm,seed_10_downsample_t40,Broderick_CP,within_subject,10,0.528304778302626,0.5,balanced_chance,Unknown,Unknown,Unknown,,/benchmark-eeg/5.0_version/result_5/linear_downsample/Broderick_CP_within_subject_linear_downsample/seed_10_downsample_t40/ratio_full/neurolm/summary.json
Broderick_CP_within_subject_linear_downsample,neurolm,seed_42_downsample_t40,Broderick_CP,within_subject,42,0.5267816637653637,0.5,balanced_chance,Unknown,Unknown,Unknown,,/benchmark-eeg/5.0_version/result_5/linear_downsample/Broderick_CP_within_subject_linear_downsample/seed_42_downsample_t40/ratio_full/neurolm/summary.json
Broderick_CP_within_subject_linear_downsample,neurolm,seed_5_downsample_t40,Broderick_CP,within_subject,5,0.5368773905642176,0.5,balanced_chance,Unknown,Unknown,Unknown,,/benchmark-eeg/5.0_version/result_5/linear_downsample/Broderick_CP_within_subject_linear_downsample/seed_5_downsample_t40/ratio_full/neurolm/summary.json
Broderick_CP_within_subject_linear_downsample,reve,seed_10_downsample_t40,Broderick_CP,within_subject,10,0.48614627912546216,0.5,balanced_chance,Unknown,Unknown,Unknown,,/benchmark-eeg/5.0_version/result_5/linear_downsample/Broderick_CP_within_subject_linear_downsample/seed_10_downsample_t40/ratio_full/reve/summary.json
Broderick_CP_within_subject_linear_downsample,reve,seed_42_downsample_t40,Broderick_CP,within_subject,42,0.4898851714043362,0.5,balanced_chance,Unknown,Unknown,Unknown,,/benchmark-eeg/5.0_version/result_5/linear_downsample/Broderick_CP_within_subject_linear_downsample/seed_42_downsample_t40/ratio_full/reve/summary.json
Broderick_CP_within_subject_linear_downsample,reve,seed_5_downsample_t40,Broderick_CP,within_subject,5,0.5079308881497133,0.5,balanced_chance,Unknown,Unknown,Unknown,,/benchmark-eeg/5.0_version/result_5/linear_downsample/Broderick_CP_within_subject_linear_downsample/seed_5_downsample_t40/ratio_full/reve/summary.json
Broderick_Rev_128_within_subject_linear_downsample,biot,seed_42_downsample_t40,Broderick_Rev_128,within_subject,42,0.5374849956261979,,unknown,Unknown,Unknown,Unknown,,/benchmark-eeg/5.0_version/result_5/linear_downsample/Broderick_Rev_128_within_subject_linear_downsample/seed_42_downsample_t40/ratio_full/biot/summary.json
Broderick_Rev_128_within_subject_linear_downsample,cbramod,seed_42_downsample_t40,Broderick_Rev_128,within_subject,42,0.8381525012266517,,unknown,Unknown,Unknown,Unknown,,/benchmark-eeg/5.0_version/result_5/linear_downsample/Broderick_Rev_128_within_subject_linear_downsample/seed_42_downsample_t40/ratio_full/cbramod/summary.json
Broderick_Rev_wsn_within_subject_linear_downsample,bendr,seed_10_downsample_t40,Broderick_Rev_wsn,within_subject,10,0.3873648482910871,0.5,balanced_chance,Unknown,Unknown,Unknown,,/benchmark-eeg/5.0_version/result_5/linear_downsample/Broderick_Rev_wsn_within_subject_linear_downsample/seed_10_downsample_t40/ratio_full/bendr/summary.json
Broderick_Rev_wsn_within_subject_linear_downsample,bendr,seed_42_downsample_t40,Broderick_Rev_wsn,within_subject,42,0.4103818742686948,0.5,balanced_chance,Unknown,Unknown,Unknown,,/benchmark-eeg/5.0_version/result_5/linear_downsample/Broderick_Rev_wsn_within_subject_linear_downsample/seed_42_downsample_t40/ratio_full/bendr/summary.json
Broderick_Rev_wsn_within_subject_linear_downsample,bendr,seed_5_downsample_t40,Broderick_Rev_wsn,within_subject,5,0.3986701679089079,0.5,balanced_chance,Unknown,Unknown,Unknown,,/benchmark-eeg/5.0_version/result_5/linear_downsample/Broderick_Rev_wsn_within_subject_linear_downsample/seed_5_downsample_t40/ratio_full/bendr/summary.json
Broderick_Rev_wsn_within_subject_linear_downsample,biot,seed_10_downsample_t40,Broderick_Rev_wsn,within_subject,10,0.6377107418530359,0.5,balanced_chance,Unknown,Unknown,Unknown,,/benchmark-eeg/5.0_version/result_5/linear_downsample/Broderick_Rev_wsn_within_subject_linear_downsample/seed_10_downsample_t40/ratio_full/biot/summary.json
Broderick_Rev_wsn_within_subject_linear_downsample,biot,seed_42_downsample_t40,Broderick_Rev_wsn,within_subject,42,0.6191504539496293,0.5,balanced_chance,Unknown,Unknown,Unknown,,/benchmark-eeg/5.0_version/result_5/linear_downsample/Broderick_Rev_wsn_within_subject_linear_downsample/seed_42_downsample_t40/ratio_full/biot/summary.json
Broderick_Rev_wsn_within_subject_linear_downsample,biot,seed_5_downsample_t40,Broderick_Rev_wsn,within_subject,5,0.5969604034459783,0.5,balanced_chance,Unknown,Unknown,Unknown,,/benchmark-eeg/5.0_version/result_5/linear_downsample/Broderick_Rev_wsn_within_subject_linear_downsample/seed_5_downsample_t40/ratio_full/biot/summary.json
Broderick_Rev_wsn_within_subject_linear_downsample,brainomni,seed_10_downsample_t40,Broderick_Rev_wsn,within_subject,10,0.4269048527895442,0.5,balanced_chance,Unknown,Unknown,Unknown,,/benchmark-eeg/5.0_version/result_5/linear_downsample/Broderick_Rev_wsn_within_subject_linear_downsample/seed_10_downsample_t40/ratio_full/brainomni/summary.json
Broderick_Rev_wsn_within_subject_linear_downsample,brainomni,seed_42_downsample_t40,Broderick_Rev_wsn,within_subject,42,0.4600616979551971,0.5,balanced_chance,Unknown,Unknown,Unknown,,/benchmark-eeg/5.0_version/result_5/linear_downsample/Broderick_Rev_wsn_within_subject_linear_downsample/seed_42_downsample_t40/ratio_full/brainomni/summary.json
Broderick_Rev_wsn_within_subject_linear_downsample,brainomni,seed_5_downsample_t40,Broderick_Rev_wsn,within_subject,5,0.4076255618711334,0.5,balanced_chance,Unknown,Unknown,Unknown,,/benchmark-eeg/5.0_version/result_5/linear_downsample/Broderick_Rev_wsn_within_subject_linear_downsample/seed_5_downsample_t40/ratio_full/brainomni/summary.json
Broderick_Rev_wsn_within_subject_linear_downsample,cbramod,seed_10_downsample_t40,Broderick_Rev_wsn,within_subject,10,0.38689678284182305,0.5,balanced_chance,Unknown,Unknown,Unknown,,/benchmark-eeg/5.0_version/result_5/linear_downsample/Broderick_Rev_wsn_within_subject_linear_downsample/seed_10_downsample_t40/ratio_full/cbramod/summary.json
Broderick_Rev_wsn_within_subject_linear_downsample,cbramod,seed_42_downsample_t40,Broderick_Rev_wsn,within_subject,42,0.4104445862582429,0.5,balanced_chance,Unknown,Unknown,Unknown,,/benchmark-eeg/5.0_version/result_5/linear_downsample/Broderick_Rev_wsn_within_subject_linear_downsample/seed_42_downsample_t40/ratio_full/cbramod/summary.json
Broderick_Rev_wsn_within_subject_linear_downsample,cbramod,seed_5_downsample_t40,Broderick_Rev_wsn,within_subject,5,0.39580510541434066,0.5,balanced_chance,Unknown,Unknown,Unknown,,/benchmark-eeg/5.0_version/result_5/linear_downsample/Broderick_Rev_wsn_within_subject_linear_downsample/seed_5_downsample_t40/ratio_full/cbramod/summary.json
Broderick_Rev_wsn_within_subject_linear_downsample,eegmamba,seed_10_downsample_t40,Broderick_Rev_wsn,within_subject,10,0.40655403740042695,0.5,balanced_chance,Unknown,Unknown,Unknown,,/benchmark-eeg/5.0_version/result_5/linear_downsample/Broderick_Rev_wsn_within_subject_linear_downsample/seed_10_downsample_t40/ratio_full/eegmamba/summary.json
Broderick_Rev_wsn_within_subject_linear_downsample,eegmamba,seed_42_downsample_t40,Broderick_Rev_wsn,within_subject,42,0.42691269597047077,0.5,balanced_chance,Unknown,Unknown,Unknown,,/benchmark-eeg/5.0_version/result_5/linear_downsample/Broderick_Rev_wsn_within_subject_linear_downsample/seed_42_downsample_t40/ratio_full/eegmamba/summary.json
Broderick_Rev_wsn_within_subject_linear_downsample,eegmamba,seed_5_downsample_t40,Broderick_Rev_wsn,within_subject,5,0.4017155608715518,0.5,balanced_chance,Unknown,Unknown,Unknown,,/benchmark-eeg/5.0_version/result_5/linear_downsample/Broderick_Rev_wsn_within_subject_linear_downsample/seed_5_downsample_t40/ratio_full/eegmamba/summary.json
Broderick_Rev_wsn_within_subject_linear_downsample,femba,seed_10_downsample_t40,Broderick_Rev_wsn,within_subject,10,0.5831632130355702,0.5,balanced_chance,Unknown,Unknown,Unknown,,/benchmark-eeg/5.0_version/result_5/linear_downsample/Broderick_Rev_wsn_within_subject_linear_downsample/seed_10_downsample_t40/ratio_full/femba/summary.json
Broderick_Rev_wsn_within_subject_linear_downsample,femba,seed_42_downsample_t40,Broderick_Rev_wsn,within_subject,42,0.5844720812265515,0.5,balanced_chance,Unknown,Unknown,Unknown,,/benchmark-eeg/5.0_version/result_5/linear_downsample/Broderick_Rev_wsn_within_subject_linear_downsample/seed_42_downsample_t40/ratio_full/femba/summary.json
Broderick_Rev_wsn_within_subject_linear_downsample,femba,seed_5_downsample_t40,Broderick_Rev_wsn,within_subject,5,0.5150638563961747,0.5,balanced_chance,Unknown,Unknown,Unknown,,/benchmark-eeg/5.0_version/result_5/linear_downsample/Broderick_Rev_wsn_within_subject_linear_downsample/seed_5_downsample_t40/ratio_full/femba/summary.json
Broderick_Rev_wsn_within_subject_linear_downsample,labram,seed_10_downsample_t40,Broderick_Rev_wsn,within_subject,10,0.5857252264858452,0.5,balanced_chance,Unknown,Unknown,Unknown,,/benchmark-eeg/5.0_version/result_5/linear_downsample/Broderick_Rev_wsn_within_subject_linear_downsample/seed_10_downsample_t40/ratio_full/labram/summary.json
Broderick_Rev_wsn_within_subject_linear_downsample,labram,seed_42_downsample_t40,Broderick_Rev_wsn,within_subject,42,0.5634862870983955,0.5,balanced_chance,Unknown,Unknown,Unknown,,/benchmark-eeg/5.0_version/result_5/linear_downsample/Broderick_Rev_wsn_within_subject_linear_downsample/seed_42_downsample_t40/ratio_full/labram/summary.json
Broderick_Rev_wsn_within_subject_linear_downsample,labram,seed_5_downsample_t40,Broderick_Rev_wsn,within_subject,5,0.5876134501675407,0.5,balanced_chance,Unknown,Unknown,Unknown,,/benchmark-eeg/5.0_version/result_5/linear_downsample/Broderick_Rev_wsn_within_subject_linear_downsample/seed_5_downsample_t40/ratio_full/labram/summary.json
Broderick_Rev_wsn_within_subject_linear_downsample,neurogpt,seed_10_downsample_t40,Broderick_Rev_wsn,within_subject,10,0.38689678284182305,0.5,balanced_chance,Unknown,Unknown,Unknown,,/benchmark-eeg/5.0_version/result_5/linear_downsample/Broderick_Rev_wsn_within_subject_linear_downsample/seed_10_downsample_t40/ratio_full/neurogpt/summary.json
Broderick_Rev_wsn_within_subject_linear_downsample,neurogpt,seed_42_downsample_t40,Broderick_Rev_wsn,within_subject,42,0.4104445862582429,0.5,balanced_chance,Unknown,Unknown,Unknown,,/benchmark-eeg/5.0_version/result_5/linear_downsample/Broderick_Rev_wsn_within_subject_linear_downsample/seed_42_downsample_t40/ratio_full/neurogpt/summary.json
Broderick_Rev_wsn_within_subject_linear_downsample,neurogpt,seed_5_downsample_t40,Broderick_Rev_wsn,within_subject,5,0.39580510541434066,0.5,balanced_chance,Unknown,Unknown,Unknown,,/benchmark-eeg/5.0_version/result_5/linear_downsample/Broderick_Rev_wsn_within_subject_linear_downsample/seed_5_downsample_t40/ratio_full/neurogpt/summary.json
Broderick_Rev_wsn_within_subject_linear_downsample,neurolm,seed_10_downsample_t40,Broderick_Rev_wsn,within_subject,10,0.5823266669879686,0.5,balanced_chance,Unknown,Unknown,Unknown,,/benchmark-eeg/5.0_version/result_5/linear_downsample/Broderick_Rev_wsn_within_subject_linear_downsample/seed_10_downsample_t40/ratio_full/neurolm/summary.json
Broderick_Rev_wsn_within_subject_linear_downsample,neurolm,seed_42_downsample_t40,Broderick_Rev_wsn,within_subject,42,0.5710317080910158,0.5,balanced_chance,Unknown,Unknown,Unknown,,/benchmark-eeg/5.0_version/result_5/linear_downsample/Broderick_Rev_wsn_within_subject_linear_downsample/seed_42_downsample_t40/ratio_full/neurolm/summary.json
Broderick_Rev_wsn_within_subject_linear_downsample,neurolm,seed_5_downsample_t40,Broderick_Rev_wsn,within_subject,5,0.5586588253978206,0.5,balanced_chance,Unknown,Unknown,Unknown,,/benchmark-eeg/5.0_version/result_5/linear_downsample/Broderick_Rev_wsn_within_subject_linear_downsample/seed_5_downsample_t40/ratio_full/neurolm/summary.json
Broderick_Rev_wsn_within_subject_linear_downsample,reve,seed_10_downsample_t40,Broderick_Rev_wsn,within_subject,10,0.47581363228367574,0.5,balanced_chance,Unknown,Unknown,Unknown,,/benchmark-eeg/5.0_version/result_5/linear_downsample/Broderick_Rev_wsn_within_subject_linear_downsample/seed_10_downsample_t40/ratio_full/reve/summary.json
Broderick_Rev_wsn_within_subject_linear_downsample,reve,seed_42_downsample_t40,Broderick_Rev_wsn,within_subject,42,0.49215933187842165,0.5,balanced_chance,Unknown,Unknown,Unknown,,/benchmark-eeg/5.0_version/result_5/linear_downsample/Broderick_Rev_wsn_within_subject_linear_downsample/seed_42_downsample_t40/ratio_full/reve/summary.json
Broderick_Rev_wsn_within_subject_linear_downsample,reve,seed_5_downsample_t40,Broderick_Rev_wsn,within_subject,5,0.45776421202170525,0.5,balanced_chance,Unknown,Unknown,Unknown,,/benchmark-eeg/5.0_version/result_5/linear_downsample/Broderick_Rev_wsn_within_subject_linear_downsample/seed_5_downsample_t40/ratio_full/reve/summary.json
CIRE_wsn_within_subject_linear_downsample,bendr,seed_10_downsample_t40,CIRE_wsn,within_subject,10,0.44849787709855354,0.5,balanced_chance,Unknown,Unknown,Unknown,,/benchmark-eeg/5.0_version/result_5/linear_downsample/CIRE_wsn_within_subject_linear_downsample/seed_10_downsample_t40/ratio_full/bendr/summary.json
CIRE_wsn_within_subject_linear_downsample,bendr,seed_42_downsample_t40,CIRE_wsn,within_subject,42,0.48773130081001426,0.5,balanced_chance,Unknown,Unknown,Unknown,,/benchmark-eeg/5.0_version/result_5/linear_downsample/CIRE_wsn_within_subject_linear_downsample/seed_42_downsample_t40/ratio_full/bendr/summary.json
CIRE_wsn_within_subject_linear_downsample,bendr,seed_5_downsample_t40,CIRE_wsn,within_subject,5,0.46555953370959,0.5,balanced_chance,Unknown,Unknown,Unknown,,/benchmark-eeg/5.0_version/result_5/linear_downsample/CIRE_wsn_within_subject_linear_downsample/seed_5_downsample_t40/ratio_full/bendr/summary.json
CIRE_wsn_within_subject_linear_downsample,biot,seed_10_downsample_t40,CIRE_wsn,within_subject,10,0.5522967109528203,0.5,balanced_chance,Unknown,Unknown,Unknown,,/benchmark-eeg/5.0_version/result_5/linear_downsample/CIRE_wsn_within_subject_linear_downsample/seed_10_downsample_t40/ratio_full/biot/summary.json
CIRE_wsn_within_subject_linear_downsample,biot,seed_42_downsample_t40,CIRE_wsn,within_subject,42,0.39092121875226304,0.5,balanced_chance,Unknown,Unknown,Unknown,,/benchmark-eeg/5.0_version/result_5/linear_downsample/CIRE_wsn_within_subject_linear_downsample/seed_42_downsample_t40/ratio_full/biot/summary.json
CIRE_wsn_within_subject_linear_downsample,biot,seed_5_downsample_t40,CIRE_wsn,within_subject,5,0.3717703074654865,0.5,balanced_chance,Unknown,Unknown,Unknown,,/benchmark-eeg/5.0_version/result_5/linear_downsample/CIRE_wsn_within_subject_linear_downsample/seed_5_downsample_t40/ratio_full/biot/summary.json
CIRE_wsn_within_subject_linear_downsample,brainomni,seed_10_downsample_t40,CIRE_wsn,within_subject,10,0.5496827986410378,0.5,balanced_chance,Unknown,Unknown,Unknown,,/benchmark-eeg/5.0_version/result_5/linear_downsample/CIRE_wsn_within_subject_linear_downsample/seed_10_downsample_t40/ratio_full/brainomni/summary.json
CIRE_wsn_within_subject_linear_downsample,brainomni,seed_42_downsample_t40,CIRE_wsn,within_subject,42,0.48634233315838854,0.5,balanced_chance,Unknown,Unknown,Unknown,,/benchmark-eeg/5.0_version/result_5/linear_downsample/CIRE_wsn_within_subject_linear_downsample/seed_42_downsample_t40/ratio_full/brainomni/summary.json
CIRE_wsn_within_subject_linear_downsample,brainomni,seed_5_downsample_t40,CIRE_wsn,within_subject,5,0.487527563187107,0.5,balanced_chance,Unknown,Unknown,Unknown,,/benchmark-eeg/5.0_version/result_5/linear_downsample/CIRE_wsn_within_subject_linear_downsample/seed_5_downsample_t40/ratio_full/brainomni/summary.json
CIRE_wsn_within_subject_linear_downsample,cbramod,seed_10_downsample_t40,CIRE_wsn,within_subject,10,0.6019776734523121,0.5,balanced_chance,Unknown,Unknown,Unknown,,/benchmark-eeg/5.0_version/result_5/linear_downsample/CIRE_wsn_within_subject_linear_downsample/seed_10_downsample_t40/ratio_full/cbramod/summary.json
CIRE_wsn_within_subject_linear_downsample,cbramod,seed_42_downsample_t40,CIRE_wsn,within_subject,42,0.36195363752929754,0.5,balanced_chance,Unknown,Unknown,Unknown,,/benchmark-eeg/5.0_version/result_5/linear_downsample/CIRE_wsn_within_subject_linear_downsample/seed_42_downsample_t40/ratio_full/cbramod/summary.json
CIRE_wsn_within_subject_linear_downsample,cbramod,seed_5_downsample_t40,CIRE_wsn,within_subject,5,0.6113534948863266,0.5,balanced_chance,Unknown,Unknown,Unknown,,/benchmark-eeg/5.0_version/result_5/linear_downsample/CIRE_wsn_within_subject_linear_downsample/seed_5_downsample_t40/ratio_full/cbramod/summary.json
CIRE_wsn_within_subject_linear_downsample,eegmamba,seed_10_downsample_t40,CIRE_wsn,within_subject,10,0.5275884593925858,0.5,balanced_chance,Unknown,Unknown,Unknown,,/benchmark-eeg/5.0_version/result_5/linear_downsample/CIRE_wsn_within_subject_linear_downsample/seed_10_downsample_t40/ratio_full/eegmamba/summary.json
CIRE_wsn_within_subject_linear_downsample,eegmamba,seed_42_downsample_t40,CIRE_wsn,within_subject,42,0.38618236735549644,0.5,balanced_chance,Unknown,Unknown,Unknown,,/benchmark-eeg/5.0_version/result_5/linear_downsample/CIRE_wsn_within_subject_linear_downsample/seed_42_downsample_t40/ratio_full/eegmamba/summary.json
CIRE_wsn_within_subject_linear_downsample,eegmamba,seed_5_downsample_t40,CIRE_wsn,within_subject,5,0.5543737253827656,0.5,balanced_chance,Unknown,Unknown,Unknown,,/benchmark-eeg/5.0_version/result_5/linear_downsample/CIRE_wsn_within_subject_linear_downsample/seed_5_downsample_t40/ratio_full/eegmamba/summary.json
CIRE_wsn_within_subject_linear_downsample,femba,seed_10_downsample_t40,CIRE_wsn,within_subject,10,0.5104972371211782,0.5,balanced_chance,Unknown,Unknown,Unknown,,/benchmark-eeg/5.0_version/result_5/linear_downsample/CIRE_wsn_within_subject_linear_downsample/seed_10_downsample_t40/ratio_full/femba/summary.json
CIRE_wsn_within_subject_linear_downsample,femba,seed_42_downsample_t40,CIRE_wsn,within_subject,42,0.5037077969810072,0.5,balanced_chance,Unknown,Unknown,Unknown,,/benchmark-eeg/5.0_version/result_5/linear_downsample/CIRE_wsn_within_subject_linear_downsample/seed_42_downsample_t40/ratio_full/femba/summary.json
CIRE_wsn_within_subject_linear_downsample,femba,seed_5_downsample_t40,CIRE_wsn,within_subject,5,0.5347591467724013,0.5,balanced_chance,Unknown,Unknown,Unknown,,/benchmark-eeg/5.0_version/result_5/linear_downsample/CIRE_wsn_within_subject_linear_downsample/seed_5_downsample_t40/ratio_full/femba/summary.json
CIRE_wsn_within_subject_linear_downsample,labram,seed_10_downsample_t40,CIRE_wsn,within_subject,10,0.5443378286545726,0.5,balanced_chance,Unknown,Unknown,Unknown,,/benchmark-eeg/5.0_version/result_5/linear_downsample/CIRE_wsn_within_subject_linear_downsample/seed_10_downsample_t40/ratio_full/labram/summary.json
CIRE_wsn_within_subject_linear_downsample,labram,seed_42_downsample_t40,CIRE_wsn,within_subject,42,0.37972625479875394,0.5,balanced_chance,Unknown,Unknown,Unknown,,/benchmark-eeg/5.0_version/result_5/linear_downsample/CIRE_wsn_within_subject_linear_downsample/seed_42_downsample_t40/ratio_full/labram/summary.json
CIRE_wsn_within_subject_linear_downsample,labram,seed_5_downsample_t40,CIRE_wsn,within_subject,5,0.5297165539546851,0.5,balanced_chance,Unknown,Unknown,Unknown,,/benchmark-eeg/5.0_version/result_5/linear_downsample/CIRE_wsn_within_subject_linear_downsample/seed_5_downsample_t40/ratio_full/labram/summary.json
CIRE_wsn_within_subject_linear_downsample,neurogpt,seed_10_downsample_t40,CIRE_wsn,within_subject,10,0.44266446581181107,0.5,balanced_chance,Unknown,Unknown,Unknown,,/benchmark-eeg/5.0_version/result_5/linear_downsample/CIRE_wsn_within_subject_linear_downsample/seed_10_downsample_t40/ratio_full/neurogpt/summary.json
CIRE_wsn_within_subject_linear_downsample,neurogpt,seed_42_downsample_t40,CIRE_wsn,within_subject,42,0.4626305428383225,0.5,balanced_chance,Unknown,Unknown,Unknown,,/benchmark-eeg/5.0_version/result_5/linear_downsample/CIRE_wsn_within_subject_linear_downsample/seed_42_downsample_t40/ratio_full/neurogpt/summary.json
CIRE_wsn_within_subject_linear_downsample,neurogpt,seed_5_downsample_t40,CIRE_wsn,within_subject,5,0.52950104212177,0.5,balanced_chance,Unknown,Unknown,Unknown,,/benchmark-eeg/5.0_version/result_5/linear_downsample/CIRE_wsn_within_subject_linear_downsample/seed_5_downsample_t40/ratio_full/neurogpt/summary.json
CIRE_wsn_within_subject_linear_downsample,neurolm,seed_10_downsample_t40,CIRE_wsn,within_subject,10,0.47826428098392015,0.5,balanced_chance,Unknown,Unknown,Unknown,,/benchmark-eeg/5.0_version/result_5/linear_downsample/CIRE_wsn_within_subject_linear_downsample/seed_10_downsample_t40/ratio_full/neurolm/summary.json
CIRE_wsn_within_subject_linear_downsample,neurolm,seed_42_downsample_t40,CIRE_wsn,within_subject,42,0.48326115712979245,0.5,balanced_chance,Unknown,Unknown,Unknown,,/benchmark-eeg/5.0_version/result_5/linear_downsample/CIRE_wsn_within_subject_linear_downsample/seed_42_downsample_t40/ratio_full/neurolm/summary.json
CIRE_wsn_within_subject_linear_downsample,neurolm,seed_5_downsample_t40,CIRE_wsn,within_subject,5,0.4901618319617171,0.5,balanced_chance,Unknown,Unknown,Unknown,,/benchmark-eeg/5.0_version/result_5/linear_downsample/CIRE_wsn_within_subject_linear_downsample/seed_5_downsample_t40/ratio_full/neurolm/summary.json
CIRE_wsn_within_subject_linear_downsample,reve,seed_10_downsample_t40,CIRE_wsn,within_subject,10,0.5136742911133086,0.5,balanced_chance,Unknown,Unknown,Unknown,,/benchmark-eeg/5.0_version/result_5/linear_downsample/CIRE_wsn_within_subject_linear_downsample/seed_10_downsample_t40/ratio_full/reve/summary.json
CIRE_wsn_within_subject_linear_downsample,reve,seed_42_downsample_t40,CIRE_wsn,within_subject,42,0.40695353414010504,0.5,balanced_chance,Unknown,Unknown,Unknown,,/benchmark-eeg/5.0_version/result_5/linear_downsample/CIRE_wsn_within_subject_linear_downsample/seed_42_downsample_t40/ratio_full/reve/summary.json
CIRE_wsn_within_subject_linear_downsample,reve,seed_5_downsample_t40,CIRE_wsn,within_subject,5,0.3251038463764918,0.5,balanced_chance,Unknown,Unknown,Unknown,,/benchmark-eeg/5.0_version/result_5/linear_downsample/CIRE_wsn_within_subject_linear_downsample/seed_5_downsample_t40/ratio_full/reve/summary.json
ChineseEEG2_RA_Tone_within_subject_linear_downsample,bendr,seed_10_downsample_t40,ChineseEEG2_RA_Tone,within_subject,10,0.24522340883422988,0.25,balanced_chance,Unknown,Unknown,Unknown,,/benchmark-eeg/5.0_version/result_5/linear_downsample/ChineseEEG2_RA_Tone_within_subject_linear_downsample/seed_10_downsample_t40/ratio_full/bendr/summary.json
ChineseEEG2_RA_Tone_within_subject_linear_downsample,bendr,seed_42_downsample_t40,ChineseEEG2_RA_Tone,within_subject,42,0.2190522518330603,0.25,balanced_chance,Unknown,Unknown,Unknown,,/benchmark-eeg/5.0_version/result_5/linear_downsample/ChineseEEG2_RA_Tone_within_subject_linear_downsample/seed_42_downsample_t40/ratio_full/bendr/summary.json
ChineseEEG2_RA_Tone_within_subject_linear_downsample,bendr,seed_5_downsample_t40,ChineseEEG2_RA_Tone,within_subject,5,0.24571735229042407,0.25,balanced_chance,Unknown,Unknown,Unknown,,/benchmark-eeg/5.0_version/result_5/linear_downsample/ChineseEEG2_RA_Tone_within_subject_linear_downsample/seed_5_downsample_t40/ratio_full/bendr/summary.json
ChineseEEG2_RA_Tone_within_subject_linear_downsample,biot,seed_10_downsample_t40,ChineseEEG2_RA_Tone,within_subject,10,0.24111963510909193,0.25,balanced_chance,Unknown,Unknown,Unknown,,/benchmark-eeg/5.0_version/result_5/linear_downsample/ChineseEEG2_RA_Tone_within_subject_linear_downsample/seed_10_downsample_t40/ratio_full/biot/summary.json
ChineseEEG2_RA_Tone_within_subject_linear_downsample,biot,seed_42_downsample_t40,ChineseEEG2_RA_Tone,within_subject,42,0.22724791302843983,0.25,balanced_chance,Unknown,Unknown,Unknown,,/benchmark-eeg/5.0_version/result_5/linear_downsample/ChineseEEG2_RA_Tone_within_subject_linear_downsample/seed_42_downsample_t40/ratio_full/biot/summary.json
ChineseEEG2_RA_Tone_within_subject_linear_downsample,biot,seed_5_downsample_t40,ChineseEEG2_RA_Tone,within_subject,5,0.24686043401076013,0.25,balanced_chance,Unknown,Unknown,Unknown,,/benchmark-eeg/5.0_version/result_5/linear_downsample/ChineseEEG2_RA_Tone_within_subject_linear_downsample/seed_5_downsample_t40/ratio_full/biot/summary.json
ChineseEEG2_RA_Tone_within_subject_linear_downsample,brainomni,seed_10_downsample_t40,ChineseEEG2_RA_Tone,within_subject,10,0.10373793391391745,0.25,balanced_chance,Unknown,Unknown,Unknown,,/benchmark-eeg/5.0_version/result_5/linear_downsample/ChineseEEG2_RA_Tone_within_subject_linear_downsample/seed_10_downsample_t40/ratio_full/brainomni/summary.json
ChineseEEG2_RA_Tone_within_subject_linear_downsample,brainomni,seed_42_downsample_t40,ChineseEEG2_RA_Tone,within_subject,42,0.24962518932576355,0.25,balanced_chance,Unknown,Unknown,Unknown,,/benchmark-eeg/5.0_version/result_5/linear_downsample/ChineseEEG2_RA_Tone_within_subject_linear_downsample/seed_42_downsample_t40/ratio_full/brainomni/summary.json
ChineseEEG2_RA_Tone_within_subject_linear_downsample,brainomni,seed_5_downsample_t40,ChineseEEG2_RA_Tone,within_subject,5,0.21948245264224772,0.25,balanced_chance,Unknown,Unknown,Unknown,,/benchmark-eeg/5.0_version/result_5/linear_downsample/ChineseEEG2_RA_Tone_within_subject_linear_downsample/seed_5_downsample_t40/ratio_full/brainomni/summary.json
ChineseEEG2_RA_Tone_within_subject_linear_downsample,cbramod,seed_10_downsample_t40,ChineseEEG2_RA_Tone,within_subject,10,0.14402820831585683,0.25,balanced_chance,Unknown,Unknown,Unknown,,/benchmark-eeg/5.0_version/result_5/linear_downsample/ChineseEEG2_RA_Tone_within_subject_linear_downsample/seed_10_downsample_t40/ratio_full/cbramod/summary.json
ChineseEEG2_RA_Tone_within_subject_linear_downsample,cbramod,seed_42_downsample_t40,ChineseEEG2_RA_Tone,within_subject,42,0.21554074908318988,0.25,balanced_chance,Unknown,Unknown,Unknown,,/benchmark-eeg/5.0_version/result_5/linear_downsample/ChineseEEG2_RA_Tone_within_subject_linear_downsample/seed_42_downsample_t40/ratio_full/cbramod/summary.json
ChineseEEG2_RA_Tone_within_subject_linear_downsample,cbramod,seed_5_downsample_t40,ChineseEEG2_RA_Tone,within_subject,5,0.24502515557993415,0.25,balanced_chance,Unknown,Unknown,Unknown,,/benchmark-eeg/5.0_version/result_5/linear_downsample/ChineseEEG2_RA_Tone_within_subject_linear_downsample/seed_5_downsample_t40/ratio_full/cbramod/summary.json
ChineseEEG2_RA_Tone_within_subject_linear_downsample,eegmamba,seed_10_downsample_t40,ChineseEEG2_RA_Tone,within_subject,10,0.2444163403000383,0.25,balanced_chance,Unknown,Unknown,Unknown,,/benchmark-eeg/5.0_version/result_5/linear_downsample/ChineseEEG2_RA_Tone_within_subject_linear_downsample/seed_10_downsample_t40/ratio_full/eegmamba/summary.json
ChineseEEG2_RA_Tone_within_subject_linear_downsample,eegmamba,seed_42_downsample_t40,ChineseEEG2_RA_Tone,within_subject,42,0.22947622671030482,0.25,balanced_chance,Unknown,Unknown,Unknown,,/benchmark-eeg/5.0_version/result_5/linear_downsample/ChineseEEG2_RA_Tone_within_subject_linear_downsample/seed_42_downsample_t40/ratio_full/eegmamba/summary.json
ChineseEEG2_RA_Tone_within_subject_linear_downsample,eegmamba,seed_5_downsample_t40,ChineseEEG2_RA_Tone,within_subject,5,0.20847821760425345,0.25,balanced_chance,Unknown,Unknown,Unknown,,/benchmark-eeg/5.0_version/result_5/linear_downsample/ChineseEEG2_RA_Tone_within_subject_linear_downsample/seed_5_downsample_t40/ratio_full/eegmamba/summary.json
ChineseEEG2_RA_Tone_within_subject_linear_downsample,femba,seed_10_downsample_t40,ChineseEEG2_RA_Tone,within_subject,10,0.21296050989286985,0.25,balanced_chance,Unknown,Unknown,Unknown,,/benchmark-eeg/5.0_version/result_5/linear_downsample/ChineseEEG2_RA_Tone_within_subject_linear_downsample/seed_10_downsample_t40/ratio_full/femba/summary.json
ChineseEEG2_RA_Tone_within_subject_linear_downsample,femba,seed_42_downsample_t40,ChineseEEG2_RA_Tone,within_subject,42,0.19379085966290882,0.25,balanced_chance,Unknown,Unknown,Unknown,,/benchmark-eeg/5.0_version/result_5/linear_downsample/ChineseEEG2_RA_Tone_within_subject_linear_downsample/seed_42_downsample_t40/ratio_full/femba/summary.json
ChineseEEG2_RA_Tone_within_subject_linear_downsample,femba,seed_5_downsample_t40,ChineseEEG2_RA_Tone,within_subject,5,0.22745256870317754,0.25,balanced_chance,Unknown,Unknown,Unknown,,/benchmark-eeg/5.0_version/result_5/linear_downsample/ChineseEEG2_RA_Tone_within_subject_linear_downsample/seed_5_downsample_t40/ratio_full/femba/summary.json
ChineseEEG2_RA_Tone_within_subject_linear_downsample,labram,seed_10_downsample_t40,ChineseEEG2_RA_Tone,within_subject,10,0.24368881904812667,0.25,balanced_chance,Unknown,Unknown,Unknown,,/benchmark-eeg/5.0_version/result_5/linear_downsample/ChineseEEG2_RA_Tone_within_subject_linear_downsample/seed_10_downsample_t40/ratio_full/labram/summary.json
ChineseEEG2_RA_Tone_within_subject_linear_downsample,labram,seed_42_downsample_t40,ChineseEEG2_RA_Tone,within_subject,42,0.1732674494963105,0.25,balanced_chance,Unknown,Unknown,Unknown,,/benchmark-eeg/5.0_version/result_5/linear_downsample/ChineseEEG2_RA_Tone_within_subject_linear_downsample/seed_42_downsample_t40/ratio_full/labram/summary.json
ChineseEEG2_RA_Tone_within_subject_linear_downsample,labram,seed_5_downsample_t40,ChineseEEG2_RA_Tone,within_subject,5,0.2189387419740812,0.25,balanced_chance,Unknown,Unknown,Unknown,,/benchmark-eeg/5.0_version/result_5/linear_downsample/ChineseEEG2_RA_Tone_within_subject_linear_downsample/seed_5_downsample_t40/ratio_full/labram/summary.json
ChineseEEG2_RA_Tone_within_subject_linear_downsample,neurogpt,seed_10_downsample_t40,ChineseEEG2_RA_Tone,within_subject,10,0.22756142187375597,0.25,balanced_chance,Unknown,Unknown,Unknown,,/benchmark-eeg/5.0_version/result_5/linear_downsample/ChineseEEG2_RA_Tone_within_subject_linear_downsample/seed_10_downsample_t40/ratio_full/neurogpt/summary.json
ChineseEEG2_RA_Tone_within_subject_linear_downsample,neurogpt,seed_42_downsample_t40,ChineseEEG2_RA_Tone,within_subject,42,0.23992353597910687,0.25,balanced_chance,Unknown,Unknown,Unknown,,/benchmark-eeg/5.0_version/result_5/linear_downsample/ChineseEEG2_RA_Tone_within_subject_linear_downsample/seed_42_downsample_t40/ratio_full/neurogpt/summary.json
ChineseEEG2_RA_Tone_within_subject_linear_downsample,neurogpt,seed_5_downsample_t40,ChineseEEG2_RA_Tone,within_subject,5,0.22329506554062772,0.25,balanced_chance,Unknown,Unknown,Unknown,,/benchmark-eeg/5.0_version/result_5/linear_downsample/ChineseEEG2_RA_Tone_within_subject_linear_downsample/seed_5_downsample_t40/ratio_full/neurogpt/summary.json
ChineseEEG2_RA_Tone_within_subject_linear_downsample,neurolm,seed_10_downsample_t40,ChineseEEG2_RA_Tone,within_subject,10,0.24287748396763964,0.25,balanced_chance,Unknown,Unknown,Unknown,,/benchmark-eeg/5.0_version/result_5/linear_downsample/ChineseEEG2_RA_Tone_within_subject_linear_downsample/seed_10_downsample_t40/ratio_full/neurolm/summary.json
ChineseEEG2_RA_Tone_within_subject_linear_downsample,neurolm,seed_42_downsample_t40,ChineseEEG2_RA_Tone,within_subject,42,0.23990091312733855,0.25,balanced_chance,Unknown,Unknown,Unknown,,/benchmark-eeg/5.0_version/result_5/linear_downsample/ChineseEEG2_RA_Tone_within_subject_linear_downsample/seed_42_downsample_t40/ratio_full/neurolm/summary.json
ChineseEEG2_RA_Tone_within_subject_linear_downsample,neurolm,seed_5_downsample_t40,ChineseEEG2_RA_Tone,within_subject,5,0.23072139426643895,0.25,balanced_chance,Unknown,Unknown,Unknown,,/benchmark-eeg/5.0_version/result_5/linear_downsample/ChineseEEG2_RA_Tone_within_subject_linear_downsample/seed_5_downsample_t40/ratio_full/neurolm/summary.json
ChineseEEG2_RA_Tone_within_subject_linear_downsample,reve,seed_10_downsample_t40,ChineseEEG2_RA_Tone,within_subject,10,0.2480040002091741,0.25,balanced_chance,Unknown,Unknown,Unknown,,/benchmark-eeg/5.0_version/result_5/linear_downsample/ChineseEEG2_RA_Tone_within_subject_linear_downsample/seed_10_downsample_t40/ratio_full/reve/summary.json
ChineseEEG2_RA_Tone_within_subject_linear_downsample,reve,seed_42_downsample_t40,ChineseEEG2_RA_Tone,within_subject,42,0.25027837857175106,0.25,balanced_chance,Unknown,Unknown,Unknown,,/benchmark-eeg/5.0_version/result_5/linear_downsample/ChineseEEG2_RA_Tone_within_subject_linear_downsample/seed_42_downsample_t40/ratio_full/reve/summary.json
ChineseEEG2_RA_Tone_within_subject_linear_downsample,reve,seed_5_downsample_t40,ChineseEEG2_RA_Tone,within_subject,5,0.24117371288089726,0.25,balanced_chance,Unknown,Unknown,Unknown,,/benchmark-eeg/5.0_version/result_5/linear_downsample/ChineseEEG2_RA_Tone_within_subject_linear_downsample/seed_5_downsample_t40/ratio_full/reve/summary.json
DUAL_FREQ_SSVEP_wsn_within_subject_linear_downsample,bendr,seed_10_downsample_t40,DUAL_FREQ_SSVEP_wsn,within_subject,10,0.006678561678561679,0.025,balanced_chance,Unknown,Unknown,Unknown,,/benchmark-eeg/5.0_version/result_5/linear_downsample/DUAL_FREQ_SSVEP_wsn_within_subject_linear_downsample/seed_10_downsample_t40/ratio_full/bendr/summary.json
DUAL_FREQ_SSVEP_wsn_within_subject_linear_downsample,bendr,seed_42_downsample_t40,DUAL_FREQ_SSVEP_wsn,within_subject,42,0.00826441206594345,0.025,balanced_chance,Unknown,Unknown,Unknown,,/benchmark-eeg/5.0_version/result_5/linear_downsample/DUAL_FREQ_SSVEP_wsn_within_subject_linear_downsample/seed_42_downsample_t40/ratio_full/bendr/summary.json
DUAL_FREQ_SSVEP_wsn_within_subject_linear_downsample,bendr,seed_5_downsample_t40,DUAL_FREQ_SSVEP_wsn,within_subject,5,0.007468219611076754,0.025,balanced_chance,Unknown,Unknown,Unknown,,/benchmark-eeg/5.0_version/result_5/linear_downsample/DUAL_FREQ_SSVEP_wsn_within_subject_linear_downsample/seed_5_downsample_t40/ratio_full/bendr/summary.json
DUAL_FREQ_SSVEP_wsn_within_subject_linear_downsample,biot,seed_10_downsample_t40,DUAL_FREQ_SSVEP_wsn,within_subject,10,0.01127692588535962,0.025,balanced_chance,Unknown,Unknown,Unknown,,/benchmark-eeg/5.0_version/result_5/linear_downsample/DUAL_FREQ_SSVEP_wsn_within_subject_linear_downsample/seed_10_downsample_t40/ratio_full/biot/summary.json
DUAL_FREQ_SSVEP_wsn_within_subject_linear_downsample,biot,seed_42_downsample_t40,DUAL_FREQ_SSVEP_wsn,within_subject,42,0.01601130229419703,0.025,balanced_chance,Unknown,Unknown,Unknown,,/benchmark-eeg/5.0_version/result_5/linear_downsample/DUAL_FREQ_SSVEP_wsn_within_subject_linear_downsample/seed_42_downsample_t40/ratio_full/biot/summary.json
DUAL_FREQ_SSVEP_wsn_within_subject_linear_downsample,biot,seed_5_downsample_t40,DUAL_FREQ_SSVEP_wsn,within_subject,5,0.02096745721676277,0.025,balanced_chance,Unknown,Unknown,Unknown,,/benchmark-eeg/5.0_version/result_5/linear_downsample/DUAL_FREQ_SSVEP_wsn_within_subject_linear_downsample/seed_5_downsample_t40/ratio_full/biot/summary.json
DUAL_FREQ_SSVEP_wsn_within_subject_linear_downsample,brainomni,seed_10_downsample_t40,DUAL_FREQ_SSVEP_wsn,within_subject,10,0.0513733213248085,0.025,balanced_chance,Unknown,Unknown,Unknown,,/benchmark-eeg/5.0_version/result_5/linear_downsample/DUAL_FREQ_SSVEP_wsn_within_subject_linear_downsample/seed_10_downsample_t40/ratio_full/brainomni/summary.json
DUAL_FREQ_SSVEP_wsn_within_subject_linear_downsample,brainomni,seed_42_downsample_t40,DUAL_FREQ_SSVEP_wsn,within_subject,42,0.04689551564381441,0.025,balanced_chance,Unknown,Unknown,Unknown,,/benchmark-eeg/5.0_version/result_5/linear_downsample/DUAL_FREQ_SSVEP_wsn_within_subject_linear_downsample/seed_42_downsample_t40/ratio_full/brainomni/summary.json
DUAL_FREQ_SSVEP_wsn_within_subject_linear_downsample,brainomni,seed_5_downsample_t40,DUAL_FREQ_SSVEP_wsn,within_subject,5,0.03946235558877328,0.025,balanced_chance,Unknown,Unknown,Unknown,,/benchmark-eeg/5.0_version/result_5/linear_downsample/DUAL_FREQ_SSVEP_wsn_within_subject_linear_downsample/seed_5_downsample_t40/ratio_full/brainomni/summary.json
DUAL_FREQ_SSVEP_wsn_within_subject_linear_downsample,cbramod,seed_10_downsample_t40,DUAL_FREQ_SSVEP_wsn,within_subject,10,0.003993399339933994,0.025,balanced_chance,Unknown,Unknown,Unknown,,/benchmark-eeg/5.0_version/result_5/linear_downsample/DUAL_FREQ_SSVEP_wsn_within_subject_linear_downsample/seed_10_downsample_t40/ratio_full/cbramod/summary.json
DUAL_FREQ_SSVEP_wsn_within_subject_linear_downsample,cbramod,seed_42_downsample_t40,DUAL_FREQ_SSVEP_wsn,within_subject,42,0.012411221186467,0.025,balanced_chance,Unknown,Unknown,Unknown,,/benchmark-eeg/5.0_version/result_5/linear_downsample/DUAL_FREQ_SSVEP_wsn_within_subject_linear_downsample/seed_42_downsample_t40/ratio_full/cbramod/summary.json
DUAL_FREQ_SSVEP_wsn_within_subject_linear_downsample,cbramod,seed_5_downsample_t40,DUAL_FREQ_SSVEP_wsn,within_subject,5,0.005043959663524881,0.025,balanced_chance,Unknown,Unknown,Unknown,,/benchmark-eeg/5.0_version/result_5/linear_downsample/DUAL_FREQ_SSVEP_wsn_within_subject_linear_downsample/seed_5_downsample_t40/ratio_full/cbramod/summary.json
DUAL_FREQ_SSVEP_wsn_within_subject_linear_downsample,eegmamba,seed_10_downsample_t40,DUAL_FREQ_SSVEP_wsn,within_subject,10,0.010508021390374331,0.025,balanced_chance,Unknown,Unknown,Unknown,,/benchmark-eeg/5.0_version/result_5/linear_downsample/DUAL_FREQ_SSVEP_wsn_within_subject_linear_downsample/seed_10_downsample_t40/ratio_full/eegmamba/summary.json
DUAL_FREQ_SSVEP_wsn_within_subject_linear_downsample,eegmamba,seed_42_downsample_t40,DUAL_FREQ_SSVEP_wsn,within_subject,42,0.010115610877357021,0.025,balanced_chance,Unknown,Unknown,Unknown,,/benchmark-eeg/5.0_version/result_5/linear_downsample/DUAL_FREQ_SSVEP_wsn_within_subject_linear_downsample/seed_42_downsample_t40/ratio_full/eegmamba/summary.json
DUAL_FREQ_SSVEP_wsn_within_subject_linear_downsample,eegmamba,seed_5_downsample_t40,DUAL_FREQ_SSVEP_wsn,within_subject,5,0.0024570990317323363,0.025,balanced_chance,Unknown,Unknown,Unknown,,/benchmark-eeg/5.0_version/result_5/linear_downsample/DUAL_FREQ_SSVEP_wsn_within_subject_linear_downsample/seed_5_downsample_t40/ratio_full/eegmamba/summary.json
DUAL_FREQ_SSVEP_wsn_within_subject_linear_downsample,femba,seed_10_downsample_t40,DUAL_FREQ_SSVEP_wsn,within_subject,10,0.020991757504438664,0.025,balanced_chance,Unknown,Unknown,Unknown,,/benchmark-eeg/5.0_version/result_5/linear_downsample/DUAL_FREQ_SSVEP_wsn_within_subject_linear_downsample/seed_10_downsample_t40/ratio_full/femba/summary.json
DUAL_FREQ_SSVEP_wsn_within_subject_linear_downsample,femba,seed_42_downsample_t40,DUAL_FREQ_SSVEP_wsn,within_subject,42,0.02999047523476369,0.025,balanced_chance,Unknown,Unknown,Unknown,,/benchmark-eeg/5.0_version/result_5/linear_downsample/DUAL_FREQ_SSVEP_wsn_within_subject_linear_downsample/seed_42_downsample_t40/ratio_full/femba/summary.json
DUAL_FREQ_SSVEP_wsn_within_subject_linear_downsample,femba,seed_5_downsample_t40,DUAL_FREQ_SSVEP_wsn,within_subject,5,0.0222733118327363,0.025,balanced_chance,Unknown,Unknown,Unknown,,/benchmark-eeg/5.0_version/result_5/linear_downsample/DUAL_FREQ_SSVEP_wsn_within_subject_linear_downsample/seed_5_downsample_t40/ratio_full/femba/summary.json
DUAL_FREQ_SSVEP_wsn_within_subject_linear_downsample,labram,seed_10_downsample_t40,DUAL_FREQ_SSVEP_wsn,within_subject,10,0.017013892984094222,0.025,balanced_chance,Unknown,Unknown,Unknown,,/benchmark-eeg/5.0_version/result_5/linear_downsample/DUAL_FREQ_SSVEP_wsn_within_subject_linear_downsample/seed_10_downsample_t40/ratio_full/labram/summary.json
DUAL_FREQ_SSVEP_wsn_within_subject_linear_downsample,labram,seed_42_downsample_t40,DUAL_FREQ_SSVEP_wsn,within_subject,42,0.019288187302893185,0.025,balanced_chance,Unknown,Unknown,Unknown,,/benchmark-eeg/5.0_version/result_5/linear_downsample/DUAL_FREQ_SSVEP_wsn_within_subject_linear_downsample/seed_42_downsample_t40/ratio_full/labram/summary.json
DUAL_FREQ_SSVEP_wsn_within_subject_linear_downsample,labram,seed_5_downsample_t40,DUAL_FREQ_SSVEP_wsn,within_subject,5,0.014644614644614645,0.025,balanced_chance,Unknown,Unknown,Unknown,,/benchmark-eeg/5.0_version/result_5/linear_downsample/DUAL_FREQ_SSVEP_wsn_within_subject_linear_downsample/seed_5_downsample_t40/ratio_full/labram/summary.json
DUAL_FREQ_SSVEP_wsn_within_subject_linear_downsample,neurogpt,seed_10_downsample_t40,DUAL_FREQ_SSVEP_wsn,within_subject,10,0.001256587936755807,0.025,balanced_chance,Unknown,Unknown,Unknown,,/benchmark-eeg/5.0_version/result_5/linear_downsample/DUAL_FREQ_SSVEP_wsn_within_subject_linear_downsample/seed_10_downsample_t40/ratio_full/neurogpt/summary.json
DUAL_FREQ_SSVEP_wsn_within_subject_linear_downsample,neurogpt,seed_42_downsample_t40,DUAL_FREQ_SSVEP_wsn,within_subject,42,0.004271687417754833,0.025,balanced_chance,Unknown,Unknown,Unknown,,/benchmark-eeg/5.0_version/result_5/linear_downsample/DUAL_FREQ_SSVEP_wsn_within_subject_linear_downsample/seed_42_downsample_t40/ratio_full/neurogpt/summary.json
DUAL_FREQ_SSVEP_wsn_within_subject_linear_downsample,neurogpt,seed_5_downsample_t40,DUAL_FREQ_SSVEP_wsn,within_subject,5,0.011265824692548831,0.025,balanced_chance,Unknown,Unknown,Unknown,,/benchmark-eeg/5.0_version/result_5/linear_downsample/DUAL_FREQ_SSVEP_wsn_within_subject_linear_downsample/seed_5_downsample_t40/ratio_full/neurogpt/summary.json
DUAL_FREQ_SSVEP_wsn_within_subject_linear_downsample,neurolm,seed_10_downsample_t40,DUAL_FREQ_SSVEP_wsn,within_subject,10,0.025608839264130896,0.025,balanced_chance,Unknown,Unknown,Unknown,,/benchmark-eeg/5.0_version/result_5/linear_downsample/DUAL_FREQ_SSVEP_wsn_within_subject_linear_downsample/seed_10_downsample_t40/ratio_full/neurolm/summary.json
DUAL_FREQ_SSVEP_wsn_within_subject_linear_downsample,neurolm,seed_42_downsample_t40,DUAL_FREQ_SSVEP_wsn,within_subject,42,0.01566046583269109,0.025,balanced_chance,Unknown,Unknown,Unknown,,/benchmark-eeg/5.0_version/result_5/linear_downsample/DUAL_FREQ_SSVEP_wsn_within_subject_linear_downsample/seed_42_downsample_t40/ratio_full/neurolm/summary.json
DUAL_FREQ_SSVEP_wsn_within_subject_linear_downsample,neurolm,seed_5_downsample_t40,DUAL_FREQ_SSVEP_wsn,within_subject,5,0.025882935196060892,0.025,balanced_chance,Unknown,Unknown,Unknown,,/benchmark-eeg/5.0_version/result_5/linear_downsample/DUAL_FREQ_SSVEP_wsn_within_subject_linear_downsample/seed_5_downsample_t40/ratio_full/neurolm/summary.json
DUAL_FREQ_SSVEP_wsn_within_subject_linear_downsample,reve,seed_10_downsample_t40,DUAL_FREQ_SSVEP_wsn,within_subject,10,0.026745222282461373,0.025,balanced_chance,Unknown,Unknown,Unknown,,/benchmark-eeg/5.0_version/result_5/linear_downsample/DUAL_FREQ_SSVEP_wsn_within_subject_linear_downsample/seed_10_downsample_t40/ratio_full/reve/summary.json
DUAL_FREQ_SSVEP_wsn_within_subject_linear_downsample,reve,seed_42_downsample_t40,DUAL_FREQ_SSVEP_wsn,within_subject,42,0.026154837946433872,0.025,balanced_chance,Unknown,Unknown,Unknown,,/benchmark-eeg/5.0_version/result_5/linear_downsample/DUAL_FREQ_SSVEP_wsn_within_subject_linear_downsample/seed_42_downsample_t40/ratio_full/reve/summary.json
DUAL_FREQ_SSVEP_wsn_within_subject_linear_downsample,reve,seed_5_downsample_t40,DUAL_FREQ_SSVEP_wsn,within_subject,5,0.022912742651873087,0.025,balanced_chance,Unknown,Unknown,Unknown,,/benchmark-eeg/5.0_version/result_5/linear_downsample/DUAL_FREQ_SSVEP_wsn_within_subject_linear_downsample/seed_5_downsample_t40/ratio_full/reve/summary.json
EEGDenoiseNet_singleCOz_within_subject_linear_downsample,bendr,seed_10_downsample_t40,EEGDenoiseNet_singleCOz,within_subject,10,0.5070564516129032,0.5,balanced_chance,Unknown,Unknown,Unknown,,/benchmark-eeg/5.0_version/result_5/linear_downsample/EEGDenoiseNet_singleCOz_within_subject_linear_downsample/seed_10_downsample_t40/ratio_full/bendr/summary.json
EEGDenoiseNet_singleCOz_within_subject_linear_downsample,bendr,seed_42_downsample_t40,EEGDenoiseNet_singleCOz,within_subject,42,0.49376190295328887,0.5,balanced_chance,Unknown,Unknown,Unknown,,/benchmark-eeg/5.0_version/result_5/linear_downsample/EEGDenoiseNet_singleCOz_within_subject_linear_downsample/seed_42_downsample_t40/ratio_full/bendr/summary.json
EEGDenoiseNet_singleCOz_within_subject_linear_downsample,bendr,seed_5_downsample_t40,EEGDenoiseNet_singleCOz,within_subject,5,0.39329715047202807,0.5,balanced_chance,Unknown,Unknown,Unknown,,/benchmark-eeg/5.0_version/result_5/linear_downsample/EEGDenoiseNet_singleCOz_within_subject_linear_downsample/seed_5_downsample_t40/ratio_full/bendr/summary.json
EEGDenoiseNet_singleCOz_within_subject_linear_downsample,biot,seed_10_downsample_t40,EEGDenoiseNet_singleCOz,within_subject,10,0.3333333333333333,0.5,balanced_chance,Unknown,Unknown,Unknown,,/benchmark-eeg/5.0_version/result_5/linear_downsample/EEGDenoiseNet_singleCOz_within_subject_linear_downsample/seed_10_downsample_t40/ratio_full/biot/summary.json
EEGDenoiseNet_singleCOz_within_subject_linear_downsample,biot,seed_42_downsample_t40,EEGDenoiseNet_singleCOz,within_subject,42,0.3333333333333333,0.5,balanced_chance,Unknown,Unknown,Unknown,,/benchmark-eeg/5.0_version/result_5/linear_downsample/EEGDenoiseNet_singleCOz_within_subject_linear_downsample/seed_42_downsample_t40/ratio_full/biot/summary.json
EEGDenoiseNet_singleCOz_within_subject_linear_downsample,biot,seed_5_downsample_t40,EEGDenoiseNet_singleCOz,within_subject,5,0.3333333333333333,0.5,balanced_chance,Unknown,Unknown,Unknown,,/benchmark-eeg/5.0_version/result_5/linear_downsample/EEGDenoiseNet_singleCOz_within_subject_linear_downsample/seed_5_downsample_t40/ratio_full/biot/summary.json
EEGDenoiseNet_singleCOz_within_subject_linear_downsample,brainomni,seed_10_downsample_t40,EEGDenoiseNet_singleCOz,within_subject,10,0.6437412072084143,0.5,balanced_chance,Unknown,Unknown,Unknown,,/benchmark-eeg/5.0_version/result_5/linear_downsample/EEGDenoiseNet_singleCOz_within_subject_linear_downsample/seed_10_downsample_t40/ratio_full/brainomni/summary.json
EEGDenoiseNet_singleCOz_within_subject_linear_downsample,brainomni,seed_42_downsample_t40,EEGDenoiseNet_singleCOz,within_subject,42,0.611255230125523,0.5,balanced_chance,Unknown,Unknown,Unknown,,/benchmark-eeg/5.0_version/result_5/linear_downsample/EEGDenoiseNet_singleCOz_within_subject_linear_downsample/seed_42_downsample_t40/ratio_full/brainomni/summary.json
EEGDenoiseNet_singleCOz_within_subject_linear_downsample,brainomni,seed_5_downsample_t40,EEGDenoiseNet_singleCOz,within_subject,5,0.567049668087529,0.5,balanced_chance,Unknown,Unknown,Unknown,,/benchmark-eeg/5.0_version/result_5/linear_downsample/EEGDenoiseNet_singleCOz_within_subject_linear_downsample/seed_5_downsample_t40/ratio_full/brainomni/summary.json
EEGDenoiseNet_singleCOz_within_subject_linear_downsample,cbramod,seed_10_downsample_t40,EEGDenoiseNet_singleCOz,within_subject,10,0.9959099520318506,0.5,balanced_chance,Unknown,Unknown,Unknown,,/benchmark-eeg/5.0_version/result_5/linear_downsample/EEGDenoiseNet_singleCOz_within_subject_linear_downsample/seed_10_downsample_t40/ratio_full/cbramod/summary.json
EEGDenoiseNet_singleCOz_within_subject_linear_downsample,cbramod,seed_42_downsample_t40,EEGDenoiseNet_singleCOz,within_subject,42,1.0,0.5,balanced_chance,Unknown,Unknown,Unknown,,/benchmark-eeg/5.0_version/result_5/linear_downsample/EEGDenoiseNet_singleCOz_within_subject_linear_downsample/seed_42_downsample_t40/ratio_full/cbramod/summary.json
EEGDenoiseNet_singleCOz_within_subject_linear_downsample,cbramod,seed_5_downsample_t40,EEGDenoiseNet_singleCOz,within_subject,5,1.0,0.5,balanced_chance,Unknown,Unknown,Unknown,,/benchmark-eeg/5.0_version/result_5/linear_downsample/EEGDenoiseNet_singleCOz_within_subject_linear_downsample/seed_5_downsample_t40/ratio_full/cbramod/summary.json
EEGDenoiseNet_singleCOz_within_subject_linear_downsample,eegmamba,seed_10_downsample_t40,EEGDenoiseNet_singleCOz,within_subject,10,0.3333333333333333,0.5,balanced_chance,Unknown,Unknown,Unknown,,/benchmark-eeg/5.0_version/result_5/linear_downsample/EEGDenoiseNet_singleCOz_within_subject_linear_downsample/seed_10_downsample_t40/ratio_full/eegmamba/summary.json
EEGDenoiseNet_singleCOz_within_subject_linear_downsample,eegmamba,seed_42_downsample_t40,EEGDenoiseNet_singleCOz,within_subject,42,0.3333333333333333,0.5,balanced_chance,Unknown,Unknown,Unknown,,/benchmark-eeg/5.0_version/result_5/linear_downsample/EEGDenoiseNet_singleCOz_within_subject_linear_downsample/seed_42_downsample_t40/ratio_full/eegmamba/summary.json
EEGDenoiseNet_singleCOz_within_subject_linear_downsample,eegmamba,seed_5_downsample_t40,EEGDenoiseNet_singleCOz,within_subject,5,0.3333333333333333,0.5,balanced_chance,Unknown,Unknown,Unknown,,/benchmark-eeg/5.0_version/result_5/linear_downsample/EEGDenoiseNet_singleCOz_within_subject_linear_downsample/seed_5_downsample_t40/ratio_full/eegmamba/summary.json
EEGDenoiseNet_singleCOz_within_subject_linear_downsample,femba,seed_10_downsample_t40,EEGDenoiseNet_singleCOz,within_subject,10,0.3333333333333333,0.5,balanced_chance,Unknown,Unknown,Unknown,,/benchmark-eeg/5.0_version/result_5/linear_downsample/EEGDenoiseNet_singleCOz_within_subject_linear_downsample/seed_10_downsample_t40/ratio_full/femba/summary.json
EEGDenoiseNet_singleCOz_within_subject_linear_downsample,femba,seed_42_downsample_t40,EEGDenoiseNet_singleCOz,within_subject,42,0.3333333333333333,0.5,balanced_chance,Unknown,Unknown,Unknown,,/benchmark-eeg/5.0_version/result_5/linear_downsample/EEGDenoiseNet_singleCOz_within_subject_linear_downsample/seed_42_downsample_t40/ratio_full/femba/summary.json
EEGDenoiseNet_singleCOz_within_subject_linear_downsample,femba,seed_5_downsample_t40,EEGDenoiseNet_singleCOz,within_subject,5,0.3333333333333333,0.5,balanced_chance,Unknown,Unknown,Unknown,,/benchmark-eeg/5.0_version/result_5/linear_downsample/EEGDenoiseNet_singleCOz_within_subject_linear_downsample/seed_5_downsample_t40/ratio_full/femba/summary.json
EEGDenoiseNet_singleCOz_within_subject_linear_downsample,labram,seed_10_downsample_t40,EEGDenoiseNet_singleCOz,within_subject,10,0.7607548488554954,0.5,balanced_chance,Unknown,Unknown,Unknown,,/benchmark-eeg/5.0_version/result_5/linear_downsample/EEGDenoiseNet_singleCOz_within_subject_linear_downsample/seed_10_downsample_t40/ratio_full/labram/summary.json
EEGDenoiseNet_singleCOz_within_subject_linear_downsample,labram,seed_42_downsample_t40,EEGDenoiseNet_singleCOz,within_subject,42,0.7477380952380952,0.5,balanced_chance,Unknown,Unknown,Unknown,,/benchmark-eeg/5.0_version/result_5/linear_downsample/EEGDenoiseNet_singleCOz_within_subject_linear_downsample/seed_42_downsample_t40/ratio_full/labram/summary.json
EEGDenoiseNet_singleCOz_within_subject_linear_downsample,labram,seed_5_downsample_t40,EEGDenoiseNet_singleCOz,within_subject,5,0.7401151937921766,0.5,balanced_chance,Unknown,Unknown,Unknown,,/benchmark-eeg/5.0_version/result_5/linear_downsample/EEGDenoiseNet_singleCOz_within_subject_linear_downsample/seed_5_downsample_t40/ratio_full/labram/summary.json
EEGDenoiseNet_singleCOz_within_subject_linear_downsample,neurogpt,seed_10_downsample_t40,EEGDenoiseNet_singleCOz,within_subject,10,0.7294628487124464,0.5,balanced_chance,Unknown,Unknown,Unknown,,/benchmark-eeg/5.0_version/result_5/linear_downsample/EEGDenoiseNet_singleCOz_within_subject_linear_downsample/seed_10_downsample_t40/ratio_full/neurogpt/summary.json
EEGDenoiseNet_singleCOz_within_subject_linear_downsample,neurogpt,seed_42_downsample_t40,EEGDenoiseNet_singleCOz,within_subject,42,0.6977797797063798,0.5,balanced_chance,Unknown,Unknown,Unknown,,/benchmark-eeg/5.0_version/result_5/linear_downsample/EEGDenoiseNet_singleCOz_within_subject_linear_downsample/seed_42_downsample_t40/ratio_full/neurogpt/summary.json
EEGDenoiseNet_singleCOz_within_subject_linear_downsample,neurogpt,seed_5_downsample_t40,EEGDenoiseNet_singleCOz,within_subject,5,0.7048685622317596,0.5,balanced_chance,Unknown,Unknown,Unknown,,/benchmark-eeg/5.0_version/result_5/linear_downsample/EEGDenoiseNet_singleCOz_within_subject_linear_downsample/seed_5_downsample_t40/ratio_full/neurogpt/summary.json
EEGDenoiseNet_singleCOz_within_subject_linear_downsample,neurolm,seed_10_downsample_t40,EEGDenoiseNet_singleCOz,within_subject,10,0.3333333333333333,0.5,balanced_chance,Unknown,Unknown,Unknown,,/benchmark-eeg/5.0_version/result_5/linear_downsample/EEGDenoiseNet_singleCOz_within_subject_linear_downsample/seed_10_downsample_t40/ratio_full/neurolm/summary.json
EEGDenoiseNet_singleCOz_within_subject_linear_downsample,neurolm,seed_42_downsample_t40,EEGDenoiseNet_singleCOz,within_subject,42,0.3333333333333333,0.5,balanced_chance,Unknown,Unknown,Unknown,,/benchmark-eeg/5.0_version/result_5/linear_downsample/EEGDenoiseNet_singleCOz_within_subject_linear_downsample/seed_42_downsample_t40/ratio_full/neurolm/summary.json
EEGDenoiseNet_singleCOz_within_subject_linear_downsample,neurolm,seed_5_downsample_t40,EEGDenoiseNet_singleCOz,within_subject,5,0.3333333333333333,0.5,balanced_chance,Unknown,Unknown,Unknown,,/benchmark-eeg/5.0_version/result_5/linear_downsample/EEGDenoiseNet_singleCOz_within_subject_linear_downsample/seed_5_downsample_t40/ratio_full/neurolm/summary.json
EEGDenoiseNet_singleCOz_within_subject_linear_downsample,reve,seed_10_downsample_t40,EEGDenoiseNet_singleCOz,within_subject,10,0.6070079562806396,0.5,balanced_chance,Unknown,Unknown,Unknown,,/benchmark-eeg/5.0_version/result_5/linear_downsample/EEGDenoiseNet_singleCOz_within_subject_linear_downsample/seed_10_downsample_t40/ratio_full/reve/summary.json
EEGDenoiseNet_singleCOz_within_subject_linear_downsample,reve,seed_42_downsample_t40,EEGDenoiseNet_singleCOz,within_subject,42,0.6184654066474711,0.5,balanced_chance,Unknown,Unknown,Unknown,,/benchmark-eeg/5.0_version/result_5/linear_downsample/EEGDenoiseNet_singleCOz_within_subject_linear_downsample/seed_42_downsample_t40/ratio_full/reve/summary.json
EEGDenoiseNet_singleCOz_within_subject_linear_downsample,reve,seed_5_downsample_t40,EEGDenoiseNet_singleCOz,within_subject,5,0.5172292993630574,0.5,balanced_chance,Unknown,Unknown,Unknown,,/benchmark-eeg/5.0_version/result_5/linear_downsample/EEGDenoiseNet_singleCOz_within_subject_linear_downsample/seed_5_downsample_t40/ratio_full/reve/summary.json
EEGDenoiseNet_singleCOz_within_subject_linear_downsample,reve_new,seed_10_downsample_t40,EEGDenoiseNet_singleCOz,within_subject,10,0.6133840144703384,0.5,balanced_chance,Unknown,Unknown,Unknown,,/benchmark-eeg/5.0_version/result_5/linear_downsample/EEGDenoiseNet_singleCOz_within_subject_linear_downsample/seed_10_downsample_t40/ratio_full/reve_new/summary.json
EEGDenoiseNet_singleCOz_within_subject_linear_downsample,reve_new,seed_42_downsample_t40,EEGDenoiseNet_singleCOz,within_subject,42,0.6134904670098738,0.5,balanced_chance,Unknown,Unknown,Unknown,,/benchmark-eeg/5.0_version/result_5/linear_downsample/EEGDenoiseNet_singleCOz_within_subject_linear_downsample/seed_42_downsample_t40/ratio_full/reve_new/summary.json
EEGDenoiseNet_singleCOz_within_subject_linear_downsample,reve_new,seed_5_downsample_t40,EEGDenoiseNet_singleCOz,within_subject,5,0.6314922334370141,0.5,balanced_chance,Unknown,Unknown,Unknown,,/benchmark-eeg/5.0_version/result_5/linear_downsample/EEGDenoiseNet_singleCOz_within_subject_linear_downsample/seed_5_downsample_t40/ratio_full/reve_new/summary.json
ExoEEG_WalkStop_within_subject_linear_downsample,reve,seed_42_downsample_t40,ExoEEG_WalkStop,within_subject,42,0.5001077139081135,,unknown,Unknown,Unknown,Unknown,,/benchmark-eeg/5.0_version/result_5/linear_downsample/ExoEEG_WalkStop_within_subject_linear_downsample/seed_42_downsample_t40/ratio_full/reve/summary.json
HBN_EEG_within_subject_linear_downsample,bendr,seed_10_downsample_t40,HBN_EEG,within_subject,10,0.030308199569493748,0.0769230769230769,balanced_chance,Consciousness & State,意识与状态,静息态/多任务,HBN-EEG,/benchmark-eeg/5.0_version/result_5/linear_downsample/HBN_EEG_within_subject_linear_downsample/seed_10_downsample_t40/ratio_full/bendr/summary.json
HBN_EEG_within_subject_linear_downsample,bendr,seed_42_downsample_t40,HBN_EEG,within_subject,42,0.05606115390579655,0.0769230769230769,balanced_chance,Consciousness & State,意识与状态,静息态/多任务,HBN-EEG,/benchmark-eeg/5.0_version/result_5/linear_downsample/HBN_EEG_within_subject_linear_downsample/seed_42_downsample_t40/ratio_full/bendr/summary.json
HBN_EEG_within_subject_linear_downsample,bendr,seed_5_downsample_t40,HBN_EEG,within_subject,5,0.05294525106369871,0.0769230769230769,balanced_chance,Consciousness & State,意识与状态,静息态/多任务,HBN-EEG,/benchmark-eeg/5.0_version/result_5/linear_downsample/HBN_EEG_within_subject_linear_downsample/seed_5_downsample_t40/ratio_full/bendr/summary.json
HBN_EEG_within_subject_linear_downsample,biot,seed_10_downsample_t40,HBN_EEG,within_subject,10,0.09149920373024134,0.0769230769230769,balanced_chance,Consciousness & State,意识与状态,静息态/多任务,HBN-EEG,/benchmark-eeg/5.0_version/result_5/linear_downsample/HBN_EEG_within_subject_linear_downsample/seed_10_downsample_t40/ratio_full/biot/summary.json
HBN_EEG_within_subject_linear_downsample,biot,seed_42_downsample_t40,HBN_EEG,within_subject,42,0.08035461940285572,0.0769230769230769,balanced_chance,Consciousness & State,意识与状态,静息态/多任务,HBN-EEG,/benchmark-eeg/5.0_version/result_5/linear_downsample/HBN_EEG_within_subject_linear_downsample/seed_42_downsample_t40/ratio_full/biot/summary.json
HBN_EEG_within_subject_linear_downsample,biot,seed_5_downsample_t40,HBN_EEG,within_subject,5,0.08702115310425328,0.0769230769230769,balanced_chance,Consciousness & State,意识与状态,静息态/多任务,HBN-EEG,/benchmark-eeg/5.0_version/result_5/linear_downsample/HBN_EEG_within_subject_linear_downsample/seed_5_downsample_t40/ratio_full/biot/summary.json
HBN_EEG_within_subject_linear_downsample,brainomni,seed_10_downsample_t40,HBN_EEG,within_subject,10,0.10378608780865177,0.0769230769230769,balanced_chance,Consciousness & State,意识与状态,静息态/多任务,HBN-EEG,/benchmark-eeg/5.0_version/result_5/linear_downsample/HBN_EEG_within_subject_linear_downsample/seed_10_downsample_t40/ratio_full/brainomni/summary.json
HBN_EEG_within_subject_linear_downsample,brainomni,seed_42_downsample_t40,HBN_EEG,within_subject,42,0.0859707104711717,0.0769230769230769,balanced_chance,Consciousness & State,意识与状态,静息态/多任务,HBN-EEG,/benchmark-eeg/5.0_version/result_5/linear_downsample/HBN_EEG_within_subject_linear_downsample/seed_42_downsample_t40/ratio_full/brainomni/summary.json
HBN_EEG_within_subject_linear_downsample,brainomni,seed_5_downsample_t40,HBN_EEG,within_subject,5,0.09478143945307894,0.0769230769230769,balanced_chance,Consciousness & State,意识与状态,静息态/多任务,HBN-EEG,/benchmark-eeg/5.0_version/result_5/linear_downsample/HBN_EEG_within_subject_linear_downsample/seed_5_downsample_t40/ratio_full/brainomni/summary.json
HBN_EEG_within_subject_linear_downsample,cbramod,seed_10_downsample_t40,HBN_EEG,within_subject,10,0.06717700726260062,0.0769230769230769,balanced_chance,Consciousness & State,意识与状态,静息态/多任务,HBN-EEG,/benchmark-eeg/5.0_version/result_5/linear_downsample/HBN_EEG_within_subject_linear_downsample/seed_10_downsample_t40/ratio_full/cbramod/summary.json
HBN_EEG_within_subject_linear_downsample,cbramod,seed_42_downsample_t40,HBN_EEG,within_subject,42,0.05706652655721695,0.0769230769230769,balanced_chance,Consciousness & State,意识与状态,静息态/多任务,HBN-EEG,/benchmark-eeg/5.0_version/result_5/linear_downsample/HBN_EEG_within_subject_linear_downsample/seed_42_downsample_t40/ratio_full/cbramod/summary.json
HBN_EEG_within_subject_linear_downsample,cbramod,seed_5_downsample_t40,HBN_EEG,within_subject,5,0.06755318580034976,0.0769230769230769,balanced_chance,Consciousness & State,意识与状态,静息态/多任务,HBN-EEG,/benchmark-eeg/5.0_version/result_5/linear_downsample/HBN_EEG_within_subject_linear_downsample/seed_5_downsample_t40/ratio_full/cbramod/summary.json
HBN_EEG_within_subject_linear_downsample,eegmamba,seed_10_downsample_t40,HBN_EEG,within_subject,10,0.06521791723342046,0.0769230769230769,balanced_chance,Consciousness & State,意识与状态,静息态/多任务,HBN-EEG,/benchmark-eeg/5.0_version/result_5/linear_downsample/HBN_EEG_within_subject_linear_downsample/seed_10_downsample_t40/ratio_full/eegmamba/summary.json
HBN_EEG_within_subject_linear_downsample,eegmamba,seed_42_downsample_t40,HBN_EEG,within_subject,42,0.06014529563616694,0.0769230769230769,balanced_chance,Consciousness & State,意识与状态,静息态/多任务,HBN-EEG,/benchmark-eeg/5.0_version/result_5/linear_downsample/HBN_EEG_within_subject_linear_downsample/seed_42_downsample_t40/ratio_full/eegmamba/summary.json
HBN_EEG_within_subject_linear_downsample,eegmamba,seed_5_downsample_t40,HBN_EEG,within_subject,5,0.05966028683862353,0.0769230769230769,balanced_chance,Consciousness & State,意识与状态,静息态/多任务,HBN-EEG,/benchmark-eeg/5.0_version/result_5/linear_downsample/HBN_EEG_within_subject_linear_downsample/seed_5_downsample_t40/ratio_full/eegmamba/summary.json
HBN_EEG_within_subject_linear_downsample,femba,seed_10_downsample_t40,HBN_EEG,within_subject,10,0.0749153482168806,0.0769230769230769,balanced_chance,Consciousness & State,意识与状态,静息态/多任务,HBN-EEG,/benchmark-eeg/5.0_version/result_5/linear_downsample/HBN_EEG_within_subject_linear_downsample/seed_10_downsample_t40/ratio_full/femba/summary.json
HBN_EEG_within_subject_linear_downsample,femba,seed_42_downsample_t40,HBN_EEG,within_subject,42,0.0729783717912156,0.0769230769230769,balanced_chance,Consciousness & State,意识与状态,静息态/多任务,HBN-EEG,/benchmark-eeg/5.0_version/result_5/linear_downsample/HBN_EEG_within_subject_linear_downsample/seed_42_downsample_t40/ratio_full/femba/summary.json
HBN_EEG_within_subject_linear_downsample,femba,seed_5_downsample_t40,HBN_EEG,within_subject,5,0.09341874612971608,0.0769230769230769,balanced_chance,Consciousness & State,意识与状态,静息态/多任务,HBN-EEG,/benchmark-eeg/5.0_version/result_5/linear_downsample/HBN_EEG_within_subject_linear_downsample/seed_5_downsample_t40/ratio_full/femba/summary.json
HBN_EEG_within_subject_linear_downsample,labram,seed_10_downsample_t40,HBN_EEG,within_subject,10,0.09681742234243743,0.0769230769230769,balanced_chance,Consciousness & State,意识与状态,静息态/多任务,HBN-EEG,/benchmark-eeg/5.0_version/result_5/linear_downsample/HBN_EEG_within_subject_linear_downsample/seed_10_downsample_t40/ratio_full/labram/summary.json
HBN_EEG_within_subject_linear_downsample,labram,seed_42_downsample_t40,HBN_EEG,within_subject,42,0.08207577925349538,0.0769230769230769,balanced_chance,Consciousness & State,意识与状态,静息态/多任务,HBN-EEG,/benchmark-eeg/5.0_version/result_5/linear_downsample/HBN_EEG_within_subject_linear_downsample/seed_42_downsample_t40/ratio_full/labram/summary.json
HBN_EEG_within_subject_linear_downsample,labram,seed_5_downsample_t40,HBN_EEG,within_subject,5,0.08062168180218957,0.0769230769230769,balanced_chance,Consciousness & State,意识与状态,静息态/多任务,HBN-EEG,/benchmark-eeg/5.0_version/result_5/linear_downsample/HBN_EEG_within_subject_linear_downsample/seed_5_downsample_t40/ratio_full/labram/summary.json
HBN_EEG_within_subject_linear_downsample,neurogpt,seed_10_downsample_t40,HBN_EEG,within_subject,10,0.0712745553692057,0.0769230769230769,balanced_chance,Consciousness & State,意识与状态,静息态/多任务,HBN-EEG,/benchmark-eeg/5.0_version/result_5/linear_downsample/HBN_EEG_within_subject_linear_downsample/seed_10_downsample_t40/ratio_full/neurogpt/summary.json
HBN_EEG_within_subject_linear_downsample,neurogpt,seed_42_downsample_t40,HBN_EEG,within_subject,42,0.06542166483091877,0.0769230769230769,balanced_chance,Consciousness & State,意识与状态,静息态/多任务,HBN-EEG,/benchmark-eeg/5.0_version/result_5/linear_downsample/HBN_EEG_within_subject_linear_downsample/seed_42_downsample_t40/ratio_full/neurogpt/summary.json
HBN_EEG_within_subject_linear_downsample,neurogpt,seed_5_downsample_t40,HBN_EEG,within_subject,5,0.07520818032853598,0.0769230769230769,balanced_chance,Consciousness & State,意识与状态,静息态/多任务,HBN-EEG,/benchmark-eeg/5.0_version/result_5/linear_downsample/HBN_EEG_within_subject_linear_downsample/seed_5_downsample_t40/ratio_full/neurogpt/summary.json
HBN_EEG_within_subject_linear_downsample,neurolm,seed_10_downsample_t40,HBN_EEG,within_subject,10,0.06013564545771509,0.0769230769230769,balanced_chance,Consciousness & State,意识与状态,静息态/多任务,HBN-EEG,/benchmark-eeg/5.0_version/result_5/linear_downsample/HBN_EEG_within_subject_linear_downsample/seed_10_downsample_t40/ratio_full/neurolm/summary.json
HBN_EEG_within_subject_linear_downsample,neurolm,seed_42_downsample_t40,HBN_EEG,within_subject,42,0.06406150583247248,0.0769230769230769,balanced_chance,Consciousness & State,意识与状态,静息态/多任务,HBN-EEG,/benchmark-eeg/5.0_version/result_5/linear_downsample/HBN_EEG_within_subject_linear_downsample/seed_42_downsample_t40/ratio_full/neurolm/summary.json
HBN_EEG_within_subject_linear_downsample,neurolm,seed_5_downsample_t40,HBN_EEG,within_subject,5,0.06009609227411562,0.0769230769230769,balanced_chance,Consciousness & State,意识与状态,静息态/多任务,HBN-EEG,/benchmark-eeg/5.0_version/result_5/linear_downsample/HBN_EEG_within_subject_linear_downsample/seed_5_downsample_t40/ratio_full/neurolm/summary.json
HBN_EEG_within_subject_linear_downsample,reve,seed_10_downsample_t40,HBN_EEG,within_subject,10,0.06183547365392264,0.0769230769230769,balanced_chance,Consciousness & State,意识与状态,静息态/多任务,HBN-EEG,/benchmark-eeg/5.0_version/result_5/linear_downsample/HBN_EEG_within_subject_linear_downsample/seed_10_downsample_t40/ratio_full/reve/summary.json
HBN_EEG_within_subject_linear_downsample,reve,seed_42_downsample_t40,HBN_EEG,within_subject,42,0.06600890281825411,0.0769230769230769,balanced_chance,Consciousness & State,意识与状态,静息态/多任务,HBN-EEG,/benchmark-eeg/5.0_version/result_5/linear_downsample/HBN_EEG_within_subject_linear_downsample/seed_42_downsample_t40/ratio_full/reve/summary.json
HBN_EEG_within_subject_linear_downsample,reve,seed_5_downsample_t40,HBN_EEG,within_subject,5,0.060109032895985424,0.0769230769230769,balanced_chance,Consciousness & State,意识与状态,静息态/多任务,HBN-EEG,/benchmark-eeg/5.0_version/result_5/linear_downsample/HBN_EEG_within_subject_linear_downsample/seed_5_downsample_t40/ratio_full/reve/summary.json
HFO_within_subject_linear_downsample,bendr,seed_10_downsample_t40,HFO,within_subject,10,0.5028729750321368,0.5,balanced_chance,Biometrics & Disease,个体与疾病,癫痫/发作,HFO,/benchmark-eeg/5.0_version/result_5/linear_downsample/HFO_within_subject_linear_downsample/seed_10_downsample_t40/ratio_full/bendr/summary.json
HFO_within_subject_linear_downsample,bendr,seed_42_downsample_t40,HFO,within_subject,42,0.4976944207997369,0.5,balanced_chance,Biometrics & Disease,个体与疾病,癫痫/发作,HFO,/benchmark-eeg/5.0_version/result_5/linear_downsample/HFO_within_subject_linear_downsample/seed_42_downsample_t40/ratio_full/bendr/summary.json
HFO_within_subject_linear_downsample,bendr,seed_5_downsample_t40,HFO,within_subject,5,0.48524436039965624,0.5,balanced_chance,Biometrics & Disease,个体与疾病,癫痫/发作,HFO,/benchmark-eeg/5.0_version/result_5/linear_downsample/HFO_within_subject_linear_downsample/seed_5_downsample_t40/ratio_full/bendr/summary.json
HFO_within_subject_linear_downsample,biot,seed_10_downsample_t40,HFO,within_subject,10,0.6385809134170828,0.5,balanced_chance,Biometrics & Disease,个体与疾病,癫痫/发作,HFO,/benchmark-eeg/5.0_version/result_5/linear_downsample/HFO_within_subject_linear_downsample/seed_10_downsample_t40/ratio_full/biot/summary.json
HFO_within_subject_linear_downsample,biot,seed_42_downsample_t40,HFO,within_subject,42,0.6361129622708627,0.5,balanced_chance,Biometrics & Disease,个体与疾病,癫痫/发作,HFO,/benchmark-eeg/5.0_version/result_5/linear_downsample/HFO_within_subject_linear_downsample/seed_42_downsample_t40/ratio_full/biot/summary.json
HFO_within_subject_linear_downsample,biot,seed_5_downsample_t40,HFO,within_subject,5,0.6398936401317332,0.5,balanced_chance,Biometrics & Disease,个体与疾病,癫痫/发作,HFO,/benchmark-eeg/5.0_version/result_5/linear_downsample/HFO_within_subject_linear_downsample/seed_5_downsample_t40/ratio_full/biot/summary.json
HFO_within_subject_linear_downsample,brainomni,seed_10_downsample_t40,HFO,within_subject,10,0.6066574813218489,0.5,balanced_chance,Biometrics & Disease,个体与疾病,癫痫/发作,HFO,/benchmark-eeg/5.0_version/result_5/linear_downsample/HFO_within_subject_linear_downsample/seed_10_downsample_t40/ratio_full/brainomni/summary.json
HFO_within_subject_linear_downsample,brainomni,seed_42_downsample_t40,HFO,within_subject,42,0.586532031697875,0.5,balanced_chance,Biometrics & Disease,个体与疾病,癫痫/发作,HFO,/benchmark-eeg/5.0_version/result_5/linear_downsample/HFO_within_subject_linear_downsample/seed_42_downsample_t40/ratio_full/brainomni/summary.json
HFO_within_subject_linear_downsample,brainomni,seed_5_downsample_t40,HFO,within_subject,5,0.5838184742077029,0.5,balanced_chance,Biometrics & Disease,个体与疾病,癫痫/发作,HFO,/benchmark-eeg/5.0_version/result_5/linear_downsample/HFO_within_subject_linear_downsample/seed_5_downsample_t40/ratio_full/brainomni/summary.json
HFO_within_subject_linear_downsample,cbramod,seed_10_downsample_t40,HFO,within_subject,10,0.610514944290082,0.5,balanced_chance,Biometrics & Disease,个体与疾病,癫痫/发作,HFO,/benchmark-eeg/5.0_version/result_5/linear_downsample/HFO_within_subject_linear_downsample/seed_10_downsample_t40/ratio_full/cbramod/summary.json
HFO_within_subject_linear_downsample,cbramod,seed_42_downsample_t40,HFO,within_subject,42,0.6028686902372011,0.5,balanced_chance,Biometrics & Disease,个体与疾病,癫痫/发作,HFO,/benchmark-eeg/5.0_version/result_5/linear_downsample/HFO_within_subject_linear_downsample/seed_42_downsample_t40/ratio_full/cbramod/summary.json
HFO_within_subject_linear_downsample,cbramod,seed_5_downsample_t40,HFO,within_subject,5,0.6204980026210665,0.5,balanced_chance,Biometrics & Disease,个体与疾病,癫痫/发作,HFO,/benchmark-eeg/5.0_version/result_5/linear_downsample/HFO_within_subject_linear_downsample/seed_5_downsample_t40/ratio_full/cbramod/summary.json
HFO_within_subject_linear_downsample,eegmamba,seed_10_downsample_t40,HFO,within_subject,10,0.6134087422124415,0.5,balanced_chance,Biometrics & Disease,个体与疾病,癫痫/发作,HFO,/benchmark-eeg/5.0_version/result_5/linear_downsample/HFO_within_subject_linear_downsample/seed_10_downsample_t40/ratio_full/eegmamba/summary.json
HFO_within_subject_linear_downsample,eegmamba,seed_42_downsample_t40,HFO,within_subject,42,0.5375283106493083,0.5,balanced_chance,Biometrics & Disease,个体与疾病,癫痫/发作,HFO,/benchmark-eeg/5.0_version/result_5/linear_downsample/HFO_within_subject_linear_downsample/seed_42_downsample_t40/ratio_full/eegmamba/summary.json
HFO_within_subject_linear_downsample,eegmamba,seed_5_downsample_t40,HFO,within_subject,5,0.5916717841044314,0.5,balanced_chance,Biometrics & Disease,个体与疾病,癫痫/发作,HFO,/benchmark-eeg/5.0_version/result_5/linear_downsample/HFO_within_subject_linear_downsample/seed_5_downsample_t40/ratio_full/eegmamba/summary.json
HFO_within_subject_linear_downsample,femba,seed_10_downsample_t40,HFO,within_subject,10,0.5493422674999486,0.5,balanced_chance,Biometrics & Disease,个体与疾病,癫痫/发作,HFO,/benchmark-eeg/5.0_version/result_5/linear_downsample/HFO_within_subject_linear_downsample/seed_10_downsample_t40/ratio_full/femba/summary.json
HFO_within_subject_linear_downsample,femba,seed_42_downsample_t40,HFO,within_subject,42,0.5458726919519903,0.5,balanced_chance,Biometrics & Disease,个体与疾病,癫痫/发作,HFO,/benchmark-eeg/5.0_version/result_5/linear_downsample/HFO_within_subject_linear_downsample/seed_42_downsample_t40/ratio_full/femba/summary.json
HFO_within_subject_linear_downsample,femba,seed_5_downsample_t40,HFO,within_subject,5,0.5509450049107087,0.5,balanced_chance,Biometrics & Disease,个体与疾病,癫痫/发作,HFO,/benchmark-eeg/5.0_version/result_5/linear_downsample/HFO_within_subject_linear_downsample/seed_5_downsample_t40/ratio_full/femba/summary.json
HFO_within_subject_linear_downsample,labram,seed_10_downsample_t40,HFO,within_subject,10,0.5689657586529097,0.5,balanced_chance,Biometrics & Disease,个体与疾病,癫痫/发作,HFO,/benchmark-eeg/5.0_version/result_5/linear_downsample/HFO_within_subject_linear_downsample/seed_10_downsample_t40/ratio_full/labram/summary.json
HFO_within_subject_linear_downsample,labram,seed_42_downsample_t40,HFO,within_subject,42,0.5553987018816382,0.5,balanced_chance,Biometrics & Disease,个体与疾病,癫痫/发作,HFO,/benchmark-eeg/5.0_version/result_5/linear_downsample/HFO_within_subject_linear_downsample/seed_42_downsample_t40/ratio_full/labram/summary.json
HFO_within_subject_linear_downsample,labram,seed_5_downsample_t40,HFO,within_subject,5,0.6107518291910955,0.5,balanced_chance,Biometrics & Disease,个体与疾病,癫痫/发作,HFO,/benchmark-eeg/5.0_version/result_5/linear_downsample/HFO_within_subject_linear_downsample/seed_5_downsample_t40/ratio_full/labram/summary.json
HFO_within_subject_linear_downsample,neurogpt,seed_10_downsample_t40,HFO,within_subject,10,0.5821906614296823,0.5,balanced_chance,Biometrics & Disease,个体与疾病,癫痫/发作,HFO,/benchmark-eeg/5.0_version/result_5/linear_downsample/HFO_within_subject_linear_downsample/seed_10_downsample_t40/ratio_full/neurogpt/summary.json
HFO_within_subject_linear_downsample,neurogpt,seed_42_downsample_t40,HFO,within_subject,42,0.5654580432539522,0.5,balanced_chance,Biometrics & Disease,个体与疾病,癫痫/发作,HFO,/benchmark-eeg/5.0_version/result_5/linear_downsample/HFO_within_subject_linear_downsample/seed_42_downsample_t40/ratio_full/neurogpt/summary.json
HFO_within_subject_linear_downsample,neurogpt,seed_5_downsample_t40,HFO,within_subject,5,0.5957574373330442,0.5,balanced_chance,Biometrics & Disease,个体与疾病,癫痫/发作,HFO,/benchmark-eeg/5.0_version/result_5/linear_downsample/HFO_within_subject_linear_downsample/seed_5_downsample_t40/ratio_full/neurogpt/summary.json
HFO_within_subject_linear_downsample,neurolm,seed_10_downsample_t40,HFO,within_subject,10,0.629771720358504,0.5,balanced_chance,Biometrics & Disease,个体与疾病,癫痫/发作,HFO,/benchmark-eeg/5.0_version/result_5/linear_downsample/HFO_within_subject_linear_downsample/seed_10_downsample_t40/ratio_full/neurolm/summary.json
HFO_within_subject_linear_downsample,neurolm,seed_42_downsample_t40,HFO,within_subject,42,0.6276485418869668,0.5,balanced_chance,Biometrics & Disease,个体与疾病,癫痫/发作,HFO,/benchmark-eeg/5.0_version/result_5/linear_downsample/HFO_within_subject_linear_downsample/seed_42_downsample_t40/ratio_full/neurolm/summary.json
HFO_within_subject_linear_downsample,neurolm,seed_5_downsample_t40,HFO,within_subject,5,0.6327528699069375,0.5,balanced_chance,Biometrics & Disease,个体与疾病,癫痫/发作,HFO,/benchmark-eeg/5.0_version/result_5/linear_downsample/HFO_within_subject_linear_downsample/seed_5_downsample_t40/ratio_full/neurolm/summary.json
HFO_within_subject_linear_downsample,reve,seed_10_downsample_t40,HFO,within_subject,10,0.5352709326974032,0.5,balanced_chance,Biometrics & Disease,个体与疾病,癫痫/发作,HFO,/benchmark-eeg/5.0_version/result_5/linear_downsample/HFO_within_subject_linear_downsample/seed_10_downsample_t40/ratio_full/reve/summary.json
HFO_within_subject_linear_downsample,reve,seed_42_downsample_t40,HFO,within_subject,42,0.5228589695678993,0.5,balanced_chance,Biometrics & Disease,个体与疾病,癫痫/发作,HFO,/benchmark-eeg/5.0_version/result_5/linear_downsample/HFO_within_subject_linear_downsample/seed_42_downsample_t40/ratio_full/reve/summary.json
HFO_within_subject_linear_downsample,reve,seed_5_downsample_t40,HFO,within_subject,5,0.518837542767681,0.5,balanced_chance,Biometrics & Disease,个体与疾病,癫痫/发作,HFO,/benchmark-eeg/5.0_version/result_5/linear_downsample/HFO_within_subject_linear_downsample/seed_5_downsample_t40/ratio_full/reve/summary.json
HMC_within_subject_linear_downsample,bendr,seed_10_downsample_t40,HMC,within_subject,10,0.2017698526784686,0.2,balanced_chance,Unknown,Unknown,Unknown,,/benchmark-eeg/5.0_version/result_5/linear_downsample/HMC_within_subject_linear_downsample/seed_10_downsample_t40/ratio_full/bendr/summary.json
HMC_within_subject_linear_downsample,bendr,seed_42_downsample_t40,HMC,within_subject,42,0.21251829250179005,0.2,balanced_chance,Unknown,Unknown,Unknown,,/benchmark-eeg/5.0_version/result_5/linear_downsample/HMC_within_subject_linear_downsample/seed_42_downsample_t40/ratio_full/bendr/summary.json
HMC_within_subject_linear_downsample,bendr,seed_5_downsample_t40,HMC,within_subject,5,0.19741719873136007,0.2,balanced_chance,Unknown,Unknown,Unknown,,/benchmark-eeg/5.0_version/result_5/linear_downsample/HMC_within_subject_linear_downsample/seed_5_downsample_t40/ratio_full/bendr/summary.json
HMC_within_subject_linear_downsample,biot,seed_10_downsample_t40,HMC,within_subject,10,0.5676588570849245,0.2,balanced_chance,Unknown,Unknown,Unknown,,/benchmark-eeg/5.0_version/result_5/linear_downsample/HMC_within_subject_linear_downsample/seed_10_downsample_t40/ratio_full/biot/summary.json
HMC_within_subject_linear_downsample,biot,seed_42_downsample_t40,HMC,within_subject,42,0.5624477901903895,0.2,balanced_chance,Unknown,Unknown,Unknown,,/benchmark-eeg/5.0_version/result_5/linear_downsample/HMC_within_subject_linear_downsample/seed_42_downsample_t40/ratio_full/biot/summary.json
HMC_within_subject_linear_downsample,biot,seed_5_downsample_t40,HMC,within_subject,5,0.5527660526020266,0.2,balanced_chance,Unknown,Unknown,Unknown,,/benchmark-eeg/5.0_version/result_5/linear_downsample/HMC_within_subject_linear_downsample/seed_5_downsample_t40/ratio_full/biot/summary.json
HMC_within_subject_linear_downsample,brainomni,seed_10_downsample_t40,HMC,within_subject,10,0.6339030155812069,0.2,balanced_chance,Unknown,Unknown,Unknown,,/benchmark-eeg/5.0_version/result_5/linear_downsample/HMC_within_subject_linear_downsample/seed_10_downsample_t40/ratio_full/brainomni/summary.json
HMC_within_subject_linear_downsample,brainomni,seed_42_downsample_t40,HMC,within_subject,42,0.6387291619071113,0.2,balanced_chance,Unknown,Unknown,Unknown,,/benchmark-eeg/5.0_version/result_5/linear_downsample/HMC_within_subject_linear_downsample/seed_42_downsample_t40/ratio_full/brainomni/summary.json
HMC_within_subject_linear_downsample,brainomni,seed_5_downsample_t40,HMC,within_subject,5,0.6407985436599177,0.2,balanced_chance,Unknown,Unknown,Unknown,,/benchmark-eeg/5.0_version/result_5/linear_downsample/HMC_within_subject_linear_downsample/seed_5_downsample_t40/ratio_full/brainomni/summary.json
HMC_within_subject_linear_downsample,cbramod,seed_10_downsample_t40,HMC,within_subject,10,0.4565544348537694,0.2,balanced_chance,Unknown,Unknown,Unknown,,/benchmark-eeg/5.0_version/result_5/linear_downsample/HMC_within_subject_linear_downsample/seed_10_downsample_t40/ratio_full/cbramod/summary.json
HMC_within_subject_linear_downsample,cbramod,seed_42_downsample_t40,HMC,within_subject,42,0.4595140429187678,0.2,balanced_chance,Unknown,Unknown,Unknown,,/benchmark-eeg/5.0_version/result_5/linear_downsample/HMC_within_subject_linear_downsample/seed_42_downsample_t40/ratio_full/cbramod/summary.json
HMC_within_subject_linear_downsample,cbramod,seed_5_downsample_t40,HMC,within_subject,5,0.4528498538418105,0.2,balanced_chance,Unknown,Unknown,Unknown,,/benchmark-eeg/5.0_version/result_5/linear_downsample/HMC_within_subject_linear_downsample/seed_5_downsample_t40/ratio_full/cbramod/summary.json
HMC_within_subject_linear_downsample,eegmamba,seed_10_downsample_t40,HMC,within_subject,10,0.542652964554331,0.2,balanced_chance,Unknown,Unknown,Unknown,,/benchmark-eeg/5.0_version/result_5/linear_downsample/HMC_within_subject_linear_downsample/seed_10_downsample_t40/ratio_full/eegmamba/summary.json
HMC_within_subject_linear_downsample,eegmamba,seed_42_downsample_t40,HMC,within_subject,42,0.5413757877067479,0.2,balanced_chance,Unknown,Unknown,Unknown,,/benchmark-eeg/5.0_version/result_5/linear_downsample/HMC_within_subject_linear_downsample/seed_42_downsample_t40/ratio_full/eegmamba/summary.json
HMC_within_subject_linear_downsample,eegmamba,seed_5_downsample_t40,HMC,within_subject,5,0.5453454124612417,0.2,balanced_chance,Unknown,Unknown,Unknown,,/benchmark-eeg/5.0_version/result_5/linear_downsample/HMC_within_subject_linear_downsample/seed_5_downsample_t40/ratio_full/eegmamba/summary.json
HMC_within_subject_linear_downsample,femba,seed_10_downsample_t40,HMC,within_subject,10,0.5855046542461411,0.2,balanced_chance,Unknown,Unknown,Unknown,,/benchmark-eeg/5.0_version/result_5/linear_downsample/HMC_within_subject_linear_downsample/seed_10_downsample_t40/ratio_full/femba/summary.json
HMC_within_subject_linear_downsample,femba,seed_42_downsample_t40,HMC,within_subject,42,0.5733286128784373,0.2,balanced_chance,Unknown,Unknown,Unknown,,/benchmark-eeg/5.0_version/result_5/linear_downsample/HMC_within_subject_linear_downsample/seed_42_downsample_t40/ratio_full/femba/summary.json
HMC_within_subject_linear_downsample,femba,seed_5_downsample_t40,HMC,within_subject,5,0.582716571259666,0.2,balanced_chance,Unknown,Unknown,Unknown,,/benchmark-eeg/5.0_version/result_5/linear_downsample/HMC_within_subject_linear_downsample/seed_5_downsample_t40/ratio_full/femba/summary.json
HMC_within_subject_linear_downsample,labram,seed_10_downsample_t40,HMC,within_subject,10,0.6284782688086104,0.2,balanced_chance,Unknown,Unknown,Unknown,,/benchmark-eeg/5.0_version/result_5/linear_downsample/HMC_within_subject_linear_downsample/seed_10_downsample_t40/ratio_full/labram/summary.json
HMC_within_subject_linear_downsample,labram,seed_42_downsample_t40,HMC,within_subject,42,0.6299857517182395,0.2,balanced_chance,Unknown,Unknown,Unknown,,/benchmark-eeg/5.0_version/result_5/linear_downsample/HMC_within_subject_linear_downsample/seed_42_downsample_t40/ratio_full/labram/summary.json
HMC_within_subject_linear_downsample,labram,seed_5_downsample_t40,HMC,within_subject,5,0.617988604181933,0.2,balanced_chance,Unknown,Unknown,Unknown,,/benchmark-eeg/5.0_version/result_5/linear_downsample/HMC_within_subject_linear_downsample/seed_5_downsample_t40/ratio_full/labram/summary.json
HMC_within_subject_linear_downsample,neurogpt,seed_10_downsample_t40,HMC,within_subject,10,0.5645027613508339,0.2,balanced_chance,Unknown,Unknown,Unknown,,/benchmark-eeg/5.0_version/result_5/linear_downsample/HMC_within_subject_linear_downsample/seed_10_downsample_t40/ratio_full/neurogpt/summary.json
HMC_within_subject_linear_downsample,neurogpt,seed_42_downsample_t40,HMC,within_subject,42,0.5417490038103947,0.2,balanced_chance,Unknown,Unknown,Unknown,,/benchmark-eeg/5.0_version/result_5/linear_downsample/HMC_within_subject_linear_downsample/seed_42_downsample_t40/ratio_full/neurogpt/summary.json
HMC_within_subject_linear_downsample,neurogpt,seed_5_downsample_t40,HMC,within_subject,5,0.5475028495266984,0.2,balanced_chance,Unknown,Unknown,Unknown,,/benchmark-eeg/5.0_version/result_5/linear_downsample/HMC_within_subject_linear_downsample/seed_5_downsample_t40/ratio_full/neurogpt/summary.json
HMC_within_subject_linear_downsample,neurolm,seed_10_downsample_t40,HMC,within_subject,10,0.6546444916202414,0.2,balanced_chance,Unknown,Unknown,Unknown,,/benchmark-eeg/5.0_version/result_5/linear_downsample/HMC_within_subject_linear_downsample/seed_10_downsample_t40/ratio_full/neurolm/summary.json
HMC_within_subject_linear_downsample,neurolm,seed_42_downsample_t40,HMC,within_subject,42,0.6368692516736119,0.2,balanced_chance,Unknown,Unknown,Unknown,,/benchmark-eeg/5.0_version/result_5/linear_downsample/HMC_within_subject_linear_downsample/seed_42_downsample_t40/ratio_full/neurolm/summary.json
HMC_within_subject_linear_downsample,neurolm,seed_5_downsample_t40,HMC,within_subject,5,0.6325457160564023,0.2,balanced_chance,Unknown,Unknown,Unknown,,/benchmark-eeg/5.0_version/result_5/linear_downsample/HMC_within_subject_linear_downsample/seed_5_downsample_t40/ratio_full/neurolm/summary.json
HMC_within_subject_linear_downsample,reve,seed_10_downsample_t40,HMC,within_subject,10,0.4615809742470821,0.2,balanced_chance,Unknown,Unknown,Unknown,,/benchmark-eeg/5.0_version/result_5/linear_downsample/HMC_within_subject_linear_downsample/seed_10_downsample_t40/ratio_full/reve/summary.json
HMC_within_subject_linear_downsample,reve,seed_42_downsample_t40,HMC,within_subject,42,0.4673735475378228,0.2,balanced_chance,Unknown,Unknown,Unknown,,/benchmark-eeg/5.0_version/result_5/linear_downsample/HMC_within_subject_linear_downsample/seed_42_downsample_t40/ratio_full/reve/summary.json
HMC_within_subject_linear_downsample,reve,seed_5_downsample_t40,HMC,within_subject,5,0.4769172372060324,0.2,balanced_chance,Unknown,Unknown,Unknown,,/benchmark-eeg/5.0_version/result_5/linear_downsample/HMC_within_subject_linear_downsample/seed_5_downsample_t40/ratio_full/reve/summary.json
ISRUC_S1_within_subject_linear_downsample,biot,seed_42_downsample_t40,ISRUC_S1,within_subject,42,0.061673414304993256,,unknown,Unknown,Unknown,Unknown,,/benchmark-eeg/5.0_version/result_5/linear_downsample/ISRUC_S1_within_subject_linear_downsample/seed_42_downsample_t40/ratio_full/biot/summary.json
ISRUC_S1_within_subject_linear_downsample,brainomni,seed_42_downsample_t40,ISRUC_S1,within_subject,42,0.596450016813955,,unknown,Unknown,Unknown,Unknown,,/benchmark-eeg/5.0_version/result_5/linear_downsample/ISRUC_S1_within_subject_linear_downsample/seed_42_downsample_t40/ratio_full/brainomni/summary.json
ISRUC_S1_within_subject_linear_downsample,cbramod,seed_42_downsample_t40,ISRUC_S1,within_subject,42,0.09713077620054364,,unknown,Unknown,Unknown,Unknown,,/benchmark-eeg/5.0_version/result_5/linear_downsample/ISRUC_S1_within_subject_linear_downsample/seed_42_downsample_t40/ratio_full/cbramod/summary.json
ISRUC_S1_within_subject_linear_downsample,reve,seed_42_downsample_t40,ISRUC_S1,within_subject,42,0.4041025945394889,,unknown,Unknown,Unknown,Unknown,,/benchmark-eeg/5.0_version/result_5/linear_downsample/ISRUC_S1_within_subject_linear_downsample/seed_42_downsample_t40/ratio_full/reve/summary.json
Longitudinal_EEG_Reliability_wsn_within_subject_linear_downsample,bendr,seed_10_downsample_t40,Longitudinal_EEG_Reliability_wsn,within_subject,10,0.4924675952961717,0.5,balanced_chance,Unknown,Unknown,Unknown,,/benchmark-eeg/5.0_version/result_5/linear_downsample/Longitudinal_EEG_Reliability_wsn_within_subject_linear_downsample/seed_10_downsample_t40/ratio_full/bendr/summary.json
Longitudinal_EEG_Reliability_wsn_within_subject_linear_downsample,bendr,seed_42_downsample_t40,Longitudinal_EEG_Reliability_wsn,within_subject,42,0.5201100420123754,0.5,balanced_chance,Unknown,Unknown,Unknown,,/benchmark-eeg/5.0_version/result_5/linear_downsample/Longitudinal_EEG_Reliability_wsn_within_subject_linear_downsample/seed_42_downsample_t40/ratio_full/bendr/summary.json
Longitudinal_EEG_Reliability_wsn_within_subject_linear_downsample,bendr,seed_5_downsample_t40,Longitudinal_EEG_Reliability_wsn,within_subject,5,0.512432994954648,0.5,balanced_chance,Unknown,Unknown,Unknown,,/benchmark-eeg/5.0_version/result_5/linear_downsample/Longitudinal_EEG_Reliability_wsn_within_subject_linear_downsample/seed_5_downsample_t40/ratio_full/bendr/summary.json
Longitudinal_EEG_Reliability_wsn_within_subject_linear_downsample,biot,seed_10_downsample_t40,Longitudinal_EEG_Reliability_wsn,within_subject,10,0.7126714513033388,0.5,balanced_chance,Unknown,Unknown,Unknown,,/benchmark-eeg/5.0_version/result_5/linear_downsample/Longitudinal_EEG_Reliability_wsn_within_subject_linear_downsample/seed_10_downsample_t40/ratio_full/biot/summary.json
Longitudinal_EEG_Reliability_wsn_within_subject_linear_downsample,biot,seed_42_downsample_t40,Longitudinal_EEG_Reliability_wsn,within_subject,42,0.6772773098439275,0.5,balanced_chance,Unknown,Unknown,Unknown,,/benchmark-eeg/5.0_version/result_5/linear_downsample/Longitudinal_EEG_Reliability_wsn_within_subject_linear_downsample/seed_42_downsample_t40/ratio_full/biot/summary.json
Longitudinal_EEG_Reliability_wsn_within_subject_linear_downsample,biot,seed_5_downsample_t40,Longitudinal_EEG_Reliability_wsn,within_subject,5,0.7116605869291275,0.5,balanced_chance,Unknown,Unknown,Unknown,,/benchmark-eeg/5.0_version/result_5/linear_downsample/Longitudinal_EEG_Reliability_wsn_within_subject_linear_downsample/seed_5_downsample_t40/ratio_full/biot/summary.json
Longitudinal_EEG_Reliability_wsn_within_subject_linear_downsample,brainomni,seed_10_downsample_t40,Longitudinal_EEG_Reliability_wsn,within_subject,10,0.7081830929302698,0.5,balanced_chance,Unknown,Unknown,Unknown,,/benchmark-eeg/5.0_version/result_5/linear_downsample/Longitudinal_EEG_Reliability_wsn_within_subject_linear_downsample/seed_10_downsample_t40/ratio_full/brainomni/summary.json
Longitudinal_EEG_Reliability_wsn_within_subject_linear_downsample,brainomni,seed_42_downsample_t40,Longitudinal_EEG_Reliability_wsn,within_subject,42,0.7043763862577561,0.5,balanced_chance,Unknown,Unknown,Unknown,,/benchmark-eeg/5.0_version/result_5/linear_downsample/Longitudinal_EEG_Reliability_wsn_within_subject_linear_downsample/seed_42_downsample_t40/ratio_full/brainomni/summary.json
Longitudinal_EEG_Reliability_wsn_within_subject_linear_downsample,brainomni,seed_5_downsample_t40,Longitudinal_EEG_Reliability_wsn,within_subject,5,0.7623189165919777,0.5,balanced_chance,Unknown,Unknown,Unknown,,/benchmark-eeg/5.0_version/result_5/linear_downsample/Longitudinal_EEG_Reliability_wsn_within_subject_linear_downsample/seed_5_downsample_t40/ratio_full/brainomni/summary.json
Longitudinal_EEG_Reliability_wsn_within_subject_linear_downsample,cbramod,seed_10_downsample_t40,Longitudinal_EEG_Reliability_wsn,within_subject,10,0.6867279745034265,0.5,balanced_chance,Unknown,Unknown,Unknown,,/benchmark-eeg/5.0_version/result_5/linear_downsample/Longitudinal_EEG_Reliability_wsn_within_subject_linear_downsample/seed_10_downsample_t40/ratio_full/cbramod/summary.json
Longitudinal_EEG_Reliability_wsn_within_subject_linear_downsample,cbramod,seed_42_downsample_t40,Longitudinal_EEG_Reliability_wsn,within_subject,42,0.6759025372533226,0.5,balanced_chance,Unknown,Unknown,Unknown,,/benchmark-eeg/5.0_version/result_5/linear_downsample/Longitudinal_EEG_Reliability_wsn_within_subject_linear_downsample/seed_42_downsample_t40/ratio_full/cbramod/summary.json
Longitudinal_EEG_Reliability_wsn_within_subject_linear_downsample,cbramod,seed_5_downsample_t40,Longitudinal_EEG_Reliability_wsn,within_subject,5,0.6328762603515896,0.5,balanced_chance,Unknown,Unknown,Unknown,,/benchmark-eeg/5.0_version/result_5/linear_downsample/Longitudinal_EEG_Reliability_wsn_within_subject_linear_downsample/seed_5_downsample_t40/ratio_full/cbramod/summary.json
Longitudinal_EEG_Reliability_wsn_within_subject_linear_downsample,eegmamba,seed_10_downsample_t40,Longitudinal_EEG_Reliability_wsn,within_subject,10,0.6585579227779643,0.5,balanced_chance,Unknown,Unknown,Unknown,,/benchmark-eeg/5.0_version/result_5/linear_downsample/Longitudinal_EEG_Reliability_wsn_within_subject_linear_downsample/seed_10_downsample_t40/ratio_full/eegmamba/summary.json
Longitudinal_EEG_Reliability_wsn_within_subject_linear_downsample,eegmamba,seed_42_downsample_t40,Longitudinal_EEG_Reliability_wsn,within_subject,42,0.6312722883851389,0.5,balanced_chance,Unknown,Unknown,Unknown,,/benchmark-eeg/5.0_version/result_5/linear_downsample/Longitudinal_EEG_Reliability_wsn_within_subject_linear_downsample/seed_42_downsample_t40/ratio_full/eegmamba/summary.json
Longitudinal_EEG_Reliability_wsn_within_subject_linear_downsample,eegmamba,seed_5_downsample_t40,Longitudinal_EEG_Reliability_wsn,within_subject,5,0.6267102097486266,0.5,balanced_chance,Unknown,Unknown,Unknown,,/benchmark-eeg/5.0_version/result_5/linear_downsample/Longitudinal_EEG_Reliability_wsn_within_subject_linear_downsample/seed_5_downsample_t40/ratio_full/eegmamba/summary.json
Longitudinal_EEG_Reliability_wsn_within_subject_linear_downsample,femba,seed_10_downsample_t40,Longitudinal_EEG_Reliability_wsn,within_subject,10,0.6384770768272865,0.5,balanced_chance,Unknown,Unknown,Unknown,,/benchmark-eeg/5.0_version/result_5/linear_downsample/Longitudinal_EEG_Reliability_wsn_within_subject_linear_downsample/seed_10_downsample_t40/ratio_full/femba/summary.json
Longitudinal_EEG_Reliability_wsn_within_subject_linear_downsample,femba,seed_42_downsample_t40,Longitudinal_EEG_Reliability_wsn,within_subject,42,0.6610023940785361,0.5,balanced_chance,Unknown,Unknown,Unknown,,/benchmark-eeg/5.0_version/result_5/linear_downsample/Longitudinal_EEG_Reliability_wsn_within_subject_linear_downsample/seed_42_downsample_t40/ratio_full/femba/summary.json
Longitudinal_EEG_Reliability_wsn_within_subject_linear_downsample,femba,seed_5_downsample_t40,Longitudinal_EEG_Reliability_wsn,within_subject,5,0.7243882835418218,0.5,balanced_chance,Unknown,Unknown,Unknown,,/benchmark-eeg/5.0_version/result_5/linear_downsample/Longitudinal_EEG_Reliability_wsn_within_subject_linear_downsample/seed_5_downsample_t40/ratio_full/femba/summary.json
Longitudinal_EEG_Reliability_wsn_within_subject_linear_downsample,labram,seed_10_downsample_t40,Longitudinal_EEG_Reliability_wsn,within_subject,10,0.6713155161730244,0.5,balanced_chance,Unknown,Unknown,Unknown,,/benchmark-eeg/5.0_version/result_5/linear_downsample/Longitudinal_EEG_Reliability_wsn_within_subject_linear_downsample/seed_10_downsample_t40/ratio_full/labram/summary.json
Longitudinal_EEG_Reliability_wsn_within_subject_linear_downsample,labram,seed_42_downsample_t40,Longitudinal_EEG_Reliability_wsn,within_subject,42,0.6743279148346933,0.5,balanced_chance,Unknown,Unknown,Unknown,,/benchmark-eeg/5.0_version/result_5/linear_downsample/Longitudinal_EEG_Reliability_wsn_within_subject_linear_downsample/seed_42_downsample_t40/ratio_full/labram/summary.json
Longitudinal_EEG_Reliability_wsn_within_subject_linear_downsample,labram,seed_5_downsample_t40,Longitudinal_EEG_Reliability_wsn,within_subject,5,0.6743795634746566,0.5,balanced_chance,Unknown,Unknown,Unknown,,/benchmark-eeg/5.0_version/result_5/linear_downsample/Longitudinal_EEG_Reliability_wsn_within_subject_linear_downsample/seed_5_downsample_t40/ratio_full/labram/summary.json
Longitudinal_EEG_Reliability_wsn_within_subject_linear_downsample,neurogpt,seed_10_downsample_t40,Longitudinal_EEG_Reliability_wsn,within_subject,10,0.6844002621527712,0.5,balanced_chance,Unknown,Unknown,Unknown,,/benchmark-eeg/5.0_version/result_5/linear_downsample/Longitudinal_EEG_Reliability_wsn_within_subject_linear_downsample/seed_10_downsample_t40/ratio_full/neurogpt/summary.json
Longitudinal_EEG_Reliability_wsn_within_subject_linear_downsample,neurogpt,seed_42_downsample_t40,Longitudinal_EEG_Reliability_wsn,within_subject,42,0.6724691930992586,0.5,balanced_chance,Unknown,Unknown,Unknown,,/benchmark-eeg/5.0_version/result_5/linear_downsample/Longitudinal_EEG_Reliability_wsn_within_subject_linear_downsample/seed_42_downsample_t40/ratio_full/neurogpt/summary.json
Longitudinal_EEG_Reliability_wsn_within_subject_linear_downsample,neurogpt,seed_5_downsample_t40,Longitudinal_EEG_Reliability_wsn,within_subject,5,0.7224633301614245,0.5,balanced_chance,Unknown,Unknown,Unknown,,/benchmark-eeg/5.0_version/result_5/linear_downsample/Longitudinal_EEG_Reliability_wsn_within_subject_linear_downsample/seed_5_downsample_t40/ratio_full/neurogpt/summary.json
Longitudinal_EEG_Reliability_wsn_within_subject_linear_downsample,neurolm,seed_10_downsample_t40,Longitudinal_EEG_Reliability_wsn,within_subject,10,0.7160604564913502,0.5,balanced_chance,Unknown,Unknown,Unknown,,/benchmark-eeg/5.0_version/result_5/linear_downsample/Longitudinal_EEG_Reliability_wsn_within_subject_linear_downsample/seed_10_downsample_t40/ratio_full/neurolm/summary.json
Longitudinal_EEG_Reliability_wsn_within_subject_linear_downsample,neurolm,seed_42_downsample_t40,Longitudinal_EEG_Reliability_wsn,within_subject,42,0.7343730207605644,0.5,balanced_chance,Unknown,Unknown,Unknown,,/benchmark-eeg/5.0_version/result_5/linear_downsample/Longitudinal_EEG_Reliability_wsn_within_subject_linear_downsample/seed_42_downsample_t40/ratio_full/neurolm/summary.json
Longitudinal_EEG_Reliability_wsn_within_subject_linear_downsample,neurolm,seed_5_downsample_t40,Longitudinal_EEG_Reliability_wsn,within_subject,5,0.7664668836771555,0.5,balanced_chance,Unknown,Unknown,Unknown,,/benchmark-eeg/5.0_version/result_5/linear_downsample/Longitudinal_EEG_Reliability_wsn_within_subject_linear_downsample/seed_5_downsample_t40/ratio_full/neurolm/summary.json
Longitudinal_EEG_Reliability_wsn_within_subject_linear_downsample,reve,seed_10_downsample_t40,Longitudinal_EEG_Reliability_wsn,within_subject,10,0.6055871259743526,0.5,balanced_chance,Unknown,Unknown,Unknown,,/benchmark-eeg/5.0_version/result_5/linear_downsample/Longitudinal_EEG_Reliability_wsn_within_subject_linear_downsample/seed_10_downsample_t40/ratio_full/reve/summary.json
Longitudinal_EEG_Reliability_wsn_within_subject_linear_downsample,reve,seed_42_downsample_t40,Longitudinal_EEG_Reliability_wsn,within_subject,42,0.6269166460457825,0.5,balanced_chance,Unknown,Unknown,Unknown,,/benchmark-eeg/5.0_version/result_5/linear_downsample/Longitudinal_EEG_Reliability_wsn_within_subject_linear_downsample/seed_42_downsample_t40/ratio_full/reve/summary.json
Longitudinal_EEG_Reliability_wsn_within_subject_linear_downsample,reve,seed_5_downsample_t40,Longitudinal_EEG_Reliability_wsn,within_subject,5,0.6569333201413992,0.5,balanced_chance,Unknown,Unknown,Unknown,,/benchmark-eeg/5.0_version/result_5/linear_downsample/Longitudinal_EEG_Reliability_wsn_within_subject_linear_downsample/seed_5_downsample_t40/ratio_full/reve/summary.json
MonitoringErrP_within_subject_linear_downsample,bendr,seed_10_downsample_t40,MonitoringErrP,within_subject,10,0.44420829179193494,0.5,balanced_chance,Interaction & Control,交互与控制,ErrP/错误相关反馈,Monitoring ErrP,/benchmark-eeg/5.0_version/result_5/linear_downsample/MonitoringErrP_within_subject_linear_downsample/seed_10_downsample_t40/ratio_full/bendr/summary.json
MonitoringErrP_within_subject_linear_downsample,bendr,seed_42_downsample_t40,MonitoringErrP,within_subject,42,0.5123903123903124,0.5,balanced_chance,Interaction & Control,交互与控制,ErrP/错误相关反馈,Monitoring ErrP,/benchmark-eeg/5.0_version/result_5/linear_downsample/MonitoringErrP_within_subject_linear_downsample/seed_42_downsample_t40/ratio_full/bendr/summary.json
MonitoringErrP_within_subject_linear_downsample,bendr,seed_5_downsample_t40,MonitoringErrP,within_subject,5,0.4831617201695942,0.5,balanced_chance,Interaction & Control,交互与控制,ErrP/错误相关反馈,Monitoring ErrP,/benchmark-eeg/5.0_version/result_5/linear_downsample/MonitoringErrP_within_subject_linear_downsample/seed_5_downsample_t40/ratio_full/bendr/summary.json
MonitoringErrP_within_subject_linear_downsample,biot,seed_10_downsample_t40,MonitoringErrP,within_subject,10,0.4691966979496989,0.5,balanced_chance,Interaction & Control,交互与控制,ErrP/错误相关反馈,Monitoring ErrP,/benchmark-eeg/5.0_version/result_5/linear_downsample/MonitoringErrP_within_subject_linear_downsample/seed_10_downsample_t40/ratio_full/biot/summary.json
MonitoringErrP_within_subject_linear_downsample,biot,seed_42_downsample_t40,MonitoringErrP,within_subject,42,0.4986135909835522,0.5,balanced_chance,Interaction & Control,交互与控制,ErrP/错误相关反馈,Monitoring ErrP,/benchmark-eeg/5.0_version/result_5/linear_downsample/MonitoringErrP_within_subject_linear_downsample/seed_42_downsample_t40/ratio_full/biot/summary.json
MonitoringErrP_within_subject_linear_downsample,biot,seed_5_downsample_t40,MonitoringErrP,within_subject,5,0.4880923905821525,0.5,balanced_chance,Interaction & Control,交互与控制,ErrP/错误相关反馈,Monitoring ErrP,/benchmark-eeg/5.0_version/result_5/linear_downsample/MonitoringErrP_within_subject_linear_downsample/seed_5_downsample_t40/ratio_full/biot/summary.json
MonitoringErrP_within_subject_linear_downsample,brainomni,seed_10_downsample_t40,MonitoringErrP,within_subject,10,0.5038774007441305,0.5,balanced_chance,Interaction & Control,交互与控制,ErrP/错误相关反馈,Monitoring ErrP,/benchmark-eeg/5.0_version/result_5/linear_downsample/MonitoringErrP_within_subject_linear_downsample/seed_10_downsample_t40/ratio_full/brainomni/summary.json
MonitoringErrP_within_subject_linear_downsample,brainomni,seed_42_downsample_t40,MonitoringErrP,within_subject,42,0.48480626375363217,0.5,balanced_chance,Interaction & Control,交互与控制,ErrP/错误相关反馈,Monitoring ErrP,/benchmark-eeg/5.0_version/result_5/linear_downsample/MonitoringErrP_within_subject_linear_downsample/seed_42_downsample_t40/ratio_full/brainomni/summary.json
MonitoringErrP_within_subject_linear_downsample,brainomni,seed_5_downsample_t40,MonitoringErrP,within_subject,5,0.5317725752508361,0.5,balanced_chance,Interaction & Control,交互与控制,ErrP/错误相关反馈,Monitoring ErrP,/benchmark-eeg/5.0_version/result_5/linear_downsample/MonitoringErrP_within_subject_linear_downsample/seed_5_downsample_t40/ratio_full/brainomni/summary.json
MonitoringErrP_within_subject_linear_downsample,cbramod,seed_10_downsample_t40,MonitoringErrP,within_subject,10,0.5230975933926241,0.5,balanced_chance,Interaction & Control,交互与控制,ErrP/错误相关反馈,Monitoring ErrP,/benchmark-eeg/5.0_version/result_5/linear_downsample/MonitoringErrP_within_subject_linear_downsample/seed_10_downsample_t40/ratio_full/cbramod/summary.json
MonitoringErrP_within_subject_linear_downsample,cbramod,seed_42_downsample_t40,MonitoringErrP,within_subject,42,0.5171582127215597,0.5,balanced_chance,Interaction & Control,交互与控制,ErrP/错误相关反馈,Monitoring ErrP,/benchmark-eeg/5.0_version/result_5/linear_downsample/MonitoringErrP_within_subject_linear_downsample/seed_42_downsample_t40/ratio_full/cbramod/summary.json
MonitoringErrP_within_subject_linear_downsample,cbramod,seed_5_downsample_t40,MonitoringErrP,within_subject,5,0.4702810402178659,0.5,balanced_chance,Interaction & Control,交互与控制,ErrP/错误相关反馈,Monitoring ErrP,/benchmark-eeg/5.0_version/result_5/linear_downsample/MonitoringErrP_within_subject_linear_downsample/seed_5_downsample_t40/ratio_full/cbramod/summary.json
MonitoringErrP_within_subject_linear_downsample,eegmamba,seed_10_downsample_t40,MonitoringErrP,within_subject,10,0.4847502297435542,0.5,balanced_chance,Interaction & Control,交互与控制,ErrP/错误相关反馈,Monitoring ErrP,/benchmark-eeg/5.0_version/result_5/linear_downsample/MonitoringErrP_within_subject_linear_downsample/seed_10_downsample_t40/ratio_full/eegmamba/summary.json
MonitoringErrP_within_subject_linear_downsample,eegmamba,seed_42_downsample_t40,MonitoringErrP,within_subject,42,0.4444881201956674,0.5,balanced_chance,Interaction & Control,交互与控制,ErrP/错误相关反馈,Monitoring ErrP,/benchmark-eeg/5.0_version/result_5/linear_downsample/MonitoringErrP_within_subject_linear_downsample/seed_42_downsample_t40/ratio_full/eegmamba/summary.json
MonitoringErrP_within_subject_linear_downsample,eegmamba,seed_5_downsample_t40,MonitoringErrP,within_subject,5,0.5106954997077732,0.5,balanced_chance,Interaction & Control,交互与控制,ErrP/错误相关反馈,Monitoring ErrP,/benchmark-eeg/5.0_version/result_5/linear_downsample/MonitoringErrP_within_subject_linear_downsample/seed_5_downsample_t40/ratio_full/eegmamba/summary.json
MonitoringErrP_within_subject_linear_downsample,femba,seed_10_downsample_t40,MonitoringErrP,within_subject,10,0.49122191011235955,0.5,balanced_chance,Interaction & Control,交互与控制,ErrP/错误相关反馈,Monitoring ErrP,/benchmark-eeg/5.0_version/result_5/linear_downsample/MonitoringErrP_within_subject_linear_downsample/seed_10_downsample_t40/ratio_full/femba/summary.json
MonitoringErrP_within_subject_linear_downsample,femba,seed_42_downsample_t40,MonitoringErrP,within_subject,42,0.48186813186813193,0.5,balanced_chance,Interaction & Control,交互与控制,ErrP/错误相关反馈,Monitoring ErrP,/benchmark-eeg/5.0_version/result_5/linear_downsample/MonitoringErrP_within_subject_linear_downsample/seed_42_downsample_t40/ratio_full/femba/summary.json
MonitoringErrP_within_subject_linear_downsample,femba,seed_5_downsample_t40,MonitoringErrP,within_subject,5,0.49122191011235955,0.5,balanced_chance,Interaction & Control,交互与控制,ErrP/错误相关反馈,Monitoring ErrP,/benchmark-eeg/5.0_version/result_5/linear_downsample/MonitoringErrP_within_subject_linear_downsample/seed_5_downsample_t40/ratio_full/femba/summary.json
MonitoringErrP_within_subject_linear_downsample,labram,seed_10_downsample_t40,MonitoringErrP,within_subject,10,0.4813214371835062,0.5,balanced_chance,Interaction & Control,交互与控制,ErrP/错误相关反馈,Monitoring ErrP,/benchmark-eeg/5.0_version/result_5/linear_downsample/MonitoringErrP_within_subject_linear_downsample/seed_10_downsample_t40/ratio_full/labram/summary.json
MonitoringErrP_within_subject_linear_downsample,labram,seed_42_downsample_t40,MonitoringErrP,within_subject,42,0.49742809166576063,0.5,balanced_chance,Interaction & Control,交互与控制,ErrP/错误相关反馈,Monitoring ErrP,/benchmark-eeg/5.0_version/result_5/linear_downsample/MonitoringErrP_within_subject_linear_downsample/seed_42_downsample_t40/ratio_full/labram/summary.json
MonitoringErrP_within_subject_linear_downsample,labram,seed_5_downsample_t40,MonitoringErrP,within_subject,5,0.47212039752362334,0.5,balanced_chance,Interaction & Control,交互与控制,ErrP/错误相关反馈,Monitoring ErrP,/benchmark-eeg/5.0_version/result_5/linear_downsample/MonitoringErrP_within_subject_linear_downsample/seed_5_downsample_t40/ratio_full/labram/summary.json
MonitoringErrP_within_subject_linear_downsample,neurogpt,seed_10_downsample_t40,MonitoringErrP,within_subject,10,0.4304602084922451,0.5,balanced_chance,Interaction & Control,交互与控制,ErrP/错误相关反馈,Monitoring ErrP,/benchmark-eeg/5.0_version/result_5/linear_downsample/MonitoringErrP_within_subject_linear_downsample/seed_10_downsample_t40/ratio_full/neurogpt/summary.json
MonitoringErrP_within_subject_linear_downsample,neurogpt,seed_42_downsample_t40,MonitoringErrP,within_subject,42,0.45801773807211754,0.5,balanced_chance,Interaction & Control,交互与控制,ErrP/错误相关反馈,Monitoring ErrP,/benchmark-eeg/5.0_version/result_5/linear_downsample/MonitoringErrP_within_subject_linear_downsample/seed_42_downsample_t40/ratio_full/neurogpt/summary.json
MonitoringErrP_within_subject_linear_downsample,neurogpt,seed_5_downsample_t40,MonitoringErrP,within_subject,5,0.4995871982905153,0.5,balanced_chance,Interaction & Control,交互与控制,ErrP/错误相关反馈,Monitoring ErrP,/benchmark-eeg/5.0_version/result_5/linear_downsample/MonitoringErrP_within_subject_linear_downsample/seed_5_downsample_t40/ratio_full/neurogpt/summary.json
MonitoringErrP_within_subject_linear_downsample,neurolm,seed_10_downsample_t40,MonitoringErrP,within_subject,10,0.4330507759784076,0.5,balanced_chance,Interaction & Control,交互与控制,ErrP/错误相关反馈,Monitoring ErrP,/benchmark-eeg/5.0_version/result_5/linear_downsample/MonitoringErrP_within_subject_linear_downsample/seed_10_downsample_t40/ratio_full/neurolm/summary.json
MonitoringErrP_within_subject_linear_downsample,neurolm,seed_42_downsample_t40,MonitoringErrP,within_subject,42,0.4952145214521452,0.5,balanced_chance,Interaction & Control,交互与控制,ErrP/错误相关反馈,Monitoring ErrP,/benchmark-eeg/5.0_version/result_5/linear_downsample/MonitoringErrP_within_subject_linear_downsample/seed_42_downsample_t40/ratio_full/neurolm/summary.json
MonitoringErrP_within_subject_linear_downsample,neurolm,seed_5_downsample_t40,MonitoringErrP,within_subject,5,0.516654240285749,0.5,balanced_chance,Interaction & Control,交互与控制,ErrP/错误相关反馈,Monitoring ErrP,/benchmark-eeg/5.0_version/result_5/linear_downsample/MonitoringErrP_within_subject_linear_downsample/seed_5_downsample_t40/ratio_full/neurolm/summary.json
MonitoringErrP_within_subject_linear_downsample,reve,seed_10_downsample_t40,MonitoringErrP,within_subject,10,0.4811212428233705,0.5,balanced_chance,Interaction & Control,交互与控制,ErrP/错误相关反馈,Monitoring ErrP,/benchmark-eeg/5.0_version/result_5/linear_downsample/MonitoringErrP_within_subject_linear_downsample/seed_10_downsample_t40/ratio_full/reve/summary.json
MonitoringErrP_within_subject_linear_downsample,reve,seed_42_downsample_t40,MonitoringErrP,within_subject,42,0.5018757009707236,0.5,balanced_chance,Interaction & Control,交互与控制,ErrP/错误相关反馈,Monitoring ErrP,/benchmark-eeg/5.0_version/result_5/linear_downsample/MonitoringErrP_within_subject_linear_downsample/seed_42_downsample_t40/ratio_full/reve/summary.json
MonitoringErrP_within_subject_linear_downsample,reve,seed_5_downsample_t40,MonitoringErrP,within_subject,5,0.4953306633038119,0.5,balanced_chance,Interaction & Control,交互与控制,ErrP/错误相关反馈,Monitoring ErrP,/benchmark-eeg/5.0_version/result_5/linear_downsample/MonitoringErrP_within_subject_linear_downsample/seed_5_downsample_t40/ratio_full/reve/summary.json
PEARL_Neuro_wsn_within_subject_linear_downsample,bendr,seed_10_downsample_t40,PEARL_Neuro_wsn,within_subject,10,0.2488232269685744,0.3333333333333333,balanced_chance,Unknown,Unknown,Unknown,,/benchmark-eeg/5.0_version/result_5/linear_downsample/PEARL_Neuro_wsn_within_subject_linear_downsample/seed_10_downsample_t40/ratio_full/bendr/summary.json
PEARL_Neuro_wsn_within_subject_linear_downsample,bendr,seed_42_downsample_t40,PEARL_Neuro_wsn,within_subject,42,0.12488079306208721,0.3333333333333333,balanced_chance,Unknown,Unknown,Unknown,,/benchmark-eeg/5.0_version/result_5/linear_downsample/PEARL_Neuro_wsn_within_subject_linear_downsample/seed_42_downsample_t40/ratio_full/bendr/summary.json
PEARL_Neuro_wsn_within_subject_linear_downsample,bendr,seed_5_downsample_t40,PEARL_Neuro_wsn,within_subject,5,0.185021549479761,0.3333333333333333,balanced_chance,Unknown,Unknown,Unknown,,/benchmark-eeg/5.0_version/result_5/linear_downsample/PEARL_Neuro_wsn_within_subject_linear_downsample/seed_5_downsample_t40/ratio_full/bendr/summary.json
PEARL_Neuro_wsn_within_subject_linear_downsample,biot,seed_10_downsample_t40,PEARL_Neuro_wsn,within_subject,10,0.37242244768662197,0.3333333333333333,balanced_chance,Unknown,Unknown,Unknown,,/benchmark-eeg/5.0_version/result_5/linear_downsample/PEARL_Neuro_wsn_within_subject_linear_downsample/seed_10_downsample_t40/ratio_full/biot/summary.json
PEARL_Neuro_wsn_within_subject_linear_downsample,biot,seed_42_downsample_t40,PEARL_Neuro_wsn,within_subject,42,0.3943489873826918,0.3333333333333333,balanced_chance,Unknown,Unknown,Unknown,,/benchmark-eeg/5.0_version/result_5/linear_downsample/PEARL_Neuro_wsn_within_subject_linear_downsample/seed_42_downsample_t40/ratio_full/biot/summary.json
PEARL_Neuro_wsn_within_subject_linear_downsample,biot,seed_5_downsample_t40,PEARL_Neuro_wsn,within_subject,5,0.39826026258371505,0.3333333333333333,balanced_chance,Unknown,Unknown,Unknown,,/benchmark-eeg/5.0_version/result_5/linear_downsample/PEARL_Neuro_wsn_within_subject_linear_downsample/seed_5_downsample_t40/ratio_full/biot/summary.json
PEARL_Neuro_wsn_within_subject_linear_downsample,brainomni,seed_10_downsample_t40,PEARL_Neuro_wsn,within_subject,10,0.44794830450116013,0.3333333333333333,balanced_chance,Unknown,Unknown,Unknown,,/benchmark-eeg/5.0_version/result_5/linear_downsample/PEARL_Neuro_wsn_within_subject_linear_downsample/seed_10_downsample_t40/ratio_full/brainomni/summary.json
PEARL_Neuro_wsn_within_subject_linear_downsample,brainomni,seed_42_downsample_t40,PEARL_Neuro_wsn,within_subject,42,0.42697183452947257,0.3333333333333333,balanced_chance,Unknown,Unknown,Unknown,,/benchmark-eeg/5.0_version/result_5/linear_downsample/PEARL_Neuro_wsn_within_subject_linear_downsample/seed_42_downsample_t40/ratio_full/brainomni/summary.json
PEARL_Neuro_wsn_within_subject_linear_downsample,brainomni,seed_5_downsample_t40,PEARL_Neuro_wsn,within_subject,5,0.39787582802540533,0.3333333333333333,balanced_chance,Unknown,Unknown,Unknown,,/benchmark-eeg/5.0_version/result_5/linear_downsample/PEARL_Neuro_wsn_within_subject_linear_downsample/seed_5_downsample_t40/ratio_full/brainomni/summary.json
PEARL_Neuro_wsn_within_subject_linear_downsample,cbramod,seed_10_downsample_t40,PEARL_Neuro_wsn,within_subject,10,0.23672257198463523,0.3333333333333333,balanced_chance,Unknown,Unknown,Unknown,,/benchmark-eeg/5.0_version/result_5/linear_downsample/PEARL_Neuro_wsn_within_subject_linear_downsample/seed_10_downsample_t40/ratio_full/cbramod/summary.json
PEARL_Neuro_wsn_within_subject_linear_downsample,cbramod,seed_42_downsample_t40,PEARL_Neuro_wsn,within_subject,42,0.18341989983765217,0.3333333333333333,balanced_chance,Unknown,Unknown,Unknown,,/benchmark-eeg/5.0_version/result_5/linear_downsample/PEARL_Neuro_wsn_within_subject_linear_downsample/seed_42_downsample_t40/ratio_full/cbramod/summary.json
PEARL_Neuro_wsn_within_subject_linear_downsample,cbramod,seed_5_downsample_t40,PEARL_Neuro_wsn,within_subject,5,0.37639247124114944,0.3333333333333333,balanced_chance,Unknown,Unknown,Unknown,,/benchmark-eeg/5.0_version/result_5/linear_downsample/PEARL_Neuro_wsn_within_subject_linear_downsample/seed_5_downsample_t40/ratio_full/cbramod/summary.json
PEARL_Neuro_wsn_within_subject_linear_downsample,eegmamba,seed_10_downsample_t40,PEARL_Neuro_wsn,within_subject,10,0.240131680166809,0.3333333333333333,balanced_chance,Unknown,Unknown,Unknown,,/benchmark-eeg/5.0_version/result_5/linear_downsample/PEARL_Neuro_wsn_within_subject_linear_downsample/seed_10_downsample_t40/ratio_full/eegmamba/summary.json
PEARL_Neuro_wsn_within_subject_linear_downsample,eegmamba,seed_42_downsample_t40,PEARL_Neuro_wsn,within_subject,42,0.23922313965059627,0.3333333333333333,balanced_chance,Unknown,Unknown,Unknown,,/benchmark-eeg/5.0_version/result_5/linear_downsample/PEARL_Neuro_wsn_within_subject_linear_downsample/seed_42_downsample_t40/ratio_full/eegmamba/summary.json
PEARL_Neuro_wsn_within_subject_linear_downsample,eegmamba,seed_5_downsample_t40,PEARL_Neuro_wsn,within_subject,5,0.3137364052363876,0.3333333333333333,balanced_chance,Unknown,Unknown,Unknown,,/benchmark-eeg/5.0_version/result_5/linear_downsample/PEARL_Neuro_wsn_within_subject_linear_downsample/seed_5_downsample_t40/ratio_full/eegmamba/summary.json
PEARL_Neuro_wsn_within_subject_linear_downsample,femba,seed_10_downsample_t40,PEARL_Neuro_wsn,within_subject,10,0.40274817836173554,0.3333333333333333,balanced_chance,Unknown,Unknown,Unknown,,/benchmark-eeg/5.0_version/result_5/linear_downsample/PEARL_Neuro_wsn_within_subject_linear_downsample/seed_10_downsample_t40/ratio_full/femba/summary.json
PEARL_Neuro_wsn_within_subject_linear_downsample,femba,seed_42_downsample_t40,PEARL_Neuro_wsn,within_subject,42,0.30934782671820776,0.3333333333333333,balanced_chance,Unknown,Unknown,Unknown,,/benchmark-eeg/5.0_version/result_5/linear_downsample/PEARL_Neuro_wsn_within_subject_linear_downsample/seed_42_downsample_t40/ratio_full/femba/summary.json
PEARL_Neuro_wsn_within_subject_linear_downsample,femba,seed_5_downsample_t40,PEARL_Neuro_wsn,within_subject,5,0.40402296068850113,0.3333333333333333,balanced_chance,Unknown,Unknown,Unknown,,/benchmark-eeg/5.0_version/result_5/linear_downsample/PEARL_Neuro_wsn_within_subject_linear_downsample/seed_5_downsample_t40/ratio_full/femba/summary.json
PEARL_Neuro_wsn_within_subject_linear_downsample,labram,seed_10_downsample_t40,PEARL_Neuro_wsn,within_subject,10,0.417212472792759,0.3333333333333333,balanced_chance,Unknown,Unknown,Unknown,,/benchmark-eeg/5.0_version/result_5/linear_downsample/PEARL_Neuro_wsn_within_subject_linear_downsample/seed_10_downsample_t40/ratio_full/labram/summary.json
PEARL_Neuro_wsn_within_subject_linear_downsample,labram,seed_42_downsample_t40,PEARL_Neuro_wsn,within_subject,42,0.3904329115903397,0.3333333333333333,balanced_chance,Unknown,Unknown,Unknown,,/benchmark-eeg/5.0_version/result_5/linear_downsample/PEARL_Neuro_wsn_within_subject_linear_downsample/seed_42_downsample_t40/ratio_full/labram/summary.json
PEARL_Neuro_wsn_within_subject_linear_downsample,labram,seed_5_downsample_t40,PEARL_Neuro_wsn,within_subject,5,0.3739923161145693,0.3333333333333333,balanced_chance,Unknown,Unknown,Unknown,,/benchmark-eeg/5.0_version/result_5/linear_downsample/PEARL_Neuro_wsn_within_subject_linear_downsample/seed_5_downsample_t40/ratio_full/labram/summary.json
PEARL_Neuro_wsn_within_subject_linear_downsample,neurogpt,seed_10_downsample_t40,PEARL_Neuro_wsn,within_subject,10,0.31122609074033225,0.3333333333333333,balanced_chance,Unknown,Unknown,Unknown,,/benchmark-eeg/5.0_version/result_5/linear_downsample/PEARL_Neuro_wsn_within_subject_linear_downsample/seed_10_downsample_t40/ratio_full/neurogpt/summary.json
PEARL_Neuro_wsn_within_subject_linear_downsample,neurogpt,seed_42_downsample_t40,PEARL_Neuro_wsn,within_subject,42,0.37448485957948213,0.3333333333333333,balanced_chance,Unknown,Unknown,Unknown,,/benchmark-eeg/5.0_version/result_5/linear_downsample/PEARL_Neuro_wsn_within_subject_linear_downsample/seed_42_downsample_t40/ratio_full/neurogpt/summary.json
PEARL_Neuro_wsn_within_subject_linear_downsample,neurogpt,seed_5_downsample_t40,PEARL_Neuro_wsn,within_subject,5,0.36500138668179516,0.3333333333333333,balanced_chance,Unknown,Unknown,Unknown,,/benchmark-eeg/5.0_version/result_5/linear_downsample/PEARL_Neuro_wsn_within_subject_linear_downsample/seed_5_downsample_t40/ratio_full/neurogpt/summary.json
PEARL_Neuro_wsn_within_subject_linear_downsample,neurolm,seed_10_downsample_t40,PEARL_Neuro_wsn,within_subject,10,0.38414116237225665,0.3333333333333333,balanced_chance,Unknown,Unknown,Unknown,,/benchmark-eeg/5.0_version/result_5/linear_downsample/PEARL_Neuro_wsn_within_subject_linear_downsample/seed_10_downsample_t40/ratio_full/neurolm/summary.json
PEARL_Neuro_wsn_within_subject_linear_downsample,neurolm,seed_42_downsample_t40,PEARL_Neuro_wsn,within_subject,42,0.38229873661311636,0.3333333333333333,balanced_chance,Unknown,Unknown,Unknown,,/benchmark-eeg/5.0_version/result_5/linear_downsample/PEARL_Neuro_wsn_within_subject_linear_downsample/seed_42_downsample_t40/ratio_full/neurolm/summary.json
PEARL_Neuro_wsn_within_subject_linear_downsample,neurolm,seed_5_downsample_t40,PEARL_Neuro_wsn,within_subject,5,0.38902082282748035,0.3333333333333333,balanced_chance,Unknown,Unknown,Unknown,,/benchmark-eeg/5.0_version/result_5/linear_downsample/PEARL_Neuro_wsn_within_subject_linear_downsample/seed_5_downsample_t40/ratio_full/neurolm/summary.json
PEARL_Neuro_wsn_within_subject_linear_downsample,reve,seed_10_downsample_t40,PEARL_Neuro_wsn,within_subject,10,0.3336734952328934,0.3333333333333333,balanced_chance,Unknown,Unknown,Unknown,,/benchmark-eeg/5.0_version/result_5/linear_downsample/PEARL_Neuro_wsn_within_subject_linear_downsample/seed_10_downsample_t40/ratio_full/reve/summary.json
PEARL_Neuro_wsn_within_subject_linear_downsample,reve,seed_42_downsample_t40,PEARL_Neuro_wsn,within_subject,42,0.33923615701773735,0.3333333333333333,balanced_chance,Unknown,Unknown,Unknown,,/benchmark-eeg/5.0_version/result_5/linear_downsample/PEARL_Neuro_wsn_within_subject_linear_downsample/seed_42_downsample_t40/ratio_full/reve/summary.json
PEARL_Neuro_wsn_within_subject_linear_downsample,reve,seed_5_downsample_t40,PEARL_Neuro_wsn,within_subject,5,0.35219894190309753,0.3333333333333333,balanced_chance,Unknown,Unknown,Unknown,,/benchmark-eeg/5.0_version/result_5/linear_downsample/PEARL_Neuro_wsn_within_subject_linear_downsample/seed_5_downsample_t40/ratio_full/reve/summary.json
Physionet_MI_wsn_within_subject_linear_downsample,bendr,seed_10_downsample_t40,Physionet_MI_wsn,within_subject,10,0.25228206922708696,0.25,balanced_chance,Unknown,Unknown,Unknown,,/benchmark-eeg/5.0_version/result_5/linear_downsample/Physionet_MI_wsn_within_subject_linear_downsample/seed_10_downsample_t40/ratio_full/bendr/summary.json
Physionet_MI_wsn_within_subject_linear_downsample,bendr,seed_42_downsample_t40,Physionet_MI_wsn,within_subject,42,0.2584399745577882,0.25,balanced_chance,Unknown,Unknown,Unknown,,/benchmark-eeg/5.0_version/result_5/linear_downsample/Physionet_MI_wsn_within_subject_linear_downsample/seed_42_downsample_t40/ratio_full/bendr/summary.json
Physionet_MI_wsn_within_subject_linear_downsample,bendr,seed_5_downsample_t40,Physionet_MI_wsn,within_subject,5,0.24612258739639287,0.25,balanced_chance,Unknown,Unknown,Unknown,,/benchmark-eeg/5.0_version/result_5/linear_downsample/Physionet_MI_wsn_within_subject_linear_downsample/seed_5_downsample_t40/ratio_full/bendr/summary.json
Physionet_MI_wsn_within_subject_linear_downsample,biot,seed_10_downsample_t40,Physionet_MI_wsn,within_subject,10,0.18374855391369013,0.25,balanced_chance,Unknown,Unknown,Unknown,,/benchmark-eeg/5.0_version/result_5/linear_downsample/Physionet_MI_wsn_within_subject_linear_downsample/seed_10_downsample_t40/ratio_full/biot/summary.json
Physionet_MI_wsn_within_subject_linear_downsample,biot,seed_42_downsample_t40,Physionet_MI_wsn,within_subject,42,0.2293736498160241,0.25,balanced_chance,Unknown,Unknown,Unknown,,/benchmark-eeg/5.0_version/result_5/linear_downsample/Physionet_MI_wsn_within_subject_linear_downsample/seed_42_downsample_t40/ratio_full/biot/summary.json
Physionet_MI_wsn_within_subject_linear_downsample,biot,seed_5_downsample_t40,Physionet_MI_wsn,within_subject,5,0.23364173861296939,0.25,balanced_chance,Unknown,Unknown,Unknown,,/benchmark-eeg/5.0_version/result_5/linear_downsample/Physionet_MI_wsn_within_subject_linear_downsample/seed_5_downsample_t40/ratio_full/biot/summary.json
Physionet_MI_wsn_within_subject_linear_downsample,brainomni,seed_10_downsample_t40,Physionet_MI_wsn,within_subject,10,0.366060661530204,0.25,balanced_chance,Unknown,Unknown,Unknown,,/benchmark-eeg/5.0_version/result_5/linear_downsample/Physionet_MI_wsn_within_subject_linear_downsample/seed_10_downsample_t40/ratio_full/brainomni/summary.json
Physionet_MI_wsn_within_subject_linear_downsample,brainomni,seed_42_downsample_t40,Physionet_MI_wsn,within_subject,42,0.3078950324634031,0.25,balanced_chance,Unknown,Unknown,Unknown,,/benchmark-eeg/5.0_version/result_5/linear_downsample/Physionet_MI_wsn_within_subject_linear_downsample/seed_42_downsample_t40/ratio_full/brainomni/summary.json
Physionet_MI_wsn_within_subject_linear_downsample,brainomni,seed_5_downsample_t40,Physionet_MI_wsn,within_subject,5,0.33419747160988705,0.25,balanced_chance,Unknown,Unknown,Unknown,,/benchmark-eeg/5.0_version/result_5/linear_downsample/Physionet_MI_wsn_within_subject_linear_downsample/seed_5_downsample_t40/ratio_full/brainomni/summary.json
Physionet_MI_wsn_within_subject_linear_downsample,cbramod,seed_10_downsample_t40,Physionet_MI_wsn,within_subject,10,0.27614349794720505,0.25,balanced_chance,Unknown,Unknown,Unknown,,/benchmark-eeg/5.0_version/result_5/linear_downsample/Physionet_MI_wsn_within_subject_linear_downsample/seed_10_downsample_t40/ratio_full/cbramod/summary.json
Physionet_MI_wsn_within_subject_linear_downsample,cbramod,seed_42_downsample_t40,Physionet_MI_wsn,within_subject,42,0.20669816184428075,0.25,balanced_chance,Unknown,Unknown,Unknown,,/benchmark-eeg/5.0_version/result_5/linear_downsample/Physionet_MI_wsn_within_subject_linear_downsample/seed_42_downsample_t40/ratio_full/cbramod/summary.json
Physionet_MI_wsn_within_subject_linear_downsample,cbramod,seed_5_downsample_t40,Physionet_MI_wsn,within_subject,5,0.15245390407685108,0.25,balanced_chance,Unknown,Unknown,Unknown,,/benchmark-eeg/5.0_version/result_5/linear_downsample/Physionet_MI_wsn_within_subject_linear_downsample/seed_5_downsample_t40/ratio_full/cbramod/summary.json
Physionet_MI_wsn_within_subject_linear_downsample,eegmamba,seed_10_downsample_t40,Physionet_MI_wsn,within_subject,10,0.26437856137621696,0.25,balanced_chance,Unknown,Unknown,Unknown,,/benchmark-eeg/5.0_version/result_5/linear_downsample/Physionet_MI_wsn_within_subject_linear_downsample/seed_10_downsample_t40/ratio_full/eegmamba/summary.json
Physionet_MI_wsn_within_subject_linear_downsample,eegmamba,seed_42_downsample_t40,Physionet_MI_wsn,within_subject,42,0.23237249492151954,0.25,balanced_chance,Unknown,Unknown,Unknown,,/benchmark-eeg/5.0_version/result_5/linear_downsample/Physionet_MI_wsn_within_subject_linear_downsample/seed_42_downsample_t40/ratio_full/eegmamba/summary.json
Physionet_MI_wsn_within_subject_linear_downsample,eegmamba,seed_5_downsample_t40,Physionet_MI_wsn,within_subject,5,0.24925233267408037,0.25,balanced_chance,Unknown,Unknown,Unknown,,/benchmark-eeg/5.0_version/result_5/linear_downsample/Physionet_MI_wsn_within_subject_linear_downsample/seed_5_downsample_t40/ratio_full/eegmamba/summary.json
Physionet_MI_wsn_within_subject_linear_downsample,femba,seed_10_downsample_t40,Physionet_MI_wsn,within_subject,10,0.24518805710498648,0.25,balanced_chance,Unknown,Unknown,Unknown,,/benchmark-eeg/5.0_version/result_5/linear_downsample/Physionet_MI_wsn_within_subject_linear_downsample/seed_10_downsample_t40/ratio_full/femba/summary.json
Physionet_MI_wsn_within_subject_linear_downsample,femba,seed_42_downsample_t40,Physionet_MI_wsn,within_subject,42,0.22629781887787478,0.25,balanced_chance,Unknown,Unknown,Unknown,,/benchmark-eeg/5.0_version/result_5/linear_downsample/Physionet_MI_wsn_within_subject_linear_downsample/seed_42_downsample_t40/ratio_full/femba/summary.json
Physionet_MI_wsn_within_subject_linear_downsample,femba,seed_5_downsample_t40,Physionet_MI_wsn,within_subject,5,0.25176683018768214,0.25,balanced_chance,Unknown,Unknown,Unknown,,/benchmark-eeg/5.0_version/result_5/linear_downsample/Physionet_MI_wsn_within_subject_linear_downsample/seed_5_downsample_t40/ratio_full/femba/summary.json
Physionet_MI_wsn_within_subject_linear_downsample,labram,seed_10_downsample_t40,Physionet_MI_wsn,within_subject,10,0.2722049912708159,0.25,balanced_chance,Unknown,Unknown,Unknown,,/benchmark-eeg/5.0_version/result_5/linear_downsample/Physionet_MI_wsn_within_subject_linear_downsample/seed_10_downsample_t40/ratio_full/labram/summary.json
Physionet_MI_wsn_within_subject_linear_downsample,labram,seed_42_downsample_t40,Physionet_MI_wsn,within_subject,42,0.23539151092965463,0.25,balanced_chance,Unknown,Unknown,Unknown,,/benchmark-eeg/5.0_version/result_5/linear_downsample/Physionet_MI_wsn_within_subject_linear_downsample/seed_42_downsample_t40/ratio_full/labram/summary.json
Physionet_MI_wsn_within_subject_linear_downsample,labram,seed_5_downsample_t40,Physionet_MI_wsn,within_subject,5,0.269777607364919,0.25,balanced_chance,Unknown,Unknown,Unknown,,/benchmark-eeg/5.0_version/result_5/linear_downsample/Physionet_MI_wsn_within_subject_linear_downsample/seed_5_downsample_t40/ratio_full/labram/summary.json
Physionet_MI_wsn_within_subject_linear_downsample,neurogpt,seed_10_downsample_t40,Physionet_MI_wsn,within_subject,10,0.2790146004829592,0.25,balanced_chance,Unknown,Unknown,Unknown,,/benchmark-eeg/5.0_version/result_5/linear_downsample/Physionet_MI_wsn_within_subject_linear_downsample/seed_10_downsample_t40/ratio_full/neurogpt/summary.json
Physionet_MI_wsn_within_subject_linear_downsample,neurogpt,seed_42_downsample_t40,Physionet_MI_wsn,within_subject,42,0.22887893620959696,0.25,balanced_chance,Unknown,Unknown,Unknown,,/benchmark-eeg/5.0_version/result_5/linear_downsample/Physionet_MI_wsn_within_subject_linear_downsample/seed_42_downsample_t40/ratio_full/neurogpt/summary.json
Physionet_MI_wsn_within_subject_linear_downsample,neurogpt,seed_5_downsample_t40,Physionet_MI_wsn,within_subject,5,0.2554773898856797,0.25,balanced_chance,Unknown,Unknown,Unknown,,/benchmark-eeg/5.0_version/result_5/linear_downsample/Physionet_MI_wsn_within_subject_linear_downsample/seed_5_downsample_t40/ratio_full/neurogpt/summary.json
Physionet_MI_wsn_within_subject_linear_downsample,neurolm,seed_10_downsample_t40,Physionet_MI_wsn,within_subject,10,0.23642292936131798,0.25,balanced_chance,Unknown,Unknown,Unknown,,/benchmark-eeg/5.0_version/result_5/linear_downsample/Physionet_MI_wsn_within_subject_linear_downsample/seed_10_downsample_t40/ratio_full/neurolm/summary.json
Physionet_MI_wsn_within_subject_linear_downsample,neurolm,seed_42_downsample_t40,Physionet_MI_wsn,within_subject,42,0.24392737033027204,0.25,balanced_chance,Unknown,Unknown,Unknown,,/benchmark-eeg/5.0_version/result_5/linear_downsample/Physionet_MI_wsn_within_subject_linear_downsample/seed_42_downsample_t40/ratio_full/neurolm/summary.json
Physionet_MI_wsn_within_subject_linear_downsample,neurolm,seed_5_downsample_t40,Physionet_MI_wsn,within_subject,5,0.25050100536892184,0.25,balanced_chance,Unknown,Unknown,Unknown,,/benchmark-eeg/5.0_version/result_5/linear_downsample/Physionet_MI_wsn_within_subject_linear_downsample/seed_5_downsample_t40/ratio_full/neurolm/summary.json
Physionet_MI_wsn_within_subject_linear_downsample,reve,seed_10_downsample_t40,Physionet_MI_wsn,within_subject,10,0.24697732415765822,0.25,balanced_chance,Unknown,Unknown,Unknown,,/benchmark-eeg/5.0_version/result_5/linear_downsample/Physionet_MI_wsn_within_subject_linear_downsample/seed_10_downsample_t40/ratio_full/reve/summary.json
Physionet_MI_wsn_within_subject_linear_downsample,reve,seed_42_downsample_t40,Physionet_MI_wsn,within_subject,42,0.25595603484478585,0.25,balanced_chance,Unknown,Unknown,Unknown,,/benchmark-eeg/5.0_version/result_5/linear_downsample/Physionet_MI_wsn_within_subject_linear_downsample/seed_42_downsample_t40/ratio_full/reve/summary.json
Physionet_MI_wsn_within_subject_linear_downsample,reve,seed_5_downsample_t40,Physionet_MI_wsn,within_subject,5,0.25519834170262234,0.25,balanced_chance,Unknown,Unknown,Unknown,,/benchmark-eeg/5.0_version/result_5/linear_downsample/Physionet_MI_wsn_within_subject_linear_downsample/seed_5_downsample_t40/ratio_full/reve/summary.json
RestCog_wsn_within_subject_linear_downsample,bendr,seed_10_downsample_t40,RestCog_wsn,within_subject,10,0.20155714508864064,0.2,balanced_chance,Unknown,Unknown,Unknown,,/benchmark-eeg/5.0_version/result_5/linear_downsample/RestCog_wsn_within_subject_linear_downsample/seed_10_downsample_t40/ratio_full/bendr/summary.json
RestCog_wsn_within_subject_linear_downsample,bendr,seed_42_downsample_t40,RestCog_wsn,within_subject,42,0.20790605384907784,0.2,balanced_chance,Unknown,Unknown,Unknown,,/benchmark-eeg/5.0_version/result_5/linear_downsample/RestCog_wsn_within_subject_linear_downsample/seed_42_downsample_t40/ratio_full/bendr/summary.json
RestCog_wsn_within_subject_linear_downsample,bendr,seed_5_downsample_t40,RestCog_wsn,within_subject,5,0.20216645711361836,0.2,balanced_chance,Unknown,Unknown,Unknown,,/benchmark-eeg/5.0_version/result_5/linear_downsample/RestCog_wsn_within_subject_linear_downsample/seed_5_downsample_t40/ratio_full/bendr/summary.json
RestCog_wsn_within_subject_linear_downsample,biot,seed_10_downsample_t40,RestCog_wsn,within_subject,10,0.3461509709984145,0.2,balanced_chance,Unknown,Unknown,Unknown,,/benchmark-eeg/5.0_version/result_5/linear_downsample/RestCog_wsn_within_subject_linear_downsample/seed_10_downsample_t40/ratio_full/biot/summary.json
RestCog_wsn_within_subject_linear_downsample,biot,seed_42_downsample_t40,RestCog_wsn,within_subject,42,0.33786450754457226,0.2,balanced_chance,Unknown,Unknown,Unknown,,/benchmark-eeg/5.0_version/result_5/linear_downsample/RestCog_wsn_within_subject_linear_downsample/seed_42_downsample_t40/ratio_full/biot/summary.json
RestCog_wsn_within_subject_linear_downsample,biot,seed_5_downsample_t40,RestCog_wsn,within_subject,5,0.3160061447760075,0.2,balanced_chance,Unknown,Unknown,Unknown,,/benchmark-eeg/5.0_version/result_5/linear_downsample/RestCog_wsn_within_subject_linear_downsample/seed_5_downsample_t40/ratio_full/biot/summary.json
RestCog_wsn_within_subject_linear_downsample,brainomni,seed_10_downsample_t40,RestCog_wsn,within_subject,10,0.3126445960111331,0.2,balanced_chance,Unknown,Unknown,Unknown,,/benchmark-eeg/5.0_version/result_5/linear_downsample/RestCog_wsn_within_subject_linear_downsample/seed_10_downsample_t40/ratio_full/brainomni/summary.json
RestCog_wsn_within_subject_linear_downsample,brainomni,seed_42_downsample_t40,RestCog_wsn,within_subject,42,0.3184965373732882,0.2,balanced_chance,Unknown,Unknown,Unknown,,/benchmark-eeg/5.0_version/result_5/linear_downsample/RestCog_wsn_within_subject_linear_downsample/seed_42_downsample_t40/ratio_full/brainomni/summary.json
RestCog_wsn_within_subject_linear_downsample,brainomni,seed_5_downsample_t40,RestCog_wsn,within_subject,5,0.3004752655888423,0.2,balanced_chance,Unknown,Unknown,Unknown,,/benchmark-eeg/5.0_version/result_5/linear_downsample/RestCog_wsn_within_subject_linear_downsample/seed_5_downsample_t40/ratio_full/brainomni/summary.json
RestCog_wsn_within_subject_linear_downsample,cbramod,seed_10_downsample_t40,RestCog_wsn,within_subject,10,0.2699149975643187,0.2,balanced_chance,Unknown,Unknown,Unknown,,/benchmark-eeg/5.0_version/result_5/linear_downsample/RestCog_wsn_within_subject_linear_downsample/seed_10_downsample_t40/ratio_full/cbramod/summary.json
RestCog_wsn_within_subject_linear_downsample,cbramod,seed_42_downsample_t40,RestCog_wsn,within_subject,42,0.26405530686234135,0.2,balanced_chance,Unknown,Unknown,Unknown,,/benchmark-eeg/5.0_version/result_5/linear_downsample/RestCog_wsn_within_subject_linear_downsample/seed_42_downsample_t40/ratio_full/cbramod/summary.json
RestCog_wsn_within_subject_linear_downsample,cbramod,seed_5_downsample_t40,RestCog_wsn,within_subject,5,0.2696873976595232,0.2,balanced_chance,Unknown,Unknown,Unknown,,/benchmark-eeg/5.0_version/result_5/linear_downsample/RestCog_wsn_within_subject_linear_downsample/seed_5_downsample_t40/ratio_full/cbramod/summary.json
RestCog_wsn_within_subject_linear_downsample,eegmamba,seed_10_downsample_t40,RestCog_wsn,within_subject,10,0.2258183340232079,0.2,balanced_chance,Unknown,Unknown,Unknown,,/benchmark-eeg/5.0_version/result_5/linear_downsample/RestCog_wsn_within_subject_linear_downsample/seed_10_downsample_t40/ratio_full/eegmamba/summary.json
RestCog_wsn_within_subject_linear_downsample,eegmamba,seed_42_downsample_t40,RestCog_wsn,within_subject,42,0.21750037505474026,0.2,balanced_chance,Unknown,Unknown,Unknown,,/benchmark-eeg/5.0_version/result_5/linear_downsample/RestCog_wsn_within_subject_linear_downsample/seed_42_downsample_t40/ratio_full/eegmamba/summary.json
RestCog_wsn_within_subject_linear_downsample,eegmamba,seed_5_downsample_t40,RestCog_wsn,within_subject,5,0.21646248938187332,0.2,balanced_chance,Unknown,Unknown,Unknown,,/benchmark-eeg/5.0_version/result_5/linear_downsample/RestCog_wsn_within_subject_linear_downsample/seed_5_downsample_t40/ratio_full/eegmamba/summary.json
RestCog_wsn_within_subject_linear_downsample,femba,seed_10_downsample_t40,RestCog_wsn,within_subject,10,0.280366827682986,0.2,balanced_chance,Unknown,Unknown,Unknown,,/benchmark-eeg/5.0_version/result_5/linear_downsample/RestCog_wsn_within_subject_linear_downsample/seed_10_downsample_t40/ratio_full/femba/summary.json
RestCog_wsn_within_subject_linear_downsample,femba,seed_42_downsample_t40,RestCog_wsn,within_subject,42,0.2864502765915376,0.2,balanced_chance,Unknown,Unknown,Unknown,,/benchmark-eeg/5.0_version/result_5/linear_downsample/RestCog_wsn_within_subject_linear_downsample/seed_42_downsample_t40/ratio_full/femba/summary.json
RestCog_wsn_within_subject_linear_downsample,femba,seed_5_downsample_t40,RestCog_wsn,within_subject,5,0.299492307114575,0.2,balanced_chance,Unknown,Unknown,Unknown,,/benchmark-eeg/5.0_version/result_5/linear_downsample/RestCog_wsn_within_subject_linear_downsample/seed_5_downsample_t40/ratio_full/femba/summary.json
RestCog_wsn_within_subject_linear_downsample,labram,seed_10_downsample_t40,RestCog_wsn,within_subject,10,0.3148202024936765,0.2,balanced_chance,Unknown,Unknown,Unknown,,/benchmark-eeg/5.0_version/result_5/linear_downsample/RestCog_wsn_within_subject_linear_downsample/seed_10_downsample_t40/ratio_full/labram/summary.json
RestCog_wsn_within_subject_linear_downsample,labram,seed_42_downsample_t40,RestCog_wsn,within_subject,42,0.30978978376746447,0.2,balanced_chance,Unknown,Unknown,Unknown,,/benchmark-eeg/5.0_version/result_5/linear_downsample/RestCog_wsn_within_subject_linear_downsample/seed_42_downsample_t40/ratio_full/labram/summary.json
RestCog_wsn_within_subject_linear_downsample,labram,seed_5_downsample_t40,RestCog_wsn,within_subject,5,0.3120199288060391,0.2,balanced_chance,Unknown,Unknown,Unknown,,/benchmark-eeg/5.0_version/result_5/linear_downsample/RestCog_wsn_within_subject_linear_downsample/seed_5_downsample_t40/ratio_full/labram/summary.json
RestCog_wsn_within_subject_linear_downsample,neurogpt,seed_10_downsample_t40,RestCog_wsn,within_subject,10,0.23645429554014927,0.2,balanced_chance,Unknown,Unknown,Unknown,,/benchmark-eeg/5.0_version/result_5/linear_downsample/RestCog_wsn_within_subject_linear_downsample/seed_10_downsample_t40/ratio_full/neurogpt/summary.json
RestCog_wsn_within_subject_linear_downsample,neurogpt,seed_42_downsample_t40,RestCog_wsn,within_subject,42,0.24507680895686518,0.2,balanced_chance,Unknown,Unknown,Unknown,,/benchmark-eeg/5.0_version/result_5/linear_downsample/RestCog_wsn_within_subject_linear_downsample/seed_42_downsample_t40/ratio_full/neurogpt/summary.json
RestCog_wsn_within_subject_linear_downsample,neurogpt,seed_5_downsample_t40,RestCog_wsn,within_subject,5,0.2335928085895634,0.2,balanced_chance,Unknown,Unknown,Unknown,,/benchmark-eeg/5.0_version/result_5/linear_downsample/RestCog_wsn_within_subject_linear_downsample/seed_5_downsample_t40/ratio_full/neurogpt/summary.json
RestCog_wsn_within_subject_linear_downsample,neurolm,seed_10_downsample_t40,RestCog_wsn,within_subject,10,0.30468807463887654,0.2,balanced_chance,Unknown,Unknown,Unknown,,/benchmark-eeg/5.0_version/result_5/linear_downsample/RestCog_wsn_within_subject_linear_downsample/seed_10_downsample_t40/ratio_full/neurolm/summary.json
RestCog_wsn_within_subject_linear_downsample,neurolm,seed_42_downsample_t40,RestCog_wsn,within_subject,42,0.31061786018989296,0.2,balanced_chance,Unknown,Unknown,Unknown,,/benchmark-eeg/5.0_version/result_5/linear_downsample/RestCog_wsn_within_subject_linear_downsample/seed_42_downsample_t40/ratio_full/neurolm/summary.json
RestCog_wsn_within_subject_linear_downsample,neurolm,seed_5_downsample_t40,RestCog_wsn,within_subject,5,0.2857218530339071,0.2,balanced_chance,Unknown,Unknown,Unknown,,/benchmark-eeg/5.0_version/result_5/linear_downsample/RestCog_wsn_within_subject_linear_downsample/seed_5_downsample_t40/ratio_full/neurolm/summary.json
RestCog_wsn_within_subject_linear_downsample,reve,seed_10_downsample_t40,RestCog_wsn,within_subject,10,0.21607200873113536,0.2,balanced_chance,Unknown,Unknown,Unknown,,/benchmark-eeg/5.0_version/result_5/linear_downsample/RestCog_wsn_within_subject_linear_downsample/seed_10_downsample_t40/ratio_full/reve/summary.json
RestCog_wsn_within_subject_linear_downsample,reve,seed_42_downsample_t40,RestCog_wsn,within_subject,42,0.2281362293730352,0.2,balanced_chance,Unknown,Unknown,Unknown,,/benchmark-eeg/5.0_version/result_5/linear_downsample/RestCog_wsn_within_subject_linear_downsample/seed_42_downsample_t40/ratio_full/reve/summary.json
RestCog_wsn_within_subject_linear_downsample,reve,seed_5_downsample_t40,RestCog_wsn,within_subject,5,0.22282191318577818,0.2,balanced_chance,Unknown,Unknown,Unknown,,/benchmark-eeg/5.0_version/result_5/linear_downsample/RestCog_wsn_within_subject_linear_downsample/seed_5_downsample_t40/ratio_full/reve/summary.json
SEED_FRA_within_subject_linear_downsample,bendr,seed_10_downsample_t40,SEED_FRA,within_subject,10,0.22334780511336227,0.3333333333333333,balanced_chance,Cognition & Emotion,认知与情绪,情绪识别,SEED-FRA,/benchmark-eeg/5.0_version/result_5/linear_downsample/SEED_FRA_within_subject_linear_downsample/seed_10_downsample_t40/ratio_full/bendr/summary.json
SEED_FRA_within_subject_linear_downsample,bendr,seed_42_downsample_t40,SEED_FRA,within_subject,42,0.2210909090909091,0.3333333333333333,balanced_chance,Cognition & Emotion,认知与情绪,情绪识别,SEED-FRA,/benchmark-eeg/5.0_version/result_5/linear_downsample/SEED_FRA_within_subject_linear_downsample/seed_42_downsample_t40/ratio_full/bendr/summary.json
SEED_FRA_within_subject_linear_downsample,bendr,seed_5_downsample_t40,SEED_FRA,within_subject,5,0.13158660844250364,0.3333333333333333,balanced_chance,Cognition & Emotion,认知与情绪,情绪识别,SEED-FRA,/benchmark-eeg/5.0_version/result_5/linear_downsample/SEED_FRA_within_subject_linear_downsample/seed_5_downsample_t40/ratio_full/bendr/summary.json
SEED_FRA_within_subject_linear_downsample,biot,seed_10_downsample_t40,SEED_FRA,within_subject,10,0.4063445664233276,0.3333333333333333,balanced_chance,Cognition & Emotion,认知与情绪,情绪识别,SEED-FRA,/benchmark-eeg/5.0_version/result_5/linear_downsample/SEED_FRA_within_subject_linear_downsample/seed_10_downsample_t40/ratio_full/biot/summary.json
SEED_FRA_within_subject_linear_downsample,biot,seed_42_downsample_t40,SEED_FRA,within_subject,42,0.36577463813794625,0.3333333333333333,balanced_chance,Cognition & Emotion,认知与情绪,情绪识别,SEED-FRA,/benchmark-eeg/5.0_version/result_5/linear_downsample/SEED_FRA_within_subject_linear_downsample/seed_42_downsample_t40/ratio_full/biot/summary.json
SEED_FRA_within_subject_linear_downsample,biot,seed_5_downsample_t40,SEED_FRA,within_subject,5,0.3803142136139448,0.3333333333333333,balanced_chance,Cognition & Emotion,认知与情绪,情绪识别,SEED-FRA,/benchmark-eeg/5.0_version/result_5/linear_downsample/SEED_FRA_within_subject_linear_downsample/seed_5_downsample_t40/ratio_full/biot/summary.json
SEED_FRA_within_subject_linear_downsample,brainomni,seed_10_downsample_t40,SEED_FRA,within_subject,10,0.364871137849079,0.3333333333333333,balanced_chance,Cognition & Emotion,认知与情绪,情绪识别,SEED-FRA,/benchmark-eeg/5.0_version/result_5/linear_downsample/SEED_FRA_within_subject_linear_downsample/seed_10_downsample_t40/ratio_full/brainomni/summary.json
SEED_FRA_within_subject_linear_downsample,brainomni,seed_42_downsample_t40,SEED_FRA,within_subject,42,0.4025340269620183,0.3333333333333333,balanced_chance,Cognition & Emotion,认知与情绪,情绪识别,SEED-FRA,/benchmark-eeg/5.0_version/result_5/linear_downsample/SEED_FRA_within_subject_linear_downsample/seed_42_downsample_t40/ratio_full/brainomni/summary.json
SEED_FRA_within_subject_linear_downsample,brainomni,seed_5_downsample_t40,SEED_FRA,within_subject,5,0.35456142796638707,0.3333333333333333,balanced_chance,Cognition & Emotion,认知与情绪,情绪识别,SEED-FRA,/benchmark-eeg/5.0_version/result_5/linear_downsample/SEED_FRA_within_subject_linear_downsample/seed_5_downsample_t40/ratio_full/brainomni/summary.json
SEED_FRA_within_subject_linear_downsample,cbramod,seed_10_downsample_t40,SEED_FRA,within_subject,10,0.4254877429452102,0.3333333333333333,balanced_chance,Cognition & Emotion,认知与情绪,情绪识别,SEED-FRA,/benchmark-eeg/5.0_version/result_5/linear_downsample/SEED_FRA_within_subject_linear_downsample/seed_10_downsample_t40/ratio_full/cbramod/summary.json
SEED_FRA_within_subject_linear_downsample,cbramod,seed_42_downsample_t40,SEED_FRA,within_subject,42,0.4081947730723625,0.3333333333333333,balanced_chance,Cognition & Emotion,认知与情绪,情绪识别,SEED-FRA,/benchmark-eeg/5.0_version/result_5/linear_downsample/SEED_FRA_within_subject_linear_downsample/seed_42_downsample_t40/ratio_full/cbramod/summary.json
SEED_FRA_within_subject_linear_downsample,cbramod,seed_5_downsample_t40,SEED_FRA,within_subject,5,0.40838707394983437,0.3333333333333333,balanced_chance,Cognition & Emotion,认知与情绪,情绪识别,SEED-FRA,/benchmark-eeg/5.0_version/result_5/linear_downsample/SEED_FRA_within_subject_linear_downsample/seed_5_downsample_t40/ratio_full/cbramod/summary.json
SEED_FRA_within_subject_linear_downsample,eegmamba,seed_10_downsample_t40,SEED_FRA,within_subject,10,0.34599654824546217,0.3333333333333333,balanced_chance,Cognition & Emotion,认知与情绪,情绪识别,SEED-FRA,/benchmark-eeg/5.0_version/result_5/linear_downsample/SEED_FRA_within_subject_linear_downsample/seed_10_downsample_t40/ratio_full/eegmamba/summary.json
SEED_FRA_within_subject_linear_downsample,eegmamba,seed_42_downsample_t40,SEED_FRA,within_subject,42,0.3432690342253446,0.3333333333333333,balanced_chance,Cognition & Emotion,认知与情绪,情绪识别,SEED-FRA,/benchmark-eeg/5.0_version/result_5/linear_downsample/SEED_FRA_within_subject_linear_downsample/seed_42_downsample_t40/ratio_full/eegmamba/summary.json
SEED_FRA_within_subject_linear_downsample,eegmamba,seed_5_downsample_t40,SEED_FRA,within_subject,5,0.3842601111316693,0.3333333333333333,balanced_chance,Cognition & Emotion,认知与情绪,情绪识别,SEED-FRA,/benchmark-eeg/5.0_version/result_5/linear_downsample/SEED_FRA_within_subject_linear_downsample/seed_5_downsample_t40/ratio_full/eegmamba/summary.json
SEED_FRA_within_subject_linear_downsample,femba,seed_10_downsample_t40,SEED_FRA,within_subject,10,0.3889581391175218,0.3333333333333333,balanced_chance,Cognition & Emotion,认知与情绪,情绪识别,SEED-FRA,/benchmark-eeg/5.0_version/result_5/linear_downsample/SEED_FRA_within_subject_linear_downsample/seed_10_downsample_t40/ratio_full/femba/summary.json
SEED_FRA_within_subject_linear_downsample,femba,seed_42_downsample_t40,SEED_FRA,within_subject,42,0.3863562580128003,0.3333333333333333,balanced_chance,Cognition & Emotion,认知与情绪,情绪识别,SEED-FRA,/benchmark-eeg/5.0_version/result_5/linear_downsample/SEED_FRA_within_subject_linear_downsample/seed_42_downsample_t40/ratio_full/femba/summary.json
SEED_FRA_within_subject_linear_downsample,femba,seed_5_downsample_t40,SEED_FRA,within_subject,5,0.3438188285455166,0.3333333333333333,balanced_chance,Cognition & Emotion,认知与情绪,情绪识别,SEED-FRA,/benchmark-eeg/5.0_version/result_5/linear_downsample/SEED_FRA_within_subject_linear_downsample/seed_5_downsample_t40/ratio_full/femba/summary.json
SEED_FRA_within_subject_linear_downsample,labram,seed_10_downsample_t40,SEED_FRA,within_subject,10,0.286996486391036,0.3333333333333333,balanced_chance,Cognition & Emotion,认知与情绪,情绪识别,SEED-FRA,/benchmark-eeg/5.0_version/result_5/linear_downsample/SEED_FRA_within_subject_linear_downsample/seed_10_downsample_t40/ratio_full/labram/summary.json
SEED_FRA_within_subject_linear_downsample,labram,seed_42_downsample_t40,SEED_FRA,within_subject,42,0.39500216115484516,0.3333333333333333,balanced_chance,Cognition & Emotion,认知与情绪,情绪识别,SEED-FRA,/benchmark-eeg/5.0_version/result_5/linear_downsample/SEED_FRA_within_subject_linear_downsample/seed_42_downsample_t40/ratio_full/labram/summary.json
SEED_FRA_within_subject_linear_downsample,labram,seed_5_downsample_t40,SEED_FRA,within_subject,5,0.3379481602812169,0.3333333333333333,balanced_chance,Cognition & Emotion,认知与情绪,情绪识别,SEED-FRA,/benchmark-eeg/5.0_version/result_5/linear_downsample/SEED_FRA_within_subject_linear_downsample/seed_5_downsample_t40/ratio_full/labram/summary.json
SEED_FRA_within_subject_linear_downsample,neurogpt,seed_10_downsample_t40,SEED_FRA,within_subject,10,0.36162045289157724,0.3333333333333333,balanced_chance,Cognition & Emotion,认知与情绪,情绪识别,SEED-FRA,/benchmark-eeg/5.0_version/result_5/linear_downsample/SEED_FRA_within_subject_linear_downsample/seed_10_downsample_t40/ratio_full/neurogpt/summary.json
SEED_FRA_within_subject_linear_downsample,neurogpt,seed_42_downsample_t40,SEED_FRA,within_subject,42,0.3443733089129554,0.3333333333333333,balanced_chance,Cognition & Emotion,认知与情绪,情绪识别,SEED-FRA,/benchmark-eeg/5.0_version/result_5/linear_downsample/SEED_FRA_within_subject_linear_downsample/seed_42_downsample_t40/ratio_full/neurogpt/summary.json
SEED_FRA_within_subject_linear_downsample,neurogpt,seed_5_downsample_t40,SEED_FRA,within_subject,5,0.33354464457457667,0.3333333333333333,balanced_chance,Cognition & Emotion,认知与情绪,情绪识别,SEED-FRA,/benchmark-eeg/5.0_version/result_5/linear_downsample/SEED_FRA_within_subject_linear_downsample/seed_5_downsample_t40/ratio_full/neurogpt/summary.json
SEED_FRA_within_subject_linear_downsample,neurolm,seed_10_downsample_t40,SEED_FRA,within_subject,10,0.31557222231713544,0.3333333333333333,balanced_chance,Cognition & Emotion,认知与情绪,情绪识别,SEED-FRA,/benchmark-eeg/5.0_version/result_5/linear_downsample/SEED_FRA_within_subject_linear_downsample/seed_10_downsample_t40/ratio_full/neurolm/summary.json
SEED_FRA_within_subject_linear_downsample,neurolm,seed_42_downsample_t40,SEED_FRA,within_subject,42,0.2745600404746224,0.3333333333333333,balanced_chance,Cognition & Emotion,认知与情绪,情绪识别,SEED-FRA,/benchmark-eeg/5.0_version/result_5/linear_downsample/SEED_FRA_within_subject_linear_downsample/seed_42_downsample_t40/ratio_full/neurolm/summary.json
SEED_FRA_within_subject_linear_downsample,neurolm,seed_5_downsample_t40,SEED_FRA,within_subject,5,0.2841917024320458,0.3333333333333333,balanced_chance,Cognition & Emotion,认知与情绪,情绪识别,SEED-FRA,/benchmark-eeg/5.0_version/result_5/linear_downsample/SEED_FRA_within_subject_linear_downsample/seed_5_downsample_t40/ratio_full/neurolm/summary.json
SEED_FRA_within_subject_linear_downsample,reve,seed_10_downsample_t40,SEED_FRA,within_subject,10,0.23323053712840114,0.3333333333333333,balanced_chance,Cognition & Emotion,认知与情绪,情绪识别,SEED-FRA,/benchmark-eeg/5.0_version/result_5/linear_downsample/SEED_FRA_within_subject_linear_downsample/seed_10_downsample_t40/ratio_full/reve/summary.json
SEED_FRA_within_subject_linear_downsample,reve,seed_42_downsample_t40,SEED_FRA,within_subject,42,0.26063482208030614,0.3333333333333333,balanced_chance,Cognition & Emotion,认知与情绪,情绪识别,SEED-FRA,/benchmark-eeg/5.0_version/result_5/linear_downsample/SEED_FRA_within_subject_linear_downsample/seed_42_downsample_t40/ratio_full/reve/summary.json
SEED_FRA_within_subject_linear_downsample,reve,seed_5_downsample_t40,SEED_FRA,within_subject,5,0.28805161311163574,0.3333333333333333,balanced_chance,Cognition & Emotion,认知与情绪,情绪识别,SEED-FRA,/benchmark-eeg/5.0_version/result_5/linear_downsample/SEED_FRA_within_subject_linear_downsample/seed_5_downsample_t40/ratio_full/reve/summary.json
SEED_VII_within_subject_linear_downsample,bendr,seed_10_downsample_t40,SEED_VII,within_subject,10,0.1370043288157987,0.1428571428571428,balanced_chance,Unknown,Unknown,Unknown,,/benchmark-eeg/5.0_version/result_5/linear_downsample/SEED_VII_within_subject_linear_downsample/seed_10_downsample_t40/ratio_full/bendr/summary.json
SEED_VII_within_subject_linear_downsample,bendr,seed_42_downsample_t40,SEED_VII,within_subject,42,0.13384417484324024,0.1428571428571428,balanced_chance,Unknown,Unknown,Unknown,,/benchmark-eeg/5.0_version/result_5/linear_downsample/SEED_VII_within_subject_linear_downsample/seed_42_downsample_t40/ratio_full/bendr/summary.json
SEED_VII_within_subject_linear_downsample,bendr,seed_5_downsample_t40,SEED_VII,within_subject,5,0.16305575551053292,0.1428571428571428,balanced_chance,Unknown,Unknown,Unknown,,/benchmark-eeg/5.0_version/result_5/linear_downsample/SEED_VII_within_subject_linear_downsample/seed_5_downsample_t40/ratio_full/bendr/summary.json
SEED_VII_within_subject_linear_downsample,biot,seed_10_downsample_t40,SEED_VII,within_subject,10,0.1333570905771433,0.1428571428571428,balanced_chance,Unknown,Unknown,Unknown,,/benchmark-eeg/5.0_version/result_5/linear_downsample/SEED_VII_within_subject_linear_downsample/seed_10_downsample_t40/ratio_full/biot/summary.json
SEED_VII_within_subject_linear_downsample,biot,seed_42_downsample_t40,SEED_VII,within_subject,42,0.15266388130718592,0.1428571428571428,balanced_chance,Unknown,Unknown,Unknown,,/benchmark-eeg/5.0_version/result_5/linear_downsample/SEED_VII_within_subject_linear_downsample/seed_42_downsample_t40/ratio_full/biot/summary.json
SEED_VII_within_subject_linear_downsample,biot,seed_5_downsample_t40,SEED_VII,within_subject,5,0.16341185653064524,0.1428571428571428,balanced_chance,Unknown,Unknown,Unknown,,/benchmark-eeg/5.0_version/result_5/linear_downsample/SEED_VII_within_subject_linear_downsample/seed_5_downsample_t40/ratio_full/biot/summary.json
SEED_VII_within_subject_linear_downsample,brainomni,seed_10_downsample_t40,SEED_VII,within_subject,10,0.18138441453259938,0.1428571428571428,balanced_chance,Unknown,Unknown,Unknown,,/benchmark-eeg/5.0_version/result_5/linear_downsample/SEED_VII_within_subject_linear_downsample/seed_10_downsample_t40/ratio_full/brainomni/summary.json
SEED_VII_within_subject_linear_downsample,brainomni,seed_42_downsample_t40,SEED_VII,within_subject,42,0.19947125006925456,0.1428571428571428,balanced_chance,Unknown,Unknown,Unknown,,/benchmark-eeg/5.0_version/result_5/linear_downsample/SEED_VII_within_subject_linear_downsample/seed_42_downsample_t40/ratio_full/brainomni/summary.json
SEED_VII_within_subject_linear_downsample,brainomni,seed_5_downsample_t40,SEED_VII,within_subject,5,0.1881951645607046,0.1428571428571428,balanced_chance,Unknown,Unknown,Unknown,,/benchmark-eeg/5.0_version/result_5/linear_downsample/SEED_VII_within_subject_linear_downsample/seed_5_downsample_t40/ratio_full/brainomni/summary.json
SEED_VII_within_subject_linear_downsample,cbramod,seed_10_downsample_t40,SEED_VII,within_subject,10,0.1368485773080332,0.1428571428571428,balanced_chance,Unknown,Unknown,Unknown,,/benchmark-eeg/5.0_version/result_5/linear_downsample/SEED_VII_within_subject_linear_downsample/seed_10_downsample_t40/ratio_full/cbramod/summary.json
SEED_VII_within_subject_linear_downsample,cbramod,seed_42_downsample_t40,SEED_VII,within_subject,42,0.13803925673117184,0.1428571428571428,balanced_chance,Unknown,Unknown,Unknown,,/benchmark-eeg/5.0_version/result_5/linear_downsample/SEED_VII_within_subject_linear_downsample/seed_42_downsample_t40/ratio_full/cbramod/summary.json
SEED_VII_within_subject_linear_downsample,cbramod,seed_5_downsample_t40,SEED_VII,within_subject,5,0.14891965822828862,0.1428571428571428,balanced_chance,Unknown,Unknown,Unknown,,/benchmark-eeg/5.0_version/result_5/linear_downsample/SEED_VII_within_subject_linear_downsample/seed_5_downsample_t40/ratio_full/cbramod/summary.json
SEED_VII_within_subject_linear_downsample,eegmamba,seed_10_downsample_t40,SEED_VII,within_subject,10,0.14708518788322847,0.1428571428571428,balanced_chance,Unknown,Unknown,Unknown,,/benchmark-eeg/5.0_version/result_5/linear_downsample/SEED_VII_within_subject_linear_downsample/seed_10_downsample_t40/ratio_full/eegmamba/summary.json
SEED_VII_within_subject_linear_downsample,eegmamba,seed_42_downsample_t40,SEED_VII,within_subject,42,0.11045142647953995,0.1428571428571428,balanced_chance,Unknown,Unknown,Unknown,,/benchmark-eeg/5.0_version/result_5/linear_downsample/SEED_VII_within_subject_linear_downsample/seed_42_downsample_t40/ratio_full/eegmamba/summary.json
SEED_VII_within_subject_linear_downsample,eegmamba,seed_5_downsample_t40,SEED_VII,within_subject,5,0.17300835242363272,0.1428571428571428,balanced_chance,Unknown,Unknown,Unknown,,/benchmark-eeg/5.0_version/result_5/linear_downsample/SEED_VII_within_subject_linear_downsample/seed_5_downsample_t40/ratio_full/eegmamba/summary.json
SEED_VII_within_subject_linear_downsample,femba,seed_10_downsample_t40,SEED_VII,within_subject,10,0.13813989619582415,0.1428571428571428,balanced_chance,Unknown,Unknown,Unknown,,/benchmark-eeg/5.0_version/result_5/linear_downsample/SEED_VII_within_subject_linear_downsample/seed_10_downsample_t40/ratio_full/femba/summary.json
SEED_VII_within_subject_linear_downsample,femba,seed_42_downsample_t40,SEED_VII,within_subject,42,0.15785111217041048,0.1428571428571428,balanced_chance,Unknown,Unknown,Unknown,,/benchmark-eeg/5.0_version/result_5/linear_downsample/SEED_VII_within_subject_linear_downsample/seed_42_downsample_t40/ratio_full/femba/summary.json
SEED_VII_within_subject_linear_downsample,femba,seed_5_downsample_t40,SEED_VII,within_subject,5,0.14630390856846684,0.1428571428571428,balanced_chance,Unknown,Unknown,Unknown,,/benchmark-eeg/5.0_version/result_5/linear_downsample/SEED_VII_within_subject_linear_downsample/seed_5_downsample_t40/ratio_full/femba/summary.json
SEED_VII_within_subject_linear_downsample,labram,seed_10_downsample_t40,SEED_VII,within_subject,10,0.17265019578027013,0.1428571428571428,balanced_chance,Unknown,Unknown,Unknown,,/benchmark-eeg/5.0_version/result_5/linear_downsample/SEED_VII_within_subject_linear_downsample/seed_10_downsample_t40/ratio_full/labram/summary.json
SEED_VII_within_subject_linear_downsample,labram,seed_42_downsample_t40,SEED_VII,within_subject,42,0.15613492972621437,0.1428571428571428,balanced_chance,Unknown,Unknown,Unknown,,/benchmark-eeg/5.0_version/result_5/linear_downsample/SEED_VII_within_subject_linear_downsample/seed_42_downsample_t40/ratio_full/labram/summary.json
SEED_VII_within_subject_linear_downsample,labram,seed_5_downsample_t40,SEED_VII,within_subject,5,0.17573120384990668,0.1428571428571428,balanced_chance,Unknown,Unknown,Unknown,,/benchmark-eeg/5.0_version/result_5/linear_downsample/SEED_VII_within_subject_linear_downsample/seed_5_downsample_t40/ratio_full/labram/summary.json
SEED_VII_within_subject_linear_downsample,neurogpt,seed_10_downsample_t40,SEED_VII,within_subject,10,0.14958029237102713,0.1428571428571428,balanced_chance,Unknown,Unknown,Unknown,,/benchmark-eeg/5.0_version/result_5/linear_downsample/SEED_VII_within_subject_linear_downsample/seed_10_downsample_t40/ratio_full/neurogpt/summary.json
SEED_VII_within_subject_linear_downsample,neurogpt,seed_42_downsample_t40,SEED_VII,within_subject,42,0.12064405812608021,0.1428571428571428,balanced_chance,Unknown,Unknown,Unknown,,/benchmark-eeg/5.0_version/result_5/linear_downsample/SEED_VII_within_subject_linear_downsample/seed_42_downsample_t40/ratio_full/neurogpt/summary.json
SEED_VII_within_subject_linear_downsample,neurogpt,seed_5_downsample_t40,SEED_VII,within_subject,5,0.17427453605020746,0.1428571428571428,balanced_chance,Unknown,Unknown,Unknown,,/benchmark-eeg/5.0_version/result_5/linear_downsample/SEED_VII_within_subject_linear_downsample/seed_5_downsample_t40/ratio_full/neurogpt/summary.json
SEED_VII_within_subject_linear_downsample,neurolm,seed_10_downsample_t40,SEED_VII,within_subject,10,0.17514894951449486,0.1428571428571428,balanced_chance,Unknown,Unknown,Unknown,,/benchmark-eeg/5.0_version/result_5/linear_downsample/SEED_VII_within_subject_linear_downsample/seed_10_downsample_t40/ratio_full/neurolm/summary.json
SEED_VII_within_subject_linear_downsample,neurolm,seed_42_downsample_t40,SEED_VII,within_subject,42,0.1325024498676633,0.1428571428571428,balanced_chance,Unknown,Unknown,Unknown,,/benchmark-eeg/5.0_version/result_5/linear_downsample/SEED_VII_within_subject_linear_downsample/seed_42_downsample_t40/ratio_full/neurolm/summary.json
SEED_VII_within_subject_linear_downsample,neurolm,seed_5_downsample_t40,SEED_VII,within_subject,5,0.14645366765260157,0.1428571428571428,balanced_chance,Unknown,Unknown,Unknown,,/benchmark-eeg/5.0_version/result_5/linear_downsample/SEED_VII_within_subject_linear_downsample/seed_5_downsample_t40/ratio_full/neurolm/summary.json
SEED_VII_within_subject_linear_downsample,reve,seed_10_downsample_t40,SEED_VII,within_subject,10,0.14340446154921313,0.1428571428571428,balanced_chance,Unknown,Unknown,Unknown,,/benchmark-eeg/5.0_version/result_5/linear_downsample/SEED_VII_within_subject_linear_downsample/seed_10_downsample_t40/ratio_full/reve/summary.json
SEED_VII_within_subject_linear_downsample,reve,seed_42_downsample_t40,SEED_VII,within_subject,42,0.1406690435438183,0.1428571428571428,balanced_chance,Unknown,Unknown,Unknown,,/benchmark-eeg/5.0_version/result_5/linear_downsample/SEED_VII_within_subject_linear_downsample/seed_42_downsample_t40/ratio_full/reve/summary.json
SEED_VII_within_subject_linear_downsample,reve,seed_5_downsample_t40,SEED_VII,within_subject,5,0.13166014119822542,0.1428571428571428,balanced_chance,Unknown,Unknown,Unknown,,/benchmark-eeg/5.0_version/result_5/linear_downsample/SEED_VII_within_subject_linear_downsample/seed_5_downsample_t40/ratio_full/reve/summary.json
SEED_within_subject_linear_downsample,bendr,seed_10_downsample_t40,SEED,within_subject,10,0.3257783202471824,0.3333333333333333,balanced_chance,Cognition & Emotion,认知与情绪,情绪识别,SEED,/benchmark-eeg/5.0_version/result_5/linear_downsample/SEED_within_subject_linear_downsample/seed_10_downsample_t40/ratio_full/bendr/summary.json
SEED_within_subject_linear_downsample,bendr,seed_42_downsample_t40,SEED,within_subject,42,0.2226890756302521,0.3333333333333333,balanced_chance,Cognition & Emotion,认知与情绪,情绪识别,SEED,/benchmark-eeg/5.0_version/result_5/linear_downsample/SEED_within_subject_linear_downsample/seed_42_downsample_t40/ratio_full/bendr/summary.json
SEED_within_subject_linear_downsample,bendr,seed_5_downsample_t40,SEED,within_subject,5,0.32322542201108395,0.3333333333333333,balanced_chance,Cognition & Emotion,认知与情绪,情绪识别,SEED,/benchmark-eeg/5.0_version/result_5/linear_downsample/SEED_within_subject_linear_downsample/seed_5_downsample_t40/ratio_full/bendr/summary.json
SEED_within_subject_linear_downsample,biot,seed_10_downsample_t40,SEED,within_subject,10,0.4216066705810187,0.3333333333333333,balanced_chance,Cognition & Emotion,认知与情绪,情绪识别,SEED,/benchmark-eeg/5.0_version/result_5/linear_downsample/SEED_within_subject_linear_downsample/seed_10_downsample_t40/ratio_full/biot/summary.json
SEED_within_subject_linear_downsample,biot,seed_42_downsample_t40,SEED,within_subject,42,0.5449943422071347,0.3333333333333333,balanced_chance,Cognition & Emotion,认知与情绪,情绪识别,SEED,/benchmark-eeg/5.0_version/result_5/linear_downsample/SEED_within_subject_linear_downsample/seed_42_downsample_t40/ratio_full/biot/summary.json
SEED_within_subject_linear_downsample,biot,seed_5_downsample_t40,SEED,within_subject,5,0.3915457490829016,0.3333333333333333,balanced_chance,Cognition & Emotion,认知与情绪,情绪识别,SEED,/benchmark-eeg/5.0_version/result_5/linear_downsample/SEED_within_subject_linear_downsample/seed_5_downsample_t40/ratio_full/biot/summary.json
SEED_within_subject_linear_downsample,brainomni,seed_10_downsample_t40,SEED,within_subject,10,0.4449920474876759,0.3333333333333333,balanced_chance,Cognition & Emotion,认知与情绪,情绪识别,SEED,/benchmark-eeg/5.0_version/result_5/linear_downsample/SEED_within_subject_linear_downsample/seed_10_downsample_t40/ratio_full/brainomni/summary.json
SEED_within_subject_linear_downsample,brainomni,seed_42_downsample_t40,SEED,within_subject,42,0.6077798474885908,0.3333333333333333,balanced_chance,Cognition & Emotion,认知与情绪,情绪识别,SEED,/benchmark-eeg/5.0_version/result_5/linear_downsample/SEED_within_subject_linear_downsample/seed_42_downsample_t40/ratio_full/brainomni/summary.json
SEED_within_subject_linear_downsample,brainomni,seed_5_downsample_t40,SEED,within_subject,5,0.3997543559343206,0.3333333333333333,balanced_chance,Cognition & Emotion,认知与情绪,情绪识别,SEED,/benchmark-eeg/5.0_version/result_5/linear_downsample/SEED_within_subject_linear_downsample/seed_5_downsample_t40/ratio_full/brainomni/summary.json
SEED_within_subject_linear_downsample,cbramod,seed_10_downsample_t40,SEED,within_subject,10,0.5355617846039302,0.3333333333333333,balanced_chance,Cognition & Emotion,认知与情绪,情绪识别,SEED,/benchmark-eeg/5.0_version/result_5/linear_downsample/SEED_within_subject_linear_downsample/seed_10_downsample_t40/ratio_full/cbramod/summary.json
SEED_within_subject_linear_downsample,cbramod,seed_42_downsample_t40,SEED,within_subject,42,0.5642687613497192,0.3333333333333333,balanced_chance,Cognition & Emotion,认知与情绪,情绪识别,SEED,/benchmark-eeg/5.0_version/result_5/linear_downsample/SEED_within_subject_linear_downsample/seed_42_downsample_t40/ratio_full/cbramod/summary.json
SEED_within_subject_linear_downsample,cbramod,seed_5_downsample_t40,SEED,within_subject,5,0.27337648836643647,0.3333333333333333,balanced_chance,Cognition & Emotion,认知与情绪,情绪识别,SEED,/benchmark-eeg/5.0_version/result_5/linear_downsample/SEED_within_subject_linear_downsample/seed_5_downsample_t40/ratio_full/cbramod/summary.json
SEED_within_subject_linear_downsample,eegmamba,seed_10_downsample_t40,SEED,within_subject,10,0.4222223621783178,0.3333333333333333,balanced_chance,Cognition & Emotion,认知与情绪,情绪识别,SEED,/benchmark-eeg/5.0_version/result_5/linear_downsample/SEED_within_subject_linear_downsample/seed_10_downsample_t40/ratio_full/eegmamba/summary.json
SEED_within_subject_linear_downsample,eegmamba,seed_42_downsample_t40,SEED,within_subject,42,0.48133164126008493,0.3333333333333333,balanced_chance,Cognition & Emotion,认知与情绪,情绪识别,SEED,/benchmark-eeg/5.0_version/result_5/linear_downsample/SEED_within_subject_linear_downsample/seed_42_downsample_t40/ratio_full/eegmamba/summary.json
SEED_within_subject_linear_downsample,eegmamba,seed_5_downsample_t40,SEED,within_subject,5,0.30676378942665955,0.3333333333333333,balanced_chance,Cognition & Emotion,认知与情绪,情绪识别,SEED,/benchmark-eeg/5.0_version/result_5/linear_downsample/SEED_within_subject_linear_downsample/seed_5_downsample_t40/ratio_full/eegmamba/summary.json
SEED_within_subject_linear_downsample,femba,seed_10_downsample_t40,SEED,within_subject,10,0.40659312943025977,0.3333333333333333,balanced_chance,Cognition & Emotion,认知与情绪,情绪识别,SEED,/benchmark-eeg/5.0_version/result_5/linear_downsample/SEED_within_subject_linear_downsample/seed_10_downsample_t40/ratio_full/femba/summary.json
SEED_within_subject_linear_downsample,femba,seed_42_downsample_t40,SEED,within_subject,42,0.5678277153558052,0.3333333333333333,balanced_chance,Cognition & Emotion,认知与情绪,情绪识别,SEED,/benchmark-eeg/5.0_version/result_5/linear_downsample/SEED_within_subject_linear_downsample/seed_42_downsample_t40/ratio_full/femba/summary.json
SEED_within_subject_linear_downsample,femba,seed_5_downsample_t40,SEED,within_subject,5,0.32135054111258765,0.3333333333333333,balanced_chance,Cognition & Emotion,认知与情绪,情绪识别,SEED,/benchmark-eeg/5.0_version/result_5/linear_downsample/SEED_within_subject_linear_downsample/seed_5_downsample_t40/ratio_full/femba/summary.json
SEED_within_subject_linear_downsample,labram,seed_10_downsample_t40,SEED,within_subject,10,0.44342423543879445,0.3333333333333333,balanced_chance,Cognition & Emotion,认知与情绪,情绪识别,SEED,/benchmark-eeg/5.0_version/result_5/linear_downsample/SEED_within_subject_linear_downsample/seed_10_downsample_t40/ratio_full/labram/summary.json
SEED_within_subject_linear_downsample,labram,seed_42_downsample_t40,SEED,within_subject,42,0.5096630725145787,0.3333333333333333,balanced_chance,Cognition & Emotion,认知与情绪,情绪识别,SEED,/benchmark-eeg/5.0_version/result_5/linear_downsample/SEED_within_subject_linear_downsample/seed_42_downsample_t40/ratio_full/labram/summary.json
SEED_within_subject_linear_downsample,labram,seed_5_downsample_t40,SEED,within_subject,5,0.4083113358384598,0.3333333333333333,balanced_chance,Cognition & Emotion,认知与情绪,情绪识别,SEED,/benchmark-eeg/5.0_version/result_5/linear_downsample/SEED_within_subject_linear_downsample/seed_5_downsample_t40/ratio_full/labram/summary.json
SEED_within_subject_linear_downsample,neurogpt,seed_10_downsample_t40,SEED,within_subject,10,0.3457622374449159,0.3333333333333333,balanced_chance,Cognition & Emotion,认知与情绪,情绪识别,SEED,/benchmark-eeg/5.0_version/result_5/linear_downsample/SEED_within_subject_linear_downsample/seed_10_downsample_t40/ratio_full/neurogpt/summary.json
SEED_within_subject_linear_downsample,neurogpt,seed_42_downsample_t40,SEED,within_subject,42,0.4258676955868143,0.3333333333333333,balanced_chance,Cognition & Emotion,认知与情绪,情绪识别,SEED,/benchmark-eeg/5.0_version/result_5/linear_downsample/SEED_within_subject_linear_downsample/seed_42_downsample_t40/ratio_full/neurogpt/summary.json
SEED_within_subject_linear_downsample,neurogpt,seed_5_downsample_t40,SEED,within_subject,5,0.4479832065832959,0.3333333333333333,balanced_chance,Cognition & Emotion,认知与情绪,情绪识别,SEED,/benchmark-eeg/5.0_version/result_5/linear_downsample/SEED_within_subject_linear_downsample/seed_5_downsample_t40/ratio_full/neurogpt/summary.json
SEED_within_subject_linear_downsample,neurolm,seed_10_downsample_t40,SEED,within_subject,10,0.5536954245728055,0.3333333333333333,balanced_chance,Cognition & Emotion,认知与情绪,情绪识别,SEED,/benchmark-eeg/5.0_version/result_5/linear_downsample/SEED_within_subject_linear_downsample/seed_10_downsample_t40/ratio_full/neurolm/summary.json
SEED_within_subject_linear_downsample,neurolm,seed_42_downsample_t40,SEED,within_subject,42,0.4674063851394365,0.3333333333333333,balanced_chance,Cognition & Emotion,认知与情绪,情绪识别,SEED,/benchmark-eeg/5.0_version/result_5/linear_downsample/SEED_within_subject_linear_downsample/seed_42_downsample_t40/ratio_full/neurolm/summary.json
SEED_within_subject_linear_downsample,neurolm,seed_5_downsample_t40,SEED,within_subject,5,0.379221876844986,0.3333333333333333,balanced_chance,Cognition & Emotion,认知与情绪,情绪识别,SEED,/benchmark-eeg/5.0_version/result_5/linear_downsample/SEED_within_subject_linear_downsample/seed_5_downsample_t40/ratio_full/neurolm/summary.json
SEED_within_subject_linear_downsample,reve,seed_10_downsample_t40,SEED,within_subject,10,0.3195119965066764,0.3333333333333333,balanced_chance,Cognition & Emotion,认知与情绪,情绪识别,SEED,/benchmark-eeg/5.0_version/result_5/linear_downsample/SEED_within_subject_linear_downsample/seed_10_downsample_t40/ratio_full/reve/summary.json
SEED_within_subject_linear_downsample,reve,seed_42_downsample_t40,SEED,within_subject,42,0.3482575602943596,0.3333333333333333,balanced_chance,Cognition & Emotion,认知与情绪,情绪识别,SEED,/benchmark-eeg/5.0_version/result_5/linear_downsample/SEED_within_subject_linear_downsample/seed_42_downsample_t40/ratio_full/reve/summary.json
SEED_within_subject_linear_downsample,reve,seed_5_downsample_t40,SEED,within_subject,5,0.3179177711652928,0.3333333333333333,balanced_chance,Cognition & Emotion,认知与情绪,情绪识别,SEED,/benchmark-eeg/5.0_version/result_5/linear_downsample/SEED_within_subject_linear_downsample/seed_5_downsample_t40/ratio_full/reve/summary.json
SHU_MI_within_subject_linear_downsample,bendr,seed_10_downsample_t40,SHU_MI,within_subject,10,0.46767687058415597,0.5,balanced_chance,Interaction & Control,交互与控制,运动想象（MI）控制,SHU-MI,/benchmark-eeg/5.0_version/result_5/linear_downsample/SHU_MI_within_subject_linear_downsample/seed_10_downsample_t40/ratio_full/bendr/summary.json
SHU_MI_within_subject_linear_downsample,bendr,seed_42_downsample_t40,SHU_MI,within_subject,42,0.49232709690981713,0.5,balanced_chance,Interaction & Control,交互与控制,运动想象（MI）控制,SHU-MI,/benchmark-eeg/5.0_version/result_5/linear_downsample/SHU_MI_within_subject_linear_downsample/seed_42_downsample_t40/ratio_full/bendr/summary.json
SHU_MI_within_subject_linear_downsample,bendr,seed_5_downsample_t40,SHU_MI,within_subject,5,0.5108646070910222,0.5,balanced_chance,Interaction & Control,交互与控制,运动想象（MI）控制,SHU-MI,/benchmark-eeg/5.0_version/result_5/linear_downsample/SHU_MI_within_subject_linear_downsample/seed_5_downsample_t40/ratio_full/bendr/summary.json
SHU_MI_within_subject_linear_downsample,biot,seed_10_downsample_t40,SHU_MI,within_subject,10,0.5223313272093759,0.5,balanced_chance,Interaction & Control,交互与控制,运动想象（MI）控制,SHU-MI,/benchmark-eeg/5.0_version/result_5/linear_downsample/SHU_MI_within_subject_linear_downsample/seed_10_downsample_t40/ratio_full/biot/summary.json
SHU_MI_within_subject_linear_downsample,biot,seed_42_downsample_t40,SHU_MI,within_subject,42,0.5089101445717642,0.5,balanced_chance,Interaction & Control,交互与控制,运动想象（MI）控制,SHU-MI,/benchmark-eeg/5.0_version/result_5/linear_downsample/SHU_MI_within_subject_linear_downsample/seed_42_downsample_t40/ratio_full/biot/summary.json
SHU_MI_within_subject_linear_downsample,biot,seed_5_downsample_t40,SHU_MI,within_subject,5,0.5150784374471921,0.5,balanced_chance,Interaction & Control,交互与控制,运动想象（MI）控制,SHU-MI,/benchmark-eeg/5.0_version/result_5/linear_downsample/SHU_MI_within_subject_linear_downsample/seed_5_downsample_t40/ratio_full/biot/summary.json
SHU_MI_within_subject_linear_downsample,brainomni,seed_10_downsample_t40,SHU_MI,within_subject,10,0.5699158070129033,0.5,balanced_chance,Interaction & Control,交互与控制,运动想象（MI）控制,SHU-MI,/benchmark-eeg/5.0_version/result_5/linear_downsample/SHU_MI_within_subject_linear_downsample/seed_10_downsample_t40/ratio_full/brainomni/summary.json
SHU_MI_within_subject_linear_downsample,brainomni,seed_42_downsample_t40,SHU_MI,within_subject,42,0.5427846562962161,0.5,balanced_chance,Interaction & Control,交互与控制,运动想象（MI）控制,SHU-MI,/benchmark-eeg/5.0_version/result_5/linear_downsample/SHU_MI_within_subject_linear_downsample/seed_42_downsample_t40/ratio_full/brainomni/summary.json
SHU_MI_within_subject_linear_downsample,brainomni,seed_5_downsample_t40,SHU_MI,within_subject,5,0.5785324270597325,0.5,balanced_chance,Interaction & Control,交互与控制,运动想象（MI）控制,SHU-MI,/benchmark-eeg/5.0_version/result_5/linear_downsample/SHU_MI_within_subject_linear_downsample/seed_5_downsample_t40/ratio_full/brainomni/summary.json
SHU_MI_within_subject_linear_downsample,cbramod,seed_10_downsample_t40,SHU_MI,within_subject,10,0.48419218043711265,0.5,balanced_chance,Interaction & Control,交互与控制,运动想象（MI）控制,SHU-MI,/benchmark-eeg/5.0_version/result_5/linear_downsample/SHU_MI_within_subject_linear_downsample/seed_10_downsample_t40/ratio_full/cbramod/summary.json
SHU_MI_within_subject_linear_downsample,cbramod,seed_42_downsample_t40,SHU_MI,within_subject,42,0.5034427284427284,0.5,balanced_chance,Interaction & Control,交互与控制,运动想象（MI）控制,SHU-MI,/benchmark-eeg/5.0_version/result_5/linear_downsample/SHU_MI_within_subject_linear_downsample/seed_42_downsample_t40/ratio_full/cbramod/summary.json
SHU_MI_within_subject_linear_downsample,cbramod,seed_5_downsample_t40,SHU_MI,within_subject,5,0.49425462707242873,0.5,balanced_chance,Interaction & Control,交互与控制,运动想象（MI）控制,SHU-MI,/benchmark-eeg/5.0_version/result_5/linear_downsample/SHU_MI_within_subject_linear_downsample/seed_5_downsample_t40/ratio_full/cbramod/summary.json
SHU_MI_within_subject_linear_downsample,eegmamba,seed_10_downsample_t40,SHU_MI,within_subject,10,0.5026446464159633,0.5,balanced_chance,Interaction & Control,交互与控制,运动想象（MI）控制,SHU-MI,/benchmark-eeg/5.0_version/result_5/linear_downsample/SHU_MI_within_subject_linear_downsample/seed_10_downsample_t40/ratio_full/eegmamba/summary.json
SHU_MI_within_subject_linear_downsample,eegmamba,seed_42_downsample_t40,SHU_MI,within_subject,42,0.5255063765941486,0.5,balanced_chance,Interaction & Control,交互与控制,运动想象（MI）控制,SHU-MI,/benchmark-eeg/5.0_version/result_5/linear_downsample/SHU_MI_within_subject_linear_downsample/seed_42_downsample_t40/ratio_full/eegmamba/summary.json
SHU_MI_within_subject_linear_downsample,eegmamba,seed_5_downsample_t40,SHU_MI,within_subject,5,0.4934617057741393,0.5,balanced_chance,Interaction & Control,交互与控制,运动想象（MI）控制,SHU-MI,/benchmark-eeg/5.0_version/result_5/linear_downsample/SHU_MI_within_subject_linear_downsample/seed_5_downsample_t40/ratio_full/eegmamba/summary.json
SHU_MI_within_subject_linear_downsample,femba,seed_10_downsample_t40,SHU_MI,within_subject,10,0.5362488825317361,0.5,balanced_chance,Interaction & Control,交互与控制,运动想象（MI）控制,SHU-MI,/benchmark-eeg/5.0_version/result_5/linear_downsample/SHU_MI_within_subject_linear_downsample/seed_10_downsample_t40/ratio_full/femba/summary.json
SHU_MI_within_subject_linear_downsample,femba,seed_42_downsample_t40,SHU_MI,within_subject,42,0.5098931437303102,0.5,balanced_chance,Interaction & Control,交互与控制,运动想象（MI）控制,SHU-MI,/benchmark-eeg/5.0_version/result_5/linear_downsample/SHU_MI_within_subject_linear_downsample/seed_42_downsample_t40/ratio_full/femba/summary.json
SHU_MI_within_subject_linear_downsample,femba,seed_5_downsample_t40,SHU_MI,within_subject,5,0.4920949867692091,0.5,balanced_chance,Interaction & Control,交互与控制,运动想象（MI）控制,SHU-MI,/benchmark-eeg/5.0_version/result_5/linear_downsample/SHU_MI_within_subject_linear_downsample/seed_5_downsample_t40/ratio_full/femba/summary.json
SHU_MI_within_subject_linear_downsample,labram,seed_10_downsample_t40,SHU_MI,within_subject,10,0.5048443010139316,0.5,balanced_chance,Interaction & Control,交互与控制,运动想象（MI）控制,SHU-MI,/benchmark-eeg/5.0_version/result_5/linear_downsample/SHU_MI_within_subject_linear_downsample/seed_10_downsample_t40/ratio_full/labram/summary.json
SHU_MI_within_subject_linear_downsample,labram,seed_42_downsample_t40,SHU_MI,within_subject,42,0.5016640033349544,0.5,balanced_chance,Interaction & Control,交互与控制,运动想象（MI）控制,SHU-MI,/benchmark-eeg/5.0_version/result_5/linear_downsample/SHU_MI_within_subject_linear_downsample/seed_42_downsample_t40/ratio_full/labram/summary.json
SHU_MI_within_subject_linear_downsample,labram,seed_5_downsample_t40,SHU_MI,within_subject,5,0.4790426426114158,0.5,balanced_chance,Interaction & Control,交互与控制,运动想象（MI）控制,SHU-MI,/benchmark-eeg/5.0_version/result_5/linear_downsample/SHU_MI_within_subject_linear_downsample/seed_5_downsample_t40/ratio_full/labram/summary.json
SHU_MI_within_subject_linear_downsample,neurogpt,seed_10_downsample_t40,SHU_MI,within_subject,10,0.5108211981241846,0.5,balanced_chance,Interaction & Control,交互与控制,运动想象（MI）控制,SHU-MI,/benchmark-eeg/5.0_version/result_5/linear_downsample/SHU_MI_within_subject_linear_downsample/seed_10_downsample_t40/ratio_full/neurogpt/summary.json
SHU_MI_within_subject_linear_downsample,neurogpt,seed_42_downsample_t40,SHU_MI,within_subject,42,0.3341738315696649,0.5,balanced_chance,Interaction & Control,交互与控制,运动想象（MI）控制,SHU-MI,/benchmark-eeg/5.0_version/result_5/linear_downsample/SHU_MI_within_subject_linear_downsample/seed_42_downsample_t40/ratio_full/neurogpt/summary.json
SHU_MI_within_subject_linear_downsample,neurogpt,seed_5_downsample_t40,SHU_MI,within_subject,5,0.4283988112733092,0.5,balanced_chance,Interaction & Control,交互与控制,运动想象（MI）控制,SHU-MI,/benchmark-eeg/5.0_version/result_5/linear_downsample/SHU_MI_within_subject_linear_downsample/seed_5_downsample_t40/ratio_full/neurogpt/summary.json
SHU_MI_within_subject_linear_downsample,neurolm,seed_10_downsample_t40,SHU_MI,within_subject,10,0.5171505623652713,0.5,balanced_chance,Interaction & Control,交互与控制,运动想象（MI）控制,SHU-MI,/benchmark-eeg/5.0_version/result_5/linear_downsample/SHU_MI_within_subject_linear_downsample/seed_10_downsample_t40/ratio_full/neurolm/summary.json
SHU_MI_within_subject_linear_downsample,neurolm,seed_42_downsample_t40,SHU_MI,within_subject,42,0.48590939373750835,0.5,balanced_chance,Interaction & Control,交互与控制,运动想象（MI）控制,SHU-MI,/benchmark-eeg/5.0_version/result_5/linear_downsample/SHU_MI_within_subject_linear_downsample/seed_42_downsample_t40/ratio_full/neurolm/summary.json
SHU_MI_within_subject_linear_downsample,neurolm,seed_5_downsample_t40,SHU_MI,within_subject,5,0.42589052606614725,0.5,balanced_chance,Interaction & Control,交互与控制,运动想象（MI）控制,SHU-MI,/benchmark-eeg/5.0_version/result_5/linear_downsample/SHU_MI_within_subject_linear_downsample/seed_5_downsample_t40/ratio_full/neurolm/summary.json
SHU_MI_within_subject_linear_downsample,reve,seed_10_downsample_t40,SHU_MI,within_subject,10,0.4893343768969078,0.5,balanced_chance,Interaction & Control,交互与控制,运动想象（MI）控制,SHU-MI,/benchmark-eeg/5.0_version/result_5/linear_downsample/SHU_MI_within_subject_linear_downsample/seed_10_downsample_t40/ratio_full/reve/summary.json
SHU_MI_within_subject_linear_downsample,reve,seed_42_downsample_t40,SHU_MI,within_subject,42,0.5551431083325193,0.5,balanced_chance,Interaction & Control,交互与控制,运动想象（MI）控制,SHU-MI,/benchmark-eeg/5.0_version/result_5/linear_downsample/SHU_MI_within_subject_linear_downsample/seed_42_downsample_t40/ratio_full/reve/summary.json
SHU_MI_within_subject_linear_downsample,reve,seed_5_downsample_t40,SHU_MI,within_subject,5,0.4624971519708362,0.5,balanced_chance,Interaction & Control,交互与控制,运动想象（MI）控制,SHU-MI,/benchmark-eeg/5.0_version/result_5/linear_downsample/SHU_MI_within_subject_linear_downsample/seed_5_downsample_t40/ratio_full/reve/summary.json
SSVEP_wsn_within_subject_linear_downsample,bendr,seed_10_downsample_t40,SSVEP_wsn,within_subject,10,0.006817445850348119,0.00625,balanced_chance,Unknown,Unknown,Unknown,,/benchmark-eeg/5.0_version/result_5/linear_downsample/SSVEP_wsn_within_subject_linear_downsample/seed_10_downsample_t40/ratio_full/bendr/summary.json
SSVEP_wsn_within_subject_linear_downsample,bendr,seed_42_downsample_t40,SSVEP_wsn,within_subject,42,0.005531942568232891,0.00625,balanced_chance,Unknown,Unknown,Unknown,,/benchmark-eeg/5.0_version/result_5/linear_downsample/SSVEP_wsn_within_subject_linear_downsample/seed_42_downsample_t40/ratio_full/bendr/summary.json
SSVEP_wsn_within_subject_linear_downsample,bendr,seed_5_downsample_t40,SSVEP_wsn,within_subject,5,0.007861631578274544,0.00625,balanced_chance,Unknown,Unknown,Unknown,,/benchmark-eeg/5.0_version/result_5/linear_downsample/SSVEP_wsn_within_subject_linear_downsample/seed_5_downsample_t40/ratio_full/bendr/summary.json
SSVEP_wsn_within_subject_linear_downsample,biot,seed_10_downsample_t40,SSVEP_wsn,within_subject,10,7.763975155279502e-05,0.00625,balanced_chance,Unknown,Unknown,Unknown,,/benchmark-eeg/5.0_version/result_5/linear_downsample/SSVEP_wsn_within_subject_linear_downsample/seed_10_downsample_t40/ratio_full/biot/summary.json
SSVEP_wsn_within_subject_linear_downsample,biot,seed_42_downsample_t40,SSVEP_wsn,within_subject,42,7.763975155279502e-05,0.00625,balanced_chance,Unknown,Unknown,Unknown,,/benchmark-eeg/5.0_version/result_5/linear_downsample/SSVEP_wsn_within_subject_linear_downsample/seed_42_downsample_t40/ratio_full/biot/summary.json
SSVEP_wsn_within_subject_linear_downsample,biot,seed_5_downsample_t40,SSVEP_wsn,within_subject,5,7.763975155279502e-05,0.00625,balanced_chance,Unknown,Unknown,Unknown,,/benchmark-eeg/5.0_version/result_5/linear_downsample/SSVEP_wsn_within_subject_linear_downsample/seed_5_downsample_t40/ratio_full/biot/summary.json
SSVEP_wsn_within_subject_linear_downsample,brainomni,seed_10_downsample_t40,SSVEP_wsn,within_subject,10,0.009187789334848158,0.00625,balanced_chance,Unknown,Unknown,Unknown,,/benchmark-eeg/5.0_version/result_5/linear_downsample/SSVEP_wsn_within_subject_linear_downsample/seed_10_downsample_t40/ratio_full/brainomni/summary.json
SSVEP_wsn_within_subject_linear_downsample,brainomni,seed_42_downsample_t40,SSVEP_wsn,within_subject,42,0.02052627215724564,0.00625,balanced_chance,Unknown,Unknown,Unknown,,/benchmark-eeg/5.0_version/result_5/linear_downsample/SSVEP_wsn_within_subject_linear_downsample/seed_42_downsample_t40/ratio_full/brainomni/summary.json
SSVEP_wsn_within_subject_linear_downsample,brainomni,seed_5_downsample_t40,SSVEP_wsn,within_subject,5,0.017485256248101377,0.00625,balanced_chance,Unknown,Unknown,Unknown,,/benchmark-eeg/5.0_version/result_5/linear_downsample/SSVEP_wsn_within_subject_linear_downsample/seed_5_downsample_t40/ratio_full/brainomni/summary.json
SSVEP_wsn_within_subject_linear_downsample,cbramod,seed_10_downsample_t40,SSVEP_wsn,within_subject,10,0.00430104184779787,0.00625,balanced_chance,Unknown,Unknown,Unknown,,/benchmark-eeg/5.0_version/result_5/linear_downsample/SSVEP_wsn_within_subject_linear_downsample/seed_10_downsample_t40/ratio_full/cbramod/summary.json
SSVEP_wsn_within_subject_linear_downsample,cbramod,seed_42_downsample_t40,SSVEP_wsn,within_subject,42,0.0022144161206661206,0.00625,balanced_chance,Unknown,Unknown,Unknown,,/benchmark-eeg/5.0_version/result_5/linear_downsample/SSVEP_wsn_within_subject_linear_downsample/seed_42_downsample_t40/ratio_full/cbramod/summary.json
SSVEP_wsn_within_subject_linear_downsample,cbramod,seed_5_downsample_t40,SSVEP_wsn,within_subject,5,0.0017104697815667417,0.00625,balanced_chance,Unknown,Unknown,Unknown,,/benchmark-eeg/5.0_version/result_5/linear_downsample/SSVEP_wsn_within_subject_linear_downsample/seed_5_downsample_t40/ratio_full/cbramod/summary.json
SSVEP_wsn_within_subject_linear_downsample,eegmamba,seed_10_downsample_t40,SSVEP_wsn,within_subject,10,0.0049303944575742375,0.00625,balanced_chance,Unknown,Unknown,Unknown,,/benchmark-eeg/5.0_version/result_5/linear_downsample/SSVEP_wsn_within_subject_linear_downsample/seed_10_downsample_t40/ratio_full/eegmamba/summary.json
SSVEP_wsn_within_subject_linear_downsample,eegmamba,seed_42_downsample_t40,SSVEP_wsn,within_subject,42,0.005604173010000002,0.00625,balanced_chance,Unknown,Unknown,Unknown,,/benchmark-eeg/5.0_version/result_5/linear_downsample/SSVEP_wsn_within_subject_linear_downsample/seed_42_downsample_t40/ratio_full/eegmamba/summary.json
SSVEP_wsn_within_subject_linear_downsample,eegmamba,seed_5_downsample_t40,SSVEP_wsn,within_subject,5,0.006574039149153893,0.00625,balanced_chance,Unknown,Unknown,Unknown,,/benchmark-eeg/5.0_version/result_5/linear_downsample/SSVEP_wsn_within_subject_linear_downsample/seed_5_downsample_t40/ratio_full/eegmamba/summary.json
SSVEP_wsn_within_subject_linear_downsample,femba,seed_10_downsample_t40,SSVEP_wsn,within_subject,10,0.004062803301810037,0.00625,balanced_chance,Unknown,Unknown,Unknown,,/benchmark-eeg/5.0_version/result_5/linear_downsample/SSVEP_wsn_within_subject_linear_downsample/seed_10_downsample_t40/ratio_full/femba/summary.json
SSVEP_wsn_within_subject_linear_downsample,femba,seed_42_downsample_t40,SSVEP_wsn,within_subject,42,0.0020492472660091085,0.00625,balanced_chance,Unknown,Unknown,Unknown,,/benchmark-eeg/5.0_version/result_5/linear_downsample/SSVEP_wsn_within_subject_linear_downsample/seed_42_downsample_t40/ratio_full/femba/summary.json
SSVEP_wsn_within_subject_linear_downsample,femba,seed_5_downsample_t40,SSVEP_wsn,within_subject,5,0.005006996033030395,0.00625,balanced_chance,Unknown,Unknown,Unknown,,/benchmark-eeg/5.0_version/result_5/linear_downsample/SSVEP_wsn_within_subject_linear_downsample/seed_5_downsample_t40/ratio_full/femba/summary.json
SSVEP_wsn_within_subject_linear_downsample,labram,seed_10_downsample_t40,SSVEP_wsn,within_subject,10,0.0018928548651966643,0.00625,balanced_chance,Unknown,Unknown,Unknown,,/benchmark-eeg/5.0_version/result_5/linear_downsample/SSVEP_wsn_within_subject_linear_downsample/seed_10_downsample_t40/ratio_full/labram/summary.json
SSVEP_wsn_within_subject_linear_downsample,labram,seed_42_downsample_t40,SSVEP_wsn,within_subject,42,0.0064095016863687975,0.00625,balanced_chance,Unknown,Unknown,Unknown,,/benchmark-eeg/5.0_version/result_5/linear_downsample/SSVEP_wsn_within_subject_linear_downsample/seed_42_downsample_t40/ratio_full/labram/summary.json
SSVEP_wsn_within_subject_linear_downsample,labram,seed_5_downsample_t40,SSVEP_wsn,within_subject,5,0.002956184440559441,0.00625,balanced_chance,Unknown,Unknown,Unknown,,/benchmark-eeg/5.0_version/result_5/linear_downsample/SSVEP_wsn_within_subject_linear_downsample/seed_5_downsample_t40/ratio_full/labram/summary.json
SSVEP_wsn_within_subject_linear_downsample,neurogpt,seed_10_downsample_t40,SSVEP_wsn,within_subject,10,0.0030288258651701193,0.00625,balanced_chance,Unknown,Unknown,Unknown,,/benchmark-eeg/5.0_version/result_5/linear_downsample/SSVEP_wsn_within_subject_linear_downsample/seed_10_downsample_t40/ratio_full/neurogpt/summary.json
SSVEP_wsn_within_subject_linear_downsample,neurogpt,seed_42_downsample_t40,SSVEP_wsn,within_subject,42,0.0017208456114889495,0.00625,balanced_chance,Unknown,Unknown,Unknown,,/benchmark-eeg/5.0_version/result_5/linear_downsample/SSVEP_wsn_within_subject_linear_downsample/seed_42_downsample_t40/ratio_full/neurogpt/summary.json
SSVEP_wsn_within_subject_linear_downsample,neurogpt,seed_5_downsample_t40,SSVEP_wsn,within_subject,5,0.0027227898735251678,0.00625,balanced_chance,Unknown,Unknown,Unknown,,/benchmark-eeg/5.0_version/result_5/linear_downsample/SSVEP_wsn_within_subject_linear_downsample/seed_5_downsample_t40/ratio_full/neurogpt/summary.json
SSVEP_wsn_within_subject_linear_downsample,neurolm,seed_10_downsample_t40,SSVEP_wsn,within_subject,10,0.020825173142620855,0.00625,balanced_chance,Unknown,Unknown,Unknown,,/benchmark-eeg/5.0_version/result_5/linear_downsample/SSVEP_wsn_within_subject_linear_downsample/seed_10_downsample_t40/ratio_full/neurolm/summary.json
SSVEP_wsn_within_subject_linear_downsample,neurolm,seed_42_downsample_t40,SSVEP_wsn,within_subject,42,0.023334630427211022,0.00625,balanced_chance,Unknown,Unknown,Unknown,,/benchmark-eeg/5.0_version/result_5/linear_downsample/SSVEP_wsn_within_subject_linear_downsample/seed_42_downsample_t40/ratio_full/neurolm/summary.json
SSVEP_wsn_within_subject_linear_downsample,neurolm,seed_5_downsample_t40,SSVEP_wsn,within_subject,5,0.017500948293185187,0.00625,balanced_chance,Unknown,Unknown,Unknown,,/benchmark-eeg/5.0_version/result_5/linear_downsample/SSVEP_wsn_within_subject_linear_downsample/seed_5_downsample_t40/ratio_full/neurolm/summary.json
SSVEP_wsn_within_subject_linear_downsample,reve,seed_10_downsample_t40,SSVEP_wsn,within_subject,10,0.001284757065889849,0.00625,balanced_chance,Unknown,Unknown,Unknown,,/benchmark-eeg/5.0_version/result_5/linear_downsample/SSVEP_wsn_within_subject_linear_downsample/seed_10_downsample_t40/ratio_full/reve/summary.json
SSVEP_wsn_within_subject_linear_downsample,reve,seed_42_downsample_t40,SSVEP_wsn,within_subject,42,0.006793460818770127,0.00625,balanced_chance,Unknown,Unknown,Unknown,,/benchmark-eeg/5.0_version/result_5/linear_downsample/SSVEP_wsn_within_subject_linear_downsample/seed_42_downsample_t40/ratio_full/reve/summary.json
SSVEP_wsn_within_subject_linear_downsample,reve,seed_5_downsample_t40,SSVEP_wsn,within_subject,5,0.002681871639784946,0.00625,balanced_chance,Unknown,Unknown,Unknown,,/benchmark-eeg/5.0_version/result_5/linear_downsample/SSVEP_wsn_within_subject_linear_downsample/seed_5_downsample_t40/ratio_full/reve/summary.json
Siena_EEG_within_subject_linear_downsample,bendr,seed_10_downsample_t40,Siena_EEG,within_subject,10,0.48218514531754575,0.5,balanced_chance,Unknown,Unknown,Unknown,,/benchmark-eeg/5.0_version/result_5/linear_downsample/Siena_EEG_within_subject_linear_downsample/seed_10_downsample_t40/ratio_full/bendr/summary.json
Siena_EEG_within_subject_linear_downsample,bendr,seed_42_downsample_t40,Siena_EEG,within_subject,42,0.5142506201106659,0.5,balanced_chance,Unknown,Unknown,Unknown,,/benchmark-eeg/5.0_version/result_5/linear_downsample/Siena_EEG_within_subject_linear_downsample/seed_42_downsample_t40/ratio_full/bendr/summary.json
Siena_EEG_within_subject_linear_downsample,bendr,seed_5_downsample_t40,Siena_EEG,within_subject,5,0.4932246998284734,0.5,balanced_chance,Unknown,Unknown,Unknown,,/benchmark-eeg/5.0_version/result_5/linear_downsample/Siena_EEG_within_subject_linear_downsample/seed_5_downsample_t40/ratio_full/bendr/summary.json
Siena_EEG_within_subject_linear_downsample,biot,seed_10_downsample_t40,Siena_EEG,within_subject,10,0.5756907995722282,0.5,balanced_chance,Unknown,Unknown,Unknown,,/benchmark-eeg/5.0_version/result_5/linear_downsample/Siena_EEG_within_subject_linear_downsample/seed_10_downsample_t40/ratio_full/biot/summary.json
Siena_EEG_within_subject_linear_downsample,biot,seed_42_downsample_t40,Siena_EEG,within_subject,42,0.5791149537936465,0.5,balanced_chance,Unknown,Unknown,Unknown,,/benchmark-eeg/5.0_version/result_5/linear_downsample/Siena_EEG_within_subject_linear_downsample/seed_42_downsample_t40/ratio_full/biot/summary.json
Siena_EEG_within_subject_linear_downsample,biot,seed_5_downsample_t40,Siena_EEG,within_subject,5,0.636438903481753,0.5,balanced_chance,Unknown,Unknown,Unknown,,/benchmark-eeg/5.0_version/result_5/linear_downsample/Siena_EEG_within_subject_linear_downsample/seed_5_downsample_t40/ratio_full/biot/summary.json
Siena_EEG_within_subject_linear_downsample,brainomni,seed_10_downsample_t40,Siena_EEG,within_subject,10,0.574300205348442,0.5,balanced_chance,Unknown,Unknown,Unknown,,/benchmark-eeg/5.0_version/result_5/linear_downsample/Siena_EEG_within_subject_linear_downsample/seed_10_downsample_t40/ratio_full/brainomni/summary.json
Siena_EEG_within_subject_linear_downsample,brainomni,seed_42_downsample_t40,Siena_EEG,within_subject,42,0.7010039334516013,0.5,balanced_chance,Unknown,Unknown,Unknown,,/benchmark-eeg/5.0_version/result_5/linear_downsample/Siena_EEG_within_subject_linear_downsample/seed_42_downsample_t40/ratio_full/brainomni/summary.json
Siena_EEG_within_subject_linear_downsample,brainomni,seed_5_downsample_t40,Siena_EEG,within_subject,5,0.6289676808753301,0.5,balanced_chance,Unknown,Unknown,Unknown,,/benchmark-eeg/5.0_version/result_5/linear_downsample/Siena_EEG_within_subject_linear_downsample/seed_5_downsample_t40/ratio_full/brainomni/summary.json
Siena_EEG_within_subject_linear_downsample,cbramod,seed_10_downsample_t40,Siena_EEG,within_subject,10,0.509515552737907,0.5,balanced_chance,Unknown,Unknown,Unknown,,/benchmark-eeg/5.0_version/result_5/linear_downsample/Siena_EEG_within_subject_linear_downsample/seed_10_downsample_t40/ratio_full/cbramod/summary.json
Siena_EEG_within_subject_linear_downsample,cbramod,seed_42_downsample_t40,Siena_EEG,within_subject,42,0.4971271855594868,0.5,balanced_chance,Unknown,Unknown,Unknown,,/benchmark-eeg/5.0_version/result_5/linear_downsample/Siena_EEG_within_subject_linear_downsample/seed_42_downsample_t40/ratio_full/cbramod/summary.json
Siena_EEG_within_subject_linear_downsample,cbramod,seed_5_downsample_t40,Siena_EEG,within_subject,5,0.5561036684612495,0.5,balanced_chance,Unknown,Unknown,Unknown,,/benchmark-eeg/5.0_version/result_5/linear_downsample/Siena_EEG_within_subject_linear_downsample/seed_5_downsample_t40/ratio_full/cbramod/summary.json
Siena_EEG_within_subject_linear_downsample,eegmamba,seed_10_downsample_t40,Siena_EEG,within_subject,10,0.5976860382638057,0.5,balanced_chance,Unknown,Unknown,Unknown,,/benchmark-eeg/5.0_version/result_5/linear_downsample/Siena_EEG_within_subject_linear_downsample/seed_10_downsample_t40/ratio_full/eegmamba/summary.json
Siena_EEG_within_subject_linear_downsample,eegmamba,seed_42_downsample_t40,Siena_EEG,within_subject,42,0.5501328720684403,0.5,balanced_chance,Unknown,Unknown,Unknown,,/benchmark-eeg/5.0_version/result_5/linear_downsample/Siena_EEG_within_subject_linear_downsample/seed_42_downsample_t40/ratio_full/eegmamba/summary.json
Siena_EEG_within_subject_linear_downsample,eegmamba,seed_5_downsample_t40,Siena_EEG,within_subject,5,0.5432677260637793,0.5,balanced_chance,Unknown,Unknown,Unknown,,/benchmark-eeg/5.0_version/result_5/linear_downsample/Siena_EEG_within_subject_linear_downsample/seed_5_downsample_t40/ratio_full/eegmamba/summary.json
Siena_EEG_within_subject_linear_downsample,femba,seed_10_downsample_t40,Siena_EEG,within_subject,10,0.5102715251431575,0.5,balanced_chance,Unknown,Unknown,Unknown,,/benchmark-eeg/5.0_version/result_5/linear_downsample/Siena_EEG_within_subject_linear_downsample/seed_10_downsample_t40/ratio_full/femba/summary.json
Siena_EEG_within_subject_linear_downsample,femba,seed_42_downsample_t40,Siena_EEG,within_subject,42,0.5575928760146163,0.5,balanced_chance,Unknown,Unknown,Unknown,,/benchmark-eeg/5.0_version/result_5/linear_downsample/Siena_EEG_within_subject_linear_downsample/seed_42_downsample_t40/ratio_full/femba/summary.json
Siena_EEG_within_subject_linear_downsample,femba,seed_5_downsample_t40,Siena_EEG,within_subject,5,0.6130082563188858,0.5,balanced_chance,Unknown,Unknown,Unknown,,/benchmark-eeg/5.0_version/result_5/linear_downsample/Siena_EEG_within_subject_linear_downsample/seed_5_downsample_t40/ratio_full/femba/summary.json
Siena_EEG_within_subject_linear_downsample,labram,seed_10_downsample_t40,Siena_EEG,within_subject,10,0.5965435001389189,0.5,balanced_chance,Unknown,Unknown,Unknown,,/benchmark-eeg/5.0_version/result_5/linear_downsample/Siena_EEG_within_subject_linear_downsample/seed_10_downsample_t40/ratio_full/labram/summary.json
Siena_EEG_within_subject_linear_downsample,labram,seed_42_downsample_t40,Siena_EEG,within_subject,42,0.5752267097644888,0.5,balanced_chance,Unknown,Unknown,Unknown,,/benchmark-eeg/5.0_version/result_5/linear_downsample/Siena_EEG_within_subject_linear_downsample/seed_42_downsample_t40/ratio_full/labram/summary.json
Siena_EEG_within_subject_linear_downsample,labram,seed_5_downsample_t40,Siena_EEG,within_subject,5,0.6023253468753881,0.5,balanced_chance,Unknown,Unknown,Unknown,,/benchmark-eeg/5.0_version/result_5/linear_downsample/Siena_EEG_within_subject_linear_downsample/seed_5_downsample_t40/ratio_full/labram/summary.json
Siena_EEG_within_subject_linear_downsample,neurogpt,seed_10_downsample_t40,Siena_EEG,within_subject,10,0.5540553265166689,0.5,balanced_chance,Unknown,Unknown,Unknown,,/benchmark-eeg/5.0_version/result_5/linear_downsample/Siena_EEG_within_subject_linear_downsample/seed_10_downsample_t40/ratio_full/neurogpt/summary.json
Siena_EEG_within_subject_linear_downsample,neurogpt,seed_42_downsample_t40,Siena_EEG,within_subject,42,0.5284874800247026,0.5,balanced_chance,Unknown,Unknown,Unknown,,/benchmark-eeg/5.0_version/result_5/linear_downsample/Siena_EEG_within_subject_linear_downsample/seed_42_downsample_t40/ratio_full/neurogpt/summary.json
Siena_EEG_within_subject_linear_downsample,neurogpt,seed_5_downsample_t40,Siena_EEG,within_subject,5,0.5324285396754834,0.5,balanced_chance,Unknown,Unknown,Unknown,,/benchmark-eeg/5.0_version/result_5/linear_downsample/Siena_EEG_within_subject_linear_downsample/seed_5_downsample_t40/ratio_full/neurogpt/summary.json
Siena_EEG_within_subject_linear_downsample,neurolm,seed_10_downsample_t40,Siena_EEG,within_subject,10,0.5698623419889384,0.5,balanced_chance,Unknown,Unknown,Unknown,,/benchmark-eeg/5.0_version/result_5/linear_downsample/Siena_EEG_within_subject_linear_downsample/seed_10_downsample_t40/ratio_full/neurolm/summary.json
Siena_EEG_within_subject_linear_downsample,neurolm,seed_42_downsample_t40,Siena_EEG,within_subject,42,0.6142009596920859,0.5,balanced_chance,Unknown,Unknown,Unknown,,/benchmark-eeg/5.0_version/result_5/linear_downsample/Siena_EEG_within_subject_linear_downsample/seed_42_downsample_t40/ratio_full/neurolm/summary.json
Siena_EEG_within_subject_linear_downsample,neurolm,seed_5_downsample_t40,Siena_EEG,within_subject,5,0.5255875013561897,0.5,balanced_chance,Unknown,Unknown,Unknown,,/benchmark-eeg/5.0_version/result_5/linear_downsample/Siena_EEG_within_subject_linear_downsample/seed_5_downsample_t40/ratio_full/neurolm/summary.json
Siena_EEG_within_subject_linear_downsample,reve,seed_10_downsample_t40,Siena_EEG,within_subject,10,0.49972332275994286,0.5,balanced_chance,Unknown,Unknown,Unknown,,/benchmark-eeg/5.0_version/result_5/linear_downsample/Siena_EEG_within_subject_linear_downsample/seed_10_downsample_t40/ratio_full/reve/summary.json
Siena_EEG_within_subject_linear_downsample,reve,seed_42_downsample_t40,Siena_EEG,within_subject,42,0.4632753858346606,0.5,balanced_chance,Unknown,Unknown,Unknown,,/benchmark-eeg/5.0_version/result_5/linear_downsample/Siena_EEG_within_subject_linear_downsample/seed_42_downsample_t40/ratio_full/reve/summary.json
Siena_EEG_within_subject_linear_downsample,reve,seed_5_downsample_t40,Siena_EEG,within_subject,5,0.4766425173656032,0.5,balanced_chance,Unknown,Unknown,Unknown,,/benchmark-eeg/5.0_version/result_5/linear_downsample/Siena_EEG_within_subject_linear_downsample/seed_5_downsample_t40/ratio_full/reve/summary.json
TUAB_within_subject_linear_downsample,biot,seed_42_downsample_t40,TUAB,within_subject,42,0.4729835552075176,,unknown,Biometrics & Disease,个体与疾病,癫痫/发作,TUAB,/benchmark-eeg/5.0_version/result_5/linear_downsample/TUAB_within_subject_linear_downsample/seed_42_downsample_t40/ratio_full/biot/summary.json
TUAB_within_subject_linear_downsample,brainomni,seed_42_downsample_t40,TUAB,within_subject,42,0.4860633829705995,,unknown,Biometrics & Disease,个体与疾病,癫痫/发作,TUAB,/benchmark-eeg/5.0_version/result_5/linear_downsample/TUAB_within_subject_linear_downsample/seed_42_downsample_t40/ratio_full/brainomni/summary.json
TUAB_within_subject_linear_downsample,cbramod,seed_42_downsample_t40,TUAB,within_subject,42,0.49888309754281457,,unknown,Biometrics & Disease,个体与疾病,癫痫/发作,TUAB,/benchmark-eeg/5.0_version/result_5/linear_downsample/TUAB_within_subject_linear_downsample/seed_42_downsample_t40/ratio_full/cbramod/summary.json
TUAB_within_subject_linear_downsample,femba,seed_42_downsample_t40,TUAB,within_subject,42,0.4856706152082537,,unknown,Biometrics & Disease,个体与疾病,癫痫/发作,TUAB,/benchmark-eeg/5.0_version/result_5/linear_downsample/TUAB_within_subject_linear_downsample/seed_42_downsample_t40/ratio_full/femba/summary.json
TUAB_within_subject_linear_downsample,neurogpt,seed_42_downsample_t40,TUAB,within_subject,42,0.475448168355417,,unknown,Biometrics & Disease,个体与疾病,癫痫/发作,TUAB,/benchmark-eeg/5.0_version/result_5/linear_downsample/TUAB_within_subject_linear_downsample/seed_42_downsample_t40/ratio_full/neurogpt/summary.json
TUAB_within_subject_linear_downsample,reve,seed_42_downsample_t40,TUAB,within_subject,42,0.4456342668863262,,unknown,Biometrics & Disease,个体与疾病,癫痫/发作,TUAB,/benchmark-eeg/5.0_version/result_5/linear_downsample/TUAB_within_subject_linear_downsample/seed_42_downsample_t40/ratio_full/reve/summary.json
Workload_within_subject_linear_downsample,bendr,seed_10_downsample_t40,Workload,within_subject,10,0.09522065711933471,0.3333333333333333,balanced_chance,Unknown,Unknown,Unknown,,/benchmark-eeg/5.0_version/result_5/linear_downsample/Workload_within_subject_linear_downsample/seed_10_downsample_t40/ratio_full/bendr/summary.json
Workload_within_subject_linear_downsample,bendr,seed_42_downsample_t40,Workload,within_subject,42,0.05128205128205129,0.3333333333333333,balanced_chance,Unknown,Unknown,Unknown,,/benchmark-eeg/5.0_version/result_5/linear_downsample/Workload_within_subject_linear_downsample/seed_42_downsample_t40/ratio_full/bendr/summary.json
Workload_within_subject_linear_downsample,bendr,seed_5_downsample_t40,Workload,within_subject,5,0.09523809523809523,0.3333333333333333,balanced_chance,Unknown,Unknown,Unknown,,/benchmark-eeg/5.0_version/result_5/linear_downsample/Workload_within_subject_linear_downsample/seed_5_downsample_t40/ratio_full/bendr/summary.json
Workload_within_subject_linear_downsample,biot,seed_10_downsample_t40,Workload,within_subject,10,0.21385500973687385,0.3333333333333333,balanced_chance,Unknown,Unknown,Unknown,,/benchmark-eeg/5.0_version/result_5/linear_downsample/Workload_within_subject_linear_downsample/seed_10_downsample_t40/ratio_full/biot/summary.json
Workload_within_subject_linear_downsample,biot,seed_42_downsample_t40,Workload,within_subject,42,0.19717504638858474,0.3333333333333333,balanced_chance,Unknown,Unknown,Unknown,,/benchmark-eeg/5.0_version/result_5/linear_downsample/Workload_within_subject_linear_downsample/seed_42_downsample_t40/ratio_full/biot/summary.json
Workload_within_subject_linear_downsample,biot,seed_5_downsample_t40,Workload,within_subject,5,0.19276250203185186,0.3333333333333333,balanced_chance,Unknown,Unknown,Unknown,,/benchmark-eeg/5.0_version/result_5/linear_downsample/Workload_within_subject_linear_downsample/seed_5_downsample_t40/ratio_full/biot/summary.json
Workload_within_subject_linear_downsample,brainomni,seed_10_downsample_t40,Workload,within_subject,10,0.1643710827181999,0.3333333333333333,balanced_chance,Unknown,Unknown,Unknown,,/benchmark-eeg/5.0_version/result_5/linear_downsample/Workload_within_subject_linear_downsample/seed_10_downsample_t40/ratio_full/brainomni/summary.json
Workload_within_subject_linear_downsample,brainomni,seed_42_downsample_t40,Workload,within_subject,42,0.05128205128205129,0.3333333333333333,balanced_chance,Unknown,Unknown,Unknown,,/benchmark-eeg/5.0_version/result_5/linear_downsample/Workload_within_subject_linear_downsample/seed_42_downsample_t40/ratio_full/brainomni/summary.json
Workload_within_subject_linear_downsample,brainomni,seed_5_downsample_t40,Workload,within_subject,5,0.09523809523809523,0.3333333333333333,balanced_chance,Unknown,Unknown,Unknown,,/benchmark-eeg/5.0_version/result_5/linear_downsample/Workload_within_subject_linear_downsample/seed_5_downsample_t40/ratio_full/brainomni/summary.json
Workload_within_subject_linear_downsample,cbramod,seed_10_downsample_t40,Workload,within_subject,10,0.09523809523809523,0.3333333333333333,balanced_chance,Unknown,Unknown,Unknown,,/benchmark-eeg/5.0_version/result_5/linear_downsample/Workload_within_subject_linear_downsample/seed_10_downsample_t40/ratio_full/cbramod/summary.json
Workload_within_subject_linear_downsample,cbramod,seed_42_downsample_t40,Workload,within_subject,42,0.05128205128205129,0.3333333333333333,balanced_chance,Unknown,Unknown,Unknown,,/benchmark-eeg/5.0_version/result_5/linear_downsample/Workload_within_subject_linear_downsample/seed_42_downsample_t40/ratio_full/cbramod/summary.json
Workload_within_subject_linear_downsample,cbramod,seed_5_downsample_t40,Workload,within_subject,5,0.09523809523809523,0.3333333333333333,balanced_chance,Unknown,Unknown,Unknown,,/benchmark-eeg/5.0_version/result_5/linear_downsample/Workload_within_subject_linear_downsample/seed_5_downsample_t40/ratio_full/cbramod/summary.json
Workload_within_subject_linear_downsample,eegmamba,seed_10_downsample_t40,Workload,within_subject,10,0.09640046756564596,0.3333333333333333,balanced_chance,Unknown,Unknown,Unknown,,/benchmark-eeg/5.0_version/result_5/linear_downsample/Workload_within_subject_linear_downsample/seed_10_downsample_t40/ratio_full/eegmamba/summary.json
Workload_within_subject_linear_downsample,eegmamba,seed_42_downsample_t40,Workload,within_subject,42,0.05513455035413715,0.3333333333333333,balanced_chance,Unknown,Unknown,Unknown,,/benchmark-eeg/5.0_version/result_5/linear_downsample/Workload_within_subject_linear_downsample/seed_42_downsample_t40/ratio_full/eegmamba/summary.json
Workload_within_subject_linear_downsample,eegmamba,seed_5_downsample_t40,Workload,within_subject,5,0.09523809523809523,0.3333333333333333,balanced_chance,Unknown,Unknown,Unknown,,/benchmark-eeg/5.0_version/result_5/linear_downsample/Workload_within_subject_linear_downsample/seed_5_downsample_t40/ratio_full/eegmamba/summary.json
Workload_within_subject_linear_downsample,femba,seed_10_downsample_t40,Workload,within_subject,10,0.09840649551218929,0.3333333333333333,balanced_chance,Unknown,Unknown,Unknown,,/benchmark-eeg/5.0_version/result_5/linear_downsample/Workload_within_subject_linear_downsample/seed_10_downsample_t40/ratio_full/femba/summary.json
Workload_within_subject_linear_downsample,femba,seed_42_downsample_t40,Workload,within_subject,42,0.05128205128205129,0.3333333333333333,balanced_chance,Unknown,Unknown,Unknown,,/benchmark-eeg/5.0_version/result_5/linear_downsample/Workload_within_subject_linear_downsample/seed_42_downsample_t40/ratio_full/femba/summary.json
Workload_within_subject_linear_downsample,femba,seed_5_downsample_t40,Workload,within_subject,5,0.09523809523809523,0.3333333333333333,balanced_chance,Unknown,Unknown,Unknown,,/benchmark-eeg/5.0_version/result_5/linear_downsample/Workload_within_subject_linear_downsample/seed_5_downsample_t40/ratio_full/femba/summary.json
Workload_within_subject_linear_downsample,labram,seed_10_downsample_t40,Workload,within_subject,10,0.11288288220454118,0.3333333333333333,balanced_chance,Unknown,Unknown,Unknown,,/benchmark-eeg/5.0_version/result_5/linear_downsample/Workload_within_subject_linear_downsample/seed_10_downsample_t40/ratio_full/labram/summary.json
Workload_within_subject_linear_downsample,labram,seed_42_downsample_t40,Workload,within_subject,42,0.060555734728078854,0.3333333333333333,balanced_chance,Unknown,Unknown,Unknown,,/benchmark-eeg/5.0_version/result_5/linear_downsample/Workload_within_subject_linear_downsample/seed_42_downsample_t40/ratio_full/labram/summary.json
Workload_within_subject_linear_downsample,labram,seed_5_downsample_t40,Workload,within_subject,5,0.09523809523809523,0.3333333333333333,balanced_chance,Unknown,Unknown,Unknown,,/benchmark-eeg/5.0_version/result_5/linear_downsample/Workload_within_subject_linear_downsample/seed_5_downsample_t40/ratio_full/labram/summary.json
Workload_within_subject_linear_downsample,neurogpt,seed_10_downsample_t40,Workload,within_subject,10,0.1683398969212325,0.3333333333333333,balanced_chance,Unknown,Unknown,Unknown,,/benchmark-eeg/5.0_version/result_5/linear_downsample/Workload_within_subject_linear_downsample/seed_10_downsample_t40/ratio_full/neurogpt/summary.json
Workload_within_subject_linear_downsample,neurogpt,seed_42_downsample_t40,Workload,within_subject,42,0.12870125206707497,0.3333333333333333,balanced_chance,Unknown,Unknown,Unknown,,/benchmark-eeg/5.0_version/result_5/linear_downsample/Workload_within_subject_linear_downsample/seed_42_downsample_t40/ratio_full/neurogpt/summary.json
Workload_within_subject_linear_downsample,neurogpt,seed_5_downsample_t40,Workload,within_subject,5,0.170704994876404,0.3333333333333333,balanced_chance,Unknown,Unknown,Unknown,,/benchmark-eeg/5.0_version/result_5/linear_downsample/Workload_within_subject_linear_downsample/seed_5_downsample_t40/ratio_full/neurogpt/summary.json
Workload_within_subject_linear_downsample,neurolm,seed_10_downsample_t40,Workload,within_subject,10,0.28683658793252415,0.3333333333333333,balanced_chance,Unknown,Unknown,Unknown,,/benchmark-eeg/5.0_version/result_5/linear_downsample/Workload_within_subject_linear_downsample/seed_10_downsample_t40/ratio_full/neurolm/summary.json
Workload_within_subject_linear_downsample,neurolm,seed_42_downsample_t40,Workload,within_subject,42,0.2128092596777341,0.3333333333333333,balanced_chance,Unknown,Unknown,Unknown,,/benchmark-eeg/5.0_version/result_5/linear_downsample/Workload_within_subject_linear_downsample/seed_42_downsample_t40/ratio_full/neurolm/summary.json
Workload_within_subject_linear_downsample,neurolm,seed_5_downsample_t40,Workload,within_subject,5,0.21679720135306127,0.3333333333333333,balanced_chance,Unknown,Unknown,Unknown,,/benchmark-eeg/5.0_version/result_5/linear_downsample/Workload_within_subject_linear_downsample/seed_5_downsample_t40/ratio_full/neurolm/summary.json
Workload_within_subject_linear_downsample,reve,seed_10_downsample_t40,Workload,within_subject,10,0.2932269021957596,0.3333333333333333,balanced_chance,Unknown,Unknown,Unknown,,/benchmark-eeg/5.0_version/result_5/linear_downsample/Workload_within_subject_linear_downsample/seed_10_downsample_t40/ratio_full/reve/summary.json
Workload_within_subject_linear_downsample,reve,seed_42_downsample_t40,Workload,within_subject,42,0.24190650116032464,0.3333333333333333,balanced_chance,Unknown,Unknown,Unknown,,/benchmark-eeg/5.0_version/result_5/linear_downsample/Workload_within_subject_linear_downsample/seed_42_downsample_t40/ratio_full/reve/summary.json
Workload_within_subject_linear_downsample,reve,seed_5_downsample_t40,Workload,within_subject,5,0.1784263669315319,0.3333333333333333,balanced_chance,Unknown,Unknown,Unknown,,/benchmark-eeg/5.0_version/result_5/linear_downsample/Workload_within_subject_linear_downsample/seed_5_downsample_t40/ratio_full/reve/summary.json
