dataset_folder,model,seed_folder,dataset_exp_name,participation_method,seed_num,score,chance_level,chance_source,category_en,category_ch,subtype,dataset_name,path
AD65_cross_subject_linear_downsample,bendr,seed_10_downsample_t40,AD65,cross_subject,10,0.28299429376104984,0.3333333333333333,balanced_chance,Biometrics & Disease,个体与疾病,神经退行性（阿尔茨海默/帕金森等）,AD65,/benchmark-eeg/5.0_version/result_5/linear_downsample/AD65_cross_subject_linear_downsample/seed_10_downsample_t40/ratio_full/bendr/summary.json
AD65_cross_subject_linear_downsample,bendr,seed_42_downsample_t40,AD65,cross_subject,42,0.2399391639075076,0.3333333333333333,balanced_chance,Biometrics & Disease,个体与疾病,神经退行性（阿尔茨海默/帕金森等）,AD65,/benchmark-eeg/5.0_version/result_5/linear_downsample/AD65_cross_subject_linear_downsample/seed_42_downsample_t40/ratio_full/bendr/summary.json
AD65_cross_subject_linear_downsample,bendr,seed_5_downsample_t40,AD65,cross_subject,5,0.18178167842597373,0.3333333333333333,balanced_chance,Biometrics & Disease,个体与疾病,神经退行性（阿尔茨海默/帕金森等）,AD65,/benchmark-eeg/5.0_version/result_5/linear_downsample/AD65_cross_subject_linear_downsample/seed_5_downsample_t40/ratio_full/bendr/summary.json
AD65_cross_subject_linear_downsample,biot,seed_10_downsample_t40,AD65,cross_subject,10,0.42128004382626666,0.3333333333333333,balanced_chance,Biometrics & Disease,个体与疾病,神经退行性（阿尔茨海默/帕金森等）,AD65,/benchmark-eeg/5.0_version/result_5/linear_downsample/AD65_cross_subject_linear_downsample/seed_10_downsample_t40/ratio_full/biot/summary.json
AD65_cross_subject_linear_downsample,biot,seed_42_downsample_t40,AD65,cross_subject,42,0.5973466594946435,0.3333333333333333,balanced_chance,Biometrics & Disease,个体与疾病,神经退行性（阿尔茨海默/帕金森等）,AD65,/benchmark-eeg/5.0_version/result_5/linear_downsample/AD65_cross_subject_linear_downsample/seed_42_downsample_t40/ratio_full/biot/summary.json
AD65_cross_subject_linear_downsample,biot,seed_5_downsample_t40,AD65,cross_subject,5,0.4688609220055735,0.3333333333333333,balanced_chance,Biometrics & Disease,个体与疾病,神经退行性（阿尔茨海默/帕金森等）,AD65,/benchmark-eeg/5.0_version/result_5/linear_downsample/AD65_cross_subject_linear_downsample/seed_5_downsample_t40/ratio_full/biot/summary.json
AD65_cross_subject_linear_downsample,brainomni,seed_10_downsample_t40,AD65,cross_subject,10,0.3368396509072937,0.3333333333333333,balanced_chance,Biometrics & Disease,个体与疾病,神经退行性（阿尔茨海默/帕金森等）,AD65,/benchmark-eeg/5.0_version/result_5/linear_downsample/AD65_cross_subject_linear_downsample/seed_10_downsample_t40/ratio_full/brainomni/summary.json
AD65_cross_subject_linear_downsample,brainomni,seed_42_downsample_t40,AD65,cross_subject,42,0.5584292281379968,0.3333333333333333,balanced_chance,Biometrics & Disease,个体与疾病,神经退行性（阿尔茨海默/帕金森等）,AD65,/benchmark-eeg/5.0_version/result_5/linear_downsample/AD65_cross_subject_linear_downsample/seed_42_downsample_t40/ratio_full/brainomni/summary.json
AD65_cross_subject_linear_downsample,brainomni,seed_5_downsample_t40,AD65,cross_subject,5,0.3515615536021524,0.3333333333333333,balanced_chance,Biometrics & Disease,个体与疾病,神经退行性（阿尔茨海默/帕金森等）,AD65,/benchmark-eeg/5.0_version/result_5/linear_downsample/AD65_cross_subject_linear_downsample/seed_5_downsample_t40/ratio_full/brainomni/summary.json
AD65_cross_subject_linear_downsample,cbramod,seed_10_downsample_t40,AD65,cross_subject,10,0.2940406060872496,0.3333333333333333,balanced_chance,Biometrics & Disease,个体与疾病,神经退行性（阿尔茨海默/帕金森等）,AD65,/benchmark-eeg/5.0_version/result_5/linear_downsample/AD65_cross_subject_linear_downsample/seed_10_downsample_t40/ratio_full/cbramod/summary.json
AD65_cross_subject_linear_downsample,cbramod,seed_42_downsample_t40,AD65,cross_subject,42,0.3338802028558742,0.3333333333333333,balanced_chance,Biometrics & Disease,个体与疾病,神经退行性（阿尔茨海默/帕金森等）,AD65,/benchmark-eeg/5.0_version/result_5/linear_downsample/AD65_cross_subject_linear_downsample/seed_42_downsample_t40/ratio_full/cbramod/summary.json
AD65_cross_subject_linear_downsample,cbramod,seed_5_downsample_t40,AD65,cross_subject,5,0.21151025642237462,0.3333333333333333,balanced_chance,Biometrics & Disease,个体与疾病,神经退行性（阿尔茨海默/帕金森等）,AD65,/benchmark-eeg/5.0_version/result_5/linear_downsample/AD65_cross_subject_linear_downsample/seed_5_downsample_t40/ratio_full/cbramod/summary.json
AD65_cross_subject_linear_downsample,eegmamba,seed_10_downsample_t40,AD65,cross_subject,10,0.28430541724939884,0.3333333333333333,balanced_chance,Biometrics & Disease,个体与疾病,神经退行性（阿尔茨海默/帕金森等）,AD65,/benchmark-eeg/5.0_version/result_5/linear_downsample/AD65_cross_subject_linear_downsample/seed_10_downsample_t40/ratio_full/eegmamba/summary.json
AD65_cross_subject_linear_downsample,eegmamba,seed_42_downsample_t40,AD65,cross_subject,42,0.3938421875723746,0.3333333333333333,balanced_chance,Biometrics & Disease,个体与疾病,神经退行性（阿尔茨海默/帕金森等）,AD65,/benchmark-eeg/5.0_version/result_5/linear_downsample/AD65_cross_subject_linear_downsample/seed_42_downsample_t40/ratio_full/eegmamba/summary.json
AD65_cross_subject_linear_downsample,eegmamba,seed_5_downsample_t40,AD65,cross_subject,5,0.25882593315078956,0.3333333333333333,balanced_chance,Biometrics & Disease,个体与疾病,神经退行性（阿尔茨海默/帕金森等）,AD65,/benchmark-eeg/5.0_version/result_5/linear_downsample/AD65_cross_subject_linear_downsample/seed_5_downsample_t40/ratio_full/eegmamba/summary.json
AD65_cross_subject_linear_downsample,femba,seed_10_downsample_t40,AD65,cross_subject,10,0.49672137938524186,0.3333333333333333,balanced_chance,Biometrics & Disease,个体与疾病,神经退行性（阿尔茨海默/帕金森等）,AD65,/benchmark-eeg/5.0_version/result_5/linear_downsample/AD65_cross_subject_linear_downsample/seed_10_downsample_t40/ratio_full/femba/summary.json
AD65_cross_subject_linear_downsample,femba,seed_42_downsample_t40,AD65,cross_subject,42,0.33402460194622097,0.3333333333333333,balanced_chance,Biometrics & Disease,个体与疾病,神经退行性（阿尔茨海默/帕金森等）,AD65,/benchmark-eeg/5.0_version/result_5/linear_downsample/AD65_cross_subject_linear_downsample/seed_42_downsample_t40/ratio_full/femba/summary.json
AD65_cross_subject_linear_downsample,femba,seed_5_downsample_t40,AD65,cross_subject,5,0.49354974179281746,0.3333333333333333,balanced_chance,Biometrics & Disease,个体与疾病,神经退行性（阿尔茨海默/帕金森等）,AD65,/benchmark-eeg/5.0_version/result_5/linear_downsample/AD65_cross_subject_linear_downsample/seed_5_downsample_t40/ratio_full/femba/summary.json
AD65_cross_subject_linear_downsample,labram,seed_10_downsample_t40,AD65,cross_subject,10,0.3743653632519644,0.3333333333333333,balanced_chance,Biometrics & Disease,个体与疾病,神经退行性（阿尔茨海默/帕金森等）,AD65,/benchmark-eeg/5.0_version/result_5/linear_downsample/AD65_cross_subject_linear_downsample/seed_10_downsample_t40/ratio_full/labram/summary.json
AD65_cross_subject_linear_downsample,labram,seed_42_downsample_t40,AD65,cross_subject,42,0.5893800034065747,0.3333333333333333,balanced_chance,Biometrics & Disease,个体与疾病,神经退行性（阿尔茨海默/帕金森等）,AD65,/benchmark-eeg/5.0_version/result_5/linear_downsample/AD65_cross_subject_linear_downsample/seed_42_downsample_t40/ratio_full/labram/summary.json
AD65_cross_subject_linear_downsample,labram,seed_5_downsample_t40,AD65,cross_subject,5,0.350298713565127,0.3333333333333333,balanced_chance,Biometrics & Disease,个体与疾病,神经退行性（阿尔茨海默/帕金森等）,AD65,/benchmark-eeg/5.0_version/result_5/linear_downsample/AD65_cross_subject_linear_downsample/seed_5_downsample_t40/ratio_full/labram/summary.json
AD65_cross_subject_linear_downsample,neurogpt,seed_10_downsample_t40,AD65,cross_subject,10,0.2897002815035602,0.3333333333333333,balanced_chance,Biometrics & Disease,个体与疾病,神经退行性（阿尔茨海默/帕金森等）,AD65,/benchmark-eeg/5.0_version/result_5/linear_downsample/AD65_cross_subject_linear_downsample/seed_10_downsample_t40/ratio_full/neurogpt/summary.json
AD65_cross_subject_linear_downsample,neurogpt,seed_42_downsample_t40,AD65,cross_subject,42,0.5346680128949913,0.3333333333333333,balanced_chance,Biometrics & Disease,个体与疾病,神经退行性（阿尔茨海默/帕金森等）,AD65,/benchmark-eeg/5.0_version/result_5/linear_downsample/AD65_cross_subject_linear_downsample/seed_42_downsample_t40/ratio_full/neurogpt/summary.json
AD65_cross_subject_linear_downsample,neurogpt,seed_5_downsample_t40,AD65,cross_subject,5,0.32487946600926604,0.3333333333333333,balanced_chance,Biometrics & Disease,个体与疾病,神经退行性（阿尔茨海默/帕金森等）,AD65,/benchmark-eeg/5.0_version/result_5/linear_downsample/AD65_cross_subject_linear_downsample/seed_5_downsample_t40/ratio_full/neurogpt/summary.json
AD65_cross_subject_linear_downsample,neurolm,seed_10_downsample_t40,AD65,cross_subject,10,0.29351687872827964,0.3333333333333333,balanced_chance,Biometrics & Disease,个体与疾病,神经退行性（阿尔茨海默/帕金森等）,AD65,/benchmark-eeg/5.0_version/result_5/linear_downsample/AD65_cross_subject_linear_downsample/seed_10_downsample_t40/ratio_full/neurolm/summary.json
AD65_cross_subject_linear_downsample,neurolm,seed_42_downsample_t40,AD65,cross_subject,42,0.531717524264943,0.3333333333333333,balanced_chance,Biometrics & Disease,个体与疾病,神经退行性（阿尔茨海默/帕金森等）,AD65,/benchmark-eeg/5.0_version/result_5/linear_downsample/AD65_cross_subject_linear_downsample/seed_42_downsample_t40/ratio_full/neurolm/summary.json
AD65_cross_subject_linear_downsample,neurolm,seed_5_downsample_t40,AD65,cross_subject,5,0.29190066481625304,0.3333333333333333,balanced_chance,Biometrics & Disease,个体与疾病,神经退行性（阿尔茨海默/帕金森等）,AD65,/benchmark-eeg/5.0_version/result_5/linear_downsample/AD65_cross_subject_linear_downsample/seed_5_downsample_t40/ratio_full/neurolm/summary.json
AD65_cross_subject_linear_downsample,reve,seed_10_downsample_t40,AD65,cross_subject,10,0.2637039821152892,0.3333333333333333,balanced_chance,Biometrics & Disease,个体与疾病,神经退行性（阿尔茨海默/帕金森等）,AD65,/benchmark-eeg/5.0_version/result_5/linear_downsample/AD65_cross_subject_linear_downsample/seed_10_downsample_t40/ratio_full/reve/summary.json
AD65_cross_subject_linear_downsample,reve,seed_42_downsample_t40,AD65,cross_subject,42,0.36795147917832005,0.3333333333333333,balanced_chance,Biometrics & Disease,个体与疾病,神经退行性（阿尔茨海默/帕金森等）,AD65,/benchmark-eeg/5.0_version/result_5/linear_downsample/AD65_cross_subject_linear_downsample/seed_42_downsample_t40/ratio_full/reve/summary.json
AD65_cross_subject_linear_downsample,reve,seed_5_downsample_t40,AD65,cross_subject,5,0.2718561544483438,0.3333333333333333,balanced_chance,Biometrics & Disease,个体与疾病,神经退行性（阿尔茨海默/帕金森等）,AD65,/benchmark-eeg/5.0_version/result_5/linear_downsample/AD65_cross_subject_linear_downsample/seed_5_downsample_t40/ratio_full/reve/summary.json
ADHD_cross_subject_linear_downsample,bendr,seed_10_downsample_t40,ADHD,cross_subject,10,0.3853303868148923,0.5,balanced_chance,Biometrics & Disease,个体与疾病,神经发育障碍（ASD/ADHD等）,Adult ADHD,/benchmark-eeg/5.0_version/result_5/linear_downsample/ADHD_cross_subject_linear_downsample/seed_10_downsample_t40/ratio_full/bendr/summary.json
ADHD_cross_subject_linear_downsample,bendr,seed_42_downsample_t40,ADHD,cross_subject,42,0.4778810932657086,0.5,balanced_chance,Biometrics & Disease,个体与疾病,神经发育障碍（ASD/ADHD等）,Adult ADHD,/benchmark-eeg/5.0_version/result_5/linear_downsample/ADHD_cross_subject_linear_downsample/seed_42_downsample_t40/ratio_full/bendr/summary.json
ADHD_cross_subject_linear_downsample,bendr,seed_5_downsample_t40,ADHD,cross_subject,5,0.43667507212794476,0.5,balanced_chance,Biometrics & Disease,个体与疾病,神经发育障碍（ASD/ADHD等）,Adult ADHD,/benchmark-eeg/5.0_version/result_5/linear_downsample/ADHD_cross_subject_linear_downsample/seed_5_downsample_t40/ratio_full/bendr/summary.json
ADHD_cross_subject_linear_downsample,biot,seed_10_downsample_t40,ADHD,cross_subject,10,0.5041133844842285,0.5,balanced_chance,Biometrics & Disease,个体与疾病,神经发育障碍（ASD/ADHD等）,Adult ADHD,/benchmark-eeg/5.0_version/result_5/linear_downsample/ADHD_cross_subject_linear_downsample/seed_10_downsample_t40/ratio_full/biot/summary.json
ADHD_cross_subject_linear_downsample,biot,seed_42_downsample_t40,ADHD,cross_subject,42,0.6013457058592432,0.5,balanced_chance,Biometrics & Disease,个体与疾病,神经发育障碍（ASD/ADHD等）,Adult ADHD,/benchmark-eeg/5.0_version/result_5/linear_downsample/ADHD_cross_subject_linear_downsample/seed_42_downsample_t40/ratio_full/biot/summary.json
ADHD_cross_subject_linear_downsample,biot,seed_5_downsample_t40,ADHD,cross_subject,5,0.48539944576640304,0.5,balanced_chance,Biometrics & Disease,个体与疾病,神经发育障碍（ASD/ADHD等）,Adult ADHD,/benchmark-eeg/5.0_version/result_5/linear_downsample/ADHD_cross_subject_linear_downsample/seed_5_downsample_t40/ratio_full/biot/summary.json
ADHD_cross_subject_linear_downsample,brainomni,seed_10_downsample_t40,ADHD,cross_subject,10,0.537795444778685,0.5,balanced_chance,Biometrics & Disease,个体与疾病,神经发育障碍（ASD/ADHD等）,Adult ADHD,/benchmark-eeg/5.0_version/result_5/linear_downsample/ADHD_cross_subject_linear_downsample/seed_10_downsample_t40/ratio_full/brainomni/summary.json
ADHD_cross_subject_linear_downsample,brainomni,seed_42_downsample_t40,ADHD,cross_subject,42,0.7193650793650794,0.5,balanced_chance,Biometrics & Disease,个体与疾病,神经发育障碍（ASD/ADHD等）,Adult ADHD,/benchmark-eeg/5.0_version/result_5/linear_downsample/ADHD_cross_subject_linear_downsample/seed_42_downsample_t40/ratio_full/brainomni/summary.json
ADHD_cross_subject_linear_downsample,brainomni,seed_5_downsample_t40,ADHD,cross_subject,5,0.5494065494065494,0.5,balanced_chance,Biometrics & Disease,个体与疾病,神经发育障碍（ASD/ADHD等）,Adult ADHD,/benchmark-eeg/5.0_version/result_5/linear_downsample/ADHD_cross_subject_linear_downsample/seed_5_downsample_t40/ratio_full/brainomni/summary.json
ADHD_cross_subject_linear_downsample,cbramod,seed_10_downsample_t40,ADHD,cross_subject,10,0.32756476870678836,0.5,balanced_chance,Biometrics & Disease,个体与疾病,神经发育障碍（ASD/ADHD等）,Adult ADHD,/benchmark-eeg/5.0_version/result_5/linear_downsample/ADHD_cross_subject_linear_downsample/seed_10_downsample_t40/ratio_full/cbramod/summary.json
ADHD_cross_subject_linear_downsample,cbramod,seed_42_downsample_t40,ADHD,cross_subject,42,0.6103617477749219,0.5,balanced_chance,Biometrics & Disease,个体与疾病,神经发育障碍（ASD/ADHD等）,Adult ADHD,/benchmark-eeg/5.0_version/result_5/linear_downsample/ADHD_cross_subject_linear_downsample/seed_42_downsample_t40/ratio_full/cbramod/summary.json
ADHD_cross_subject_linear_downsample,cbramod,seed_5_downsample_t40,ADHD,cross_subject,5,0.5437128136945322,0.5,balanced_chance,Biometrics & Disease,个体与疾病,神经发育障碍（ASD/ADHD等）,Adult ADHD,/benchmark-eeg/5.0_version/result_5/linear_downsample/ADHD_cross_subject_linear_downsample/seed_5_downsample_t40/ratio_full/cbramod/summary.json
ADHD_cross_subject_linear_downsample,eegmamba,seed_10_downsample_t40,ADHD,cross_subject,10,0.3362991969862199,0.5,balanced_chance,Biometrics & Disease,个体与疾病,神经发育障碍（ASD/ADHD等）,Adult ADHD,/benchmark-eeg/5.0_version/result_5/linear_downsample/ADHD_cross_subject_linear_downsample/seed_10_downsample_t40/ratio_full/eegmamba/summary.json
ADHD_cross_subject_linear_downsample,eegmamba,seed_42_downsample_t40,ADHD,cross_subject,42,0.6564458051109596,0.5,balanced_chance,Biometrics & Disease,个体与疾病,神经发育障碍（ASD/ADHD等）,Adult ADHD,/benchmark-eeg/5.0_version/result_5/linear_downsample/ADHD_cross_subject_linear_downsample/seed_42_downsample_t40/ratio_full/eegmamba/summary.json
ADHD_cross_subject_linear_downsample,eegmamba,seed_5_downsample_t40,ADHD,cross_subject,5,0.48762873302750603,0.5,balanced_chance,Biometrics & Disease,个体与疾病,神经发育障碍（ASD/ADHD等）,Adult ADHD,/benchmark-eeg/5.0_version/result_5/linear_downsample/ADHD_cross_subject_linear_downsample/seed_5_downsample_t40/ratio_full/eegmamba/summary.json
ADHD_cross_subject_linear_downsample,femba,seed_10_downsample_t40,ADHD,cross_subject,10,0.6803619721239859,0.5,balanced_chance,Biometrics & Disease,个体与疾病,神经发育障碍（ASD/ADHD等）,Adult ADHD,/benchmark-eeg/5.0_version/result_5/linear_downsample/ADHD_cross_subject_linear_downsample/seed_10_downsample_t40/ratio_full/femba/summary.json
ADHD_cross_subject_linear_downsample,femba,seed_42_downsample_t40,ADHD,cross_subject,42,0.6210123966942149,0.5,balanced_chance,Biometrics & Disease,个体与疾病,神经发育障碍（ASD/ADHD等）,Adult ADHD,/benchmark-eeg/5.0_version/result_5/linear_downsample/ADHD_cross_subject_linear_downsample/seed_42_downsample_t40/ratio_full/femba/summary.json
ADHD_cross_subject_linear_downsample,femba,seed_5_downsample_t40,ADHD,cross_subject,5,0.6379985632632663,0.5,balanced_chance,Biometrics & Disease,个体与疾病,神经发育障碍（ASD/ADHD等）,Adult ADHD,/benchmark-eeg/5.0_version/result_5/linear_downsample/ADHD_cross_subject_linear_downsample/seed_5_downsample_t40/ratio_full/femba/summary.json
ADHD_cross_subject_linear_downsample,labram,seed_10_downsample_t40,ADHD,cross_subject,10,0.4468003506465045,0.5,balanced_chance,Biometrics & Disease,个体与疾病,神经发育障碍（ASD/ADHD等）,Adult ADHD,/benchmark-eeg/5.0_version/result_5/linear_downsample/ADHD_cross_subject_linear_downsample/seed_10_downsample_t40/ratio_full/labram/summary.json
ADHD_cross_subject_linear_downsample,labram,seed_42_downsample_t40,ADHD,cross_subject,42,0.6854801140581246,0.5,balanced_chance,Biometrics & Disease,个体与疾病,神经发育障碍（ASD/ADHD等）,Adult ADHD,/benchmark-eeg/5.0_version/result_5/linear_downsample/ADHD_cross_subject_linear_downsample/seed_42_downsample_t40/ratio_full/labram/summary.json
ADHD_cross_subject_linear_downsample,labram,seed_5_downsample_t40,ADHD,cross_subject,5,0.48096522692911986,0.5,balanced_chance,Biometrics & Disease,个体与疾病,神经发育障碍（ASD/ADHD等）,Adult ADHD,/benchmark-eeg/5.0_version/result_5/linear_downsample/ADHD_cross_subject_linear_downsample/seed_5_downsample_t40/ratio_full/labram/summary.json
ADHD_cross_subject_linear_downsample,neurogpt,seed_10_downsample_t40,ADHD,cross_subject,10,0.6893623712556018,0.5,balanced_chance,Biometrics & Disease,个体与疾病,神经发育障碍（ASD/ADHD等）,Adult ADHD,/benchmark-eeg/5.0_version/result_5/linear_downsample/ADHD_cross_subject_linear_downsample/seed_10_downsample_t40/ratio_full/neurogpt/summary.json
ADHD_cross_subject_linear_downsample,neurogpt,seed_42_downsample_t40,ADHD,cross_subject,42,0.8170635232481991,0.5,balanced_chance,Biometrics & Disease,个体与疾病,神经发育障碍（ASD/ADHD等）,Adult ADHD,/benchmark-eeg/5.0_version/result_5/linear_downsample/ADHD_cross_subject_linear_downsample/seed_42_downsample_t40/ratio_full/neurogpt/summary.json
ADHD_cross_subject_linear_downsample,neurogpt,seed_5_downsample_t40,ADHD,cross_subject,5,0.5791140747797094,0.5,balanced_chance,Biometrics & Disease,个体与疾病,神经发育障碍（ASD/ADHD等）,Adult ADHD,/benchmark-eeg/5.0_version/result_5/linear_downsample/ADHD_cross_subject_linear_downsample/seed_5_downsample_t40/ratio_full/neurogpt/summary.json
ADHD_cross_subject_linear_downsample,neurolm,seed_10_downsample_t40,ADHD,cross_subject,10,0.4259777829206202,0.5,balanced_chance,Biometrics & Disease,个体与疾病,神经发育障碍（ASD/ADHD等）,Adult ADHD,/benchmark-eeg/5.0_version/result_5/linear_downsample/ADHD_cross_subject_linear_downsample/seed_10_downsample_t40/ratio_full/neurolm/summary.json
ADHD_cross_subject_linear_downsample,neurolm,seed_42_downsample_t40,ADHD,cross_subject,42,0.7282829715798931,0.5,balanced_chance,Biometrics & Disease,个体与疾病,神经发育障碍（ASD/ADHD等）,Adult ADHD,/benchmark-eeg/5.0_version/result_5/linear_downsample/ADHD_cross_subject_linear_downsample/seed_42_downsample_t40/ratio_full/neurolm/summary.json
ADHD_cross_subject_linear_downsample,neurolm,seed_5_downsample_t40,ADHD,cross_subject,5,0.6126892873018225,0.5,balanced_chance,Biometrics & Disease,个体与疾病,神经发育障碍（ASD/ADHD等）,Adult ADHD,/benchmark-eeg/5.0_version/result_5/linear_downsample/ADHD_cross_subject_linear_downsample/seed_5_downsample_t40/ratio_full/neurolm/summary.json
ADHD_cross_subject_linear_downsample,reve,seed_10_downsample_t40,ADHD,cross_subject,10,0.5234585675762147,0.5,balanced_chance,Biometrics & Disease,个体与疾病,神经发育障碍（ASD/ADHD等）,Adult ADHD,/benchmark-eeg/5.0_version/result_5/linear_downsample/ADHD_cross_subject_linear_downsample/seed_10_downsample_t40/ratio_full/reve/summary.json
ADHD_cross_subject_linear_downsample,reve,seed_42_downsample_t40,ADHD,cross_subject,42,0.507522167462156,0.5,balanced_chance,Biometrics & Disease,个体与疾病,神经发育障碍（ASD/ADHD等）,Adult ADHD,/benchmark-eeg/5.0_version/result_5/linear_downsample/ADHD_cross_subject_linear_downsample/seed_42_downsample_t40/ratio_full/reve/summary.json
ADHD_cross_subject_linear_downsample,reve,seed_5_downsample_t40,ADHD,cross_subject,5,0.404993605432461,0.5,balanced_chance,Biometrics & Disease,个体与疾病,神经发育障碍（ASD/ADHD等）,Adult ADHD,/benchmark-eeg/5.0_version/result_5/linear_downsample/ADHD_cross_subject_linear_downsample/seed_5_downsample_t40/ratio_full/reve/summary.json
Awakening_balanced_cross_subject_linear_downsample,bendr,seed_10_downsample_t40,Awakening_balanced,cross_subject,10,0.42207002804492,0.5,balanced_chance,Unknown,Unknown,Unknown,,/benchmark-eeg/5.0_version/result_5/linear_downsample/Awakening_balanced_cross_subject_linear_downsample/seed_10_downsample_t40/ratio_full/bendr/summary.json
Awakening_balanced_cross_subject_linear_downsample,bendr,seed_42_downsample_t40,Awakening_balanced,cross_subject,42,0.4018870912156183,0.5,balanced_chance,Unknown,Unknown,Unknown,,/benchmark-eeg/5.0_version/result_5/linear_downsample/Awakening_balanced_cross_subject_linear_downsample/seed_42_downsample_t40/ratio_full/bendr/summary.json
Awakening_balanced_cross_subject_linear_downsample,bendr,seed_5_downsample_t40,Awakening_balanced,cross_subject,5,0.3867077932651099,0.5,balanced_chance,Unknown,Unknown,Unknown,,/benchmark-eeg/5.0_version/result_5/linear_downsample/Awakening_balanced_cross_subject_linear_downsample/seed_5_downsample_t40/ratio_full/bendr/summary.json
Awakening_balanced_cross_subject_linear_downsample,biot,seed_10_downsample_t40,Awakening_balanced,cross_subject,10,0.5865302642796248,0.5,balanced_chance,Unknown,Unknown,Unknown,,/benchmark-eeg/5.0_version/result_5/linear_downsample/Awakening_balanced_cross_subject_linear_downsample/seed_10_downsample_t40/ratio_full/biot/summary.json
Awakening_balanced_cross_subject_linear_downsample,biot,seed_42_downsample_t40,Awakening_balanced,cross_subject,42,0.6303920628834356,0.5,balanced_chance,Unknown,Unknown,Unknown,,/benchmark-eeg/5.0_version/result_5/linear_downsample/Awakening_balanced_cross_subject_linear_downsample/seed_42_downsample_t40/ratio_full/biot/summary.json
Awakening_balanced_cross_subject_linear_downsample,biot,seed_5_downsample_t40,Awakening_balanced,cross_subject,5,0.5721457857680767,0.5,balanced_chance,Unknown,Unknown,Unknown,,/benchmark-eeg/5.0_version/result_5/linear_downsample/Awakening_balanced_cross_subject_linear_downsample/seed_5_downsample_t40/ratio_full/biot/summary.json
Awakening_balanced_cross_subject_linear_downsample,brainomni,seed_10_downsample_t40,Awakening_balanced,cross_subject,10,0.7350123378174003,0.5,balanced_chance,Unknown,Unknown,Unknown,,/benchmark-eeg/5.0_version/result_5/linear_downsample/Awakening_balanced_cross_subject_linear_downsample/seed_10_downsample_t40/ratio_full/brainomni/summary.json
Awakening_balanced_cross_subject_linear_downsample,brainomni,seed_42_downsample_t40,Awakening_balanced,cross_subject,42,0.7387021050066063,0.5,balanced_chance,Unknown,Unknown,Unknown,,/benchmark-eeg/5.0_version/result_5/linear_downsample/Awakening_balanced_cross_subject_linear_downsample/seed_42_downsample_t40/ratio_full/brainomni/summary.json
Awakening_balanced_cross_subject_linear_downsample,brainomni,seed_5_downsample_t40,Awakening_balanced,cross_subject,5,0.7118811881188118,0.5,balanced_chance,Unknown,Unknown,Unknown,,/benchmark-eeg/5.0_version/result_5/linear_downsample/Awakening_balanced_cross_subject_linear_downsample/seed_5_downsample_t40/ratio_full/brainomni/summary.json
Awakening_balanced_cross_subject_linear_downsample,cbramod,seed_10_downsample_t40,Awakening_balanced,cross_subject,10,0.4738199782154572,0.5,balanced_chance,Unknown,Unknown,Unknown,,/benchmark-eeg/5.0_version/result_5/linear_downsample/Awakening_balanced_cross_subject_linear_downsample/seed_10_downsample_t40/ratio_full/cbramod/summary.json
Awakening_balanced_cross_subject_linear_downsample,cbramod,seed_42_downsample_t40,Awakening_balanced,cross_subject,42,0.47101179123929715,0.5,balanced_chance,Unknown,Unknown,Unknown,,/benchmark-eeg/5.0_version/result_5/linear_downsample/Awakening_balanced_cross_subject_linear_downsample/seed_42_downsample_t40/ratio_full/cbramod/summary.json
Awakening_balanced_cross_subject_linear_downsample,cbramod,seed_5_downsample_t40,Awakening_balanced,cross_subject,5,0.47241647241647244,0.5,balanced_chance,Unknown,Unknown,Unknown,,/benchmark-eeg/5.0_version/result_5/linear_downsample/Awakening_balanced_cross_subject_linear_downsample/seed_5_downsample_t40/ratio_full/cbramod/summary.json
Awakening_balanced_cross_subject_linear_downsample,eegmamba,seed_10_downsample_t40,Awakening_balanced,cross_subject,10,0.49790231277402885,0.5,balanced_chance,Unknown,Unknown,Unknown,,/benchmark-eeg/5.0_version/result_5/linear_downsample/Awakening_balanced_cross_subject_linear_downsample/seed_10_downsample_t40/ratio_full/eegmamba/summary.json
Awakening_balanced_cross_subject_linear_downsample,eegmamba,seed_42_downsample_t40,Awakening_balanced,cross_subject,42,0.46918566775244297,0.5,balanced_chance,Unknown,Unknown,Unknown,,/benchmark-eeg/5.0_version/result_5/linear_downsample/Awakening_balanced_cross_subject_linear_downsample/seed_42_downsample_t40/ratio_full/eegmamba/summary.json
Awakening_balanced_cross_subject_linear_downsample,eegmamba,seed_5_downsample_t40,Awakening_balanced,cross_subject,5,0.43231931521263645,0.5,balanced_chance,Unknown,Unknown,Unknown,,/benchmark-eeg/5.0_version/result_5/linear_downsample/Awakening_balanced_cross_subject_linear_downsample/seed_5_downsample_t40/ratio_full/eegmamba/summary.json
Awakening_balanced_cross_subject_linear_downsample,femba,seed_10_downsample_t40,Awakening_balanced,cross_subject,10,0.7494422918868147,0.5,balanced_chance,Unknown,Unknown,Unknown,,/benchmark-eeg/5.0_version/result_5/linear_downsample/Awakening_balanced_cross_subject_linear_downsample/seed_10_downsample_t40/ratio_full/femba/summary.json
Awakening_balanced_cross_subject_linear_downsample,femba,seed_42_downsample_t40,Awakening_balanced,cross_subject,42,0.7565355514598894,0.5,balanced_chance,Unknown,Unknown,Unknown,,/benchmark-eeg/5.0_version/result_5/linear_downsample/Awakening_balanced_cross_subject_linear_downsample/seed_42_downsample_t40/ratio_full/femba/summary.json
Awakening_balanced_cross_subject_linear_downsample,femba,seed_5_downsample_t40,Awakening_balanced,cross_subject,5,0.7500362950058073,0.5,balanced_chance,Unknown,Unknown,Unknown,,/benchmark-eeg/5.0_version/result_5/linear_downsample/Awakening_balanced_cross_subject_linear_downsample/seed_5_downsample_t40/ratio_full/femba/summary.json
Awakening_balanced_cross_subject_linear_downsample,labram,seed_10_downsample_t40,Awakening_balanced,cross_subject,10,0.6014821182433935,0.5,balanced_chance,Unknown,Unknown,Unknown,,/benchmark-eeg/5.0_version/result_5/linear_downsample/Awakening_balanced_cross_subject_linear_downsample/seed_10_downsample_t40/ratio_full/labram/summary.json
Awakening_balanced_cross_subject_linear_downsample,labram,seed_42_downsample_t40,Awakening_balanced,cross_subject,42,0.64702009966018,0.5,balanced_chance,Unknown,Unknown,Unknown,,/benchmark-eeg/5.0_version/result_5/linear_downsample/Awakening_balanced_cross_subject_linear_downsample/seed_42_downsample_t40/ratio_full/labram/summary.json
Awakening_balanced_cross_subject_linear_downsample,labram,seed_5_downsample_t40,Awakening_balanced,cross_subject,5,0.6334524314176709,0.5,balanced_chance,Unknown,Unknown,Unknown,,/benchmark-eeg/5.0_version/result_5/linear_downsample/Awakening_balanced_cross_subject_linear_downsample/seed_5_downsample_t40/ratio_full/labram/summary.json
Awakening_balanced_cross_subject_linear_downsample,neurogpt,seed_10_downsample_t40,Awakening_balanced,cross_subject,10,0.560609066120327,0.5,balanced_chance,Unknown,Unknown,Unknown,,/benchmark-eeg/5.0_version/result_5/linear_downsample/Awakening_balanced_cross_subject_linear_downsample/seed_10_downsample_t40/ratio_full/neurogpt/summary.json
Awakening_balanced_cross_subject_linear_downsample,neurogpt,seed_42_downsample_t40,Awakening_balanced,cross_subject,42,0.5806495745204805,0.5,balanced_chance,Unknown,Unknown,Unknown,,/benchmark-eeg/5.0_version/result_5/linear_downsample/Awakening_balanced_cross_subject_linear_downsample/seed_42_downsample_t40/ratio_full/neurogpt/summary.json
Awakening_balanced_cross_subject_linear_downsample,neurogpt,seed_5_downsample_t40,Awakening_balanced,cross_subject,5,0.5797171373161156,0.5,balanced_chance,Unknown,Unknown,Unknown,,/benchmark-eeg/5.0_version/result_5/linear_downsample/Awakening_balanced_cross_subject_linear_downsample/seed_5_downsample_t40/ratio_full/neurogpt/summary.json
Awakening_balanced_cross_subject_linear_downsample,neurolm,seed_10_downsample_t40,Awakening_balanced,cross_subject,10,0.6136129552646274,0.5,balanced_chance,Unknown,Unknown,Unknown,,/benchmark-eeg/5.0_version/result_5/linear_downsample/Awakening_balanced_cross_subject_linear_downsample/seed_10_downsample_t40/ratio_full/neurolm/summary.json
Awakening_balanced_cross_subject_linear_downsample,neurolm,seed_42_downsample_t40,Awakening_balanced,cross_subject,42,0.5653616368827323,0.5,balanced_chance,Unknown,Unknown,Unknown,,/benchmark-eeg/5.0_version/result_5/linear_downsample/Awakening_balanced_cross_subject_linear_downsample/seed_42_downsample_t40/ratio_full/neurolm/summary.json
Awakening_balanced_cross_subject_linear_downsample,neurolm,seed_5_downsample_t40,Awakening_balanced,cross_subject,5,0.5999718672774877,0.5,balanced_chance,Unknown,Unknown,Unknown,,/benchmark-eeg/5.0_version/result_5/linear_downsample/Awakening_balanced_cross_subject_linear_downsample/seed_5_downsample_t40/ratio_full/neurolm/summary.json
Awakening_balanced_cross_subject_linear_downsample,reve,seed_10_downsample_t40,Awakening_balanced,cross_subject,10,0.6916186001127993,0.5,balanced_chance,Unknown,Unknown,Unknown,,/benchmark-eeg/5.0_version/result_5/linear_downsample/Awakening_balanced_cross_subject_linear_downsample/seed_10_downsample_t40/ratio_full/reve/summary.json
Awakening_balanced_cross_subject_linear_downsample,reve,seed_42_downsample_t40,Awakening_balanced,cross_subject,42,0.6980072079711681,0.5,balanced_chance,Unknown,Unknown,Unknown,,/benchmark-eeg/5.0_version/result_5/linear_downsample/Awakening_balanced_cross_subject_linear_downsample/seed_42_downsample_t40/ratio_full/reve/summary.json
Awakening_balanced_cross_subject_linear_downsample,reve,seed_5_downsample_t40,Awakening_balanced,cross_subject,5,0.6717306193330328,0.5,balanced_chance,Unknown,Unknown,Unknown,,/benchmark-eeg/5.0_version/result_5/linear_downsample/Awakening_balanced_cross_subject_linear_downsample/seed_5_downsample_t40/ratio_full/reve/summary.json
BCIC2A_wsn_cross_subject_linear_downsample,bendr,seed_10_downsample_t40,BCIC2A_wsn,cross_subject,10,0.23439679312972708,0.25,balanced_chance,Unknown,Unknown,Unknown,,/benchmark-eeg/5.0_version/result_5/linear_downsample/BCIC2A_wsn_cross_subject_linear_downsample/seed_10_downsample_t40/ratio_full/bendr/summary.json
BCIC2A_wsn_cross_subject_linear_downsample,bendr,seed_42_downsample_t40,BCIC2A_wsn,cross_subject,42,0.19324858159855024,0.25,balanced_chance,Unknown,Unknown,Unknown,,/benchmark-eeg/5.0_version/result_5/linear_downsample/BCIC2A_wsn_cross_subject_linear_downsample/seed_42_downsample_t40/ratio_full/bendr/summary.json
BCIC2A_wsn_cross_subject_linear_downsample,bendr,seed_5_downsample_t40,BCIC2A_wsn,cross_subject,5,0.1760987157311818,0.25,balanced_chance,Unknown,Unknown,Unknown,,/benchmark-eeg/5.0_version/result_5/linear_downsample/BCIC2A_wsn_cross_subject_linear_downsample/seed_5_downsample_t40/ratio_full/bendr/summary.json
BCIC2A_wsn_cross_subject_linear_downsample,biot,seed_10_downsample_t40,BCIC2A_wsn,cross_subject,10,0.1,0.25,balanced_chance,Unknown,Unknown,Unknown,,/benchmark-eeg/5.0_version/result_5/linear_downsample/BCIC2A_wsn_cross_subject_linear_downsample/seed_10_downsample_t40/ratio_full/biot/summary.json
BCIC2A_wsn_cross_subject_linear_downsample,biot,seed_42_downsample_t40,BCIC2A_wsn,cross_subject,42,0.1,0.25,balanced_chance,Unknown,Unknown,Unknown,,/benchmark-eeg/5.0_version/result_5/linear_downsample/BCIC2A_wsn_cross_subject_linear_downsample/seed_42_downsample_t40/ratio_full/biot/summary.json
BCIC2A_wsn_cross_subject_linear_downsample,biot,seed_5_downsample_t40,BCIC2A_wsn,cross_subject,5,0.1,0.25,balanced_chance,Unknown,Unknown,Unknown,,/benchmark-eeg/5.0_version/result_5/linear_downsample/BCIC2A_wsn_cross_subject_linear_downsample/seed_5_downsample_t40/ratio_full/biot/summary.json
BCIC2A_wsn_cross_subject_linear_downsample,brainomni,seed_10_downsample_t40,BCIC2A_wsn,cross_subject,10,0.19031387426600938,0.25,balanced_chance,Unknown,Unknown,Unknown,,/benchmark-eeg/5.0_version/result_5/linear_downsample/BCIC2A_wsn_cross_subject_linear_downsample/seed_10_downsample_t40/ratio_full/brainomni/summary.json
BCIC2A_wsn_cross_subject_linear_downsample,brainomni,seed_42_downsample_t40,BCIC2A_wsn,cross_subject,42,0.2668992315850737,0.25,balanced_chance,Unknown,Unknown,Unknown,,/benchmark-eeg/5.0_version/result_5/linear_downsample/BCIC2A_wsn_cross_subject_linear_downsample/seed_42_downsample_t40/ratio_full/brainomni/summary.json
BCIC2A_wsn_cross_subject_linear_downsample,brainomni,seed_5_downsample_t40,BCIC2A_wsn,cross_subject,5,0.2469206549322741,0.25,balanced_chance,Unknown,Unknown,Unknown,,/benchmark-eeg/5.0_version/result_5/linear_downsample/BCIC2A_wsn_cross_subject_linear_downsample/seed_5_downsample_t40/ratio_full/brainomni/summary.json
BCIC2A_wsn_cross_subject_linear_downsample,cbramod,seed_10_downsample_t40,BCIC2A_wsn,cross_subject,10,0.1975609756097561,0.25,balanced_chance,Unknown,Unknown,Unknown,,/benchmark-eeg/5.0_version/result_5/linear_downsample/BCIC2A_wsn_cross_subject_linear_downsample/seed_10_downsample_t40/ratio_full/cbramod/summary.json
BCIC2A_wsn_cross_subject_linear_downsample,cbramod,seed_42_downsample_t40,BCIC2A_wsn,cross_subject,42,0.10405500539728728,0.25,balanced_chance,Unknown,Unknown,Unknown,,/benchmark-eeg/5.0_version/result_5/linear_downsample/BCIC2A_wsn_cross_subject_linear_downsample/seed_42_downsample_t40/ratio_full/cbramod/summary.json
BCIC2A_wsn_cross_subject_linear_downsample,cbramod,seed_5_downsample_t40,BCIC2A_wsn,cross_subject,5,0.14707022819487212,0.25,balanced_chance,Unknown,Unknown,Unknown,,/benchmark-eeg/5.0_version/result_5/linear_downsample/BCIC2A_wsn_cross_subject_linear_downsample/seed_5_downsample_t40/ratio_full/cbramod/summary.json
BCIC2A_wsn_cross_subject_linear_downsample,eegmamba,seed_10_downsample_t40,BCIC2A_wsn,cross_subject,10,0.24865667189476515,0.25,balanced_chance,Unknown,Unknown,Unknown,,/benchmark-eeg/5.0_version/result_5/linear_downsample/BCIC2A_wsn_cross_subject_linear_downsample/seed_10_downsample_t40/ratio_full/eegmamba/summary.json
BCIC2A_wsn_cross_subject_linear_downsample,eegmamba,seed_42_downsample_t40,BCIC2A_wsn,cross_subject,42,0.2298838112203831,0.25,balanced_chance,Unknown,Unknown,Unknown,,/benchmark-eeg/5.0_version/result_5/linear_downsample/BCIC2A_wsn_cross_subject_linear_downsample/seed_42_downsample_t40/ratio_full/eegmamba/summary.json
BCIC2A_wsn_cross_subject_linear_downsample,eegmamba,seed_5_downsample_t40,BCIC2A_wsn,cross_subject,5,0.264497303048062,0.25,balanced_chance,Unknown,Unknown,Unknown,,/benchmark-eeg/5.0_version/result_5/linear_downsample/BCIC2A_wsn_cross_subject_linear_downsample/seed_5_downsample_t40/ratio_full/eegmamba/summary.json
BCIC2A_wsn_cross_subject_linear_downsample,femba,seed_10_downsample_t40,BCIC2A_wsn,cross_subject,10,0.10790195719773185,0.25,balanced_chance,Unknown,Unknown,Unknown,,/benchmark-eeg/5.0_version/result_5/linear_downsample/BCIC2A_wsn_cross_subject_linear_downsample/seed_10_downsample_t40/ratio_full/femba/summary.json
BCIC2A_wsn_cross_subject_linear_downsample,femba,seed_42_downsample_t40,BCIC2A_wsn,cross_subject,42,0.16976467356469188,0.25,balanced_chance,Unknown,Unknown,Unknown,,/benchmark-eeg/5.0_version/result_5/linear_downsample/BCIC2A_wsn_cross_subject_linear_downsample/seed_42_downsample_t40/ratio_full/femba/summary.json
BCIC2A_wsn_cross_subject_linear_downsample,femba,seed_5_downsample_t40,BCIC2A_wsn,cross_subject,5,0.11859591235410233,0.25,balanced_chance,Unknown,Unknown,Unknown,,/benchmark-eeg/5.0_version/result_5/linear_downsample/BCIC2A_wsn_cross_subject_linear_downsample/seed_5_downsample_t40/ratio_full/femba/summary.json
BCIC2A_wsn_cross_subject_linear_downsample,labram,seed_10_downsample_t40,BCIC2A_wsn,cross_subject,10,0.1709197745083584,0.25,balanced_chance,Unknown,Unknown,Unknown,,/benchmark-eeg/5.0_version/result_5/linear_downsample/BCIC2A_wsn_cross_subject_linear_downsample/seed_10_downsample_t40/ratio_full/labram/summary.json
BCIC2A_wsn_cross_subject_linear_downsample,labram,seed_42_downsample_t40,BCIC2A_wsn,cross_subject,42,0.17567143673413727,0.25,balanced_chance,Unknown,Unknown,Unknown,,/benchmark-eeg/5.0_version/result_5/linear_downsample/BCIC2A_wsn_cross_subject_linear_downsample/seed_42_downsample_t40/ratio_full/labram/summary.json
BCIC2A_wsn_cross_subject_linear_downsample,labram,seed_5_downsample_t40,BCIC2A_wsn,cross_subject,5,0.11642415128086675,0.25,balanced_chance,Unknown,Unknown,Unknown,,/benchmark-eeg/5.0_version/result_5/linear_downsample/BCIC2A_wsn_cross_subject_linear_downsample/seed_5_downsample_t40/ratio_full/labram/summary.json
BCIC2A_wsn_cross_subject_linear_downsample,neurogpt,seed_10_downsample_t40,BCIC2A_wsn,cross_subject,10,0.14151627748285323,0.25,balanced_chance,Unknown,Unknown,Unknown,,/benchmark-eeg/5.0_version/result_5/linear_downsample/BCIC2A_wsn_cross_subject_linear_downsample/seed_10_downsample_t40/ratio_full/neurogpt/summary.json
BCIC2A_wsn_cross_subject_linear_downsample,neurogpt,seed_42_downsample_t40,BCIC2A_wsn,cross_subject,42,0.10013908205841446,0.25,balanced_chance,Unknown,Unknown,Unknown,,/benchmark-eeg/5.0_version/result_5/linear_downsample/BCIC2A_wsn_cross_subject_linear_downsample/seed_42_downsample_t40/ratio_full/neurogpt/summary.json
BCIC2A_wsn_cross_subject_linear_downsample,neurogpt,seed_5_downsample_t40,BCIC2A_wsn,cross_subject,5,0.10682601807846427,0.25,balanced_chance,Unknown,Unknown,Unknown,,/benchmark-eeg/5.0_version/result_5/linear_downsample/BCIC2A_wsn_cross_subject_linear_downsample/seed_5_downsample_t40/ratio_full/neurogpt/summary.json
BCIC2A_wsn_cross_subject_linear_downsample,neurolm,seed_10_downsample_t40,BCIC2A_wsn,cross_subject,10,0.2557364618173704,0.25,balanced_chance,Unknown,Unknown,Unknown,,/benchmark-eeg/5.0_version/result_5/linear_downsample/BCIC2A_wsn_cross_subject_linear_downsample/seed_10_downsample_t40/ratio_full/neurolm/summary.json
BCIC2A_wsn_cross_subject_linear_downsample,neurolm,seed_42_downsample_t40,BCIC2A_wsn,cross_subject,42,0.2889750041421172,0.25,balanced_chance,Unknown,Unknown,Unknown,,/benchmark-eeg/5.0_version/result_5/linear_downsample/BCIC2A_wsn_cross_subject_linear_downsample/seed_42_downsample_t40/ratio_full/neurolm/summary.json
BCIC2A_wsn_cross_subject_linear_downsample,neurolm,seed_5_downsample_t40,BCIC2A_wsn,cross_subject,5,0.2525195306880676,0.25,balanced_chance,Unknown,Unknown,Unknown,,/benchmark-eeg/5.0_version/result_5/linear_downsample/BCIC2A_wsn_cross_subject_linear_downsample/seed_5_downsample_t40/ratio_full/neurolm/summary.json
BCIC2A_wsn_cross_subject_linear_downsample,reve,seed_10_downsample_t40,BCIC2A_wsn,cross_subject,10,0.2147393714372361,0.25,balanced_chance,Unknown,Unknown,Unknown,,/benchmark-eeg/5.0_version/result_5/linear_downsample/BCIC2A_wsn_cross_subject_linear_downsample/seed_10_downsample_t40/ratio_full/reve/summary.json
BCIC2A_wsn_cross_subject_linear_downsample,reve,seed_42_downsample_t40,BCIC2A_wsn,cross_subject,42,0.23272379922534842,0.25,balanced_chance,Unknown,Unknown,Unknown,,/benchmark-eeg/5.0_version/result_5/linear_downsample/BCIC2A_wsn_cross_subject_linear_downsample/seed_42_downsample_t40/ratio_full/reve/summary.json
BCIC2A_wsn_cross_subject_linear_downsample,reve,seed_5_downsample_t40,BCIC2A_wsn,cross_subject,5,0.21578783761528328,0.25,balanced_chance,Unknown,Unknown,Unknown,,/benchmark-eeg/5.0_version/result_5/linear_downsample/BCIC2A_wsn_cross_subject_linear_downsample/seed_5_downsample_t40/ratio_full/reve/summary.json
BCIC4_1_cross_subject_linear_downsample,bendr,seed_10_downsample_t40,BCIC4_1,cross_subject,10,0.49558638083228246,0.5,balanced_chance,Unknown,Unknown,Unknown,,/benchmark-eeg/5.0_version/result_5/linear_downsample/BCIC4_1_cross_subject_linear_downsample/seed_10_downsample_t40/ratio_full/bendr/summary.json
BCIC4_1_cross_subject_linear_downsample,bendr,seed_42_downsample_t40,BCIC4_1,cross_subject,42,0.4601276520598401,0.5,balanced_chance,Unknown,Unknown,Unknown,,/benchmark-eeg/5.0_version/result_5/linear_downsample/BCIC4_1_cross_subject_linear_downsample/seed_42_downsample_t40/ratio_full/bendr/summary.json
BCIC4_1_cross_subject_linear_downsample,bendr,seed_5_downsample_t40,BCIC4_1,cross_subject,5,0.4372424881921415,0.5,balanced_chance,Unknown,Unknown,Unknown,,/benchmark-eeg/5.0_version/result_5/linear_downsample/BCIC4_1_cross_subject_linear_downsample/seed_5_downsample_t40/ratio_full/bendr/summary.json
BCIC4_1_cross_subject_linear_downsample,biot,seed_10_downsample_t40,BCIC4_1,cross_subject,10,0.44554869756250653,0.5,balanced_chance,Unknown,Unknown,Unknown,,/benchmark-eeg/5.0_version/result_5/linear_downsample/BCIC4_1_cross_subject_linear_downsample/seed_10_downsample_t40/ratio_full/biot/summary.json
BCIC4_1_cross_subject_linear_downsample,biot,seed_42_downsample_t40,BCIC4_1,cross_subject,42,0.4274661508704062,0.5,balanced_chance,Unknown,Unknown,Unknown,,/benchmark-eeg/5.0_version/result_5/linear_downsample/BCIC4_1_cross_subject_linear_downsample/seed_42_downsample_t40/ratio_full/biot/summary.json
BCIC4_1_cross_subject_linear_downsample,biot,seed_5_downsample_t40,BCIC4_1,cross_subject,5,0.42832488404702834,0.5,balanced_chance,Unknown,Unknown,Unknown,,/benchmark-eeg/5.0_version/result_5/linear_downsample/BCIC4_1_cross_subject_linear_downsample/seed_5_downsample_t40/ratio_full/biot/summary.json
BCIC4_1_cross_subject_linear_downsample,brainomni,seed_10_downsample_t40,BCIC4_1,cross_subject,10,0.3333333333333333,0.5,balanced_chance,Unknown,Unknown,Unknown,,/benchmark-eeg/5.0_version/result_5/linear_downsample/BCIC4_1_cross_subject_linear_downsample/seed_10_downsample_t40/ratio_full/brainomni/summary.json
BCIC4_1_cross_subject_linear_downsample,brainomni,seed_42_downsample_t40,BCIC4_1,cross_subject,42,0.3288590604026846,0.5,balanced_chance,Unknown,Unknown,Unknown,,/benchmark-eeg/5.0_version/result_5/linear_downsample/BCIC4_1_cross_subject_linear_downsample/seed_42_downsample_t40/ratio_full/brainomni/summary.json
BCIC4_1_cross_subject_linear_downsample,brainomni,seed_5_downsample_t40,BCIC4_1,cross_subject,5,0.3478611783696529,0.5,balanced_chance,Unknown,Unknown,Unknown,,/benchmark-eeg/5.0_version/result_5/linear_downsample/BCIC4_1_cross_subject_linear_downsample/seed_5_downsample_t40/ratio_full/brainomni/summary.json
BCIC4_1_cross_subject_linear_downsample,cbramod,seed_10_downsample_t40,BCIC4_1,cross_subject,10,0.3333333333333333,0.5,balanced_chance,Unknown,Unknown,Unknown,,/benchmark-eeg/5.0_version/result_5/linear_downsample/BCIC4_1_cross_subject_linear_downsample/seed_10_downsample_t40/ratio_full/cbramod/summary.json
BCIC4_1_cross_subject_linear_downsample,cbramod,seed_42_downsample_t40,BCIC4_1,cross_subject,42,0.5166036149642708,0.5,balanced_chance,Unknown,Unknown,Unknown,,/benchmark-eeg/5.0_version/result_5/linear_downsample/BCIC4_1_cross_subject_linear_downsample/seed_42_downsample_t40/ratio_full/cbramod/summary.json
BCIC4_1_cross_subject_linear_downsample,cbramod,seed_5_downsample_t40,BCIC4_1,cross_subject,5,0.3373180873180873,0.5,balanced_chance,Unknown,Unknown,Unknown,,/benchmark-eeg/5.0_version/result_5/linear_downsample/BCIC4_1_cross_subject_linear_downsample/seed_5_downsample_t40/ratio_full/cbramod/summary.json
BCIC4_1_cross_subject_linear_downsample,eegmamba,seed_10_downsample_t40,BCIC4_1,cross_subject,10,0.3551783129359126,0.5,balanced_chance,Unknown,Unknown,Unknown,,/benchmark-eeg/5.0_version/result_5/linear_downsample/BCIC4_1_cross_subject_linear_downsample/seed_10_downsample_t40/ratio_full/eegmamba/summary.json
BCIC4_1_cross_subject_linear_downsample,eegmamba,seed_42_downsample_t40,BCIC4_1,cross_subject,42,0.40712042499486367,0.5,balanced_chance,Unknown,Unknown,Unknown,,/benchmark-eeg/5.0_version/result_5/linear_downsample/BCIC4_1_cross_subject_linear_downsample/seed_42_downsample_t40/ratio_full/eegmamba/summary.json
BCIC4_1_cross_subject_linear_downsample,eegmamba,seed_5_downsample_t40,BCIC4_1,cross_subject,5,0.42710997442455245,0.5,balanced_chance,Unknown,Unknown,Unknown,,/benchmark-eeg/5.0_version/result_5/linear_downsample/BCIC4_1_cross_subject_linear_downsample/seed_5_downsample_t40/ratio_full/eegmamba/summary.json
BCIC4_1_cross_subject_linear_downsample,femba,seed_10_downsample_t40,BCIC4_1,cross_subject,10,0.3470633104500382,0.5,balanced_chance,Unknown,Unknown,Unknown,,/benchmark-eeg/5.0_version/result_5/linear_downsample/BCIC4_1_cross_subject_linear_downsample/seed_10_downsample_t40/ratio_full/femba/summary.json
BCIC4_1_cross_subject_linear_downsample,femba,seed_42_downsample_t40,BCIC4_1,cross_subject,42,0.4615747550720213,0.5,balanced_chance,Unknown,Unknown,Unknown,,/benchmark-eeg/5.0_version/result_5/linear_downsample/BCIC4_1_cross_subject_linear_downsample/seed_42_downsample_t40/ratio_full/femba/summary.json
BCIC4_1_cross_subject_linear_downsample,femba,seed_5_downsample_t40,BCIC4_1,cross_subject,5,0.38076736279747453,0.5,balanced_chance,Unknown,Unknown,Unknown,,/benchmark-eeg/5.0_version/result_5/linear_downsample/BCIC4_1_cross_subject_linear_downsample/seed_5_downsample_t40/ratio_full/femba/summary.json
BCIC4_1_cross_subject_linear_downsample,labram,seed_10_downsample_t40,BCIC4_1,cross_subject,10,0.444698703279939,0.5,balanced_chance,Unknown,Unknown,Unknown,,/benchmark-eeg/5.0_version/result_5/linear_downsample/BCIC4_1_cross_subject_linear_downsample/seed_10_downsample_t40/ratio_full/labram/summary.json
BCIC4_1_cross_subject_linear_downsample,labram,seed_42_downsample_t40,BCIC4_1,cross_subject,42,0.491146462439927,0.5,balanced_chance,Unknown,Unknown,Unknown,,/benchmark-eeg/5.0_version/result_5/linear_downsample/BCIC4_1_cross_subject_linear_downsample/seed_42_downsample_t40/ratio_full/labram/summary.json
BCIC4_1_cross_subject_linear_downsample,labram,seed_5_downsample_t40,BCIC4_1,cross_subject,5,0.4522529971062422,0.5,balanced_chance,Unknown,Unknown,Unknown,,/benchmark-eeg/5.0_version/result_5/linear_downsample/BCIC4_1_cross_subject_linear_downsample/seed_5_downsample_t40/ratio_full/labram/summary.json
BCIC4_1_cross_subject_linear_downsample,neurogpt,seed_10_downsample_t40,BCIC4_1,cross_subject,10,0.4812328349099786,0.5,balanced_chance,Unknown,Unknown,Unknown,,/benchmark-eeg/5.0_version/result_5/linear_downsample/BCIC4_1_cross_subject_linear_downsample/seed_10_downsample_t40/ratio_full/neurogpt/summary.json
BCIC4_1_cross_subject_linear_downsample,neurogpt,seed_42_downsample_t40,BCIC4_1,cross_subject,42,0.4748818484158936,0.5,balanced_chance,Unknown,Unknown,Unknown,,/benchmark-eeg/5.0_version/result_5/linear_downsample/BCIC4_1_cross_subject_linear_downsample/seed_42_downsample_t40/ratio_full/neurogpt/summary.json
BCIC4_1_cross_subject_linear_downsample,neurogpt,seed_5_downsample_t40,BCIC4_1,cross_subject,5,0.47916666666666663,0.5,balanced_chance,Unknown,Unknown,Unknown,,/benchmark-eeg/5.0_version/result_5/linear_downsample/BCIC4_1_cross_subject_linear_downsample/seed_5_downsample_t40/ratio_full/neurogpt/summary.json
BCIC4_1_cross_subject_linear_downsample,neurolm,seed_10_downsample_t40,BCIC4_1,cross_subject,10,0.4430432955023119,0.5,balanced_chance,Unknown,Unknown,Unknown,,/benchmark-eeg/5.0_version/result_5/linear_downsample/BCIC4_1_cross_subject_linear_downsample/seed_10_downsample_t40/ratio_full/neurolm/summary.json
BCIC4_1_cross_subject_linear_downsample,neurolm,seed_42_downsample_t40,BCIC4_1,cross_subject,42,0.43956043956043955,0.5,balanced_chance,Unknown,Unknown,Unknown,,/benchmark-eeg/5.0_version/result_5/linear_downsample/BCIC4_1_cross_subject_linear_downsample/seed_42_downsample_t40/ratio_full/neurolm/summary.json
BCIC4_1_cross_subject_linear_downsample,neurolm,seed_5_downsample_t40,BCIC4_1,cross_subject,5,0.39811912225705326,0.5,balanced_chance,Unknown,Unknown,Unknown,,/benchmark-eeg/5.0_version/result_5/linear_downsample/BCIC4_1_cross_subject_linear_downsample/seed_5_downsample_t40/ratio_full/neurolm/summary.json
BCIC4_1_cross_subject_linear_downsample,reve,seed_10_downsample_t40,BCIC4_1,cross_subject,10,0.5229846099771535,0.5,balanced_chance,Unknown,Unknown,Unknown,,/benchmark-eeg/5.0_version/result_5/linear_downsample/BCIC4_1_cross_subject_linear_downsample/seed_10_downsample_t40/ratio_full/reve/summary.json
BCIC4_1_cross_subject_linear_downsample,reve,seed_42_downsample_t40,BCIC4_1,cross_subject,42,0.5149878746968675,0.5,balanced_chance,Unknown,Unknown,Unknown,,/benchmark-eeg/5.0_version/result_5/linear_downsample/BCIC4_1_cross_subject_linear_downsample/seed_42_downsample_t40/ratio_full/reve/summary.json
BCIC4_1_cross_subject_linear_downsample,reve,seed_5_downsample_t40,BCIC4_1,cross_subject,5,0.49581115836113165,0.5,balanced_chance,Unknown,Unknown,Unknown,,/benchmark-eeg/5.0_version/result_5/linear_downsample/BCIC4_1_cross_subject_linear_downsample/seed_5_downsample_t40/ratio_full/reve/summary.json
BCI_Speech_cross_subject_linear_downsample,bendr,seed_10_downsample_t40,BCI_Speech,cross_subject,10,0.17356730765797848,0.2,balanced_chance,Unknown,Unknown,Unknown,,/benchmark-eeg/5.0_version/result_5/linear_downsample/BCI_Speech_cross_subject_linear_downsample/seed_10_downsample_t40/ratio_full/bendr/summary.json
BCI_Speech_cross_subject_linear_downsample,bendr,seed_42_downsample_t40,BCI_Speech,cross_subject,42,0.22467281111864698,0.2,balanced_chance,Unknown,Unknown,Unknown,,/benchmark-eeg/5.0_version/result_5/linear_downsample/BCI_Speech_cross_subject_linear_downsample/seed_42_downsample_t40/ratio_full/bendr/summary.json
BCI_Speech_cross_subject_linear_downsample,bendr,seed_5_downsample_t40,BCI_Speech,cross_subject,5,0.1848921146012332,0.2,balanced_chance,Unknown,Unknown,Unknown,,/benchmark-eeg/5.0_version/result_5/linear_downsample/BCI_Speech_cross_subject_linear_downsample/seed_5_downsample_t40/ratio_full/bendr/summary.json
BCI_Speech_cross_subject_linear_downsample,biot,seed_10_downsample_t40,BCI_Speech,cross_subject,10,0.15848943337647525,0.2,balanced_chance,Unknown,Unknown,Unknown,,/benchmark-eeg/5.0_version/result_5/linear_downsample/BCI_Speech_cross_subject_linear_downsample/seed_10_downsample_t40/ratio_full/biot/summary.json
BCI_Speech_cross_subject_linear_downsample,biot,seed_42_downsample_t40,BCI_Speech,cross_subject,42,0.1910483350442694,0.2,balanced_chance,Unknown,Unknown,Unknown,,/benchmark-eeg/5.0_version/result_5/linear_downsample/BCI_Speech_cross_subject_linear_downsample/seed_42_downsample_t40/ratio_full/biot/summary.json
BCI_Speech_cross_subject_linear_downsample,biot,seed_5_downsample_t40,BCI_Speech,cross_subject,5,0.18703400240407236,0.2,balanced_chance,Unknown,Unknown,Unknown,,/benchmark-eeg/5.0_version/result_5/linear_downsample/BCI_Speech_cross_subject_linear_downsample/seed_5_downsample_t40/ratio_full/biot/summary.json
BCI_Speech_cross_subject_linear_downsample,brainomni,seed_10_downsample_t40,BCI_Speech,cross_subject,10,0.20914247027319535,0.2,balanced_chance,Unknown,Unknown,Unknown,,/benchmark-eeg/5.0_version/result_5/linear_downsample/BCI_Speech_cross_subject_linear_downsample/seed_10_downsample_t40/ratio_full/brainomni/summary.json
BCI_Speech_cross_subject_linear_downsample,brainomni,seed_42_downsample_t40,BCI_Speech,cross_subject,42,0.11748645879080662,0.2,balanced_chance,Unknown,Unknown,Unknown,,/benchmark-eeg/5.0_version/result_5/linear_downsample/BCI_Speech_cross_subject_linear_downsample/seed_42_downsample_t40/ratio_full/brainomni/summary.json
BCI_Speech_cross_subject_linear_downsample,brainomni,seed_5_downsample_t40,BCI_Speech,cross_subject,5,0.22234592873320244,0.2,balanced_chance,Unknown,Unknown,Unknown,,/benchmark-eeg/5.0_version/result_5/linear_downsample/BCI_Speech_cross_subject_linear_downsample/seed_5_downsample_t40/ratio_full/brainomni/summary.json
BCI_Speech_cross_subject_linear_downsample,cbramod,seed_10_downsample_t40,BCI_Speech,cross_subject,10,0.20863482812131365,0.2,balanced_chance,Unknown,Unknown,Unknown,,/benchmark-eeg/5.0_version/result_5/linear_downsample/BCI_Speech_cross_subject_linear_downsample/seed_10_downsample_t40/ratio_full/cbramod/summary.json
BCI_Speech_cross_subject_linear_downsample,cbramod,seed_42_downsample_t40,BCI_Speech,cross_subject,42,0.18498174552579075,0.2,balanced_chance,Unknown,Unknown,Unknown,,/benchmark-eeg/5.0_version/result_5/linear_downsample/BCI_Speech_cross_subject_linear_downsample/seed_42_downsample_t40/ratio_full/cbramod/summary.json
BCI_Speech_cross_subject_linear_downsample,cbramod,seed_5_downsample_t40,BCI_Speech,cross_subject,5,0.16545926008868844,0.2,balanced_chance,Unknown,Unknown,Unknown,,/benchmark-eeg/5.0_version/result_5/linear_downsample/BCI_Speech_cross_subject_linear_downsample/seed_5_downsample_t40/ratio_full/cbramod/summary.json
BCI_Speech_cross_subject_linear_downsample,eegmamba,seed_10_downsample_t40,BCI_Speech,cross_subject,10,0.19432696254374246,0.2,balanced_chance,Unknown,Unknown,Unknown,,/benchmark-eeg/5.0_version/result_5/linear_downsample/BCI_Speech_cross_subject_linear_downsample/seed_10_downsample_t40/ratio_full/eegmamba/summary.json
BCI_Speech_cross_subject_linear_downsample,eegmamba,seed_42_downsample_t40,BCI_Speech,cross_subject,42,0.20031739527448317,0.2,balanced_chance,Unknown,Unknown,Unknown,,/benchmark-eeg/5.0_version/result_5/linear_downsample/BCI_Speech_cross_subject_linear_downsample/seed_42_downsample_t40/ratio_full/eegmamba/summary.json
BCI_Speech_cross_subject_linear_downsample,eegmamba,seed_5_downsample_t40,BCI_Speech,cross_subject,5,0.17193595590110547,0.2,balanced_chance,Unknown,Unknown,Unknown,,/benchmark-eeg/5.0_version/result_5/linear_downsample/BCI_Speech_cross_subject_linear_downsample/seed_5_downsample_t40/ratio_full/eegmamba/summary.json
BCI_Speech_cross_subject_linear_downsample,femba,seed_10_downsample_t40,BCI_Speech,cross_subject,10,0.1743866191241088,0.2,balanced_chance,Unknown,Unknown,Unknown,,/benchmark-eeg/5.0_version/result_5/linear_downsample/BCI_Speech_cross_subject_linear_downsample/seed_10_downsample_t40/ratio_full/femba/summary.json
BCI_Speech_cross_subject_linear_downsample,femba,seed_42_downsample_t40,BCI_Speech,cross_subject,42,0.14866225771770275,0.2,balanced_chance,Unknown,Unknown,Unknown,,/benchmark-eeg/5.0_version/result_5/linear_downsample/BCI_Speech_cross_subject_linear_downsample/seed_42_downsample_t40/ratio_full/femba/summary.json
BCI_Speech_cross_subject_linear_downsample,femba,seed_5_downsample_t40,BCI_Speech,cross_subject,5,0.1801093897158395,0.2,balanced_chance,Unknown,Unknown,Unknown,,/benchmark-eeg/5.0_version/result_5/linear_downsample/BCI_Speech_cross_subject_linear_downsample/seed_5_downsample_t40/ratio_full/femba/summary.json
BCI_Speech_cross_subject_linear_downsample,labram,seed_10_downsample_t40,BCI_Speech,cross_subject,10,0.1851350231759929,0.2,balanced_chance,Unknown,Unknown,Unknown,,/benchmark-eeg/5.0_version/result_5/linear_downsample/BCI_Speech_cross_subject_linear_downsample/seed_10_downsample_t40/ratio_full/labram/summary.json
BCI_Speech_cross_subject_linear_downsample,labram,seed_42_downsample_t40,BCI_Speech,cross_subject,42,0.2098312364527377,0.2,balanced_chance,Unknown,Unknown,Unknown,,/benchmark-eeg/5.0_version/result_5/linear_downsample/BCI_Speech_cross_subject_linear_downsample/seed_42_downsample_t40/ratio_full/labram/summary.json
BCI_Speech_cross_subject_linear_downsample,labram,seed_5_downsample_t40,BCI_Speech,cross_subject,5,0.20607083264063492,0.2,balanced_chance,Unknown,Unknown,Unknown,,/benchmark-eeg/5.0_version/result_5/linear_downsample/BCI_Speech_cross_subject_linear_downsample/seed_5_downsample_t40/ratio_full/labram/summary.json
BCI_Speech_cross_subject_linear_downsample,neurogpt,seed_10_downsample_t40,BCI_Speech,cross_subject,10,0.16305374913969378,0.2,balanced_chance,Unknown,Unknown,Unknown,,/benchmark-eeg/5.0_version/result_5/linear_downsample/BCI_Speech_cross_subject_linear_downsample/seed_10_downsample_t40/ratio_full/neurogpt/summary.json
BCI_Speech_cross_subject_linear_downsample,neurogpt,seed_42_downsample_t40,BCI_Speech,cross_subject,42,0.1483583495967397,0.2,balanced_chance,Unknown,Unknown,Unknown,,/benchmark-eeg/5.0_version/result_5/linear_downsample/BCI_Speech_cross_subject_linear_downsample/seed_42_downsample_t40/ratio_full/neurogpt/summary.json
BCI_Speech_cross_subject_linear_downsample,neurogpt,seed_5_downsample_t40,BCI_Speech,cross_subject,5,0.18256949434711675,0.2,balanced_chance,Unknown,Unknown,Unknown,,/benchmark-eeg/5.0_version/result_5/linear_downsample/BCI_Speech_cross_subject_linear_downsample/seed_5_downsample_t40/ratio_full/neurogpt/summary.json
BCI_Speech_cross_subject_linear_downsample,neurolm,seed_10_downsample_t40,BCI_Speech,cross_subject,10,0.2006058046567655,0.2,balanced_chance,Unknown,Unknown,Unknown,,/benchmark-eeg/5.0_version/result_5/linear_downsample/BCI_Speech_cross_subject_linear_downsample/seed_10_downsample_t40/ratio_full/neurolm/summary.json
BCI_Speech_cross_subject_linear_downsample,neurolm,seed_42_downsample_t40,BCI_Speech,cross_subject,42,0.1965116707448303,0.2,balanced_chance,Unknown,Unknown,Unknown,,/benchmark-eeg/5.0_version/result_5/linear_downsample/BCI_Speech_cross_subject_linear_downsample/seed_42_downsample_t40/ratio_full/neurolm/summary.json
BCI_Speech_cross_subject_linear_downsample,neurolm,seed_5_downsample_t40,BCI_Speech,cross_subject,5,0.2152936749040844,0.2,balanced_chance,Unknown,Unknown,Unknown,,/benchmark-eeg/5.0_version/result_5/linear_downsample/BCI_Speech_cross_subject_linear_downsample/seed_5_downsample_t40/ratio_full/neurolm/summary.json
BCI_Speech_cross_subject_linear_downsample,reve,seed_10_downsample_t40,BCI_Speech,cross_subject,10,0.15635526407717512,0.2,balanced_chance,Unknown,Unknown,Unknown,,/benchmark-eeg/5.0_version/result_5/linear_downsample/BCI_Speech_cross_subject_linear_downsample/seed_10_downsample_t40/ratio_full/reve/summary.json
BCI_Speech_cross_subject_linear_downsample,reve,seed_42_downsample_t40,BCI_Speech,cross_subject,42,0.14949827168137028,0.2,balanced_chance,Unknown,Unknown,Unknown,,/benchmark-eeg/5.0_version/result_5/linear_downsample/BCI_Speech_cross_subject_linear_downsample/seed_42_downsample_t40/ratio_full/reve/summary.json
BCI_Speech_cross_subject_linear_downsample,reve,seed_5_downsample_t40,BCI_Speech,cross_subject,5,0.19282824416430888,0.2,balanced_chance,Unknown,Unknown,Unknown,,/benchmark-eeg/5.0_version/result_5/linear_downsample/BCI_Speech_cross_subject_linear_downsample/seed_5_downsample_t40/ratio_full/reve/summary.json
BETA_SSVEP_wsn_cross_subject_linear_downsample,bendr,seed_10_downsample_t40,BETA_SSVEP_wsn,cross_subject,10,0.028382908843353188,0.025,balanced_chance,Unknown,Unknown,Unknown,,/benchmark-eeg/5.0_version/result_5/linear_downsample/BETA_SSVEP_wsn_cross_subject_linear_downsample/seed_10_downsample_t40/ratio_full/bendr/summary.json
BETA_SSVEP_wsn_cross_subject_linear_downsample,bendr,seed_42_downsample_t40,BETA_SSVEP_wsn,cross_subject,42,0.026958208538423907,0.025,balanced_chance,Unknown,Unknown,Unknown,,/benchmark-eeg/5.0_version/result_5/linear_downsample/BETA_SSVEP_wsn_cross_subject_linear_downsample/seed_42_downsample_t40/ratio_full/bendr/summary.json
BETA_SSVEP_wsn_cross_subject_linear_downsample,bendr,seed_5_downsample_t40,BETA_SSVEP_wsn,cross_subject,5,0.023870693680932704,0.025,balanced_chance,Unknown,Unknown,Unknown,,/benchmark-eeg/5.0_version/result_5/linear_downsample/BETA_SSVEP_wsn_cross_subject_linear_downsample/seed_5_downsample_t40/ratio_full/bendr/summary.json
BETA_SSVEP_wsn_cross_subject_linear_downsample,biot,seed_10_downsample_t40,BETA_SSVEP_wsn,cross_subject,10,0.012085418309882117,0.025,balanced_chance,Unknown,Unknown,Unknown,,/benchmark-eeg/5.0_version/result_5/linear_downsample/BETA_SSVEP_wsn_cross_subject_linear_downsample/seed_10_downsample_t40/ratio_full/biot/summary.json
BETA_SSVEP_wsn_cross_subject_linear_downsample,biot,seed_42_downsample_t40,BETA_SSVEP_wsn,cross_subject,42,0.011846151848503234,0.025,balanced_chance,Unknown,Unknown,Unknown,,/benchmark-eeg/5.0_version/result_5/linear_downsample/BETA_SSVEP_wsn_cross_subject_linear_downsample/seed_42_downsample_t40/ratio_full/biot/summary.json
BETA_SSVEP_wsn_cross_subject_linear_downsample,biot,seed_5_downsample_t40,BETA_SSVEP_wsn,cross_subject,5,0.012873407854831948,0.025,balanced_chance,Unknown,Unknown,Unknown,,/benchmark-eeg/5.0_version/result_5/linear_downsample/BETA_SSVEP_wsn_cross_subject_linear_downsample/seed_5_downsample_t40/ratio_full/biot/summary.json
BETA_SSVEP_wsn_cross_subject_linear_downsample,brainomni,seed_10_downsample_t40,BETA_SSVEP_wsn,cross_subject,10,0.033074581906488126,0.025,balanced_chance,Unknown,Unknown,Unknown,,/benchmark-eeg/5.0_version/result_5/linear_downsample/BETA_SSVEP_wsn_cross_subject_linear_downsample/seed_10_downsample_t40/ratio_full/brainomni/summary.json
BETA_SSVEP_wsn_cross_subject_linear_downsample,brainomni,seed_42_downsample_t40,BETA_SSVEP_wsn,cross_subject,42,0.025609619226280477,0.025,balanced_chance,Unknown,Unknown,Unknown,,/benchmark-eeg/5.0_version/result_5/linear_downsample/BETA_SSVEP_wsn_cross_subject_linear_downsample/seed_42_downsample_t40/ratio_full/brainomni/summary.json
BETA_SSVEP_wsn_cross_subject_linear_downsample,brainomni,seed_5_downsample_t40,BETA_SSVEP_wsn,cross_subject,5,0.03178097645486864,0.025,balanced_chance,Unknown,Unknown,Unknown,,/benchmark-eeg/5.0_version/result_5/linear_downsample/BETA_SSVEP_wsn_cross_subject_linear_downsample/seed_5_downsample_t40/ratio_full/brainomni/summary.json
BETA_SSVEP_wsn_cross_subject_linear_downsample,cbramod,seed_10_downsample_t40,BETA_SSVEP_wsn,cross_subject,10,0.018124709861320334,0.025,balanced_chance,Unknown,Unknown,Unknown,,/benchmark-eeg/5.0_version/result_5/linear_downsample/BETA_SSVEP_wsn_cross_subject_linear_downsample/seed_10_downsample_t40/ratio_full/cbramod/summary.json
BETA_SSVEP_wsn_cross_subject_linear_downsample,cbramod,seed_42_downsample_t40,BETA_SSVEP_wsn,cross_subject,42,0.014317213490625227,0.025,balanced_chance,Unknown,Unknown,Unknown,,/benchmark-eeg/5.0_version/result_5/linear_downsample/BETA_SSVEP_wsn_cross_subject_linear_downsample/seed_42_downsample_t40/ratio_full/cbramod/summary.json
BETA_SSVEP_wsn_cross_subject_linear_downsample,cbramod,seed_5_downsample_t40,BETA_SSVEP_wsn,cross_subject,5,0.031391120852579925,0.025,balanced_chance,Unknown,Unknown,Unknown,,/benchmark-eeg/5.0_version/result_5/linear_downsample/BETA_SSVEP_wsn_cross_subject_linear_downsample/seed_5_downsample_t40/ratio_full/cbramod/summary.json
BETA_SSVEP_wsn_cross_subject_linear_downsample,eegmamba,seed_10_downsample_t40,BETA_SSVEP_wsn,cross_subject,10,0.013900212333046575,0.025,balanced_chance,Unknown,Unknown,Unknown,,/benchmark-eeg/5.0_version/result_5/linear_downsample/BETA_SSVEP_wsn_cross_subject_linear_downsample/seed_10_downsample_t40/ratio_full/eegmamba/summary.json
BETA_SSVEP_wsn_cross_subject_linear_downsample,eegmamba,seed_42_downsample_t40,BETA_SSVEP_wsn,cross_subject,42,0.011238847120580507,0.025,balanced_chance,Unknown,Unknown,Unknown,,/benchmark-eeg/5.0_version/result_5/linear_downsample/BETA_SSVEP_wsn_cross_subject_linear_downsample/seed_42_downsample_t40/ratio_full/eegmamba/summary.json
BETA_SSVEP_wsn_cross_subject_linear_downsample,eegmamba,seed_5_downsample_t40,BETA_SSVEP_wsn,cross_subject,5,0.015988078782367198,0.025,balanced_chance,Unknown,Unknown,Unknown,,/benchmark-eeg/5.0_version/result_5/linear_downsample/BETA_SSVEP_wsn_cross_subject_linear_downsample/seed_5_downsample_t40/ratio_full/eegmamba/summary.json
BETA_SSVEP_wsn_cross_subject_linear_downsample,femba,seed_10_downsample_t40,BETA_SSVEP_wsn,cross_subject,10,0.035732523499041956,0.025,balanced_chance,Unknown,Unknown,Unknown,,/benchmark-eeg/5.0_version/result_5/linear_downsample/BETA_SSVEP_wsn_cross_subject_linear_downsample/seed_10_downsample_t40/ratio_full/femba/summary.json
BETA_SSVEP_wsn_cross_subject_linear_downsample,femba,seed_42_downsample_t40,BETA_SSVEP_wsn,cross_subject,42,0.021768927969262202,0.025,balanced_chance,Unknown,Unknown,Unknown,,/benchmark-eeg/5.0_version/result_5/linear_downsample/BETA_SSVEP_wsn_cross_subject_linear_downsample/seed_42_downsample_t40/ratio_full/femba/summary.json
BETA_SSVEP_wsn_cross_subject_linear_downsample,femba,seed_5_downsample_t40,BETA_SSVEP_wsn,cross_subject,5,0.02635186281924399,0.025,balanced_chance,Unknown,Unknown,Unknown,,/benchmark-eeg/5.0_version/result_5/linear_downsample/BETA_SSVEP_wsn_cross_subject_linear_downsample/seed_5_downsample_t40/ratio_full/femba/summary.json
BETA_SSVEP_wsn_cross_subject_linear_downsample,labram,seed_10_downsample_t40,BETA_SSVEP_wsn,cross_subject,10,0.01815701550679146,0.025,balanced_chance,Unknown,Unknown,Unknown,,/benchmark-eeg/5.0_version/result_5/linear_downsample/BETA_SSVEP_wsn_cross_subject_linear_downsample/seed_10_downsample_t40/ratio_full/labram/summary.json
BETA_SSVEP_wsn_cross_subject_linear_downsample,labram,seed_42_downsample_t40,BETA_SSVEP_wsn,cross_subject,42,0.017904506501861376,0.025,balanced_chance,Unknown,Unknown,Unknown,,/benchmark-eeg/5.0_version/result_5/linear_downsample/BETA_SSVEP_wsn_cross_subject_linear_downsample/seed_42_downsample_t40/ratio_full/labram/summary.json
BETA_SSVEP_wsn_cross_subject_linear_downsample,labram,seed_5_downsample_t40,BETA_SSVEP_wsn,cross_subject,5,0.009099586904977145,0.025,balanced_chance,Unknown,Unknown,Unknown,,/benchmark-eeg/5.0_version/result_5/linear_downsample/BETA_SSVEP_wsn_cross_subject_linear_downsample/seed_5_downsample_t40/ratio_full/labram/summary.json
BETA_SSVEP_wsn_cross_subject_linear_downsample,neurogpt,seed_10_downsample_t40,BETA_SSVEP_wsn,cross_subject,10,0.013797921393087447,0.025,balanced_chance,Unknown,Unknown,Unknown,,/benchmark-eeg/5.0_version/result_5/linear_downsample/BETA_SSVEP_wsn_cross_subject_linear_downsample/seed_10_downsample_t40/ratio_full/neurogpt/summary.json
BETA_SSVEP_wsn_cross_subject_linear_downsample,neurogpt,seed_42_downsample_t40,BETA_SSVEP_wsn,cross_subject,42,0.015560179780322907,0.025,balanced_chance,Unknown,Unknown,Unknown,,/benchmark-eeg/5.0_version/result_5/linear_downsample/BETA_SSVEP_wsn_cross_subject_linear_downsample/seed_42_downsample_t40/ratio_full/neurogpt/summary.json
BETA_SSVEP_wsn_cross_subject_linear_downsample,neurogpt,seed_5_downsample_t40,BETA_SSVEP_wsn,cross_subject,5,0.015468457312643815,0.025,balanced_chance,Unknown,Unknown,Unknown,,/benchmark-eeg/5.0_version/result_5/linear_downsample/BETA_SSVEP_wsn_cross_subject_linear_downsample/seed_5_downsample_t40/ratio_full/neurogpt/summary.json
BETA_SSVEP_wsn_cross_subject_linear_downsample,neurolm,seed_10_downsample_t40,BETA_SSVEP_wsn,cross_subject,10,0.01290778500342879,0.025,balanced_chance,Unknown,Unknown,Unknown,,/benchmark-eeg/5.0_version/result_5/linear_downsample/BETA_SSVEP_wsn_cross_subject_linear_downsample/seed_10_downsample_t40/ratio_full/neurolm/summary.json
BETA_SSVEP_wsn_cross_subject_linear_downsample,neurolm,seed_42_downsample_t40,BETA_SSVEP_wsn,cross_subject,42,0.018471233170343125,0.025,balanced_chance,Unknown,Unknown,Unknown,,/benchmark-eeg/5.0_version/result_5/linear_downsample/BETA_SSVEP_wsn_cross_subject_linear_downsample/seed_42_downsample_t40/ratio_full/neurolm/summary.json
BETA_SSVEP_wsn_cross_subject_linear_downsample,neurolm,seed_5_downsample_t40,BETA_SSVEP_wsn,cross_subject,5,0.01650721316982678,0.025,balanced_chance,Unknown,Unknown,Unknown,,/benchmark-eeg/5.0_version/result_5/linear_downsample/BETA_SSVEP_wsn_cross_subject_linear_downsample/seed_5_downsample_t40/ratio_full/neurolm/summary.json
BETA_SSVEP_wsn_cross_subject_linear_downsample,reve,seed_10_downsample_t40,BETA_SSVEP_wsn,cross_subject,10,0.028101494111933977,0.025,balanced_chance,Unknown,Unknown,Unknown,,/benchmark-eeg/5.0_version/result_5/linear_downsample/BETA_SSVEP_wsn_cross_subject_linear_downsample/seed_10_downsample_t40/ratio_full/reve/summary.json
BETA_SSVEP_wsn_cross_subject_linear_downsample,reve,seed_42_downsample_t40,BETA_SSVEP_wsn,cross_subject,42,0.040306125894825726,0.025,balanced_chance,Unknown,Unknown,Unknown,,/benchmark-eeg/5.0_version/result_5/linear_downsample/BETA_SSVEP_wsn_cross_subject_linear_downsample/seed_42_downsample_t40/ratio_full/reve/summary.json
BETA_SSVEP_wsn_cross_subject_linear_downsample,reve,seed_5_downsample_t40,BETA_SSVEP_wsn,cross_subject,5,0.044073215917134416,0.025,balanced_chance,Unknown,Unknown,Unknown,,/benchmark-eeg/5.0_version/result_5/linear_downsample/BETA_SSVEP_wsn_cross_subject_linear_downsample/seed_5_downsample_t40/ratio_full/reve/summary.json
BenchmarkSSVEP_cross_subject_linear_downsample,bendr,seed_10_downsample_t40,BenchmarkSSVEP,cross_subject,10,0.0012195121951219512,0.025,balanced_chance,Unknown,Unknown,Unknown,,/benchmark-eeg/5.0_version/result_5/linear_downsample/BenchmarkSSVEP_cross_subject_linear_downsample/seed_10_downsample_t40/ratio_full/bendr/summary.json
BenchmarkSSVEP_cross_subject_linear_downsample,bendr,seed_42_downsample_t40,BenchmarkSSVEP,cross_subject,42,0.0012195121951219512,0.025,balanced_chance,Unknown,Unknown,Unknown,,/benchmark-eeg/5.0_version/result_5/linear_downsample/BenchmarkSSVEP_cross_subject_linear_downsample/seed_42_downsample_t40/ratio_full/bendr/summary.json
BenchmarkSSVEP_cross_subject_linear_downsample,bendr,seed_5_downsample_t40,BenchmarkSSVEP,cross_subject,5,0.0012195121951219512,0.025,balanced_chance,Unknown,Unknown,Unknown,,/benchmark-eeg/5.0_version/result_5/linear_downsample/BenchmarkSSVEP_cross_subject_linear_downsample/seed_5_downsample_t40/ratio_full/bendr/summary.json
BenchmarkSSVEP_cross_subject_linear_downsample,biot,seed_10_downsample_t40,BenchmarkSSVEP,cross_subject,10,0.06415630094526008,0.025,balanced_chance,Unknown,Unknown,Unknown,,/benchmark-eeg/5.0_version/result_5/linear_downsample/BenchmarkSSVEP_cross_subject_linear_downsample/seed_10_downsample_t40/ratio_full/biot/summary.json
BenchmarkSSVEP_cross_subject_linear_downsample,biot,seed_42_downsample_t40,BenchmarkSSVEP,cross_subject,42,0.030055544391074208,0.025,balanced_chance,Unknown,Unknown,Unknown,,/benchmark-eeg/5.0_version/result_5/linear_downsample/BenchmarkSSVEP_cross_subject_linear_downsample/seed_42_downsample_t40/ratio_full/biot/summary.json
BenchmarkSSVEP_cross_subject_linear_downsample,biot,seed_5_downsample_t40,BenchmarkSSVEP,cross_subject,5,0.031309757535034864,0.025,balanced_chance,Unknown,Unknown,Unknown,,/benchmark-eeg/5.0_version/result_5/linear_downsample/BenchmarkSSVEP_cross_subject_linear_downsample/seed_5_downsample_t40/ratio_full/biot/summary.json
BenchmarkSSVEP_cross_subject_linear_downsample,brainomni,seed_10_downsample_t40,BenchmarkSSVEP,cross_subject,10,0.0944833250259364,0.025,balanced_chance,Unknown,Unknown,Unknown,,/benchmark-eeg/5.0_version/result_5/linear_downsample/BenchmarkSSVEP_cross_subject_linear_downsample/seed_10_downsample_t40/ratio_full/brainomni/summary.json
BenchmarkSSVEP_cross_subject_linear_downsample,brainomni,seed_42_downsample_t40,BenchmarkSSVEP,cross_subject,42,0.059437855818746096,0.025,balanced_chance,Unknown,Unknown,Unknown,,/benchmark-eeg/5.0_version/result_5/linear_downsample/BenchmarkSSVEP_cross_subject_linear_downsample/seed_42_downsample_t40/ratio_full/brainomni/summary.json
BenchmarkSSVEP_cross_subject_linear_downsample,brainomni,seed_5_downsample_t40,BenchmarkSSVEP,cross_subject,5,0.04814705770285972,0.025,balanced_chance,Unknown,Unknown,Unknown,,/benchmark-eeg/5.0_version/result_5/linear_downsample/BenchmarkSSVEP_cross_subject_linear_downsample/seed_5_downsample_t40/ratio_full/brainomni/summary.json
BenchmarkSSVEP_cross_subject_linear_downsample,cbramod,seed_10_downsample_t40,BenchmarkSSVEP,cross_subject,10,0.5723142720279977,0.025,balanced_chance,Unknown,Unknown,Unknown,,/benchmark-eeg/5.0_version/result_5/linear_downsample/BenchmarkSSVEP_cross_subject_linear_downsample/seed_10_downsample_t40/ratio_full/cbramod/summary.json
BenchmarkSSVEP_cross_subject_linear_downsample,cbramod,seed_42_downsample_t40,BenchmarkSSVEP,cross_subject,42,0.38597719829887484,0.025,balanced_chance,Unknown,Unknown,Unknown,,/benchmark-eeg/5.0_version/result_5/linear_downsample/BenchmarkSSVEP_cross_subject_linear_downsample/seed_42_downsample_t40/ratio_full/cbramod/summary.json
BenchmarkSSVEP_cross_subject_linear_downsample,cbramod,seed_5_downsample_t40,BenchmarkSSVEP,cross_subject,5,0.3292401649571935,0.025,balanced_chance,Unknown,Unknown,Unknown,,/benchmark-eeg/5.0_version/result_5/linear_downsample/BenchmarkSSVEP_cross_subject_linear_downsample/seed_5_downsample_t40/ratio_full/cbramod/summary.json
BenchmarkSSVEP_cross_subject_linear_downsample,eegmamba,seed_10_downsample_t40,BenchmarkSSVEP,cross_subject,10,0.016837214992802652,0.025,balanced_chance,Unknown,Unknown,Unknown,,/benchmark-eeg/5.0_version/result_5/linear_downsample/BenchmarkSSVEP_cross_subject_linear_downsample/seed_10_downsample_t40/ratio_full/eegmamba/summary.json
BenchmarkSSVEP_cross_subject_linear_downsample,eegmamba,seed_42_downsample_t40,BenchmarkSSVEP,cross_subject,42,0.02975041796579536,0.025,balanced_chance,Unknown,Unknown,Unknown,,/benchmark-eeg/5.0_version/result_5/linear_downsample/BenchmarkSSVEP_cross_subject_linear_downsample/seed_42_downsample_t40/ratio_full/eegmamba/summary.json
BenchmarkSSVEP_cross_subject_linear_downsample,eegmamba,seed_5_downsample_t40,BenchmarkSSVEP,cross_subject,5,0.02679437476991925,0.025,balanced_chance,Unknown,Unknown,Unknown,,/benchmark-eeg/5.0_version/result_5/linear_downsample/BenchmarkSSVEP_cross_subject_linear_downsample/seed_5_downsample_t40/ratio_full/eegmamba/summary.json
BenchmarkSSVEP_cross_subject_linear_downsample,femba,seed_10_downsample_t40,BenchmarkSSVEP,cross_subject,10,0.03070860585182152,0.025,balanced_chance,Unknown,Unknown,Unknown,,/benchmark-eeg/5.0_version/result_5/linear_downsample/BenchmarkSSVEP_cross_subject_linear_downsample/seed_10_downsample_t40/ratio_full/femba/summary.json
BenchmarkSSVEP_cross_subject_linear_downsample,femba,seed_42_downsample_t40,BenchmarkSSVEP,cross_subject,42,0.03438776497083185,0.025,balanced_chance,Unknown,Unknown,Unknown,,/benchmark-eeg/5.0_version/result_5/linear_downsample/BenchmarkSSVEP_cross_subject_linear_downsample/seed_42_downsample_t40/ratio_full/femba/summary.json
BenchmarkSSVEP_cross_subject_linear_downsample,femba,seed_5_downsample_t40,BenchmarkSSVEP,cross_subject,5,0.03186914692164902,0.025,balanced_chance,Unknown,Unknown,Unknown,,/benchmark-eeg/5.0_version/result_5/linear_downsample/BenchmarkSSVEP_cross_subject_linear_downsample/seed_5_downsample_t40/ratio_full/femba/summary.json
BenchmarkSSVEP_cross_subject_linear_downsample,labram,seed_10_downsample_t40,BenchmarkSSVEP,cross_subject,10,0.029110368154986282,0.025,balanced_chance,Unknown,Unknown,Unknown,,/benchmark-eeg/5.0_version/result_5/linear_downsample/BenchmarkSSVEP_cross_subject_linear_downsample/seed_10_downsample_t40/ratio_full/labram/summary.json
BenchmarkSSVEP_cross_subject_linear_downsample,labram,seed_42_downsample_t40,BenchmarkSSVEP,cross_subject,42,0.02034646949619413,0.025,balanced_chance,Unknown,Unknown,Unknown,,/benchmark-eeg/5.0_version/result_5/linear_downsample/BenchmarkSSVEP_cross_subject_linear_downsample/seed_42_downsample_t40/ratio_full/labram/summary.json
BenchmarkSSVEP_cross_subject_linear_downsample,labram,seed_5_downsample_t40,BenchmarkSSVEP,cross_subject,5,0.0222467739644206,0.025,balanced_chance,Unknown,Unknown,Unknown,,/benchmark-eeg/5.0_version/result_5/linear_downsample/BenchmarkSSVEP_cross_subject_linear_downsample/seed_5_downsample_t40/ratio_full/labram/summary.json
BenchmarkSSVEP_cross_subject_linear_downsample,neurogpt,seed_10_downsample_t40,BenchmarkSSVEP,cross_subject,10,0.01493229273487882,0.025,balanced_chance,Unknown,Unknown,Unknown,,/benchmark-eeg/5.0_version/result_5/linear_downsample/BenchmarkSSVEP_cross_subject_linear_downsample/seed_10_downsample_t40/ratio_full/neurogpt/summary.json
BenchmarkSSVEP_cross_subject_linear_downsample,neurogpt,seed_42_downsample_t40,BenchmarkSSVEP,cross_subject,42,0.00985467005708668,0.025,balanced_chance,Unknown,Unknown,Unknown,,/benchmark-eeg/5.0_version/result_5/linear_downsample/BenchmarkSSVEP_cross_subject_linear_downsample/seed_42_downsample_t40/ratio_full/neurogpt/summary.json
BenchmarkSSVEP_cross_subject_linear_downsample,neurogpt,seed_5_downsample_t40,BenchmarkSSVEP,cross_subject,5,0.017107888526099527,0.025,balanced_chance,Unknown,Unknown,Unknown,,/benchmark-eeg/5.0_version/result_5/linear_downsample/BenchmarkSSVEP_cross_subject_linear_downsample/seed_5_downsample_t40/ratio_full/neurogpt/summary.json
BenchmarkSSVEP_cross_subject_linear_downsample,neurolm,seed_10_downsample_t40,BenchmarkSSVEP,cross_subject,10,0.006348350121077394,0.025,balanced_chance,Unknown,Unknown,Unknown,,/benchmark-eeg/5.0_version/result_5/linear_downsample/BenchmarkSSVEP_cross_subject_linear_downsample/seed_10_downsample_t40/ratio_full/neurolm/summary.json
BenchmarkSSVEP_cross_subject_linear_downsample,neurolm,seed_42_downsample_t40,BenchmarkSSVEP,cross_subject,42,0.004706099337870488,0.025,balanced_chance,Unknown,Unknown,Unknown,,/benchmark-eeg/5.0_version/result_5/linear_downsample/BenchmarkSSVEP_cross_subject_linear_downsample/seed_42_downsample_t40/ratio_full/neurolm/summary.json
BenchmarkSSVEP_cross_subject_linear_downsample,neurolm,seed_5_downsample_t40,BenchmarkSSVEP,cross_subject,5,0.009135663212230487,0.025,balanced_chance,Unknown,Unknown,Unknown,,/benchmark-eeg/5.0_version/result_5/linear_downsample/BenchmarkSSVEP_cross_subject_linear_downsample/seed_5_downsample_t40/ratio_full/neurolm/summary.json
BenchmarkSSVEP_cross_subject_linear_downsample,reve_new,seed_10_downsample_t40,BenchmarkSSVEP,cross_subject,10,0.08228825382550058,0.025,balanced_chance,Unknown,Unknown,Unknown,,/benchmark-eeg/5.0_version/result_5/linear_downsample/BenchmarkSSVEP_cross_subject_linear_downsample/seed_10_downsample_t40/ratio_full/reve_new/summary.json
BenchmarkSSVEP_cross_subject_linear_downsample,reve_new,seed_42_downsample_t40,BenchmarkSSVEP,cross_subject,42,0.061071677403400804,0.025,balanced_chance,Unknown,Unknown,Unknown,,/benchmark-eeg/5.0_version/result_5/linear_downsample/BenchmarkSSVEP_cross_subject_linear_downsample/seed_42_downsample_t40/ratio_full/reve_new/summary.json
BenchmarkSSVEP_cross_subject_linear_downsample,reve_new,seed_5_downsample_t40,BenchmarkSSVEP,cross_subject,5,0.03689469074027136,0.025,balanced_chance,Unknown,Unknown,Unknown,,/benchmark-eeg/5.0_version/result_5/linear_downsample/BenchmarkSSVEP_cross_subject_linear_downsample/seed_5_downsample_t40/ratio_full/reve_new/summary.json
Broderick_CP_cross_subject_linear_downsample,bendr,seed_10_downsample_t40,Broderick_CP,cross_subject,10,0.46583938804354064,0.5,balanced_chance,Unknown,Unknown,Unknown,,/benchmark-eeg/5.0_version/result_5/linear_downsample/Broderick_CP_cross_subject_linear_downsample/seed_10_downsample_t40/ratio_full/bendr/summary.json
Broderick_CP_cross_subject_linear_downsample,bendr,seed_42_downsample_t40,Broderick_CP,cross_subject,42,0.3665386256935553,0.5,balanced_chance,Unknown,Unknown,Unknown,,/benchmark-eeg/5.0_version/result_5/linear_downsample/Broderick_CP_cross_subject_linear_downsample/seed_42_downsample_t40/ratio_full/bendr/summary.json
Broderick_CP_cross_subject_linear_downsample,bendr,seed_5_downsample_t40,Broderick_CP,cross_subject,5,0.47925213674217904,0.5,balanced_chance,Unknown,Unknown,Unknown,,/benchmark-eeg/5.0_version/result_5/linear_downsample/Broderick_CP_cross_subject_linear_downsample/seed_5_downsample_t40/ratio_full/bendr/summary.json
Broderick_CP_cross_subject_linear_downsample,biot,seed_10_downsample_t40,Broderick_CP,cross_subject,10,0.6013391694830322,0.5,balanced_chance,Unknown,Unknown,Unknown,,/benchmark-eeg/5.0_version/result_5/linear_downsample/Broderick_CP_cross_subject_linear_downsample/seed_10_downsample_t40/ratio_full/biot/summary.json
Broderick_CP_cross_subject_linear_downsample,biot,seed_42_downsample_t40,Broderick_CP,cross_subject,42,0.6010023940908156,0.5,balanced_chance,Unknown,Unknown,Unknown,,/benchmark-eeg/5.0_version/result_5/linear_downsample/Broderick_CP_cross_subject_linear_downsample/seed_42_downsample_t40/ratio_full/biot/summary.json
Broderick_CP_cross_subject_linear_downsample,biot,seed_5_downsample_t40,Broderick_CP,cross_subject,5,0.612218451615623,0.5,balanced_chance,Unknown,Unknown,Unknown,,/benchmark-eeg/5.0_version/result_5/linear_downsample/Broderick_CP_cross_subject_linear_downsample/seed_5_downsample_t40/ratio_full/biot/summary.json
Broderick_CP_cross_subject_linear_downsample,brainomni,seed_10_downsample_t40,Broderick_CP,cross_subject,10,0.5732469210457196,0.5,balanced_chance,Unknown,Unknown,Unknown,,/benchmark-eeg/5.0_version/result_5/linear_downsample/Broderick_CP_cross_subject_linear_downsample/seed_10_downsample_t40/ratio_full/brainomni/summary.json
Broderick_CP_cross_subject_linear_downsample,brainomni,seed_42_downsample_t40,Broderick_CP,cross_subject,42,0.5965532690664073,0.5,balanced_chance,Unknown,Unknown,Unknown,,/benchmark-eeg/5.0_version/result_5/linear_downsample/Broderick_CP_cross_subject_linear_downsample/seed_42_downsample_t40/ratio_full/brainomni/summary.json
Broderick_CP_cross_subject_linear_downsample,brainomni,seed_5_downsample_t40,Broderick_CP,cross_subject,5,0.5682748392538155,0.5,balanced_chance,Unknown,Unknown,Unknown,,/benchmark-eeg/5.0_version/result_5/linear_downsample/Broderick_CP_cross_subject_linear_downsample/seed_5_downsample_t40/ratio_full/brainomni/summary.json
Broderick_CP_cross_subject_linear_downsample,cbramod,seed_10_downsample_t40,Broderick_CP,cross_subject,10,0.4585493850897911,0.5,balanced_chance,Unknown,Unknown,Unknown,,/benchmark-eeg/5.0_version/result_5/linear_downsample/Broderick_CP_cross_subject_linear_downsample/seed_10_downsample_t40/ratio_full/cbramod/summary.json
Broderick_CP_cross_subject_linear_downsample,cbramod,seed_42_downsample_t40,Broderick_CP,cross_subject,42,0.49604606034485244,0.5,balanced_chance,Unknown,Unknown,Unknown,,/benchmark-eeg/5.0_version/result_5/linear_downsample/Broderick_CP_cross_subject_linear_downsample/seed_42_downsample_t40/ratio_full/cbramod/summary.json
Broderick_CP_cross_subject_linear_downsample,cbramod,seed_5_downsample_t40,Broderick_CP,cross_subject,5,0.545532605810813,0.5,balanced_chance,Unknown,Unknown,Unknown,,/benchmark-eeg/5.0_version/result_5/linear_downsample/Broderick_CP_cross_subject_linear_downsample/seed_5_downsample_t40/ratio_full/cbramod/summary.json
Broderick_CP_cross_subject_linear_downsample,eegmamba,seed_10_downsample_t40,Broderick_CP,cross_subject,10,0.4892288942504852,0.5,balanced_chance,Unknown,Unknown,Unknown,,/benchmark-eeg/5.0_version/result_5/linear_downsample/Broderick_CP_cross_subject_linear_downsample/seed_10_downsample_t40/ratio_full/eegmamba/summary.json
Broderick_CP_cross_subject_linear_downsample,eegmamba,seed_42_downsample_t40,Broderick_CP,cross_subject,42,0.4528923142332628,0.5,balanced_chance,Unknown,Unknown,Unknown,,/benchmark-eeg/5.0_version/result_5/linear_downsample/Broderick_CP_cross_subject_linear_downsample/seed_42_downsample_t40/ratio_full/eegmamba/summary.json
Broderick_CP_cross_subject_linear_downsample,eegmamba,seed_5_downsample_t40,Broderick_CP,cross_subject,5,0.47526092364510103,0.5,balanced_chance,Unknown,Unknown,Unknown,,/benchmark-eeg/5.0_version/result_5/linear_downsample/Broderick_CP_cross_subject_linear_downsample/seed_5_downsample_t40/ratio_full/eegmamba/summary.json
Broderick_CP_cross_subject_linear_downsample,femba,seed_10_downsample_t40,Broderick_CP,cross_subject,10,0.5710675210052181,0.5,balanced_chance,Unknown,Unknown,Unknown,,/benchmark-eeg/5.0_version/result_5/linear_downsample/Broderick_CP_cross_subject_linear_downsample/seed_10_downsample_t40/ratio_full/femba/summary.json
Broderick_CP_cross_subject_linear_downsample,femba,seed_42_downsample_t40,Broderick_CP,cross_subject,42,0.5890079367392154,0.5,balanced_chance,Unknown,Unknown,Unknown,,/benchmark-eeg/5.0_version/result_5/linear_downsample/Broderick_CP_cross_subject_linear_downsample/seed_42_downsample_t40/ratio_full/femba/summary.json
Broderick_CP_cross_subject_linear_downsample,femba,seed_5_downsample_t40,Broderick_CP,cross_subject,5,0.579816062073423,0.5,balanced_chance,Unknown,Unknown,Unknown,,/benchmark-eeg/5.0_version/result_5/linear_downsample/Broderick_CP_cross_subject_linear_downsample/seed_5_downsample_t40/ratio_full/femba/summary.json
Broderick_CP_cross_subject_linear_downsample,labram,seed_10_downsample_t40,Broderick_CP,cross_subject,10,0.5970110201680783,0.5,balanced_chance,Unknown,Unknown,Unknown,,/benchmark-eeg/5.0_version/result_5/linear_downsample/Broderick_CP_cross_subject_linear_downsample/seed_10_downsample_t40/ratio_full/labram/summary.json
Broderick_CP_cross_subject_linear_downsample,labram,seed_42_downsample_t40,Broderick_CP,cross_subject,42,0.6063392706860884,0.5,balanced_chance,Unknown,Unknown,Unknown,,/benchmark-eeg/5.0_version/result_5/linear_downsample/Broderick_CP_cross_subject_linear_downsample/seed_42_downsample_t40/ratio_full/labram/summary.json
Broderick_CP_cross_subject_linear_downsample,labram,seed_5_downsample_t40,Broderick_CP,cross_subject,5,0.5976254994239175,0.5,balanced_chance,Unknown,Unknown,Unknown,,/benchmark-eeg/5.0_version/result_5/linear_downsample/Broderick_CP_cross_subject_linear_downsample/seed_5_downsample_t40/ratio_full/labram/summary.json
Broderick_CP_cross_subject_linear_downsample,neurogpt,seed_10_downsample_t40,Broderick_CP,cross_subject,10,0.44010896628742446,0.5,balanced_chance,Unknown,Unknown,Unknown,,/benchmark-eeg/5.0_version/result_5/linear_downsample/Broderick_CP_cross_subject_linear_downsample/seed_10_downsample_t40/ratio_full/neurogpt/summary.json
Broderick_CP_cross_subject_linear_downsample,neurogpt,seed_42_downsample_t40,Broderick_CP,cross_subject,42,0.5319118653207204,0.5,balanced_chance,Unknown,Unknown,Unknown,,/benchmark-eeg/5.0_version/result_5/linear_downsample/Broderick_CP_cross_subject_linear_downsample/seed_42_downsample_t40/ratio_full/neurogpt/summary.json
Broderick_CP_cross_subject_linear_downsample,neurogpt,seed_5_downsample_t40,Broderick_CP,cross_subject,5,0.5105667496681583,0.5,balanced_chance,Unknown,Unknown,Unknown,,/benchmark-eeg/5.0_version/result_5/linear_downsample/Broderick_CP_cross_subject_linear_downsample/seed_5_downsample_t40/ratio_full/neurogpt/summary.json
Broderick_CP_cross_subject_linear_downsample,neurolm,seed_10_downsample_t40,Broderick_CP,cross_subject,10,0.528304778302626,0.5,balanced_chance,Unknown,Unknown,Unknown,,/benchmark-eeg/5.0_version/result_5/linear_downsample/Broderick_CP_cross_subject_linear_downsample/seed_10_downsample_t40/ratio_full/neurolm/summary.json
Broderick_CP_cross_subject_linear_downsample,neurolm,seed_42_downsample_t40,Broderick_CP,cross_subject,42,0.5267816637653637,0.5,balanced_chance,Unknown,Unknown,Unknown,,/benchmark-eeg/5.0_version/result_5/linear_downsample/Broderick_CP_cross_subject_linear_downsample/seed_42_downsample_t40/ratio_full/neurolm/summary.json
Broderick_CP_cross_subject_linear_downsample,neurolm,seed_5_downsample_t40,Broderick_CP,cross_subject,5,0.5368773905642176,0.5,balanced_chance,Unknown,Unknown,Unknown,,/benchmark-eeg/5.0_version/result_5/linear_downsample/Broderick_CP_cross_subject_linear_downsample/seed_5_downsample_t40/ratio_full/neurolm/summary.json
Broderick_CP_cross_subject_linear_downsample,reve,seed_10_downsample_t40,Broderick_CP,cross_subject,10,0.48614627912546216,0.5,balanced_chance,Unknown,Unknown,Unknown,,/benchmark-eeg/5.0_version/result_5/linear_downsample/Broderick_CP_cross_subject_linear_downsample/seed_10_downsample_t40/ratio_full/reve/summary.json
Broderick_CP_cross_subject_linear_downsample,reve,seed_42_downsample_t40,Broderick_CP,cross_subject,42,0.4898851714043362,0.5,balanced_chance,Unknown,Unknown,Unknown,,/benchmark-eeg/5.0_version/result_5/linear_downsample/Broderick_CP_cross_subject_linear_downsample/seed_42_downsample_t40/ratio_full/reve/summary.json
Broderick_CP_cross_subject_linear_downsample,reve,seed_5_downsample_t40,Broderick_CP,cross_subject,5,0.5079308881497133,0.5,balanced_chance,Unknown,Unknown,Unknown,,/benchmark-eeg/5.0_version/result_5/linear_downsample/Broderick_CP_cross_subject_linear_downsample/seed_5_downsample_t40/ratio_full/reve/summary.json
Broderick_Rev_128_cross_subject_linear_downsample,bendr,seed_10_downsample_t40,Broderick_Rev_128,cross_subject,10,0.3297853624208304,0.5,balanced_chance,Unknown,Unknown,Unknown,,/benchmark-eeg/5.0_version/result_5/linear_downsample/Broderick_Rev_128_cross_subject_linear_downsample/seed_10_downsample_t40/ratio_full/bendr/summary.json
Broderick_Rev_128_cross_subject_linear_downsample,bendr,seed_42_downsample_t40,Broderick_Rev_128,cross_subject,42,0.3950160509276892,0.5,balanced_chance,Unknown,Unknown,Unknown,,/benchmark-eeg/5.0_version/result_5/linear_downsample/Broderick_Rev_128_cross_subject_linear_downsample/seed_42_downsample_t40/ratio_full/bendr/summary.json
Broderick_Rev_128_cross_subject_linear_downsample,bendr,seed_5_downsample_t40,Broderick_Rev_128,cross_subject,5,0.3993106843919252,0.5,balanced_chance,Unknown,Unknown,Unknown,,/benchmark-eeg/5.0_version/result_5/linear_downsample/Broderick_Rev_128_cross_subject_linear_downsample/seed_5_downsample_t40/ratio_full/bendr/summary.json
Broderick_Rev_128_cross_subject_linear_downsample,biot,seed_10_downsample_t40,Broderick_Rev_128,cross_subject,10,0.3269334298022501,0.5,balanced_chance,Unknown,Unknown,Unknown,,/benchmark-eeg/5.0_version/result_5/linear_downsample/Broderick_Rev_128_cross_subject_linear_downsample/seed_10_downsample_t40/ratio_full/biot/summary.json
Broderick_Rev_128_cross_subject_linear_downsample,biot,seed_42_downsample_t40,Broderick_Rev_128,cross_subject,42,0.39895455950736125,0.5,balanced_chance,Unknown,Unknown,Unknown,,/benchmark-eeg/5.0_version/result_5/linear_downsample/Broderick_Rev_128_cross_subject_linear_downsample/seed_42_downsample_t40/ratio_full/biot/summary.json
Broderick_Rev_128_cross_subject_linear_downsample,biot,seed_5_downsample_t40,Broderick_Rev_128,cross_subject,5,0.4369576151628535,0.5,balanced_chance,Unknown,Unknown,Unknown,,/benchmark-eeg/5.0_version/result_5/linear_downsample/Broderick_Rev_128_cross_subject_linear_downsample/seed_5_downsample_t40/ratio_full/biot/summary.json
Broderick_Rev_128_cross_subject_linear_downsample,brainomni,seed_10_downsample_t40,Broderick_Rev_128,cross_subject,10,0.28963865306897396,0.5,balanced_chance,Unknown,Unknown,Unknown,,/benchmark-eeg/5.0_version/result_5/linear_downsample/Broderick_Rev_128_cross_subject_linear_downsample/seed_10_downsample_t40/ratio_full/brainomni/summary.json
Broderick_Rev_128_cross_subject_linear_downsample,brainomni,seed_42_downsample_t40,Broderick_Rev_128,cross_subject,42,0.3942392767818419,0.5,balanced_chance,Unknown,Unknown,Unknown,,/benchmark-eeg/5.0_version/result_5/linear_downsample/Broderick_Rev_128_cross_subject_linear_downsample/seed_42_downsample_t40/ratio_full/brainomni/summary.json
Broderick_Rev_128_cross_subject_linear_downsample,brainomni,seed_5_downsample_t40,Broderick_Rev_128,cross_subject,5,0.3993106843919252,0.5,balanced_chance,Unknown,Unknown,Unknown,,/benchmark-eeg/5.0_version/result_5/linear_downsample/Broderick_Rev_128_cross_subject_linear_downsample/seed_5_downsample_t40/ratio_full/brainomni/summary.json
Broderick_Rev_128_cross_subject_linear_downsample,cbramod,seed_10_downsample_t40,Broderick_Rev_128,cross_subject,10,0.4799117290489381,0.5,balanced_chance,Unknown,Unknown,Unknown,,/benchmark-eeg/5.0_version/result_5/linear_downsample/Broderick_Rev_128_cross_subject_linear_downsample/seed_10_downsample_t40/ratio_full/cbramod/summary.json
Broderick_Rev_128_cross_subject_linear_downsample,cbramod,seed_42_downsample_t40,Broderick_Rev_128,cross_subject,42,0.660652989979593,0.5,balanced_chance,Unknown,Unknown,Unknown,,/benchmark-eeg/5.0_version/result_5/linear_downsample/Broderick_Rev_128_cross_subject_linear_downsample/seed_42_downsample_t40/ratio_full/cbramod/summary.json
Broderick_Rev_128_cross_subject_linear_downsample,cbramod,seed_5_downsample_t40,Broderick_Rev_128,cross_subject,5,0.48174103755061976,0.5,balanced_chance,Unknown,Unknown,Unknown,,/benchmark-eeg/5.0_version/result_5/linear_downsample/Broderick_Rev_128_cross_subject_linear_downsample/seed_5_downsample_t40/ratio_full/cbramod/summary.json
Broderick_Rev_128_cross_subject_linear_downsample,eegmamba,seed_10_downsample_t40,Broderick_Rev_128,cross_subject,10,0.32957895199964804,0.5,balanced_chance,Unknown,Unknown,Unknown,,/benchmark-eeg/5.0_version/result_5/linear_downsample/Broderick_Rev_128_cross_subject_linear_downsample/seed_10_downsample_t40/ratio_full/eegmamba/summary.json
Broderick_Rev_128_cross_subject_linear_downsample,eegmamba,seed_42_downsample_t40,Broderick_Rev_128,cross_subject,42,0.3950160509276892,0.5,balanced_chance,Unknown,Unknown,Unknown,,/benchmark-eeg/5.0_version/result_5/linear_downsample/Broderick_Rev_128_cross_subject_linear_downsample/seed_42_downsample_t40/ratio_full/eegmamba/summary.json
Broderick_Rev_128_cross_subject_linear_downsample,eegmamba,seed_5_downsample_t40,Broderick_Rev_128,cross_subject,5,0.3995382420689493,0.5,balanced_chance,Unknown,Unknown,Unknown,,/benchmark-eeg/5.0_version/result_5/linear_downsample/Broderick_Rev_128_cross_subject_linear_downsample/seed_5_downsample_t40/ratio_full/eegmamba/summary.json
Broderick_Rev_128_cross_subject_linear_downsample,femba,seed_10_downsample_t40,Broderick_Rev_128,cross_subject,10,0.3297635570162656,0.5,balanced_chance,Unknown,Unknown,Unknown,,/benchmark-eeg/5.0_version/result_5/linear_downsample/Broderick_Rev_128_cross_subject_linear_downsample/seed_10_downsample_t40/ratio_full/femba/summary.json
Broderick_Rev_128_cross_subject_linear_downsample,femba,seed_42_downsample_t40,Broderick_Rev_128,cross_subject,42,0.4018609139196224,0.5,balanced_chance,Unknown,Unknown,Unknown,,/benchmark-eeg/5.0_version/result_5/linear_downsample/Broderick_Rev_128_cross_subject_linear_downsample/seed_42_downsample_t40/ratio_full/femba/summary.json
Broderick_Rev_128_cross_subject_linear_downsample,femba,seed_5_downsample_t40,Broderick_Rev_128,cross_subject,5,0.3993106843919252,0.5,balanced_chance,Unknown,Unknown,Unknown,,/benchmark-eeg/5.0_version/result_5/linear_downsample/Broderick_Rev_128_cross_subject_linear_downsample/seed_5_downsample_t40/ratio_full/femba/summary.json
Broderick_Rev_128_cross_subject_linear_downsample,labram,seed_10_downsample_t40,Broderick_Rev_128,cross_subject,10,0.34055487337681395,0.5,balanced_chance,Unknown,Unknown,Unknown,,/benchmark-eeg/5.0_version/result_5/linear_downsample/Broderick_Rev_128_cross_subject_linear_downsample/seed_10_downsample_t40/ratio_full/labram/summary.json
Broderick_Rev_128_cross_subject_linear_downsample,labram,seed_42_downsample_t40,Broderick_Rev_128,cross_subject,42,0.39633069102531376,0.5,balanced_chance,Unknown,Unknown,Unknown,,/benchmark-eeg/5.0_version/result_5/linear_downsample/Broderick_Rev_128_cross_subject_linear_downsample/seed_42_downsample_t40/ratio_full/labram/summary.json
Broderick_Rev_128_cross_subject_linear_downsample,labram,seed_5_downsample_t40,Broderick_Rev_128,cross_subject,5,0.37419799125120207,0.5,balanced_chance,Unknown,Unknown,Unknown,,/benchmark-eeg/5.0_version/result_5/linear_downsample/Broderick_Rev_128_cross_subject_linear_downsample/seed_5_downsample_t40/ratio_full/labram/summary.json
Broderick_Rev_128_cross_subject_linear_downsample,neurogpt,seed_10_downsample_t40,Broderick_Rev_128,cross_subject,10,0.31498697258739533,0.5,balanced_chance,Unknown,Unknown,Unknown,,/benchmark-eeg/5.0_version/result_5/linear_downsample/Broderick_Rev_128_cross_subject_linear_downsample/seed_10_downsample_t40/ratio_full/neurogpt/summary.json
Broderick_Rev_128_cross_subject_linear_downsample,neurogpt,seed_42_downsample_t40,Broderick_Rev_128,cross_subject,42,0.39498313200565893,0.5,balanced_chance,Unknown,Unknown,Unknown,,/benchmark-eeg/5.0_version/result_5/linear_downsample/Broderick_Rev_128_cross_subject_linear_downsample/seed_42_downsample_t40/ratio_full/neurogpt/summary.json
Broderick_Rev_128_cross_subject_linear_downsample,neurogpt,seed_5_downsample_t40,Broderick_Rev_128,cross_subject,5,0.3993106843919252,0.5,balanced_chance,Unknown,Unknown,Unknown,,/benchmark-eeg/5.0_version/result_5/linear_downsample/Broderick_Rev_128_cross_subject_linear_downsample/seed_5_downsample_t40/ratio_full/neurogpt/summary.json
Broderick_Rev_128_cross_subject_linear_downsample,neurolm,seed_10_downsample_t40,Broderick_Rev_128,cross_subject,10,0.35537136053736795,0.5,balanced_chance,Unknown,Unknown,Unknown,,/benchmark-eeg/5.0_version/result_5/linear_downsample/Broderick_Rev_128_cross_subject_linear_downsample/seed_10_downsample_t40/ratio_full/neurolm/summary.json
Broderick_Rev_128_cross_subject_linear_downsample,neurolm,seed_42_downsample_t40,Broderick_Rev_128,cross_subject,42,0.5097946141693784,0.5,balanced_chance,Unknown,Unknown,Unknown,,/benchmark-eeg/5.0_version/result_5/linear_downsample/Broderick_Rev_128_cross_subject_linear_downsample/seed_42_downsample_t40/ratio_full/neurolm/summary.json
Broderick_Rev_128_cross_subject_linear_downsample,neurolm,seed_5_downsample_t40,Broderick_Rev_128,cross_subject,5,0.48275183486152884,0.5,balanced_chance,Unknown,Unknown,Unknown,,/benchmark-eeg/5.0_version/result_5/linear_downsample/Broderick_Rev_128_cross_subject_linear_downsample/seed_5_downsample_t40/ratio_full/neurolm/summary.json
Broderick_Rev_128_cross_subject_linear_downsample,reve_new,seed_10_downsample_t40,Broderick_Rev_128,cross_subject,10,0.4361900594437548,0.5,balanced_chance,Unknown,Unknown,Unknown,,/benchmark-eeg/5.0_version/result_5/linear_downsample/Broderick_Rev_128_cross_subject_linear_downsample/seed_10_downsample_t40/ratio_full/reve_new/summary.json
Broderick_Rev_128_cross_subject_linear_downsample,reve_new,seed_42_downsample_t40,Broderick_Rev_128,cross_subject,42,0.5137299329160863,0.5,balanced_chance,Unknown,Unknown,Unknown,,/benchmark-eeg/5.0_version/result_5/linear_downsample/Broderick_Rev_128_cross_subject_linear_downsample/seed_42_downsample_t40/ratio_full/reve_new/summary.json
Broderick_Rev_128_cross_subject_linear_downsample,reve_new,seed_5_downsample_t40,Broderick_Rev_128,cross_subject,5,0.3673591270003336,0.5,balanced_chance,Unknown,Unknown,Unknown,,/benchmark-eeg/5.0_version/result_5/linear_downsample/Broderick_Rev_128_cross_subject_linear_downsample/seed_5_downsample_t40/ratio_full/reve_new/summary.json
CIRE_wsn_cross_subject_linear_downsample,bendr,seed_10_downsample_t40,CIRE_wsn,cross_subject,10,0.37368685754717806,0.5,balanced_chance,Unknown,Unknown,Unknown,,/benchmark-eeg/5.0_version/result_5/linear_downsample/CIRE_wsn_cross_subject_linear_downsample/seed_10_downsample_t40/ratio_full/bendr/summary.json
CIRE_wsn_cross_subject_linear_downsample,bendr,seed_42_downsample_t40,CIRE_wsn,cross_subject,42,0.5017424105389325,0.5,balanced_chance,Unknown,Unknown,Unknown,,/benchmark-eeg/5.0_version/result_5/linear_downsample/CIRE_wsn_cross_subject_linear_downsample/seed_42_downsample_t40/ratio_full/bendr/summary.json
CIRE_wsn_cross_subject_linear_downsample,bendr,seed_5_downsample_t40,CIRE_wsn,cross_subject,5,0.4403206132291704,0.5,balanced_chance,Unknown,Unknown,Unknown,,/benchmark-eeg/5.0_version/result_5/linear_downsample/CIRE_wsn_cross_subject_linear_downsample/seed_5_downsample_t40/ratio_full/bendr/summary.json
CIRE_wsn_cross_subject_linear_downsample,biot,seed_10_downsample_t40,CIRE_wsn,cross_subject,10,0.5658886811675508,0.5,balanced_chance,Unknown,Unknown,Unknown,,/benchmark-eeg/5.0_version/result_5/linear_downsample/CIRE_wsn_cross_subject_linear_downsample/seed_10_downsample_t40/ratio_full/biot/summary.json
CIRE_wsn_cross_subject_linear_downsample,biot,seed_42_downsample_t40,CIRE_wsn,cross_subject,42,0.5352138796861677,0.5,balanced_chance,Unknown,Unknown,Unknown,,/benchmark-eeg/5.0_version/result_5/linear_downsample/CIRE_wsn_cross_subject_linear_downsample/seed_42_downsample_t40/ratio_full/biot/summary.json
CIRE_wsn_cross_subject_linear_downsample,biot,seed_5_downsample_t40,CIRE_wsn,cross_subject,5,0.5077111134141954,0.5,balanced_chance,Unknown,Unknown,Unknown,,/benchmark-eeg/5.0_version/result_5/linear_downsample/CIRE_wsn_cross_subject_linear_downsample/seed_5_downsample_t40/ratio_full/biot/summary.json
CIRE_wsn_cross_subject_linear_downsample,brainomni,seed_10_downsample_t40,CIRE_wsn,cross_subject,10,0.5560637626021504,0.5,balanced_chance,Unknown,Unknown,Unknown,,/benchmark-eeg/5.0_version/result_5/linear_downsample/CIRE_wsn_cross_subject_linear_downsample/seed_10_downsample_t40/ratio_full/brainomni/summary.json
CIRE_wsn_cross_subject_linear_downsample,brainomni,seed_42_downsample_t40,CIRE_wsn,cross_subject,42,0.5415784708062238,0.5,balanced_chance,Unknown,Unknown,Unknown,,/benchmark-eeg/5.0_version/result_5/linear_downsample/CIRE_wsn_cross_subject_linear_downsample/seed_42_downsample_t40/ratio_full/brainomni/summary.json
CIRE_wsn_cross_subject_linear_downsample,brainomni,seed_5_downsample_t40,CIRE_wsn,cross_subject,5,0.5537740420322592,0.5,balanced_chance,Unknown,Unknown,Unknown,,/benchmark-eeg/5.0_version/result_5/linear_downsample/CIRE_wsn_cross_subject_linear_downsample/seed_5_downsample_t40/ratio_full/brainomni/summary.json
CIRE_wsn_cross_subject_linear_downsample,cbramod,seed_10_downsample_t40,CIRE_wsn,cross_subject,10,0.4415666884766112,0.5,balanced_chance,Unknown,Unknown,Unknown,,/benchmark-eeg/5.0_version/result_5/linear_downsample/CIRE_wsn_cross_subject_linear_downsample/seed_10_downsample_t40/ratio_full/cbramod/summary.json
CIRE_wsn_cross_subject_linear_downsample,cbramod,seed_42_downsample_t40,CIRE_wsn,cross_subject,42,0.4687212364072231,0.5,balanced_chance,Unknown,Unknown,Unknown,,/benchmark-eeg/5.0_version/result_5/linear_downsample/CIRE_wsn_cross_subject_linear_downsample/seed_42_downsample_t40/ratio_full/cbramod/summary.json
CIRE_wsn_cross_subject_linear_downsample,cbramod,seed_5_downsample_t40,CIRE_wsn,cross_subject,5,0.4789371179809888,0.5,balanced_chance,Unknown,Unknown,Unknown,,/benchmark-eeg/5.0_version/result_5/linear_downsample/CIRE_wsn_cross_subject_linear_downsample/seed_5_downsample_t40/ratio_full/cbramod/summary.json
CIRE_wsn_cross_subject_linear_downsample,eegmamba,seed_10_downsample_t40,CIRE_wsn,cross_subject,10,0.5189024563324666,0.5,balanced_chance,Unknown,Unknown,Unknown,,/benchmark-eeg/5.0_version/result_5/linear_downsample/CIRE_wsn_cross_subject_linear_downsample/seed_10_downsample_t40/ratio_full/eegmamba/summary.json
CIRE_wsn_cross_subject_linear_downsample,eegmamba,seed_42_downsample_t40,CIRE_wsn,cross_subject,42,0.5112354476378778,0.5,balanced_chance,Unknown,Unknown,Unknown,,/benchmark-eeg/5.0_version/result_5/linear_downsample/CIRE_wsn_cross_subject_linear_downsample/seed_42_downsample_t40/ratio_full/eegmamba/summary.json
CIRE_wsn_cross_subject_linear_downsample,eegmamba,seed_5_downsample_t40,CIRE_wsn,cross_subject,5,0.5251192761333789,0.5,balanced_chance,Unknown,Unknown,Unknown,,/benchmark-eeg/5.0_version/result_5/linear_downsample/CIRE_wsn_cross_subject_linear_downsample/seed_5_downsample_t40/ratio_full/eegmamba/summary.json
CIRE_wsn_cross_subject_linear_downsample,femba,seed_10_downsample_t40,CIRE_wsn,cross_subject,10,0.5646292984527953,0.5,balanced_chance,Unknown,Unknown,Unknown,,/benchmark-eeg/5.0_version/result_5/linear_downsample/CIRE_wsn_cross_subject_linear_downsample/seed_10_downsample_t40/ratio_full/femba/summary.json
CIRE_wsn_cross_subject_linear_downsample,femba,seed_42_downsample_t40,CIRE_wsn,cross_subject,42,0.5624663934000692,0.5,balanced_chance,Unknown,Unknown,Unknown,,/benchmark-eeg/5.0_version/result_5/linear_downsample/CIRE_wsn_cross_subject_linear_downsample/seed_42_downsample_t40/ratio_full/femba/summary.json
CIRE_wsn_cross_subject_linear_downsample,femba,seed_5_downsample_t40,CIRE_wsn,cross_subject,5,0.5370610198932116,0.5,balanced_chance,Unknown,Unknown,Unknown,,/benchmark-eeg/5.0_version/result_5/linear_downsample/CIRE_wsn_cross_subject_linear_downsample/seed_5_downsample_t40/ratio_full/femba/summary.json
CIRE_wsn_cross_subject_linear_downsample,labram,seed_10_downsample_t40,CIRE_wsn,cross_subject,10,0.5512193223735036,0.5,balanced_chance,Unknown,Unknown,Unknown,,/benchmark-eeg/5.0_version/result_5/linear_downsample/CIRE_wsn_cross_subject_linear_downsample/seed_10_downsample_t40/ratio_full/labram/summary.json
CIRE_wsn_cross_subject_linear_downsample,labram,seed_42_downsample_t40,CIRE_wsn,cross_subject,42,0.560649167648216,0.5,balanced_chance,Unknown,Unknown,Unknown,,/benchmark-eeg/5.0_version/result_5/linear_downsample/CIRE_wsn_cross_subject_linear_downsample/seed_42_downsample_t40/ratio_full/labram/summary.json
CIRE_wsn_cross_subject_linear_downsample,labram,seed_5_downsample_t40,CIRE_wsn,cross_subject,5,0.5687207658443952,0.5,balanced_chance,Unknown,Unknown,Unknown,,/benchmark-eeg/5.0_version/result_5/linear_downsample/CIRE_wsn_cross_subject_linear_downsample/seed_5_downsample_t40/ratio_full/labram/summary.json
CIRE_wsn_cross_subject_linear_downsample,neurogpt,seed_10_downsample_t40,CIRE_wsn,cross_subject,10,0.5542989581646883,0.5,balanced_chance,Unknown,Unknown,Unknown,,/benchmark-eeg/5.0_version/result_5/linear_downsample/CIRE_wsn_cross_subject_linear_downsample/seed_10_downsample_t40/ratio_full/neurogpt/summary.json
CIRE_wsn_cross_subject_linear_downsample,neurogpt,seed_42_downsample_t40,CIRE_wsn,cross_subject,42,0.5643238706837503,0.5,balanced_chance,Unknown,Unknown,Unknown,,/benchmark-eeg/5.0_version/result_5/linear_downsample/CIRE_wsn_cross_subject_linear_downsample/seed_42_downsample_t40/ratio_full/neurogpt/summary.json
CIRE_wsn_cross_subject_linear_downsample,neurogpt,seed_5_downsample_t40,CIRE_wsn,cross_subject,5,0.538000780182723,0.5,balanced_chance,Unknown,Unknown,Unknown,,/benchmark-eeg/5.0_version/result_5/linear_downsample/CIRE_wsn_cross_subject_linear_downsample/seed_5_downsample_t40/ratio_full/neurogpt/summary.json
CIRE_wsn_cross_subject_linear_downsample,neurolm,seed_10_downsample_t40,CIRE_wsn,cross_subject,10,0.44094299008697646,0.5,balanced_chance,Unknown,Unknown,Unknown,,/benchmark-eeg/5.0_version/result_5/linear_downsample/CIRE_wsn_cross_subject_linear_downsample/seed_10_downsample_t40/ratio_full/neurolm/summary.json
CIRE_wsn_cross_subject_linear_downsample,neurolm,seed_42_downsample_t40,CIRE_wsn,cross_subject,42,0.4767415844484766,0.5,balanced_chance,Unknown,Unknown,Unknown,,/benchmark-eeg/5.0_version/result_5/linear_downsample/CIRE_wsn_cross_subject_linear_downsample/seed_42_downsample_t40/ratio_full/neurolm/summary.json
CIRE_wsn_cross_subject_linear_downsample,neurolm,seed_5_downsample_t40,CIRE_wsn,cross_subject,5,0.48667437936977176,0.5,balanced_chance,Unknown,Unknown,Unknown,,/benchmark-eeg/5.0_version/result_5/linear_downsample/CIRE_wsn_cross_subject_linear_downsample/seed_5_downsample_t40/ratio_full/neurolm/summary.json
CIRE_wsn_cross_subject_linear_downsample,reve,seed_10_downsample_t40,CIRE_wsn,cross_subject,10,0.4632309345639669,0.5,balanced_chance,Unknown,Unknown,Unknown,,/benchmark-eeg/5.0_version/result_5/linear_downsample/CIRE_wsn_cross_subject_linear_downsample/seed_10_downsample_t40/ratio_full/reve/summary.json
CIRE_wsn_cross_subject_linear_downsample,reve,seed_42_downsample_t40,CIRE_wsn,cross_subject,42,0.48252439465674085,0.5,balanced_chance,Unknown,Unknown,Unknown,,/benchmark-eeg/5.0_version/result_5/linear_downsample/CIRE_wsn_cross_subject_linear_downsample/seed_42_downsample_t40/ratio_full/reve/summary.json
CIRE_wsn_cross_subject_linear_downsample,reve,seed_5_downsample_t40,CIRE_wsn,cross_subject,5,0.4567843961115299,0.5,balanced_chance,Unknown,Unknown,Unknown,,/benchmark-eeg/5.0_version/result_5/linear_downsample/CIRE_wsn_cross_subject_linear_downsample/seed_5_downsample_t40/ratio_full/reve/summary.json
ChineseEEG2_RA_Tone_cross_subject_linear_downsample,bendr,seed_10_downsample_t40,ChineseEEG2_RA_Tone,cross_subject,10,0.22805624969709093,0.25,balanced_chance,Unknown,Unknown,Unknown,,/benchmark-eeg/5.0_version/result_5/linear_downsample/ChineseEEG2_RA_Tone_cross_subject_linear_downsample/seed_10_downsample_t40/ratio_full/bendr/summary.json
ChineseEEG2_RA_Tone_cross_subject_linear_downsample,bendr,seed_42_downsample_t40,ChineseEEG2_RA_Tone,cross_subject,42,0.24470810437855206,0.25,balanced_chance,Unknown,Unknown,Unknown,,/benchmark-eeg/5.0_version/result_5/linear_downsample/ChineseEEG2_RA_Tone_cross_subject_linear_downsample/seed_42_downsample_t40/ratio_full/bendr/summary.json
ChineseEEG2_RA_Tone_cross_subject_linear_downsample,bendr,seed_5_downsample_t40,ChineseEEG2_RA_Tone,cross_subject,5,0.21654843236948562,0.25,balanced_chance,Unknown,Unknown,Unknown,,/benchmark-eeg/5.0_version/result_5/linear_downsample/ChineseEEG2_RA_Tone_cross_subject_linear_downsample/seed_5_downsample_t40/ratio_full/bendr/summary.json
ChineseEEG2_RA_Tone_cross_subject_linear_downsample,biot,seed_10_downsample_t40,ChineseEEG2_RA_Tone,cross_subject,10,0.23907133949728557,0.25,balanced_chance,Unknown,Unknown,Unknown,,/benchmark-eeg/5.0_version/result_5/linear_downsample/ChineseEEG2_RA_Tone_cross_subject_linear_downsample/seed_10_downsample_t40/ratio_full/biot/summary.json
ChineseEEG2_RA_Tone_cross_subject_linear_downsample,biot,seed_42_downsample_t40,ChineseEEG2_RA_Tone,cross_subject,42,0.22783425696390386,0.25,balanced_chance,Unknown,Unknown,Unknown,,/benchmark-eeg/5.0_version/result_5/linear_downsample/ChineseEEG2_RA_Tone_cross_subject_linear_downsample/seed_42_downsample_t40/ratio_full/biot/summary.json
ChineseEEG2_RA_Tone_cross_subject_linear_downsample,biot,seed_5_downsample_t40,ChineseEEG2_RA_Tone,cross_subject,5,0.2456460467538661,0.25,balanced_chance,Unknown,Unknown,Unknown,,/benchmark-eeg/5.0_version/result_5/linear_downsample/ChineseEEG2_RA_Tone_cross_subject_linear_downsample/seed_5_downsample_t40/ratio_full/biot/summary.json
ChineseEEG2_RA_Tone_cross_subject_linear_downsample,brainomni,seed_10_downsample_t40,ChineseEEG2_RA_Tone,cross_subject,10,0.20432379480878174,0.25,balanced_chance,Unknown,Unknown,Unknown,,/benchmark-eeg/5.0_version/result_5/linear_downsample/ChineseEEG2_RA_Tone_cross_subject_linear_downsample/seed_10_downsample_t40/ratio_full/brainomni/summary.json
ChineseEEG2_RA_Tone_cross_subject_linear_downsample,brainomni,seed_42_downsample_t40,ChineseEEG2_RA_Tone,cross_subject,42,0.22303285005302056,0.25,balanced_chance,Unknown,Unknown,Unknown,,/benchmark-eeg/5.0_version/result_5/linear_downsample/ChineseEEG2_RA_Tone_cross_subject_linear_downsample/seed_42_downsample_t40/ratio_full/brainomni/summary.json
ChineseEEG2_RA_Tone_cross_subject_linear_downsample,brainomni,seed_5_downsample_t40,ChineseEEG2_RA_Tone,cross_subject,5,0.15783968016478625,0.25,balanced_chance,Unknown,Unknown,Unknown,,/benchmark-eeg/5.0_version/result_5/linear_downsample/ChineseEEG2_RA_Tone_cross_subject_linear_downsample/seed_5_downsample_t40/ratio_full/brainomni/summary.json
ChineseEEG2_RA_Tone_cross_subject_linear_downsample,cbramod,seed_10_downsample_t40,ChineseEEG2_RA_Tone,cross_subject,10,0.21269919287364797,0.25,balanced_chance,Unknown,Unknown,Unknown,,/benchmark-eeg/5.0_version/result_5/linear_downsample/ChineseEEG2_RA_Tone_cross_subject_linear_downsample/seed_10_downsample_t40/ratio_full/cbramod/summary.json
ChineseEEG2_RA_Tone_cross_subject_linear_downsample,cbramod,seed_42_downsample_t40,ChineseEEG2_RA_Tone,cross_subject,42,0.16224796353901205,0.25,balanced_chance,Unknown,Unknown,Unknown,,/benchmark-eeg/5.0_version/result_5/linear_downsample/ChineseEEG2_RA_Tone_cross_subject_linear_downsample/seed_42_downsample_t40/ratio_full/cbramod/summary.json
ChineseEEG2_RA_Tone_cross_subject_linear_downsample,cbramod,seed_5_downsample_t40,ChineseEEG2_RA_Tone,cross_subject,5,0.19186993998369495,0.25,balanced_chance,Unknown,Unknown,Unknown,,/benchmark-eeg/5.0_version/result_5/linear_downsample/ChineseEEG2_RA_Tone_cross_subject_linear_downsample/seed_5_downsample_t40/ratio_full/cbramod/summary.json
ChineseEEG2_RA_Tone_cross_subject_linear_downsample,eegmamba,seed_10_downsample_t40,ChineseEEG2_RA_Tone,cross_subject,10,0.13981617726304818,0.25,balanced_chance,Unknown,Unknown,Unknown,,/benchmark-eeg/5.0_version/result_5/linear_downsample/ChineseEEG2_RA_Tone_cross_subject_linear_downsample/seed_10_downsample_t40/ratio_full/eegmamba/summary.json
ChineseEEG2_RA_Tone_cross_subject_linear_downsample,eegmamba,seed_42_downsample_t40,ChineseEEG2_RA_Tone,cross_subject,42,0.20304662041867583,0.25,balanced_chance,Unknown,Unknown,Unknown,,/benchmark-eeg/5.0_version/result_5/linear_downsample/ChineseEEG2_RA_Tone_cross_subject_linear_downsample/seed_42_downsample_t40/ratio_full/eegmamba/summary.json
ChineseEEG2_RA_Tone_cross_subject_linear_downsample,eegmamba,seed_5_downsample_t40,ChineseEEG2_RA_Tone,cross_subject,5,0.13672367676276684,0.25,balanced_chance,Unknown,Unknown,Unknown,,/benchmark-eeg/5.0_version/result_5/linear_downsample/ChineseEEG2_RA_Tone_cross_subject_linear_downsample/seed_5_downsample_t40/ratio_full/eegmamba/summary.json
ChineseEEG2_RA_Tone_cross_subject_linear_downsample,femba,seed_10_downsample_t40,ChineseEEG2_RA_Tone,cross_subject,10,0.2162301135970779,0.25,balanced_chance,Unknown,Unknown,Unknown,,/benchmark-eeg/5.0_version/result_5/linear_downsample/ChineseEEG2_RA_Tone_cross_subject_linear_downsample/seed_10_downsample_t40/ratio_full/femba/summary.json
ChineseEEG2_RA_Tone_cross_subject_linear_downsample,femba,seed_42_downsample_t40,ChineseEEG2_RA_Tone,cross_subject,42,0.18334143223645502,0.25,balanced_chance,Unknown,Unknown,Unknown,,/benchmark-eeg/5.0_version/result_5/linear_downsample/ChineseEEG2_RA_Tone_cross_subject_linear_downsample/seed_42_downsample_t40/ratio_full/femba/summary.json
ChineseEEG2_RA_Tone_cross_subject_linear_downsample,femba,seed_5_downsample_t40,ChineseEEG2_RA_Tone,cross_subject,5,0.24007106135508935,0.25,balanced_chance,Unknown,Unknown,Unknown,,/benchmark-eeg/5.0_version/result_5/linear_downsample/ChineseEEG2_RA_Tone_cross_subject_linear_downsample/seed_5_downsample_t40/ratio_full/femba/summary.json
ChineseEEG2_RA_Tone_cross_subject_linear_downsample,labram,seed_10_downsample_t40,ChineseEEG2_RA_Tone,cross_subject,10,0.14975638551777795,0.25,balanced_chance,Unknown,Unknown,Unknown,,/benchmark-eeg/5.0_version/result_5/linear_downsample/ChineseEEG2_RA_Tone_cross_subject_linear_downsample/seed_10_downsample_t40/ratio_full/labram/summary.json
ChineseEEG2_RA_Tone_cross_subject_linear_downsample,labram,seed_42_downsample_t40,ChineseEEG2_RA_Tone,cross_subject,42,0.1629329499377798,0.25,balanced_chance,Unknown,Unknown,Unknown,,/benchmark-eeg/5.0_version/result_5/linear_downsample/ChineseEEG2_RA_Tone_cross_subject_linear_downsample/seed_42_downsample_t40/ratio_full/labram/summary.json
ChineseEEG2_RA_Tone_cross_subject_linear_downsample,labram,seed_5_downsample_t40,ChineseEEG2_RA_Tone,cross_subject,5,0.214702693500316,0.25,balanced_chance,Unknown,Unknown,Unknown,,/benchmark-eeg/5.0_version/result_5/linear_downsample/ChineseEEG2_RA_Tone_cross_subject_linear_downsample/seed_5_downsample_t40/ratio_full/labram/summary.json
ChineseEEG2_RA_Tone_cross_subject_linear_downsample,neurogpt,seed_10_downsample_t40,ChineseEEG2_RA_Tone,cross_subject,10,0.1896885641741154,0.25,balanced_chance,Unknown,Unknown,Unknown,,/benchmark-eeg/5.0_version/result_5/linear_downsample/ChineseEEG2_RA_Tone_cross_subject_linear_downsample/seed_10_downsample_t40/ratio_full/neurogpt/summary.json
ChineseEEG2_RA_Tone_cross_subject_linear_downsample,neurogpt,seed_42_downsample_t40,ChineseEEG2_RA_Tone,cross_subject,42,0.18624560401994442,0.25,balanced_chance,Unknown,Unknown,Unknown,,/benchmark-eeg/5.0_version/result_5/linear_downsample/ChineseEEG2_RA_Tone_cross_subject_linear_downsample/seed_42_downsample_t40/ratio_full/neurogpt/summary.json
ChineseEEG2_RA_Tone_cross_subject_linear_downsample,neurogpt,seed_5_downsample_t40,ChineseEEG2_RA_Tone,cross_subject,5,0.1440719854441892,0.25,balanced_chance,Unknown,Unknown,Unknown,,/benchmark-eeg/5.0_version/result_5/linear_downsample/ChineseEEG2_RA_Tone_cross_subject_linear_downsample/seed_5_downsample_t40/ratio_full/neurogpt/summary.json
ChineseEEG2_RA_Tone_cross_subject_linear_downsample,neurolm,seed_10_downsample_t40,ChineseEEG2_RA_Tone,cross_subject,10,0.24052658515016423,0.25,balanced_chance,Unknown,Unknown,Unknown,,/benchmark-eeg/5.0_version/result_5/linear_downsample/ChineseEEG2_RA_Tone_cross_subject_linear_downsample/seed_10_downsample_t40/ratio_full/neurolm/summary.json
ChineseEEG2_RA_Tone_cross_subject_linear_downsample,neurolm,seed_42_downsample_t40,ChineseEEG2_RA_Tone,cross_subject,42,0.24175094176698878,0.25,balanced_chance,Unknown,Unknown,Unknown,,/benchmark-eeg/5.0_version/result_5/linear_downsample/ChineseEEG2_RA_Tone_cross_subject_linear_downsample/seed_42_downsample_t40/ratio_full/neurolm/summary.json
ChineseEEG2_RA_Tone_cross_subject_linear_downsample,neurolm,seed_5_downsample_t40,ChineseEEG2_RA_Tone,cross_subject,5,0.21379067470263846,0.25,balanced_chance,Unknown,Unknown,Unknown,,/benchmark-eeg/5.0_version/result_5/linear_downsample/ChineseEEG2_RA_Tone_cross_subject_linear_downsample/seed_5_downsample_t40/ratio_full/neurolm/summary.json
ChineseEEG2_RA_Tone_cross_subject_linear_downsample,reve,seed_10_downsample_t40,ChineseEEG2_RA_Tone,cross_subject,10,0.2516424029377059,0.25,balanced_chance,Unknown,Unknown,Unknown,,/benchmark-eeg/5.0_version/result_5/linear_downsample/ChineseEEG2_RA_Tone_cross_subject_linear_downsample/seed_10_downsample_t40/ratio_full/reve/summary.json
ChineseEEG2_RA_Tone_cross_subject_linear_downsample,reve,seed_42_downsample_t40,ChineseEEG2_RA_Tone,cross_subject,42,0.2362883627799033,0.25,balanced_chance,Unknown,Unknown,Unknown,,/benchmark-eeg/5.0_version/result_5/linear_downsample/ChineseEEG2_RA_Tone_cross_subject_linear_downsample/seed_42_downsample_t40/ratio_full/reve/summary.json
ChineseEEG2_RA_Tone_cross_subject_linear_downsample,reve,seed_5_downsample_t40,ChineseEEG2_RA_Tone,cross_subject,5,0.2474699702655278,0.25,balanced_chance,Unknown,Unknown,Unknown,,/benchmark-eeg/5.0_version/result_5/linear_downsample/ChineseEEG2_RA_Tone_cross_subject_linear_downsample/seed_5_downsample_t40/ratio_full/reve/summary.json
DEAP_arousal_wsn_cross_subject_linear_downsample,bendr,seed_10_downsample_t40,DEAP_arousal_wsn,cross_subject,10,0.48879210464704437,0.5,balanced_chance,Unknown,Unknown,Unknown,,/benchmark-eeg/5.0_version/result_5/linear_downsample/DEAP_arousal_wsn_cross_subject_linear_downsample/seed_10_downsample_t40/ratio_full/bendr/summary.json
DEAP_arousal_wsn_cross_subject_linear_downsample,bendr,seed_42_downsample_t40,DEAP_arousal_wsn,cross_subject,42,0.48700418220596475,0.5,balanced_chance,Unknown,Unknown,Unknown,,/benchmark-eeg/5.0_version/result_5/linear_downsample/DEAP_arousal_wsn_cross_subject_linear_downsample/seed_42_downsample_t40/ratio_full/bendr/summary.json
DEAP_arousal_wsn_cross_subject_linear_downsample,bendr,seed_5_downsample_t40,DEAP_arousal_wsn,cross_subject,5,0.47286933525664143,0.5,balanced_chance,Unknown,Unknown,Unknown,,/benchmark-eeg/5.0_version/result_5/linear_downsample/DEAP_arousal_wsn_cross_subject_linear_downsample/seed_5_downsample_t40/ratio_full/bendr/summary.json
DEAP_arousal_wsn_cross_subject_linear_downsample,biot,seed_10_downsample_t40,DEAP_arousal_wsn,cross_subject,10,0.43993976653872713,0.5,balanced_chance,Unknown,Unknown,Unknown,,/benchmark-eeg/5.0_version/result_5/linear_downsample/DEAP_arousal_wsn_cross_subject_linear_downsample/seed_10_downsample_t40/ratio_full/biot/summary.json
DEAP_arousal_wsn_cross_subject_linear_downsample,biot,seed_42_downsample_t40,DEAP_arousal_wsn,cross_subject,42,0.3846975869707271,0.5,balanced_chance,Unknown,Unknown,Unknown,,/benchmark-eeg/5.0_version/result_5/linear_downsample/DEAP_arousal_wsn_cross_subject_linear_downsample/seed_42_downsample_t40/ratio_full/biot/summary.json
DEAP_arousal_wsn_cross_subject_linear_downsample,biot,seed_5_downsample_t40,DEAP_arousal_wsn,cross_subject,5,0.37168855746720375,0.5,balanced_chance,Unknown,Unknown,Unknown,,/benchmark-eeg/5.0_version/result_5/linear_downsample/DEAP_arousal_wsn_cross_subject_linear_downsample/seed_5_downsample_t40/ratio_full/biot/summary.json
DEAP_arousal_wsn_cross_subject_linear_downsample,brainomni,seed_10_downsample_t40,DEAP_arousal_wsn,cross_subject,10,0.32201356003970744,0.5,balanced_chance,Unknown,Unknown,Unknown,,/benchmark-eeg/5.0_version/result_5/linear_downsample/DEAP_arousal_wsn_cross_subject_linear_downsample/seed_10_downsample_t40/ratio_full/brainomni/summary.json
DEAP_arousal_wsn_cross_subject_linear_downsample,brainomni,seed_42_downsample_t40,DEAP_arousal_wsn,cross_subject,42,0.5070263677845783,0.5,balanced_chance,Unknown,Unknown,Unknown,,/benchmark-eeg/5.0_version/result_5/linear_downsample/DEAP_arousal_wsn_cross_subject_linear_downsample/seed_42_downsample_t40/ratio_full/brainomni/summary.json
DEAP_arousal_wsn_cross_subject_linear_downsample,brainomni,seed_5_downsample_t40,DEAP_arousal_wsn,cross_subject,5,0.4692099567099567,0.5,balanced_chance,Unknown,Unknown,Unknown,,/benchmark-eeg/5.0_version/result_5/linear_downsample/DEAP_arousal_wsn_cross_subject_linear_downsample/seed_5_downsample_t40/ratio_full/brainomni/summary.json
DEAP_arousal_wsn_cross_subject_linear_downsample,cbramod,seed_10_downsample_t40,DEAP_arousal_wsn,cross_subject,10,0.45944080726689424,0.5,balanced_chance,Unknown,Unknown,Unknown,,/benchmark-eeg/5.0_version/result_5/linear_downsample/DEAP_arousal_wsn_cross_subject_linear_downsample/seed_10_downsample_t40/ratio_full/cbramod/summary.json
DEAP_arousal_wsn_cross_subject_linear_downsample,cbramod,seed_42_downsample_t40,DEAP_arousal_wsn,cross_subject,42,0.3671568120735993,0.5,balanced_chance,Unknown,Unknown,Unknown,,/benchmark-eeg/5.0_version/result_5/linear_downsample/DEAP_arousal_wsn_cross_subject_linear_downsample/seed_42_downsample_t40/ratio_full/cbramod/summary.json
DEAP_arousal_wsn_cross_subject_linear_downsample,cbramod,seed_5_downsample_t40,DEAP_arousal_wsn,cross_subject,5,0.5044911727307371,0.5,balanced_chance,Unknown,Unknown,Unknown,,/benchmark-eeg/5.0_version/result_5/linear_downsample/DEAP_arousal_wsn_cross_subject_linear_downsample/seed_5_downsample_t40/ratio_full/cbramod/summary.json
DEAP_arousal_wsn_cross_subject_linear_downsample,eegmamba,seed_10_downsample_t40,DEAP_arousal_wsn,cross_subject,10,0.4615281568679984,0.5,balanced_chance,Unknown,Unknown,Unknown,,/benchmark-eeg/5.0_version/result_5/linear_downsample/DEAP_arousal_wsn_cross_subject_linear_downsample/seed_10_downsample_t40/ratio_full/eegmamba/summary.json
DEAP_arousal_wsn_cross_subject_linear_downsample,eegmamba,seed_42_downsample_t40,DEAP_arousal_wsn,cross_subject,42,0.4637376468394555,0.5,balanced_chance,Unknown,Unknown,Unknown,,/benchmark-eeg/5.0_version/result_5/linear_downsample/DEAP_arousal_wsn_cross_subject_linear_downsample/seed_42_downsample_t40/ratio_full/eegmamba/summary.json
DEAP_arousal_wsn_cross_subject_linear_downsample,eegmamba,seed_5_downsample_t40,DEAP_arousal_wsn,cross_subject,5,0.5125051101521689,0.5,balanced_chance,Unknown,Unknown,Unknown,,/benchmark-eeg/5.0_version/result_5/linear_downsample/DEAP_arousal_wsn_cross_subject_linear_downsample/seed_5_downsample_t40/ratio_full/eegmamba/summary.json
DEAP_arousal_wsn_cross_subject_linear_downsample,femba,seed_10_downsample_t40,DEAP_arousal_wsn,cross_subject,10,0.36135306402956036,0.5,balanced_chance,Unknown,Unknown,Unknown,,/benchmark-eeg/5.0_version/result_5/linear_downsample/DEAP_arousal_wsn_cross_subject_linear_downsample/seed_10_downsample_t40/ratio_full/femba/summary.json
DEAP_arousal_wsn_cross_subject_linear_downsample,femba,seed_42_downsample_t40,DEAP_arousal_wsn,cross_subject,42,0.3681876170398013,0.5,balanced_chance,Unknown,Unknown,Unknown,,/benchmark-eeg/5.0_version/result_5/linear_downsample/DEAP_arousal_wsn_cross_subject_linear_downsample/seed_42_downsample_t40/ratio_full/femba/summary.json
DEAP_arousal_wsn_cross_subject_linear_downsample,femba,seed_5_downsample_t40,DEAP_arousal_wsn,cross_subject,5,0.4047124345663957,0.5,balanced_chance,Unknown,Unknown,Unknown,,/benchmark-eeg/5.0_version/result_5/linear_downsample/DEAP_arousal_wsn_cross_subject_linear_downsample/seed_5_downsample_t40/ratio_full/femba/summary.json
DEAP_arousal_wsn_cross_subject_linear_downsample,labram,seed_10_downsample_t40,DEAP_arousal_wsn,cross_subject,10,0.43496970347888986,0.5,balanced_chance,Unknown,Unknown,Unknown,,/benchmark-eeg/5.0_version/result_5/linear_downsample/DEAP_arousal_wsn_cross_subject_linear_downsample/seed_10_downsample_t40/ratio_full/labram/summary.json
DEAP_arousal_wsn_cross_subject_linear_downsample,labram,seed_42_downsample_t40,DEAP_arousal_wsn,cross_subject,42,0.48180288086737855,0.5,balanced_chance,Unknown,Unknown,Unknown,,/benchmark-eeg/5.0_version/result_5/linear_downsample/DEAP_arousal_wsn_cross_subject_linear_downsample/seed_42_downsample_t40/ratio_full/labram/summary.json
DEAP_arousal_wsn_cross_subject_linear_downsample,labram,seed_5_downsample_t40,DEAP_arousal_wsn,cross_subject,5,0.5038471855436799,0.5,balanced_chance,Unknown,Unknown,Unknown,,/benchmark-eeg/5.0_version/result_5/linear_downsample/DEAP_arousal_wsn_cross_subject_linear_downsample/seed_5_downsample_t40/ratio_full/labram/summary.json
DEAP_arousal_wsn_cross_subject_linear_downsample,neurogpt,seed_10_downsample_t40,DEAP_arousal_wsn,cross_subject,10,0.28744677818751896,0.5,balanced_chance,Unknown,Unknown,Unknown,,/benchmark-eeg/5.0_version/result_5/linear_downsample/DEAP_arousal_wsn_cross_subject_linear_downsample/seed_10_downsample_t40/ratio_full/neurogpt/summary.json
DEAP_arousal_wsn_cross_subject_linear_downsample,neurogpt,seed_42_downsample_t40,DEAP_arousal_wsn,cross_subject,42,0.3995782814971007,0.5,balanced_chance,Unknown,Unknown,Unknown,,/benchmark-eeg/5.0_version/result_5/linear_downsample/DEAP_arousal_wsn_cross_subject_linear_downsample/seed_42_downsample_t40/ratio_full/neurogpt/summary.json
DEAP_arousal_wsn_cross_subject_linear_downsample,neurogpt,seed_5_downsample_t40,DEAP_arousal_wsn,cross_subject,5,0.4513707806894962,0.5,balanced_chance,Unknown,Unknown,Unknown,,/benchmark-eeg/5.0_version/result_5/linear_downsample/DEAP_arousal_wsn_cross_subject_linear_downsample/seed_5_downsample_t40/ratio_full/neurogpt/summary.json
DEAP_arousal_wsn_cross_subject_linear_downsample,neurolm,seed_10_downsample_t40,DEAP_arousal_wsn,cross_subject,10,0.42981206175063547,0.5,balanced_chance,Unknown,Unknown,Unknown,,/benchmark-eeg/5.0_version/result_5/linear_downsample/DEAP_arousal_wsn_cross_subject_linear_downsample/seed_10_downsample_t40/ratio_full/neurolm/summary.json
DEAP_arousal_wsn_cross_subject_linear_downsample,neurolm,seed_42_downsample_t40,DEAP_arousal_wsn,cross_subject,42,0.4668559722564445,0.5,balanced_chance,Unknown,Unknown,Unknown,,/benchmark-eeg/5.0_version/result_5/linear_downsample/DEAP_arousal_wsn_cross_subject_linear_downsample/seed_42_downsample_t40/ratio_full/neurolm/summary.json
DEAP_arousal_wsn_cross_subject_linear_downsample,neurolm,seed_5_downsample_t40,DEAP_arousal_wsn,cross_subject,5,0.4601051438798189,0.5,balanced_chance,Unknown,Unknown,Unknown,,/benchmark-eeg/5.0_version/result_5/linear_downsample/DEAP_arousal_wsn_cross_subject_linear_downsample/seed_5_downsample_t40/ratio_full/neurolm/summary.json
DEAP_arousal_wsn_cross_subject_linear_downsample,reve,seed_10_downsample_t40,DEAP_arousal_wsn,cross_subject,10,0.4005818624553604,0.5,balanced_chance,Unknown,Unknown,Unknown,,/benchmark-eeg/5.0_version/result_5/linear_downsample/DEAP_arousal_wsn_cross_subject_linear_downsample/seed_10_downsample_t40/ratio_full/reve/summary.json
DEAP_arousal_wsn_cross_subject_linear_downsample,reve,seed_42_downsample_t40,DEAP_arousal_wsn,cross_subject,42,0.521842000465651,0.5,balanced_chance,Unknown,Unknown,Unknown,,/benchmark-eeg/5.0_version/result_5/linear_downsample/DEAP_arousal_wsn_cross_subject_linear_downsample/seed_42_downsample_t40/ratio_full/reve/summary.json
DEAP_arousal_wsn_cross_subject_linear_downsample,reve,seed_5_downsample_t40,DEAP_arousal_wsn,cross_subject,5,0.509779817824343,0.5,balanced_chance,Unknown,Unknown,Unknown,,/benchmark-eeg/5.0_version/result_5/linear_downsample/DEAP_arousal_wsn_cross_subject_linear_downsample/seed_5_downsample_t40/ratio_full/reve/summary.json
DEAP_valence_wsn_cross_subject_linear_downsample,bendr,seed_10_downsample_t40,DEAP_valence_wsn,cross_subject,10,0.5000589083125626,0.5,balanced_chance,Unknown,Unknown,Unknown,,/benchmark-eeg/5.0_version/result_5/linear_downsample/DEAP_valence_wsn_cross_subject_linear_downsample/seed_10_downsample_t40/ratio_full/bendr/summary.json
DEAP_valence_wsn_cross_subject_linear_downsample,bendr,seed_42_downsample_t40,DEAP_valence_wsn,cross_subject,42,0.5174931249641413,0.5,balanced_chance,Unknown,Unknown,Unknown,,/benchmark-eeg/5.0_version/result_5/linear_downsample/DEAP_valence_wsn_cross_subject_linear_downsample/seed_42_downsample_t40/ratio_full/bendr/summary.json
DEAP_valence_wsn_cross_subject_linear_downsample,bendr,seed_5_downsample_t40,DEAP_valence_wsn,cross_subject,5,0.4887102636424531,0.5,balanced_chance,Unknown,Unknown,Unknown,,/benchmark-eeg/5.0_version/result_5/linear_downsample/DEAP_valence_wsn_cross_subject_linear_downsample/seed_5_downsample_t40/ratio_full/bendr/summary.json
DEAP_valence_wsn_cross_subject_linear_downsample,biot,seed_10_downsample_t40,DEAP_valence_wsn,cross_subject,10,0.5027428925448187,0.5,balanced_chance,Unknown,Unknown,Unknown,,/benchmark-eeg/5.0_version/result_5/linear_downsample/DEAP_valence_wsn_cross_subject_linear_downsample/seed_10_downsample_t40/ratio_full/biot/summary.json
DEAP_valence_wsn_cross_subject_linear_downsample,biot,seed_42_downsample_t40,DEAP_valence_wsn,cross_subject,42,0.38804552962206934,0.5,balanced_chance,Unknown,Unknown,Unknown,,/benchmark-eeg/5.0_version/result_5/linear_downsample/DEAP_valence_wsn_cross_subject_linear_downsample/seed_42_downsample_t40/ratio_full/biot/summary.json
DEAP_valence_wsn_cross_subject_linear_downsample,biot,seed_5_downsample_t40,DEAP_valence_wsn,cross_subject,5,0.48280291269313225,0.5,balanced_chance,Unknown,Unknown,Unknown,,/benchmark-eeg/5.0_version/result_5/linear_downsample/DEAP_valence_wsn_cross_subject_linear_downsample/seed_5_downsample_t40/ratio_full/biot/summary.json
DEAP_valence_wsn_cross_subject_linear_downsample,brainomni,seed_10_downsample_t40,DEAP_valence_wsn,cross_subject,10,0.5244467125567223,0.5,balanced_chance,Unknown,Unknown,Unknown,,/benchmark-eeg/5.0_version/result_5/linear_downsample/DEAP_valence_wsn_cross_subject_linear_downsample/seed_10_downsample_t40/ratio_full/brainomni/summary.json
DEAP_valence_wsn_cross_subject_linear_downsample,brainomni,seed_42_downsample_t40,DEAP_valence_wsn,cross_subject,42,0.4944757120193397,0.5,balanced_chance,Unknown,Unknown,Unknown,,/benchmark-eeg/5.0_version/result_5/linear_downsample/DEAP_valence_wsn_cross_subject_linear_downsample/seed_42_downsample_t40/ratio_full/brainomni/summary.json
DEAP_valence_wsn_cross_subject_linear_downsample,brainomni,seed_5_downsample_t40,DEAP_valence_wsn,cross_subject,5,0.510764724264775,0.5,balanced_chance,Unknown,Unknown,Unknown,,/benchmark-eeg/5.0_version/result_5/linear_downsample/DEAP_valence_wsn_cross_subject_linear_downsample/seed_5_downsample_t40/ratio_full/brainomni/summary.json
DEAP_valence_wsn_cross_subject_linear_downsample,cbramod,seed_10_downsample_t40,DEAP_valence_wsn,cross_subject,10,0.46504075897274033,0.5,balanced_chance,Unknown,Unknown,Unknown,,/benchmark-eeg/5.0_version/result_5/linear_downsample/DEAP_valence_wsn_cross_subject_linear_downsample/seed_10_downsample_t40/ratio_full/cbramod/summary.json
DEAP_valence_wsn_cross_subject_linear_downsample,cbramod,seed_42_downsample_t40,DEAP_valence_wsn,cross_subject,42,0.4720293442940115,0.5,balanced_chance,Unknown,Unknown,Unknown,,/benchmark-eeg/5.0_version/result_5/linear_downsample/DEAP_valence_wsn_cross_subject_linear_downsample/seed_42_downsample_t40/ratio_full/cbramod/summary.json
DEAP_valence_wsn_cross_subject_linear_downsample,cbramod,seed_5_downsample_t40,DEAP_valence_wsn,cross_subject,5,0.39331373814132436,0.5,balanced_chance,Unknown,Unknown,Unknown,,/benchmark-eeg/5.0_version/result_5/linear_downsample/DEAP_valence_wsn_cross_subject_linear_downsample/seed_5_downsample_t40/ratio_full/cbramod/summary.json
DEAP_valence_wsn_cross_subject_linear_downsample,eegmamba,seed_10_downsample_t40,DEAP_valence_wsn,cross_subject,10,0.5331097812046997,0.5,balanced_chance,Unknown,Unknown,Unknown,,/benchmark-eeg/5.0_version/result_5/linear_downsample/DEAP_valence_wsn_cross_subject_linear_downsample/seed_10_downsample_t40/ratio_full/eegmamba/summary.json
DEAP_valence_wsn_cross_subject_linear_downsample,eegmamba,seed_42_downsample_t40,DEAP_valence_wsn,cross_subject,42,0.5187257113270766,0.5,balanced_chance,Unknown,Unknown,Unknown,,/benchmark-eeg/5.0_version/result_5/linear_downsample/DEAP_valence_wsn_cross_subject_linear_downsample/seed_42_downsample_t40/ratio_full/eegmamba/summary.json
DEAP_valence_wsn_cross_subject_linear_downsample,eegmamba,seed_5_downsample_t40,DEAP_valence_wsn,cross_subject,5,0.4781427666557899,0.5,balanced_chance,Unknown,Unknown,Unknown,,/benchmark-eeg/5.0_version/result_5/linear_downsample/DEAP_valence_wsn_cross_subject_linear_downsample/seed_5_downsample_t40/ratio_full/eegmamba/summary.json
DEAP_valence_wsn_cross_subject_linear_downsample,femba,seed_10_downsample_t40,DEAP_valence_wsn,cross_subject,10,0.40779306059804366,0.5,balanced_chance,Unknown,Unknown,Unknown,,/benchmark-eeg/5.0_version/result_5/linear_downsample/DEAP_valence_wsn_cross_subject_linear_downsample/seed_10_downsample_t40/ratio_full/femba/summary.json
DEAP_valence_wsn_cross_subject_linear_downsample,femba,seed_42_downsample_t40,DEAP_valence_wsn,cross_subject,42,0.42672881313787375,0.5,balanced_chance,Unknown,Unknown,Unknown,,/benchmark-eeg/5.0_version/result_5/linear_downsample/DEAP_valence_wsn_cross_subject_linear_downsample/seed_42_downsample_t40/ratio_full/femba/summary.json
DEAP_valence_wsn_cross_subject_linear_downsample,femba,seed_5_downsample_t40,DEAP_valence_wsn,cross_subject,5,0.4857640963212613,0.5,balanced_chance,Unknown,Unknown,Unknown,,/benchmark-eeg/5.0_version/result_5/linear_downsample/DEAP_valence_wsn_cross_subject_linear_downsample/seed_5_downsample_t40/ratio_full/femba/summary.json
DEAP_valence_wsn_cross_subject_linear_downsample,labram,seed_10_downsample_t40,DEAP_valence_wsn,cross_subject,10,0.47407723263874135,0.5,balanced_chance,Unknown,Unknown,Unknown,,/benchmark-eeg/5.0_version/result_5/linear_downsample/DEAP_valence_wsn_cross_subject_linear_downsample/seed_10_downsample_t40/ratio_full/labram/summary.json
DEAP_valence_wsn_cross_subject_linear_downsample,labram,seed_42_downsample_t40,DEAP_valence_wsn,cross_subject,42,0.4576301390272475,0.5,balanced_chance,Unknown,Unknown,Unknown,,/benchmark-eeg/5.0_version/result_5/linear_downsample/DEAP_valence_wsn_cross_subject_linear_downsample/seed_42_downsample_t40/ratio_full/labram/summary.json
DEAP_valence_wsn_cross_subject_linear_downsample,labram,seed_5_downsample_t40,DEAP_valence_wsn,cross_subject,5,0.46292691545711206,0.5,balanced_chance,Unknown,Unknown,Unknown,,/benchmark-eeg/5.0_version/result_5/linear_downsample/DEAP_valence_wsn_cross_subject_linear_downsample/seed_5_downsample_t40/ratio_full/labram/summary.json
DEAP_valence_wsn_cross_subject_linear_downsample,neurogpt,seed_10_downsample_t40,DEAP_valence_wsn,cross_subject,10,0.46296150587095997,0.5,balanced_chance,Unknown,Unknown,Unknown,,/benchmark-eeg/5.0_version/result_5/linear_downsample/DEAP_valence_wsn_cross_subject_linear_downsample/seed_10_downsample_t40/ratio_full/neurogpt/summary.json
DEAP_valence_wsn_cross_subject_linear_downsample,neurogpt,seed_42_downsample_t40,DEAP_valence_wsn,cross_subject,42,0.3783795130142737,0.5,balanced_chance,Unknown,Unknown,Unknown,,/benchmark-eeg/5.0_version/result_5/linear_downsample/DEAP_valence_wsn_cross_subject_linear_downsample/seed_42_downsample_t40/ratio_full/neurogpt/summary.json
DEAP_valence_wsn_cross_subject_linear_downsample,neurogpt,seed_5_downsample_t40,DEAP_valence_wsn,cross_subject,5,0.46465924426450744,0.5,balanced_chance,Unknown,Unknown,Unknown,,/benchmark-eeg/5.0_version/result_5/linear_downsample/DEAP_valence_wsn_cross_subject_linear_downsample/seed_5_downsample_t40/ratio_full/neurogpt/summary.json
DEAP_valence_wsn_cross_subject_linear_downsample,neurolm,seed_10_downsample_t40,DEAP_valence_wsn,cross_subject,10,0.337328842837561,0.5,balanced_chance,Unknown,Unknown,Unknown,,/benchmark-eeg/5.0_version/result_5/linear_downsample/DEAP_valence_wsn_cross_subject_linear_downsample/seed_10_downsample_t40/ratio_full/neurolm/summary.json
DEAP_valence_wsn_cross_subject_linear_downsample,neurolm,seed_42_downsample_t40,DEAP_valence_wsn,cross_subject,42,0.48976248206554773,0.5,balanced_chance,Unknown,Unknown,Unknown,,/benchmark-eeg/5.0_version/result_5/linear_downsample/DEAP_valence_wsn_cross_subject_linear_downsample/seed_42_downsample_t40/ratio_full/neurolm/summary.json
DEAP_valence_wsn_cross_subject_linear_downsample,neurolm,seed_5_downsample_t40,DEAP_valence_wsn,cross_subject,5,0.4557649318539406,0.5,balanced_chance,Unknown,Unknown,Unknown,,/benchmark-eeg/5.0_version/result_5/linear_downsample/DEAP_valence_wsn_cross_subject_linear_downsample/seed_5_downsample_t40/ratio_full/neurolm/summary.json
DEAP_valence_wsn_cross_subject_linear_downsample,reve,seed_10_downsample_t40,DEAP_valence_wsn,cross_subject,10,0.48454977696804047,0.5,balanced_chance,Unknown,Unknown,Unknown,,/benchmark-eeg/5.0_version/result_5/linear_downsample/DEAP_valence_wsn_cross_subject_linear_downsample/seed_10_downsample_t40/ratio_full/reve/summary.json
DEAP_valence_wsn_cross_subject_linear_downsample,reve,seed_42_downsample_t40,DEAP_valence_wsn,cross_subject,42,0.5008096799850972,0.5,balanced_chance,Unknown,Unknown,Unknown,,/benchmark-eeg/5.0_version/result_5/linear_downsample/DEAP_valence_wsn_cross_subject_linear_downsample/seed_42_downsample_t40/ratio_full/reve/summary.json
DEAP_valence_wsn_cross_subject_linear_downsample,reve,seed_5_downsample_t40,DEAP_valence_wsn,cross_subject,5,0.4801959475855375,0.5,balanced_chance,Unknown,Unknown,Unknown,,/benchmark-eeg/5.0_version/result_5/linear_downsample/DEAP_valence_wsn_cross_subject_linear_downsample/seed_5_downsample_t40/ratio_full/reve/summary.json
DUAL_FREQ_SSVEP_wsn_cross_subject_linear_downsample,bendr,seed_10_downsample_t40,DUAL_FREQ_SSVEP_wsn,cross_subject,10,0.017147560322979528,0.025,balanced_chance,Unknown,Unknown,Unknown,,/benchmark-eeg/5.0_version/result_5/linear_downsample/DUAL_FREQ_SSVEP_wsn_cross_subject_linear_downsample/seed_10_downsample_t40/ratio_full/bendr/summary.json
DUAL_FREQ_SSVEP_wsn_cross_subject_linear_downsample,bendr,seed_42_downsample_t40,DUAL_FREQ_SSVEP_wsn,cross_subject,42,0.010241165089328213,0.025,balanced_chance,Unknown,Unknown,Unknown,,/benchmark-eeg/5.0_version/result_5/linear_downsample/DUAL_FREQ_SSVEP_wsn_cross_subject_linear_downsample/seed_42_downsample_t40/ratio_full/bendr/summary.json
DUAL_FREQ_SSVEP_wsn_cross_subject_linear_downsample,bendr,seed_5_downsample_t40,DUAL_FREQ_SSVEP_wsn,cross_subject,5,0.007037949256115639,0.025,balanced_chance,Unknown,Unknown,Unknown,,/benchmark-eeg/5.0_version/result_5/linear_downsample/DUAL_FREQ_SSVEP_wsn_cross_subject_linear_downsample/seed_5_downsample_t40/ratio_full/bendr/summary.json
DUAL_FREQ_SSVEP_wsn_cross_subject_linear_downsample,biot,seed_10_downsample_t40,DUAL_FREQ_SSVEP_wsn,cross_subject,10,0.0156261201604316,0.025,balanced_chance,Unknown,Unknown,Unknown,,/benchmark-eeg/5.0_version/result_5/linear_downsample/DUAL_FREQ_SSVEP_wsn_cross_subject_linear_downsample/seed_10_downsample_t40/ratio_full/biot/summary.json
DUAL_FREQ_SSVEP_wsn_cross_subject_linear_downsample,biot,seed_42_downsample_t40,DUAL_FREQ_SSVEP_wsn,cross_subject,42,0.021663030922573292,0.025,balanced_chance,Unknown,Unknown,Unknown,,/benchmark-eeg/5.0_version/result_5/linear_downsample/DUAL_FREQ_SSVEP_wsn_cross_subject_linear_downsample/seed_42_downsample_t40/ratio_full/biot/summary.json
DUAL_FREQ_SSVEP_wsn_cross_subject_linear_downsample,biot,seed_5_downsample_t40,DUAL_FREQ_SSVEP_wsn,cross_subject,5,0.01631924370552563,0.025,balanced_chance,Unknown,Unknown,Unknown,,/benchmark-eeg/5.0_version/result_5/linear_downsample/DUAL_FREQ_SSVEP_wsn_cross_subject_linear_downsample/seed_5_downsample_t40/ratio_full/biot/summary.json
DUAL_FREQ_SSVEP_wsn_cross_subject_linear_downsample,brainomni,seed_10_downsample_t40,DUAL_FREQ_SSVEP_wsn,cross_subject,10,0.049674867382593385,0.025,balanced_chance,Unknown,Unknown,Unknown,,/benchmark-eeg/5.0_version/result_5/linear_downsample/DUAL_FREQ_SSVEP_wsn_cross_subject_linear_downsample/seed_10_downsample_t40/ratio_full/brainomni/summary.json
DUAL_FREQ_SSVEP_wsn_cross_subject_linear_downsample,brainomni,seed_42_downsample_t40,DUAL_FREQ_SSVEP_wsn,cross_subject,42,0.05467525281152482,0.025,balanced_chance,Unknown,Unknown,Unknown,,/benchmark-eeg/5.0_version/result_5/linear_downsample/DUAL_FREQ_SSVEP_wsn_cross_subject_linear_downsample/seed_42_downsample_t40/ratio_full/brainomni/summary.json
DUAL_FREQ_SSVEP_wsn_cross_subject_linear_downsample,brainomni,seed_5_downsample_t40,DUAL_FREQ_SSVEP_wsn,cross_subject,5,0.021531450664565854,0.025,balanced_chance,Unknown,Unknown,Unknown,,/benchmark-eeg/5.0_version/result_5/linear_downsample/DUAL_FREQ_SSVEP_wsn_cross_subject_linear_downsample/seed_5_downsample_t40/ratio_full/brainomni/summary.json
DUAL_FREQ_SSVEP_wsn_cross_subject_linear_downsample,cbramod,seed_10_downsample_t40,DUAL_FREQ_SSVEP_wsn,cross_subject,10,0.007515880349385761,0.025,balanced_chance,Unknown,Unknown,Unknown,,/benchmark-eeg/5.0_version/result_5/linear_downsample/DUAL_FREQ_SSVEP_wsn_cross_subject_linear_downsample/seed_10_downsample_t40/ratio_full/cbramod/summary.json
DUAL_FREQ_SSVEP_wsn_cross_subject_linear_downsample,cbramod,seed_42_downsample_t40,DUAL_FREQ_SSVEP_wsn,cross_subject,42,0.009581934008125712,0.025,balanced_chance,Unknown,Unknown,Unknown,,/benchmark-eeg/5.0_version/result_5/linear_downsample/DUAL_FREQ_SSVEP_wsn_cross_subject_linear_downsample/seed_42_downsample_t40/ratio_full/cbramod/summary.json
DUAL_FREQ_SSVEP_wsn_cross_subject_linear_downsample,cbramod,seed_5_downsample_t40,DUAL_FREQ_SSVEP_wsn,cross_subject,5,0.007053804173623281,0.025,balanced_chance,Unknown,Unknown,Unknown,,/benchmark-eeg/5.0_version/result_5/linear_downsample/DUAL_FREQ_SSVEP_wsn_cross_subject_linear_downsample/seed_5_downsample_t40/ratio_full/cbramod/summary.json
DUAL_FREQ_SSVEP_wsn_cross_subject_linear_downsample,eegmamba,seed_10_downsample_t40,DUAL_FREQ_SSVEP_wsn,cross_subject,10,0.008437694672340693,0.025,balanced_chance,Unknown,Unknown,Unknown,,/benchmark-eeg/5.0_version/result_5/linear_downsample/DUAL_FREQ_SSVEP_wsn_cross_subject_linear_downsample/seed_10_downsample_t40/ratio_full/eegmamba/summary.json
DUAL_FREQ_SSVEP_wsn_cross_subject_linear_downsample,eegmamba,seed_42_downsample_t40,DUAL_FREQ_SSVEP_wsn,cross_subject,42,0.012455129545224725,0.025,balanced_chance,Unknown,Unknown,Unknown,,/benchmark-eeg/5.0_version/result_5/linear_downsample/DUAL_FREQ_SSVEP_wsn_cross_subject_linear_downsample/seed_42_downsample_t40/ratio_full/eegmamba/summary.json
DUAL_FREQ_SSVEP_wsn_cross_subject_linear_downsample,eegmamba,seed_5_downsample_t40,DUAL_FREQ_SSVEP_wsn,cross_subject,5,0.03311068599088608,0.025,balanced_chance,Unknown,Unknown,Unknown,,/benchmark-eeg/5.0_version/result_5/linear_downsample/DUAL_FREQ_SSVEP_wsn_cross_subject_linear_downsample/seed_5_downsample_t40/ratio_full/eegmamba/summary.json
DUAL_FREQ_SSVEP_wsn_cross_subject_linear_downsample,femba,seed_10_downsample_t40,DUAL_FREQ_SSVEP_wsn,cross_subject,10,0.026255085739945817,0.025,balanced_chance,Unknown,Unknown,Unknown,,/benchmark-eeg/5.0_version/result_5/linear_downsample/DUAL_FREQ_SSVEP_wsn_cross_subject_linear_downsample/seed_10_downsample_t40/ratio_full/femba/summary.json
DUAL_FREQ_SSVEP_wsn_cross_subject_linear_downsample,femba,seed_42_downsample_t40,DUAL_FREQ_SSVEP_wsn,cross_subject,42,0.02478010639346396,0.025,balanced_chance,Unknown,Unknown,Unknown,,/benchmark-eeg/5.0_version/result_5/linear_downsample/DUAL_FREQ_SSVEP_wsn_cross_subject_linear_downsample/seed_42_downsample_t40/ratio_full/femba/summary.json
DUAL_FREQ_SSVEP_wsn_cross_subject_linear_downsample,femba,seed_5_downsample_t40,DUAL_FREQ_SSVEP_wsn,cross_subject,5,0.025657345268803256,0.025,balanced_chance,Unknown,Unknown,Unknown,,/benchmark-eeg/5.0_version/result_5/linear_downsample/DUAL_FREQ_SSVEP_wsn_cross_subject_linear_downsample/seed_5_downsample_t40/ratio_full/femba/summary.json
DUAL_FREQ_SSVEP_wsn_cross_subject_linear_downsample,labram,seed_10_downsample_t40,DUAL_FREQ_SSVEP_wsn,cross_subject,10,0.015218875627420548,0.025,balanced_chance,Unknown,Unknown,Unknown,,/benchmark-eeg/5.0_version/result_5/linear_downsample/DUAL_FREQ_SSVEP_wsn_cross_subject_linear_downsample/seed_10_downsample_t40/ratio_full/labram/summary.json
DUAL_FREQ_SSVEP_wsn_cross_subject_linear_downsample,labram,seed_42_downsample_t40,DUAL_FREQ_SSVEP_wsn,cross_subject,42,0.03018465993026632,0.025,balanced_chance,Unknown,Unknown,Unknown,,/benchmark-eeg/5.0_version/result_5/linear_downsample/DUAL_FREQ_SSVEP_wsn_cross_subject_linear_downsample/seed_42_downsample_t40/ratio_full/labram/summary.json
DUAL_FREQ_SSVEP_wsn_cross_subject_linear_downsample,labram,seed_5_downsample_t40,DUAL_FREQ_SSVEP_wsn,cross_subject,5,0.015599998474662752,0.025,balanced_chance,Unknown,Unknown,Unknown,,/benchmark-eeg/5.0_version/result_5/linear_downsample/DUAL_FREQ_SSVEP_wsn_cross_subject_linear_downsample/seed_5_downsample_t40/ratio_full/labram/summary.json
DUAL_FREQ_SSVEP_wsn_cross_subject_linear_downsample,neurogpt,seed_10_downsample_t40,DUAL_FREQ_SSVEP_wsn,cross_subject,10,0.009306407554497468,0.025,balanced_chance,Unknown,Unknown,Unknown,,/benchmark-eeg/5.0_version/result_5/linear_downsample/DUAL_FREQ_SSVEP_wsn_cross_subject_linear_downsample/seed_10_downsample_t40/ratio_full/neurogpt/summary.json
DUAL_FREQ_SSVEP_wsn_cross_subject_linear_downsample,neurogpt,seed_42_downsample_t40,DUAL_FREQ_SSVEP_wsn,cross_subject,42,0.013667752830781496,0.025,balanced_chance,Unknown,Unknown,Unknown,,/benchmark-eeg/5.0_version/result_5/linear_downsample/DUAL_FREQ_SSVEP_wsn_cross_subject_linear_downsample/seed_42_downsample_t40/ratio_full/neurogpt/summary.json
DUAL_FREQ_SSVEP_wsn_cross_subject_linear_downsample,neurogpt,seed_5_downsample_t40,DUAL_FREQ_SSVEP_wsn,cross_subject,5,0.012104285325116568,0.025,balanced_chance,Unknown,Unknown,Unknown,,/benchmark-eeg/5.0_version/result_5/linear_downsample/DUAL_FREQ_SSVEP_wsn_cross_subject_linear_downsample/seed_5_downsample_t40/ratio_full/neurogpt/summary.json
DUAL_FREQ_SSVEP_wsn_cross_subject_linear_downsample,neurolm,seed_10_downsample_t40,DUAL_FREQ_SSVEP_wsn,cross_subject,10,0.018428065938474552,0.025,balanced_chance,Unknown,Unknown,Unknown,,/benchmark-eeg/5.0_version/result_5/linear_downsample/DUAL_FREQ_SSVEP_wsn_cross_subject_linear_downsample/seed_10_downsample_t40/ratio_full/neurolm/summary.json
DUAL_FREQ_SSVEP_wsn_cross_subject_linear_downsample,neurolm,seed_42_downsample_t40,DUAL_FREQ_SSVEP_wsn,cross_subject,42,0.014676007676007677,0.025,balanced_chance,Unknown,Unknown,Unknown,,/benchmark-eeg/5.0_version/result_5/linear_downsample/DUAL_FREQ_SSVEP_wsn_cross_subject_linear_downsample/seed_42_downsample_t40/ratio_full/neurolm/summary.json
DUAL_FREQ_SSVEP_wsn_cross_subject_linear_downsample,neurolm,seed_5_downsample_t40,DUAL_FREQ_SSVEP_wsn,cross_subject,5,0.023612970972775465,0.025,balanced_chance,Unknown,Unknown,Unknown,,/benchmark-eeg/5.0_version/result_5/linear_downsample/DUAL_FREQ_SSVEP_wsn_cross_subject_linear_downsample/seed_5_downsample_t40/ratio_full/neurolm/summary.json
DUAL_FREQ_SSVEP_wsn_cross_subject_linear_downsample,reve,seed_10_downsample_t40,DUAL_FREQ_SSVEP_wsn,cross_subject,10,0.03060762959051184,0.025,balanced_chance,Unknown,Unknown,Unknown,,/benchmark-eeg/5.0_version/result_5/linear_downsample/DUAL_FREQ_SSVEP_wsn_cross_subject_linear_downsample/seed_10_downsample_t40/ratio_full/reve/summary.json
DUAL_FREQ_SSVEP_wsn_cross_subject_linear_downsample,reve,seed_42_downsample_t40,DUAL_FREQ_SSVEP_wsn,cross_subject,42,0.031777745253355014,0.025,balanced_chance,Unknown,Unknown,Unknown,,/benchmark-eeg/5.0_version/result_5/linear_downsample/DUAL_FREQ_SSVEP_wsn_cross_subject_linear_downsample/seed_42_downsample_t40/ratio_full/reve/summary.json
DUAL_FREQ_SSVEP_wsn_cross_subject_linear_downsample,reve,seed_5_downsample_t40,DUAL_FREQ_SSVEP_wsn,cross_subject,5,0.02989118243530008,0.025,balanced_chance,Unknown,Unknown,Unknown,,/benchmark-eeg/5.0_version/result_5/linear_downsample/DUAL_FREQ_SSVEP_wsn_cross_subject_linear_downsample/seed_5_downsample_t40/ratio_full/reve/summary.json
Depression_rest_wsn_cross_subject_linear_downsample,bendr,seed_10_downsample_t40,Depression_rest_wsn,cross_subject,10,0.4261332227750138,0.5,balanced_chance,Unknown,Unknown,Unknown,,/benchmark-eeg/5.0_version/result_5/linear_downsample/Depression_rest_wsn_cross_subject_linear_downsample/seed_10_downsample_t40/ratio_full/bendr/summary.json
Depression_rest_wsn_cross_subject_linear_downsample,bendr,seed_42_downsample_t40,Depression_rest_wsn,cross_subject,42,0.4255614083726088,0.5,balanced_chance,Unknown,Unknown,Unknown,,/benchmark-eeg/5.0_version/result_5/linear_downsample/Depression_rest_wsn_cross_subject_linear_downsample/seed_42_downsample_t40/ratio_full/bendr/summary.json
Depression_rest_wsn_cross_subject_linear_downsample,biot,seed_10_downsample_t40,Depression_rest_wsn,cross_subject,10,0.442930074904425,0.5,balanced_chance,Unknown,Unknown,Unknown,,/benchmark-eeg/5.0_version/result_5/linear_downsample/Depression_rest_wsn_cross_subject_linear_downsample/seed_10_downsample_t40/ratio_full/biot/summary.json
Depression_rest_wsn_cross_subject_linear_downsample,biot,seed_42_downsample_t40,Depression_rest_wsn,cross_subject,42,0.4247725031887537,0.5,balanced_chance,Unknown,Unknown,Unknown,,/benchmark-eeg/5.0_version/result_5/linear_downsample/Depression_rest_wsn_cross_subject_linear_downsample/seed_42_downsample_t40/ratio_full/biot/summary.json
Depression_rest_wsn_cross_subject_linear_downsample,brainomni,seed_10_downsample_t40,Depression_rest_wsn,cross_subject,10,0.43278823232885894,0.5,balanced_chance,Unknown,Unknown,Unknown,,/benchmark-eeg/5.0_version/result_5/linear_downsample/Depression_rest_wsn_cross_subject_linear_downsample/seed_10_downsample_t40/ratio_full/brainomni/summary.json
Depression_rest_wsn_cross_subject_linear_downsample,brainomni,seed_42_downsample_t40,Depression_rest_wsn,cross_subject,42,0.4255614083726088,0.5,balanced_chance,Unknown,Unknown,Unknown,,/benchmark-eeg/5.0_version/result_5/linear_downsample/Depression_rest_wsn_cross_subject_linear_downsample/seed_42_downsample_t40/ratio_full/brainomni/summary.json
Depression_rest_wsn_cross_subject_linear_downsample,cbramod,seed_10_downsample_t40,Depression_rest_wsn,cross_subject,10,0.4261332227750138,0.5,balanced_chance,Unknown,Unknown,Unknown,,/benchmark-eeg/5.0_version/result_5/linear_downsample/Depression_rest_wsn_cross_subject_linear_downsample/seed_10_downsample_t40/ratio_full/cbramod/summary.json
Depression_rest_wsn_cross_subject_linear_downsample,cbramod,seed_42_downsample_t40,Depression_rest_wsn,cross_subject,42,0.4255614083726088,0.5,balanced_chance,Unknown,Unknown,Unknown,,/benchmark-eeg/5.0_version/result_5/linear_downsample/Depression_rest_wsn_cross_subject_linear_downsample/seed_42_downsample_t40/ratio_full/cbramod/summary.json
Depression_rest_wsn_cross_subject_linear_downsample,eegmamba,seed_10_downsample_t40,Depression_rest_wsn,cross_subject,10,0.4261332227750138,0.5,balanced_chance,Unknown,Unknown,Unknown,,/benchmark-eeg/5.0_version/result_5/linear_downsample/Depression_rest_wsn_cross_subject_linear_downsample/seed_10_downsample_t40/ratio_full/eegmamba/summary.json
Depression_rest_wsn_cross_subject_linear_downsample,eegmamba,seed_42_downsample_t40,Depression_rest_wsn,cross_subject,42,0.4354965811886944,0.5,balanced_chance,Unknown,Unknown,Unknown,,/benchmark-eeg/5.0_version/result_5/linear_downsample/Depression_rest_wsn_cross_subject_linear_downsample/seed_42_downsample_t40/ratio_full/eegmamba/summary.json
Depression_rest_wsn_cross_subject_linear_downsample,femba,seed_10_downsample_t40,Depression_rest_wsn,cross_subject,10,0.4351956537483081,0.5,balanced_chance,Unknown,Unknown,Unknown,,/benchmark-eeg/5.0_version/result_5/linear_downsample/Depression_rest_wsn_cross_subject_linear_downsample/seed_10_downsample_t40/ratio_full/femba/summary.json
Depression_rest_wsn_cross_subject_linear_downsample,femba,seed_42_downsample_t40,Depression_rest_wsn,cross_subject,42,0.5036117722422153,0.5,balanced_chance,Unknown,Unknown,Unknown,,/benchmark-eeg/5.0_version/result_5/linear_downsample/Depression_rest_wsn_cross_subject_linear_downsample/seed_42_downsample_t40/ratio_full/femba/summary.json
Depression_rest_wsn_cross_subject_linear_downsample,labram,seed_10_downsample_t40,Depression_rest_wsn,cross_subject,10,0.4270866068121803,0.5,balanced_chance,Unknown,Unknown,Unknown,,/benchmark-eeg/5.0_version/result_5/linear_downsample/Depression_rest_wsn_cross_subject_linear_downsample/seed_10_downsample_t40/ratio_full/labram/summary.json
Depression_rest_wsn_cross_subject_linear_downsample,labram,seed_42_downsample_t40,Depression_rest_wsn,cross_subject,42,0.4255614083726088,0.5,balanced_chance,Unknown,Unknown,Unknown,,/benchmark-eeg/5.0_version/result_5/linear_downsample/Depression_rest_wsn_cross_subject_linear_downsample/seed_42_downsample_t40/ratio_full/labram/summary.json
Depression_rest_wsn_cross_subject_linear_downsample,neurogpt,seed_10_downsample_t40,Depression_rest_wsn,cross_subject,10,0.45116132213475285,0.5,balanced_chance,Unknown,Unknown,Unknown,,/benchmark-eeg/5.0_version/result_5/linear_downsample/Depression_rest_wsn_cross_subject_linear_downsample/seed_10_downsample_t40/ratio_full/neurogpt/summary.json
Depression_rest_wsn_cross_subject_linear_downsample,neurogpt,seed_42_downsample_t40,Depression_rest_wsn,cross_subject,42,0.4353256693101013,0.5,balanced_chance,Unknown,Unknown,Unknown,,/benchmark-eeg/5.0_version/result_5/linear_downsample/Depression_rest_wsn_cross_subject_linear_downsample/seed_42_downsample_t40/ratio_full/neurogpt/summary.json
Depression_rest_wsn_cross_subject_linear_downsample,neurolm,seed_10_downsample_t40,Depression_rest_wsn,cross_subject,10,0.47918832112880905,0.5,balanced_chance,Unknown,Unknown,Unknown,,/benchmark-eeg/5.0_version/result_5/linear_downsample/Depression_rest_wsn_cross_subject_linear_downsample/seed_10_downsample_t40/ratio_full/neurolm/summary.json
Depression_rest_wsn_cross_subject_linear_downsample,neurolm,seed_42_downsample_t40,Depression_rest_wsn,cross_subject,42,0.47572106730732455,0.5,balanced_chance,Unknown,Unknown,Unknown,,/benchmark-eeg/5.0_version/result_5/linear_downsample/Depression_rest_wsn_cross_subject_linear_downsample/seed_42_downsample_t40/ratio_full/neurolm/summary.json
Depression_rest_wsn_cross_subject_linear_downsample,reve,seed_10_downsample_t40,Depression_rest_wsn,cross_subject,10,0.5335505795214164,0.5,balanced_chance,Unknown,Unknown,Unknown,,/benchmark-eeg/5.0_version/result_5/linear_downsample/Depression_rest_wsn_cross_subject_linear_downsample/seed_10_downsample_t40/ratio_full/reve/summary.json
Depression_rest_wsn_cross_subject_linear_downsample,reve,seed_42_downsample_t40,Depression_rest_wsn,cross_subject,42,0.5234945658228095,0.5,balanced_chance,Unknown,Unknown,Unknown,,/benchmark-eeg/5.0_version/result_5/linear_downsample/Depression_rest_wsn_cross_subject_linear_downsample/seed_42_downsample_t40/ratio_full/reve/summary.json
Depression_rest_wsn_cross_subject_linear_downsample,reve,seed_5_downsample_t40,Depression_rest_wsn,cross_subject,5,0.4783591351000409,0.5,balanced_chance,Unknown,Unknown,Unknown,,/benchmark-eeg/5.0_version/result_5/linear_downsample/Depression_rest_wsn_cross_subject_linear_downsample/seed_5_downsample_t40/ratio_full/reve/summary.json
EEGMAT_cross_subject_linear_downsample,bendr,seed_10_downsample_t40,EEGMAT,cross_subject,10,0.4262948207171315,0.5,balanced_chance,Unknown,Unknown,Unknown,,/benchmark-eeg/5.0_version/result_5/linear_downsample/EEGMAT_cross_subject_linear_downsample/seed_10_downsample_t40/ratio_full/bendr/summary.json
EEGMAT_cross_subject_linear_downsample,bendr,seed_42_downsample_t40,EEGMAT,cross_subject,42,0.42857142857142855,0.5,balanced_chance,Unknown,Unknown,Unknown,,/benchmark-eeg/5.0_version/result_5/linear_downsample/EEGMAT_cross_subject_linear_downsample/seed_42_downsample_t40/ratio_full/bendr/summary.json
EEGMAT_cross_subject_linear_downsample,bendr,seed_5_downsample_t40,EEGMAT,cross_subject,5,0.42913385826771655,0.5,balanced_chance,Unknown,Unknown,Unknown,,/benchmark-eeg/5.0_version/result_5/linear_downsample/EEGMAT_cross_subject_linear_downsample/seed_5_downsample_t40/ratio_full/bendr/summary.json
EEGMAT_cross_subject_linear_downsample,biot,seed_10_downsample_t40,EEGMAT,cross_subject,10,0.5893836367624479,0.5,balanced_chance,Unknown,Unknown,Unknown,,/benchmark-eeg/5.0_version/result_5/linear_downsample/EEGMAT_cross_subject_linear_downsample/seed_10_downsample_t40/ratio_full/biot/summary.json
EEGMAT_cross_subject_linear_downsample,biot,seed_42_downsample_t40,EEGMAT,cross_subject,42,0.4403313157056387,0.5,balanced_chance,Unknown,Unknown,Unknown,,/benchmark-eeg/5.0_version/result_5/linear_downsample/EEGMAT_cross_subject_linear_downsample/seed_42_downsample_t40/ratio_full/biot/summary.json
EEGMAT_cross_subject_linear_downsample,biot,seed_5_downsample_t40,EEGMAT,cross_subject,5,0.5922902494331066,0.5,balanced_chance,Unknown,Unknown,Unknown,,/benchmark-eeg/5.0_version/result_5/linear_downsample/EEGMAT_cross_subject_linear_downsample/seed_5_downsample_t40/ratio_full/biot/summary.json
EEGMAT_cross_subject_linear_downsample,brainomni,seed_10_downsample_t40,EEGMAT,cross_subject,10,0.42857142857142855,0.5,balanced_chance,Unknown,Unknown,Unknown,,/benchmark-eeg/5.0_version/result_5/linear_downsample/EEGMAT_cross_subject_linear_downsample/seed_10_downsample_t40/ratio_full/brainomni/summary.json
EEGMAT_cross_subject_linear_downsample,brainomni,seed_42_downsample_t40,EEGMAT,cross_subject,42,0.4301994301994302,0.5,balanced_chance,Unknown,Unknown,Unknown,,/benchmark-eeg/5.0_version/result_5/linear_downsample/EEGMAT_cross_subject_linear_downsample/seed_42_downsample_t40/ratio_full/brainomni/summary.json
EEGMAT_cross_subject_linear_downsample,brainomni,seed_5_downsample_t40,EEGMAT,cross_subject,5,0.42913385826771655,0.5,balanced_chance,Unknown,Unknown,Unknown,,/benchmark-eeg/5.0_version/result_5/linear_downsample/EEGMAT_cross_subject_linear_downsample/seed_5_downsample_t40/ratio_full/brainomni/summary.json
EEGMAT_cross_subject_linear_downsample,cbramod,seed_10_downsample_t40,EEGMAT,cross_subject,10,0.42857142857142855,0.5,balanced_chance,Unknown,Unknown,Unknown,,/benchmark-eeg/5.0_version/result_5/linear_downsample/EEGMAT_cross_subject_linear_downsample/seed_10_downsample_t40/ratio_full/cbramod/summary.json
EEGMAT_cross_subject_linear_downsample,cbramod,seed_42_downsample_t40,EEGMAT,cross_subject,42,0.42857142857142855,0.5,balanced_chance,Unknown,Unknown,Unknown,,/benchmark-eeg/5.0_version/result_5/linear_downsample/EEGMAT_cross_subject_linear_downsample/seed_42_downsample_t40/ratio_full/cbramod/summary.json
EEGMAT_cross_subject_linear_downsample,cbramod,seed_5_downsample_t40,EEGMAT,cross_subject,5,0.42913385826771655,0.5,balanced_chance,Unknown,Unknown,Unknown,,/benchmark-eeg/5.0_version/result_5/linear_downsample/EEGMAT_cross_subject_linear_downsample/seed_5_downsample_t40/ratio_full/cbramod/summary.json
EEGMAT_cross_subject_linear_downsample,eegmamba,seed_10_downsample_t40,EEGMAT,cross_subject,10,0.42857142857142855,0.5,balanced_chance,Unknown,Unknown,Unknown,,/benchmark-eeg/5.0_version/result_5/linear_downsample/EEGMAT_cross_subject_linear_downsample/seed_10_downsample_t40/ratio_full/eegmamba/summary.json
EEGMAT_cross_subject_linear_downsample,eegmamba,seed_42_downsample_t40,EEGMAT,cross_subject,42,0.45431578947368423,0.5,balanced_chance,Unknown,Unknown,Unknown,,/benchmark-eeg/5.0_version/result_5/linear_downsample/EEGMAT_cross_subject_linear_downsample/seed_42_downsample_t40/ratio_full/eegmamba/summary.json
EEGMAT_cross_subject_linear_downsample,eegmamba,seed_5_downsample_t40,EEGMAT,cross_subject,5,0.42913385826771655,0.5,balanced_chance,Unknown,Unknown,Unknown,,/benchmark-eeg/5.0_version/result_5/linear_downsample/EEGMAT_cross_subject_linear_downsample/seed_5_downsample_t40/ratio_full/eegmamba/summary.json
EEGMAT_cross_subject_linear_downsample,femba,seed_10_downsample_t40,EEGMAT,cross_subject,10,0.6383928571428572,0.5,balanced_chance,Unknown,Unknown,Unknown,,/benchmark-eeg/5.0_version/result_5/linear_downsample/EEGMAT_cross_subject_linear_downsample/seed_10_downsample_t40/ratio_full/femba/summary.json
EEGMAT_cross_subject_linear_downsample,femba,seed_42_downsample_t40,EEGMAT,cross_subject,42,0.5853070819864825,0.5,balanced_chance,Unknown,Unknown,Unknown,,/benchmark-eeg/5.0_version/result_5/linear_downsample/EEGMAT_cross_subject_linear_downsample/seed_42_downsample_t40/ratio_full/femba/summary.json
EEGMAT_cross_subject_linear_downsample,femba,seed_5_downsample_t40,EEGMAT,cross_subject,5,0.5767818472836833,0.5,balanced_chance,Unknown,Unknown,Unknown,,/benchmark-eeg/5.0_version/result_5/linear_downsample/EEGMAT_cross_subject_linear_downsample/seed_5_downsample_t40/ratio_full/femba/summary.json
EEGMAT_cross_subject_linear_downsample,labram,seed_10_downsample_t40,EEGMAT,cross_subject,10,0.42857142857142855,0.5,balanced_chance,Unknown,Unknown,Unknown,,/benchmark-eeg/5.0_version/result_5/linear_downsample/EEGMAT_cross_subject_linear_downsample/seed_10_downsample_t40/ratio_full/labram/summary.json
EEGMAT_cross_subject_linear_downsample,labram,seed_42_downsample_t40,EEGMAT,cross_subject,42,0.43958234456573325,0.5,balanced_chance,Unknown,Unknown,Unknown,,/benchmark-eeg/5.0_version/result_5/linear_downsample/EEGMAT_cross_subject_linear_downsample/seed_42_downsample_t40/ratio_full/labram/summary.json
EEGMAT_cross_subject_linear_downsample,labram,seed_5_downsample_t40,EEGMAT,cross_subject,5,0.42913385826771655,0.5,balanced_chance,Unknown,Unknown,Unknown,,/benchmark-eeg/5.0_version/result_5/linear_downsample/EEGMAT_cross_subject_linear_downsample/seed_5_downsample_t40/ratio_full/labram/summary.json
EEGMAT_cross_subject_linear_downsample,neurogpt,seed_10_downsample_t40,EEGMAT,cross_subject,10,0.5654320987654321,0.5,balanced_chance,Unknown,Unknown,Unknown,,/benchmark-eeg/5.0_version/result_5/linear_downsample/EEGMAT_cross_subject_linear_downsample/seed_10_downsample_t40/ratio_full/neurogpt/summary.json
EEGMAT_cross_subject_linear_downsample,neurogpt,seed_42_downsample_t40,EEGMAT,cross_subject,42,0.4638868205510052,0.5,balanced_chance,Unknown,Unknown,Unknown,,/benchmark-eeg/5.0_version/result_5/linear_downsample/EEGMAT_cross_subject_linear_downsample/seed_42_downsample_t40/ratio_full/neurogpt/summary.json
EEGMAT_cross_subject_linear_downsample,neurogpt,seed_5_downsample_t40,EEGMAT,cross_subject,5,0.48325017818959376,0.5,balanced_chance,Unknown,Unknown,Unknown,,/benchmark-eeg/5.0_version/result_5/linear_downsample/EEGMAT_cross_subject_linear_downsample/seed_5_downsample_t40/ratio_full/neurogpt/summary.json
EEGMAT_cross_subject_linear_downsample,neurolm,seed_10_downsample_t40,EEGMAT,cross_subject,10,0.5550454665842677,0.5,balanced_chance,Unknown,Unknown,Unknown,,/benchmark-eeg/5.0_version/result_5/linear_downsample/EEGMAT_cross_subject_linear_downsample/seed_10_downsample_t40/ratio_full/neurolm/summary.json
EEGMAT_cross_subject_linear_downsample,neurolm,seed_42_downsample_t40,EEGMAT,cross_subject,42,0.7015887635275155,0.5,balanced_chance,Unknown,Unknown,Unknown,,/benchmark-eeg/5.0_version/result_5/linear_downsample/EEGMAT_cross_subject_linear_downsample/seed_42_downsample_t40/ratio_full/neurolm/summary.json
EEGMAT_cross_subject_linear_downsample,neurolm,seed_5_downsample_t40,EEGMAT,cross_subject,5,0.5581611022787494,0.5,balanced_chance,Unknown,Unknown,Unknown,,/benchmark-eeg/5.0_version/result_5/linear_downsample/EEGMAT_cross_subject_linear_downsample/seed_5_downsample_t40/ratio_full/neurolm/summary.json
EEGMAT_cross_subject_linear_downsample,reve,seed_10_downsample_t40,EEGMAT,cross_subject,10,0.45730591148917843,0.5,balanced_chance,Unknown,Unknown,Unknown,,/benchmark-eeg/5.0_version/result_5/linear_downsample/EEGMAT_cross_subject_linear_downsample/seed_10_downsample_t40/ratio_full/reve/summary.json
EEGMAT_cross_subject_linear_downsample,reve,seed_42_downsample_t40,EEGMAT,cross_subject,42,0.42857142857142855,0.5,balanced_chance,Unknown,Unknown,Unknown,,/benchmark-eeg/5.0_version/result_5/linear_downsample/EEGMAT_cross_subject_linear_downsample/seed_42_downsample_t40/ratio_full/reve/summary.json
EEGMAT_cross_subject_linear_downsample,reve,seed_5_downsample_t40,EEGMAT,cross_subject,5,0.42,0.5,balanced_chance,Unknown,Unknown,Unknown,,/benchmark-eeg/5.0_version/result_5/linear_downsample/EEGMAT_cross_subject_linear_downsample/seed_5_downsample_t40/ratio_full/reve/summary.json
EEG_Mortality_PD_wsn_cross_subject_linear_downsample,bendr,seed_10_downsample_t40,EEG_Mortality_PD_wsn,cross_subject,10,0.45329249617151607,0.5,balanced_chance,Unknown,Unknown,Unknown,,/benchmark-eeg/5.0_version/result_5/linear_downsample/EEG_Mortality_PD_wsn_cross_subject_linear_downsample/seed_10_downsample_t40/ratio_full/bendr/summary.json
EEG_Mortality_PD_wsn_cross_subject_linear_downsample,bendr,seed_42_downsample_t40,EEG_Mortality_PD_wsn,cross_subject,42,0.46095984393856737,0.5,balanced_chance,Unknown,Unknown,Unknown,,/benchmark-eeg/5.0_version/result_5/linear_downsample/EEG_Mortality_PD_wsn_cross_subject_linear_downsample/seed_42_downsample_t40/ratio_full/bendr/summary.json
EEG_Mortality_PD_wsn_cross_subject_linear_downsample,bendr,seed_5_downsample_t40,EEG_Mortality_PD_wsn,cross_subject,5,0.4608012279355334,0.5,balanced_chance,Unknown,Unknown,Unknown,,/benchmark-eeg/5.0_version/result_5/linear_downsample/EEG_Mortality_PD_wsn_cross_subject_linear_downsample/seed_5_downsample_t40/ratio_full/bendr/summary.json
EEG_Mortality_PD_wsn_cross_subject_linear_downsample,biot,seed_10_downsample_t40,EEG_Mortality_PD_wsn,cross_subject,10,0.5065277135316046,0.5,balanced_chance,Unknown,Unknown,Unknown,,/benchmark-eeg/5.0_version/result_5/linear_downsample/EEG_Mortality_PD_wsn_cross_subject_linear_downsample/seed_10_downsample_t40/ratio_full/biot/summary.json
EEG_Mortality_PD_wsn_cross_subject_linear_downsample,biot,seed_42_downsample_t40,EEG_Mortality_PD_wsn,cross_subject,42,0.5996860282574568,0.5,balanced_chance,Unknown,Unknown,Unknown,,/benchmark-eeg/5.0_version/result_5/linear_downsample/EEG_Mortality_PD_wsn_cross_subject_linear_downsample/seed_42_downsample_t40/ratio_full/biot/summary.json
EEG_Mortality_PD_wsn_cross_subject_linear_downsample,biot,seed_5_downsample_t40,EEG_Mortality_PD_wsn,cross_subject,5,0.6710395499405902,0.5,balanced_chance,Unknown,Unknown,Unknown,,/benchmark-eeg/5.0_version/result_5/linear_downsample/EEG_Mortality_PD_wsn_cross_subject_linear_downsample/seed_5_downsample_t40/ratio_full/biot/summary.json
EEG_Mortality_PD_wsn_cross_subject_linear_downsample,brainomni,seed_10_downsample_t40,EEG_Mortality_PD_wsn,cross_subject,10,0.45371078806426934,0.5,balanced_chance,Unknown,Unknown,Unknown,,/benchmark-eeg/5.0_version/result_5/linear_downsample/EEG_Mortality_PD_wsn_cross_subject_linear_downsample/seed_10_downsample_t40/ratio_full/brainomni/summary.json
EEG_Mortality_PD_wsn_cross_subject_linear_downsample,brainomni,seed_42_downsample_t40,EEG_Mortality_PD_wsn,cross_subject,42,0.45371078806426934,0.5,balanced_chance,Unknown,Unknown,Unknown,,/benchmark-eeg/5.0_version/result_5/linear_downsample/EEG_Mortality_PD_wsn_cross_subject_linear_downsample/seed_42_downsample_t40/ratio_full/brainomni/summary.json
EEG_Mortality_PD_wsn_cross_subject_linear_downsample,brainomni,seed_5_downsample_t40,EEG_Mortality_PD_wsn,cross_subject,5,0.45371078806426934,0.5,balanced_chance,Unknown,Unknown,Unknown,,/benchmark-eeg/5.0_version/result_5/linear_downsample/EEG_Mortality_PD_wsn_cross_subject_linear_downsample/seed_5_downsample_t40/ratio_full/brainomni/summary.json
EEG_Mortality_PD_wsn_cross_subject_linear_downsample,cbramod,seed_10_downsample_t40,EEG_Mortality_PD_wsn,cross_subject,10,0.45371078806426934,0.5,balanced_chance,Unknown,Unknown,Unknown,,/benchmark-eeg/5.0_version/result_5/linear_downsample/EEG_Mortality_PD_wsn_cross_subject_linear_downsample/seed_10_downsample_t40/ratio_full/cbramod/summary.json
EEG_Mortality_PD_wsn_cross_subject_linear_downsample,cbramod,seed_42_downsample_t40,EEG_Mortality_PD_wsn,cross_subject,42,0.45371078806426934,0.5,balanced_chance,Unknown,Unknown,Unknown,,/benchmark-eeg/5.0_version/result_5/linear_downsample/EEG_Mortality_PD_wsn_cross_subject_linear_downsample/seed_42_downsample_t40/ratio_full/cbramod/summary.json
EEG_Mortality_PD_wsn_cross_subject_linear_downsample,cbramod,seed_5_downsample_t40,EEG_Mortality_PD_wsn,cross_subject,5,0.45371078806426934,0.5,balanced_chance,Unknown,Unknown,Unknown,,/benchmark-eeg/5.0_version/result_5/linear_downsample/EEG_Mortality_PD_wsn_cross_subject_linear_downsample/seed_5_downsample_t40/ratio_full/cbramod/summary.json
EEG_Mortality_PD_wsn_cross_subject_linear_downsample,eegmamba,seed_10_downsample_t40,EEG_Mortality_PD_wsn,cross_subject,10,0.462254914267065,0.5,balanced_chance,Unknown,Unknown,Unknown,,/benchmark-eeg/5.0_version/result_5/linear_downsample/EEG_Mortality_PD_wsn_cross_subject_linear_downsample/seed_10_downsample_t40/ratio_full/eegmamba/summary.json
EEG_Mortality_PD_wsn_cross_subject_linear_downsample,eegmamba,seed_42_downsample_t40,EEG_Mortality_PD_wsn,cross_subject,42,0.45371078806426934,0.5,balanced_chance,Unknown,Unknown,Unknown,,/benchmark-eeg/5.0_version/result_5/linear_downsample/EEG_Mortality_PD_wsn_cross_subject_linear_downsample/seed_42_downsample_t40/ratio_full/eegmamba/summary.json
EEG_Mortality_PD_wsn_cross_subject_linear_downsample,eegmamba,seed_5_downsample_t40,EEG_Mortality_PD_wsn,cross_subject,5,0.461769928044108,0.5,balanced_chance,Unknown,Unknown,Unknown,,/benchmark-eeg/5.0_version/result_5/linear_downsample/EEG_Mortality_PD_wsn_cross_subject_linear_downsample/seed_5_downsample_t40/ratio_full/eegmamba/summary.json
EEG_Mortality_PD_wsn_cross_subject_linear_downsample,femba,seed_10_downsample_t40,EEG_Mortality_PD_wsn,cross_subject,10,0.45371078806426934,0.5,balanced_chance,Unknown,Unknown,Unknown,,/benchmark-eeg/5.0_version/result_5/linear_downsample/EEG_Mortality_PD_wsn_cross_subject_linear_downsample/seed_10_downsample_t40/ratio_full/femba/summary.json
EEG_Mortality_PD_wsn_cross_subject_linear_downsample,femba,seed_42_downsample_t40,EEG_Mortality_PD_wsn,cross_subject,42,0.45371078806426934,0.5,balanced_chance,Unknown,Unknown,Unknown,,/benchmark-eeg/5.0_version/result_5/linear_downsample/EEG_Mortality_PD_wsn_cross_subject_linear_downsample/seed_42_downsample_t40/ratio_full/femba/summary.json
EEG_Mortality_PD_wsn_cross_subject_linear_downsample,femba,seed_5_downsample_t40,EEG_Mortality_PD_wsn,cross_subject,5,0.49246765725266806,0.5,balanced_chance,Unknown,Unknown,Unknown,,/benchmark-eeg/5.0_version/result_5/linear_downsample/EEG_Mortality_PD_wsn_cross_subject_linear_downsample/seed_5_downsample_t40/ratio_full/femba/summary.json
EEG_Mortality_PD_wsn_cross_subject_linear_downsample,labram,seed_10_downsample_t40,EEG_Mortality_PD_wsn,cross_subject,10,0.45371078806426934,0.5,balanced_chance,Unknown,Unknown,Unknown,,/benchmark-eeg/5.0_version/result_5/linear_downsample/EEG_Mortality_PD_wsn_cross_subject_linear_downsample/seed_10_downsample_t40/ratio_full/labram/summary.json
EEG_Mortality_PD_wsn_cross_subject_linear_downsample,labram,seed_42_downsample_t40,EEG_Mortality_PD_wsn,cross_subject,42,0.45371078806426934,0.5,balanced_chance,Unknown,Unknown,Unknown,,/benchmark-eeg/5.0_version/result_5/linear_downsample/EEG_Mortality_PD_wsn_cross_subject_linear_downsample/seed_42_downsample_t40/ratio_full/labram/summary.json
EEG_Mortality_PD_wsn_cross_subject_linear_downsample,labram,seed_5_downsample_t40,EEG_Mortality_PD_wsn,cross_subject,5,0.45371078806426934,0.5,balanced_chance,Unknown,Unknown,Unknown,,/benchmark-eeg/5.0_version/result_5/linear_downsample/EEG_Mortality_PD_wsn_cross_subject_linear_downsample/seed_5_downsample_t40/ratio_full/labram/summary.json
EEG_Mortality_PD_wsn_cross_subject_linear_downsample,neurogpt,seed_10_downsample_t40,EEG_Mortality_PD_wsn,cross_subject,10,0.45371078806426934,0.5,balanced_chance,Unknown,Unknown,Unknown,,/benchmark-eeg/5.0_version/result_5/linear_downsample/EEG_Mortality_PD_wsn_cross_subject_linear_downsample/seed_10_downsample_t40/ratio_full/neurogpt/summary.json
EEG_Mortality_PD_wsn_cross_subject_linear_downsample,neurogpt,seed_42_downsample_t40,EEG_Mortality_PD_wsn,cross_subject,42,0.45371078806426934,0.5,balanced_chance,Unknown,Unknown,Unknown,,/benchmark-eeg/5.0_version/result_5/linear_downsample/EEG_Mortality_PD_wsn_cross_subject_linear_downsample/seed_42_downsample_t40/ratio_full/neurogpt/summary.json
EEG_Mortality_PD_wsn_cross_subject_linear_downsample,neurogpt,seed_5_downsample_t40,EEG_Mortality_PD_wsn,cross_subject,5,0.45371078806426934,0.5,balanced_chance,Unknown,Unknown,Unknown,,/benchmark-eeg/5.0_version/result_5/linear_downsample/EEG_Mortality_PD_wsn_cross_subject_linear_downsample/seed_5_downsample_t40/ratio_full/neurogpt/summary.json
EEG_Mortality_PD_wsn_cross_subject_linear_downsample,neurolm,seed_10_downsample_t40,EEG_Mortality_PD_wsn,cross_subject,10,0.45371078806426934,0.5,balanced_chance,Unknown,Unknown,Unknown,,/benchmark-eeg/5.0_version/result_5/linear_downsample/EEG_Mortality_PD_wsn_cross_subject_linear_downsample/seed_10_downsample_t40/ratio_full/neurolm/summary.json
EEG_Mortality_PD_wsn_cross_subject_linear_downsample,neurolm,seed_42_downsample_t40,EEG_Mortality_PD_wsn,cross_subject,42,0.5820662550694744,0.5,balanced_chance,Unknown,Unknown,Unknown,,/benchmark-eeg/5.0_version/result_5/linear_downsample/EEG_Mortality_PD_wsn_cross_subject_linear_downsample/seed_42_downsample_t40/ratio_full/neurolm/summary.json
EEG_Mortality_PD_wsn_cross_subject_linear_downsample,neurolm,seed_5_downsample_t40,EEG_Mortality_PD_wsn,cross_subject,5,0.45371078806426934,0.5,balanced_chance,Unknown,Unknown,Unknown,,/benchmark-eeg/5.0_version/result_5/linear_downsample/EEG_Mortality_PD_wsn_cross_subject_linear_downsample/seed_5_downsample_t40/ratio_full/neurolm/summary.json
EEG_Mortality_PD_wsn_cross_subject_linear_downsample,reve,seed_10_downsample_t40,EEG_Mortality_PD_wsn,cross_subject,10,0.45329249617151607,0.5,balanced_chance,Unknown,Unknown,Unknown,,/benchmark-eeg/5.0_version/result_5/linear_downsample/EEG_Mortality_PD_wsn_cross_subject_linear_downsample/seed_10_downsample_t40/ratio_full/reve/summary.json
EEG_Mortality_PD_wsn_cross_subject_linear_downsample,reve,seed_42_downsample_t40,EEG_Mortality_PD_wsn,cross_subject,42,0.4679326923076923,0.5,balanced_chance,Unknown,Unknown,Unknown,,/benchmark-eeg/5.0_version/result_5/linear_downsample/EEG_Mortality_PD_wsn_cross_subject_linear_downsample/seed_42_downsample_t40/ratio_full/reve/summary.json
EEG_Mortality_PD_wsn_cross_subject_linear_downsample,reve,seed_5_downsample_t40,EEG_Mortality_PD_wsn,cross_subject,5,0.45371078806426934,0.5,balanced_chance,Unknown,Unknown,Unknown,,/benchmark-eeg/5.0_version/result_5/linear_downsample/EEG_Mortality_PD_wsn_cross_subject_linear_downsample/seed_5_downsample_t40/ratio_full/reve/summary.json
EEG_SVRec_cross_subject_linear_downsample,bendr,seed_10_downsample_t40,EEG_SVRec,cross_subject,10,0.44710780019032303,0.5,balanced_chance,Unknown,Unknown,Unknown,,/benchmark-eeg/5.0_version/result_5/linear_downsample/EEG_SVRec_cross_subject_linear_downsample/seed_10_downsample_t40/ratio_full/bendr/summary.json
EEG_SVRec_cross_subject_linear_downsample,bendr,seed_42_downsample_t40,EEG_SVRec,cross_subject,42,0.4947720684906665,0.5,balanced_chance,Unknown,Unknown,Unknown,,/benchmark-eeg/5.0_version/result_5/linear_downsample/EEG_SVRec_cross_subject_linear_downsample/seed_42_downsample_t40/ratio_full/bendr/summary.json
EEG_SVRec_cross_subject_linear_downsample,bendr,seed_5_downsample_t40,EEG_SVRec,cross_subject,5,0.4936849927144012,0.5,balanced_chance,Unknown,Unknown,Unknown,,/benchmark-eeg/5.0_version/result_5/linear_downsample/EEG_SVRec_cross_subject_linear_downsample/seed_5_downsample_t40/ratio_full/bendr/summary.json
EEG_SVRec_cross_subject_linear_downsample,biot,seed_10_downsample_t40,EEG_SVRec,cross_subject,10,0.4636728513747357,0.5,balanced_chance,Unknown,Unknown,Unknown,,/benchmark-eeg/5.0_version/result_5/linear_downsample/EEG_SVRec_cross_subject_linear_downsample/seed_10_downsample_t40/ratio_full/biot/summary.json
EEG_SVRec_cross_subject_linear_downsample,biot,seed_42_downsample_t40,EEG_SVRec,cross_subject,42,0.3504396051694312,0.5,balanced_chance,Unknown,Unknown,Unknown,,/benchmark-eeg/5.0_version/result_5/linear_downsample/EEG_SVRec_cross_subject_linear_downsample/seed_42_downsample_t40/ratio_full/biot/summary.json
EEG_SVRec_cross_subject_linear_downsample,biot,seed_5_downsample_t40,EEG_SVRec,cross_subject,5,0.3987141541648796,0.5,balanced_chance,Unknown,Unknown,Unknown,,/benchmark-eeg/5.0_version/result_5/linear_downsample/EEG_SVRec_cross_subject_linear_downsample/seed_5_downsample_t40/ratio_full/biot/summary.json
EEG_SVRec_cross_subject_linear_downsample,brainomni,seed_10_downsample_t40,EEG_SVRec,cross_subject,10,0.4930731757197899,0.5,balanced_chance,Unknown,Unknown,Unknown,,/benchmark-eeg/5.0_version/result_5/linear_downsample/EEG_SVRec_cross_subject_linear_downsample/seed_10_downsample_t40/ratio_full/brainomni/summary.json
EEG_SVRec_cross_subject_linear_downsample,brainomni,seed_42_downsample_t40,EEG_SVRec,cross_subject,42,0.44930825247975464,0.5,balanced_chance,Unknown,Unknown,Unknown,,/benchmark-eeg/5.0_version/result_5/linear_downsample/EEG_SVRec_cross_subject_linear_downsample/seed_42_downsample_t40/ratio_full/brainomni/summary.json
EEG_SVRec_cross_subject_linear_downsample,brainomni,seed_5_downsample_t40,EEG_SVRec,cross_subject,5,0.4653872101770245,0.5,balanced_chance,Unknown,Unknown,Unknown,,/benchmark-eeg/5.0_version/result_5/linear_downsample/EEG_SVRec_cross_subject_linear_downsample/seed_5_downsample_t40/ratio_full/brainomni/summary.json
EEG_SVRec_cross_subject_linear_downsample,cbramod,seed_10_downsample_t40,EEG_SVRec,cross_subject,10,0.433303072337063,0.5,balanced_chance,Unknown,Unknown,Unknown,,/benchmark-eeg/5.0_version/result_5/linear_downsample/EEG_SVRec_cross_subject_linear_downsample/seed_10_downsample_t40/ratio_full/cbramod/summary.json
EEG_SVRec_cross_subject_linear_downsample,cbramod,seed_42_downsample_t40,EEG_SVRec,cross_subject,42,0.5013211176348794,0.5,balanced_chance,Unknown,Unknown,Unknown,,/benchmark-eeg/5.0_version/result_5/linear_downsample/EEG_SVRec_cross_subject_linear_downsample/seed_42_downsample_t40/ratio_full/cbramod/summary.json
EEG_SVRec_cross_subject_linear_downsample,cbramod,seed_5_downsample_t40,EEG_SVRec,cross_subject,5,0.491667552774785,0.5,balanced_chance,Unknown,Unknown,Unknown,,/benchmark-eeg/5.0_version/result_5/linear_downsample/EEG_SVRec_cross_subject_linear_downsample/seed_5_downsample_t40/ratio_full/cbramod/summary.json
EEG_SVRec_cross_subject_linear_downsample,eegmamba,seed_10_downsample_t40,EEG_SVRec,cross_subject,10,0.5089386354599138,0.5,balanced_chance,Unknown,Unknown,Unknown,,/benchmark-eeg/5.0_version/result_5/linear_downsample/EEG_SVRec_cross_subject_linear_downsample/seed_10_downsample_t40/ratio_full/eegmamba/summary.json
EEG_SVRec_cross_subject_linear_downsample,eegmamba,seed_42_downsample_t40,EEG_SVRec,cross_subject,42,0.4995353333934946,0.5,balanced_chance,Unknown,Unknown,Unknown,,/benchmark-eeg/5.0_version/result_5/linear_downsample/EEG_SVRec_cross_subject_linear_downsample/seed_42_downsample_t40/ratio_full/eegmamba/summary.json
EEG_SVRec_cross_subject_linear_downsample,eegmamba,seed_5_downsample_t40,EEG_SVRec,cross_subject,5,0.49270717195980906,0.5,balanced_chance,Unknown,Unknown,Unknown,,/benchmark-eeg/5.0_version/result_5/linear_downsample/EEG_SVRec_cross_subject_linear_downsample/seed_5_downsample_t40/ratio_full/eegmamba/summary.json
EEG_SVRec_cross_subject_linear_downsample,femba,seed_10_downsample_t40,EEG_SVRec,cross_subject,10,0.42527555226589286,0.5,balanced_chance,Unknown,Unknown,Unknown,,/benchmark-eeg/5.0_version/result_5/linear_downsample/EEG_SVRec_cross_subject_linear_downsample/seed_10_downsample_t40/ratio_full/femba/summary.json
EEG_SVRec_cross_subject_linear_downsample,femba,seed_42_downsample_t40,EEG_SVRec,cross_subject,42,0.4789887197942884,0.5,balanced_chance,Unknown,Unknown,Unknown,,/benchmark-eeg/5.0_version/result_5/linear_downsample/EEG_SVRec_cross_subject_linear_downsample/seed_42_downsample_t40/ratio_full/femba/summary.json
EEG_SVRec_cross_subject_linear_downsample,femba,seed_5_downsample_t40,EEG_SVRec,cross_subject,5,0.4958691407159682,0.5,balanced_chance,Unknown,Unknown,Unknown,,/benchmark-eeg/5.0_version/result_5/linear_downsample/EEG_SVRec_cross_subject_linear_downsample/seed_5_downsample_t40/ratio_full/femba/summary.json
EEG_SVRec_cross_subject_linear_downsample,labram,seed_10_downsample_t40,EEG_SVRec,cross_subject,10,0.49969226328997884,0.5,balanced_chance,Unknown,Unknown,Unknown,,/benchmark-eeg/5.0_version/result_5/linear_downsample/EEG_SVRec_cross_subject_linear_downsample/seed_10_downsample_t40/ratio_full/labram/summary.json
EEG_SVRec_cross_subject_linear_downsample,labram,seed_42_downsample_t40,EEG_SVRec,cross_subject,42,0.39878111044984427,0.5,balanced_chance,Unknown,Unknown,Unknown,,/benchmark-eeg/5.0_version/result_5/linear_downsample/EEG_SVRec_cross_subject_linear_downsample/seed_42_downsample_t40/ratio_full/labram/summary.json
EEG_SVRec_cross_subject_linear_downsample,labram,seed_5_downsample_t40,EEG_SVRec,cross_subject,5,0.48227641029679913,0.5,balanced_chance,Unknown,Unknown,Unknown,,/benchmark-eeg/5.0_version/result_5/linear_downsample/EEG_SVRec_cross_subject_linear_downsample/seed_5_downsample_t40/ratio_full/labram/summary.json
EEG_SVRec_cross_subject_linear_downsample,neurogpt,seed_10_downsample_t40,EEG_SVRec,cross_subject,10,0.38244456870606336,0.5,balanced_chance,Unknown,Unknown,Unknown,,/benchmark-eeg/5.0_version/result_5/linear_downsample/EEG_SVRec_cross_subject_linear_downsample/seed_10_downsample_t40/ratio_full/neurogpt/summary.json
EEG_SVRec_cross_subject_linear_downsample,neurogpt,seed_42_downsample_t40,EEG_SVRec,cross_subject,42,0.4188730471425517,0.5,balanced_chance,Unknown,Unknown,Unknown,,/benchmark-eeg/5.0_version/result_5/linear_downsample/EEG_SVRec_cross_subject_linear_downsample/seed_42_downsample_t40/ratio_full/neurogpt/summary.json
EEG_SVRec_cross_subject_linear_downsample,neurogpt,seed_5_downsample_t40,EEG_SVRec,cross_subject,5,0.36773757735352686,0.5,balanced_chance,Unknown,Unknown,Unknown,,/benchmark-eeg/5.0_version/result_5/linear_downsample/EEG_SVRec_cross_subject_linear_downsample/seed_5_downsample_t40/ratio_full/neurogpt/summary.json
EEG_SVRec_cross_subject_linear_downsample,neurolm,seed_10_downsample_t40,EEG_SVRec,cross_subject,10,0.48242715077454523,0.5,balanced_chance,Unknown,Unknown,Unknown,,/benchmark-eeg/5.0_version/result_5/linear_downsample/EEG_SVRec_cross_subject_linear_downsample/seed_10_downsample_t40/ratio_full/neurolm/summary.json
EEG_SVRec_cross_subject_linear_downsample,neurolm,seed_42_downsample_t40,EEG_SVRec,cross_subject,42,0.45128801177898703,0.5,balanced_chance,Unknown,Unknown,Unknown,,/benchmark-eeg/5.0_version/result_5/linear_downsample/EEG_SVRec_cross_subject_linear_downsample/seed_42_downsample_t40/ratio_full/neurolm/summary.json
EEG_SVRec_cross_subject_linear_downsample,neurolm,seed_5_downsample_t40,EEG_SVRec,cross_subject,5,0.5009770282163928,0.5,balanced_chance,Unknown,Unknown,Unknown,,/benchmark-eeg/5.0_version/result_5/linear_downsample/EEG_SVRec_cross_subject_linear_downsample/seed_5_downsample_t40/ratio_full/neurolm/summary.json
EEG_SVRec_cross_subject_linear_downsample,reve,seed_10_downsample_t40,EEG_SVRec,cross_subject,10,0.49077148080633876,0.5,balanced_chance,Unknown,Unknown,Unknown,,/benchmark-eeg/5.0_version/result_5/linear_downsample/EEG_SVRec_cross_subject_linear_downsample/seed_10_downsample_t40/ratio_full/reve/summary.json
EEG_SVRec_cross_subject_linear_downsample,reve,seed_42_downsample_t40,EEG_SVRec,cross_subject,42,0.48354621695842037,0.5,balanced_chance,Unknown,Unknown,Unknown,,/benchmark-eeg/5.0_version/result_5/linear_downsample/EEG_SVRec_cross_subject_linear_downsample/seed_42_downsample_t40/ratio_full/reve/summary.json
EEG_SVRec_cross_subject_linear_downsample,reve,seed_5_downsample_t40,EEG_SVRec,cross_subject,5,0.4972803560332485,0.5,balanced_chance,Unknown,Unknown,Unknown,,/benchmark-eeg/5.0_version/result_5/linear_downsample/EEG_SVRec_cross_subject_linear_downsample/seed_5_downsample_t40/ratio_full/reve/summary.json
EmoEEG_cross_subject_linear_downsample,bendr,seed_10_downsample_t40,EmoEEG,cross_subject,10,0.19999999999999998,0.3333333333333333,balanced_chance,Unknown,Unknown,Unknown,,/benchmark-eeg/5.0_version/result_5/linear_downsample/EmoEEG_cross_subject_linear_downsample/seed_10_downsample_t40/ratio_full/bendr/summary.json
EmoEEG_cross_subject_linear_downsample,bendr,seed_42_downsample_t40,EmoEEG,cross_subject,42,0.20437956204379562,0.3333333333333333,balanced_chance,Unknown,Unknown,Unknown,,/benchmark-eeg/5.0_version/result_5/linear_downsample/EmoEEG_cross_subject_linear_downsample/seed_42_downsample_t40/ratio_full/bendr/summary.json
EmoEEG_cross_subject_linear_downsample,bendr,seed_5_downsample_t40,EmoEEG,cross_subject,5,0.20209059233449478,0.3333333333333333,balanced_chance,Unknown,Unknown,Unknown,,/benchmark-eeg/5.0_version/result_5/linear_downsample/EmoEEG_cross_subject_linear_downsample/seed_5_downsample_t40/ratio_full/bendr/summary.json
EmoEEG_cross_subject_linear_downsample,biot,seed_10_downsample_t40,EmoEEG,cross_subject,10,0.22513227513227516,0.3333333333333333,balanced_chance,Unknown,Unknown,Unknown,,/benchmark-eeg/5.0_version/result_5/linear_downsample/EmoEEG_cross_subject_linear_downsample/seed_10_downsample_t40/ratio_full/biot/summary.json
EmoEEG_cross_subject_linear_downsample,biot,seed_42_downsample_t40,EmoEEG,cross_subject,42,0.30280413240565046,0.3333333333333333,balanced_chance,Unknown,Unknown,Unknown,,/benchmark-eeg/5.0_version/result_5/linear_downsample/EmoEEG_cross_subject_linear_downsample/seed_42_downsample_t40/ratio_full/biot/summary.json
EmoEEG_cross_subject_linear_downsample,biot,seed_5_downsample_t40,EmoEEG,cross_subject,5,0.299526707234618,0.3333333333333333,balanced_chance,Unknown,Unknown,Unknown,,/benchmark-eeg/5.0_version/result_5/linear_downsample/EmoEEG_cross_subject_linear_downsample/seed_5_downsample_t40/ratio_full/biot/summary.json
EmoEEG_cross_subject_linear_downsample,brainomni,seed_10_downsample_t40,EmoEEG,cross_subject,10,0.2677648135438115,0.3333333333333333,balanced_chance,Unknown,Unknown,Unknown,,/benchmark-eeg/5.0_version/result_5/linear_downsample/EmoEEG_cross_subject_linear_downsample/seed_10_downsample_t40/ratio_full/brainomni/summary.json
EmoEEG_cross_subject_linear_downsample,brainomni,seed_42_downsample_t40,EmoEEG,cross_subject,42,0.2885425395229317,0.3333333333333333,balanced_chance,Unknown,Unknown,Unknown,,/benchmark-eeg/5.0_version/result_5/linear_downsample/EmoEEG_cross_subject_linear_downsample/seed_42_downsample_t40/ratio_full/brainomni/summary.json
EmoEEG_cross_subject_linear_downsample,brainomni,seed_5_downsample_t40,EmoEEG,cross_subject,5,0.29819376026272576,0.3333333333333333,balanced_chance,Unknown,Unknown,Unknown,,/benchmark-eeg/5.0_version/result_5/linear_downsample/EmoEEG_cross_subject_linear_downsample/seed_5_downsample_t40/ratio_full/brainomni/summary.json
EmoEEG_cross_subject_linear_downsample,cbramod,seed_10_downsample_t40,EmoEEG,cross_subject,10,0.34730082310134086,0.3333333333333333,balanced_chance,Unknown,Unknown,Unknown,,/benchmark-eeg/5.0_version/result_5/linear_downsample/EmoEEG_cross_subject_linear_downsample/seed_10_downsample_t40/ratio_full/cbramod/summary.json
EmoEEG_cross_subject_linear_downsample,cbramod,seed_42_downsample_t40,EmoEEG,cross_subject,42,0.32220651175754084,0.3333333333333333,balanced_chance,Unknown,Unknown,Unknown,,/benchmark-eeg/5.0_version/result_5/linear_downsample/EmoEEG_cross_subject_linear_downsample/seed_42_downsample_t40/ratio_full/cbramod/summary.json
EmoEEG_cross_subject_linear_downsample,cbramod,seed_5_downsample_t40,EmoEEG,cross_subject,5,0.2951471147377965,0.3333333333333333,balanced_chance,Unknown,Unknown,Unknown,,/benchmark-eeg/5.0_version/result_5/linear_downsample/EmoEEG_cross_subject_linear_downsample/seed_5_downsample_t40/ratio_full/cbramod/summary.json
EmoEEG_cross_subject_linear_downsample,eegmamba,seed_10_downsample_t40,EmoEEG,cross_subject,10,0.30850163899756794,0.3333333333333333,balanced_chance,Unknown,Unknown,Unknown,,/benchmark-eeg/5.0_version/result_5/linear_downsample/EmoEEG_cross_subject_linear_downsample/seed_10_downsample_t40/ratio_full/eegmamba/summary.json
EmoEEG_cross_subject_linear_downsample,eegmamba,seed_42_downsample_t40,EmoEEG,cross_subject,42,0.34827379260241953,0.3333333333333333,balanced_chance,Unknown,Unknown,Unknown,,/benchmark-eeg/5.0_version/result_5/linear_downsample/EmoEEG_cross_subject_linear_downsample/seed_42_downsample_t40/ratio_full/eegmamba/summary.json
EmoEEG_cross_subject_linear_downsample,eegmamba,seed_5_downsample_t40,EmoEEG,cross_subject,5,0.30338590834713064,0.3333333333333333,balanced_chance,Unknown,Unknown,Unknown,,/benchmark-eeg/5.0_version/result_5/linear_downsample/EmoEEG_cross_subject_linear_downsample/seed_5_downsample_t40/ratio_full/eegmamba/summary.json
EmoEEG_cross_subject_linear_downsample,femba,seed_10_downsample_t40,EmoEEG,cross_subject,10,0.2821673047917392,0.3333333333333333,balanced_chance,Unknown,Unknown,Unknown,,/benchmark-eeg/5.0_version/result_5/linear_downsample/EmoEEG_cross_subject_linear_downsample/seed_10_downsample_t40/ratio_full/femba/summary.json
EmoEEG_cross_subject_linear_downsample,femba,seed_42_downsample_t40,EmoEEG,cross_subject,42,0.30996208640919215,0.3333333333333333,balanced_chance,Unknown,Unknown,Unknown,,/benchmark-eeg/5.0_version/result_5/linear_downsample/EmoEEG_cross_subject_linear_downsample/seed_42_downsample_t40/ratio_full/femba/summary.json
EmoEEG_cross_subject_linear_downsample,femba,seed_5_downsample_t40,EmoEEG,cross_subject,5,0.22903022903022904,0.3333333333333333,balanced_chance,Unknown,Unknown,Unknown,,/benchmark-eeg/5.0_version/result_5/linear_downsample/EmoEEG_cross_subject_linear_downsample/seed_5_downsample_t40/ratio_full/femba/summary.json
EmoEEG_cross_subject_linear_downsample,labram,seed_10_downsample_t40,EmoEEG,cross_subject,10,0.33091960425452904,0.3333333333333333,balanced_chance,Unknown,Unknown,Unknown,,/benchmark-eeg/5.0_version/result_5/linear_downsample/EmoEEG_cross_subject_linear_downsample/seed_10_downsample_t40/ratio_full/labram/summary.json
EmoEEG_cross_subject_linear_downsample,labram,seed_42_downsample_t40,EmoEEG,cross_subject,42,0.2920070739619612,0.3333333333333333,balanced_chance,Unknown,Unknown,Unknown,,/benchmark-eeg/5.0_version/result_5/linear_downsample/EmoEEG_cross_subject_linear_downsample/seed_42_downsample_t40/ratio_full/labram/summary.json
EmoEEG_cross_subject_linear_downsample,labram,seed_5_downsample_t40,EmoEEG,cross_subject,5,0.30823211875843454,0.3333333333333333,balanced_chance,Unknown,Unknown,Unknown,,/benchmark-eeg/5.0_version/result_5/linear_downsample/EmoEEG_cross_subject_linear_downsample/seed_5_downsample_t40/ratio_full/labram/summary.json
EmoEEG_cross_subject_linear_downsample,neurogpt,seed_10_downsample_t40,EmoEEG,cross_subject,10,0.2517287357747527,0.3333333333333333,balanced_chance,Unknown,Unknown,Unknown,,/benchmark-eeg/5.0_version/result_5/linear_downsample/EmoEEG_cross_subject_linear_downsample/seed_10_downsample_t40/ratio_full/neurogpt/summary.json
EmoEEG_cross_subject_linear_downsample,neurogpt,seed_42_downsample_t40,EmoEEG,cross_subject,42,0.24837899123613408,0.3333333333333333,balanced_chance,Unknown,Unknown,Unknown,,/benchmark-eeg/5.0_version/result_5/linear_downsample/EmoEEG_cross_subject_linear_downsample/seed_42_downsample_t40/ratio_full/neurogpt/summary.json
EmoEEG_cross_subject_linear_downsample,neurogpt,seed_5_downsample_t40,EmoEEG,cross_subject,5,0.2846321434556729,0.3333333333333333,balanced_chance,Unknown,Unknown,Unknown,,/benchmark-eeg/5.0_version/result_5/linear_downsample/EmoEEG_cross_subject_linear_downsample/seed_5_downsample_t40/ratio_full/neurogpt/summary.json
EmoEEG_cross_subject_linear_downsample,neurolm,seed_10_downsample_t40,EmoEEG,cross_subject,10,0.19999999999999998,0.3333333333333333,balanced_chance,Unknown,Unknown,Unknown,,/benchmark-eeg/5.0_version/result_5/linear_downsample/EmoEEG_cross_subject_linear_downsample/seed_10_downsample_t40/ratio_full/neurolm/summary.json
EmoEEG_cross_subject_linear_downsample,neurolm,seed_42_downsample_t40,EmoEEG,cross_subject,42,0.2785149807765344,0.3333333333333333,balanced_chance,Unknown,Unknown,Unknown,,/benchmark-eeg/5.0_version/result_5/linear_downsample/EmoEEG_cross_subject_linear_downsample/seed_42_downsample_t40/ratio_full/neurolm/summary.json
EmoEEG_cross_subject_linear_downsample,neurolm,seed_5_downsample_t40,EmoEEG,cross_subject,5,0.2322929524481279,0.3333333333333333,balanced_chance,Unknown,Unknown,Unknown,,/benchmark-eeg/5.0_version/result_5/linear_downsample/EmoEEG_cross_subject_linear_downsample/seed_5_downsample_t40/ratio_full/neurolm/summary.json
EmoEEG_cross_subject_linear_downsample,reve,seed_10_downsample_t40,EmoEEG,cross_subject,10,0.2405149051490515,0.3333333333333333,balanced_chance,Unknown,Unknown,Unknown,,/benchmark-eeg/5.0_version/result_5/linear_downsample/EmoEEG_cross_subject_linear_downsample/seed_10_downsample_t40/ratio_full/reve/summary.json
EmoEEG_cross_subject_linear_downsample,reve,seed_42_downsample_t40,EmoEEG,cross_subject,42,0.2842572689718617,0.3333333333333333,balanced_chance,Unknown,Unknown,Unknown,,/benchmark-eeg/5.0_version/result_5/linear_downsample/EmoEEG_cross_subject_linear_downsample/seed_42_downsample_t40/ratio_full/reve/summary.json
EmoEEG_cross_subject_linear_downsample,reve,seed_5_downsample_t40,EmoEEG,cross_subject,5,0.25856353591160225,0.3333333333333333,balanced_chance,Unknown,Unknown,Unknown,,/benchmark-eeg/5.0_version/result_5/linear_downsample/EmoEEG_cross_subject_linear_downsample/seed_5_downsample_t40/ratio_full/reve/summary.json
ExoEEG_WalkStop_cross_subject_linear_downsample,bendr,seed_10_downsample_t40,ExoEEG_WalkStop,cross_subject,10,0.5055839908485613,0.5,balanced_chance,Unknown,Unknown,Unknown,,/benchmark-eeg/5.0_version/result_5/linear_downsample/ExoEEG_WalkStop_cross_subject_linear_downsample/seed_10_downsample_t40/ratio_full/bendr/summary.json
ExoEEG_WalkStop_cross_subject_linear_downsample,bendr,seed_42_downsample_t40,ExoEEG_WalkStop,cross_subject,42,0.42611064113161595,0.5,balanced_chance,Unknown,Unknown,Unknown,,/benchmark-eeg/5.0_version/result_5/linear_downsample/ExoEEG_WalkStop_cross_subject_linear_downsample/seed_42_downsample_t40/ratio_full/bendr/summary.json
ExoEEG_WalkStop_cross_subject_linear_downsample,bendr,seed_5_downsample_t40,ExoEEG_WalkStop,cross_subject,5,0.5022740458598858,0.5,balanced_chance,Unknown,Unknown,Unknown,,/benchmark-eeg/5.0_version/result_5/linear_downsample/ExoEEG_WalkStop_cross_subject_linear_downsample/seed_5_downsample_t40/ratio_full/bendr/summary.json
ExoEEG_WalkStop_cross_subject_linear_downsample,biot,seed_10_downsample_t40,ExoEEG_WalkStop,cross_subject,10,0.4343126385809313,0.5,balanced_chance,Unknown,Unknown,Unknown,,/benchmark-eeg/5.0_version/result_5/linear_downsample/ExoEEG_WalkStop_cross_subject_linear_downsample/seed_10_downsample_t40/ratio_full/biot/summary.json
ExoEEG_WalkStop_cross_subject_linear_downsample,biot,seed_42_downsample_t40,ExoEEG_WalkStop,cross_subject,42,0.5141702348998185,0.5,balanced_chance,Unknown,Unknown,Unknown,,/benchmark-eeg/5.0_version/result_5/linear_downsample/ExoEEG_WalkStop_cross_subject_linear_downsample/seed_42_downsample_t40/ratio_full/biot/summary.json
ExoEEG_WalkStop_cross_subject_linear_downsample,biot,seed_5_downsample_t40,ExoEEG_WalkStop,cross_subject,5,0.531863112360507,0.5,balanced_chance,Unknown,Unknown,Unknown,,/benchmark-eeg/5.0_version/result_5/linear_downsample/ExoEEG_WalkStop_cross_subject_linear_downsample/seed_5_downsample_t40/ratio_full/biot/summary.json
ExoEEG_WalkStop_cross_subject_linear_downsample,brainomni,seed_10_downsample_t40,ExoEEG_WalkStop,cross_subject,10,0.472208516645423,0.5,balanced_chance,Unknown,Unknown,Unknown,,/benchmark-eeg/5.0_version/result_5/linear_downsample/ExoEEG_WalkStop_cross_subject_linear_downsample/seed_10_downsample_t40/ratio_full/brainomni/summary.json
ExoEEG_WalkStop_cross_subject_linear_downsample,brainomni,seed_42_downsample_t40,ExoEEG_WalkStop,cross_subject,42,0.526249795806893,0.5,balanced_chance,Unknown,Unknown,Unknown,,/benchmark-eeg/5.0_version/result_5/linear_downsample/ExoEEG_WalkStop_cross_subject_linear_downsample/seed_42_downsample_t40/ratio_full/brainomni/summary.json
ExoEEG_WalkStop_cross_subject_linear_downsample,brainomni,seed_5_downsample_t40,ExoEEG_WalkStop,cross_subject,5,0.5213562284211065,0.5,balanced_chance,Unknown,Unknown,Unknown,,/benchmark-eeg/5.0_version/result_5/linear_downsample/ExoEEG_WalkStop_cross_subject_linear_downsample/seed_5_downsample_t40/ratio_full/brainomni/summary.json
ExoEEG_WalkStop_cross_subject_linear_downsample,cbramod,seed_10_downsample_t40,ExoEEG_WalkStop,cross_subject,10,0.5028299586266048,0.5,balanced_chance,Unknown,Unknown,Unknown,,/benchmark-eeg/5.0_version/result_5/linear_downsample/ExoEEG_WalkStop_cross_subject_linear_downsample/seed_10_downsample_t40/ratio_full/cbramod/summary.json
ExoEEG_WalkStop_cross_subject_linear_downsample,cbramod,seed_42_downsample_t40,ExoEEG_WalkStop,cross_subject,42,0.46389878905480963,0.5,balanced_chance,Unknown,Unknown,Unknown,,/benchmark-eeg/5.0_version/result_5/linear_downsample/ExoEEG_WalkStop_cross_subject_linear_downsample/seed_42_downsample_t40/ratio_full/cbramod/summary.json
ExoEEG_WalkStop_cross_subject_linear_downsample,cbramod,seed_5_downsample_t40,ExoEEG_WalkStop,cross_subject,5,0.47576597930889447,0.5,balanced_chance,Unknown,Unknown,Unknown,,/benchmark-eeg/5.0_version/result_5/linear_downsample/ExoEEG_WalkStop_cross_subject_linear_downsample/seed_5_downsample_t40/ratio_full/cbramod/summary.json
ExoEEG_WalkStop_cross_subject_linear_downsample,eegmamba,seed_10_downsample_t40,ExoEEG_WalkStop,cross_subject,10,0.3706638758695396,0.5,balanced_chance,Unknown,Unknown,Unknown,,/benchmark-eeg/5.0_version/result_5/linear_downsample/ExoEEG_WalkStop_cross_subject_linear_downsample/seed_10_downsample_t40/ratio_full/eegmamba/summary.json
ExoEEG_WalkStop_cross_subject_linear_downsample,eegmamba,seed_42_downsample_t40,ExoEEG_WalkStop,cross_subject,42,0.42034367647930765,0.5,balanced_chance,Unknown,Unknown,Unknown,,/benchmark-eeg/5.0_version/result_5/linear_downsample/ExoEEG_WalkStop_cross_subject_linear_downsample/seed_42_downsample_t40/ratio_full/eegmamba/summary.json
ExoEEG_WalkStop_cross_subject_linear_downsample,eegmamba,seed_5_downsample_t40,ExoEEG_WalkStop,cross_subject,5,0.3870526420144741,0.5,balanced_chance,Unknown,Unknown,Unknown,,/benchmark-eeg/5.0_version/result_5/linear_downsample/ExoEEG_WalkStop_cross_subject_linear_downsample/seed_5_downsample_t40/ratio_full/eegmamba/summary.json
ExoEEG_WalkStop_cross_subject_linear_downsample,femba,seed_10_downsample_t40,ExoEEG_WalkStop,cross_subject,10,0.49488347060668225,0.5,balanced_chance,Unknown,Unknown,Unknown,,/benchmark-eeg/5.0_version/result_5/linear_downsample/ExoEEG_WalkStop_cross_subject_linear_downsample/seed_10_downsample_t40/ratio_full/femba/summary.json
ExoEEG_WalkStop_cross_subject_linear_downsample,femba,seed_42_downsample_t40,ExoEEG_WalkStop,cross_subject,42,0.543710809030537,0.5,balanced_chance,Unknown,Unknown,Unknown,,/benchmark-eeg/5.0_version/result_5/linear_downsample/ExoEEG_WalkStop_cross_subject_linear_downsample/seed_42_downsample_t40/ratio_full/femba/summary.json
ExoEEG_WalkStop_cross_subject_linear_downsample,femba,seed_5_downsample_t40,ExoEEG_WalkStop,cross_subject,5,0.5550884329467737,0.5,balanced_chance,Unknown,Unknown,Unknown,,/benchmark-eeg/5.0_version/result_5/linear_downsample/ExoEEG_WalkStop_cross_subject_linear_downsample/seed_5_downsample_t40/ratio_full/femba/summary.json
ExoEEG_WalkStop_cross_subject_linear_downsample,labram,seed_10_downsample_t40,ExoEEG_WalkStop,cross_subject,10,0.499746465108717,0.5,balanced_chance,Unknown,Unknown,Unknown,,/benchmark-eeg/5.0_version/result_5/linear_downsample/ExoEEG_WalkStop_cross_subject_linear_downsample/seed_10_downsample_t40/ratio_full/labram/summary.json
ExoEEG_WalkStop_cross_subject_linear_downsample,labram,seed_42_downsample_t40,ExoEEG_WalkStop,cross_subject,42,0.5225851300171105,0.5,balanced_chance,Unknown,Unknown,Unknown,,/benchmark-eeg/5.0_version/result_5/linear_downsample/ExoEEG_WalkStop_cross_subject_linear_downsample/seed_42_downsample_t40/ratio_full/labram/summary.json
ExoEEG_WalkStop_cross_subject_linear_downsample,labram,seed_5_downsample_t40,ExoEEG_WalkStop,cross_subject,5,0.44712462499318506,0.5,balanced_chance,Unknown,Unknown,Unknown,,/benchmark-eeg/5.0_version/result_5/linear_downsample/ExoEEG_WalkStop_cross_subject_linear_downsample/seed_5_downsample_t40/ratio_full/labram/summary.json
ExoEEG_WalkStop_cross_subject_linear_downsample,neurogpt,seed_10_downsample_t40,ExoEEG_WalkStop,cross_subject,10,0.3246842119527261,0.5,balanced_chance,Unknown,Unknown,Unknown,,/benchmark-eeg/5.0_version/result_5/linear_downsample/ExoEEG_WalkStop_cross_subject_linear_downsample/seed_10_downsample_t40/ratio_full/neurogpt/summary.json
ExoEEG_WalkStop_cross_subject_linear_downsample,neurogpt,seed_42_downsample_t40,ExoEEG_WalkStop,cross_subject,42,0.5455694988520376,0.5,balanced_chance,Unknown,Unknown,Unknown,,/benchmark-eeg/5.0_version/result_5/linear_downsample/ExoEEG_WalkStop_cross_subject_linear_downsample/seed_42_downsample_t40/ratio_full/neurogpt/summary.json
ExoEEG_WalkStop_cross_subject_linear_downsample,neurogpt,seed_5_downsample_t40,ExoEEG_WalkStop,cross_subject,5,0.4973577104505628,0.5,balanced_chance,Unknown,Unknown,Unknown,,/benchmark-eeg/5.0_version/result_5/linear_downsample/ExoEEG_WalkStop_cross_subject_linear_downsample/seed_5_downsample_t40/ratio_full/neurogpt/summary.json
ExoEEG_WalkStop_cross_subject_linear_downsample,neurolm,seed_10_downsample_t40,ExoEEG_WalkStop,cross_subject,10,0.3281189954293594,0.5,balanced_chance,Unknown,Unknown,Unknown,,/benchmark-eeg/5.0_version/result_5/linear_downsample/ExoEEG_WalkStop_cross_subject_linear_downsample/seed_10_downsample_t40/ratio_full/neurolm/summary.json
ExoEEG_WalkStop_cross_subject_linear_downsample,neurolm,seed_42_downsample_t40,ExoEEG_WalkStop,cross_subject,42,0.511003469134231,0.5,balanced_chance,Unknown,Unknown,Unknown,,/benchmark-eeg/5.0_version/result_5/linear_downsample/ExoEEG_WalkStop_cross_subject_linear_downsample/seed_42_downsample_t40/ratio_full/neurolm/summary.json
ExoEEG_WalkStop_cross_subject_linear_downsample,neurolm,seed_5_downsample_t40,ExoEEG_WalkStop,cross_subject,5,0.5498185117967332,0.5,balanced_chance,Unknown,Unknown,Unknown,,/benchmark-eeg/5.0_version/result_5/linear_downsample/ExoEEG_WalkStop_cross_subject_linear_downsample/seed_5_downsample_t40/ratio_full/neurolm/summary.json
ExoEEG_WalkStop_cross_subject_linear_downsample,reve,seed_10_downsample_t40,ExoEEG_WalkStop,cross_subject,10,0.5181344196545046,0.5,balanced_chance,Unknown,Unknown,Unknown,,/benchmark-eeg/5.0_version/result_5/linear_downsample/ExoEEG_WalkStop_cross_subject_linear_downsample/seed_10_downsample_t40/ratio_full/reve/summary.json
ExoEEG_WalkStop_cross_subject_linear_downsample,reve,seed_42_downsample_t40,ExoEEG_WalkStop,cross_subject,42,0.4957130974060672,0.5,balanced_chance,Unknown,Unknown,Unknown,,/benchmark-eeg/5.0_version/result_5/linear_downsample/ExoEEG_WalkStop_cross_subject_linear_downsample/seed_42_downsample_t40/ratio_full/reve/summary.json
ExoEEG_WalkStop_cross_subject_linear_downsample,reve,seed_5_downsample_t40,ExoEEG_WalkStop,cross_subject,5,0.5119971667689415,0.5,balanced_chance,Unknown,Unknown,Unknown,,/benchmark-eeg/5.0_version/result_5/linear_downsample/ExoEEG_WalkStop_cross_subject_linear_downsample/seed_5_downsample_t40/ratio_full/reve/summary.json
FACED_new_cross_subject_linear_downsample,bendr,seed_10_downsample_t40,FACED_new,cross_subject,10,0.027777777777777776,0.1111111111111111,balanced_chance,Unknown,Unknown,Unknown,,/benchmark-eeg/5.0_version/result_5/linear_downsample/FACED_new_cross_subject_linear_downsample/seed_10_downsample_t40/ratio_full/bendr/summary.json
FACED_new_cross_subject_linear_downsample,bendr,seed_42_downsample_t40,FACED_new,cross_subject,42,0.027777777777777776,0.1111111111111111,balanced_chance,Unknown,Unknown,Unknown,,/benchmark-eeg/5.0_version/result_5/linear_downsample/FACED_new_cross_subject_linear_downsample/seed_42_downsample_t40/ratio_full/bendr/summary.json
FACED_new_cross_subject_linear_downsample,bendr,seed_5_downsample_t40,FACED_new,cross_subject,5,0.027777777777777776,0.1111111111111111,balanced_chance,Unknown,Unknown,Unknown,,/benchmark-eeg/5.0_version/result_5/linear_downsample/FACED_new_cross_subject_linear_downsample/seed_5_downsample_t40/ratio_full/bendr/summary.json
FACED_new_cross_subject_linear_downsample,biot,seed_10_downsample_t40,FACED_new,cross_subject,10,0.14055939608652823,0.1111111111111111,balanced_chance,Unknown,Unknown,Unknown,,/benchmark-eeg/5.0_version/result_5/linear_downsample/FACED_new_cross_subject_linear_downsample/seed_10_downsample_t40/ratio_full/biot/summary.json
FACED_new_cross_subject_linear_downsample,biot,seed_42_downsample_t40,FACED_new,cross_subject,42,0.12438981679190562,0.1111111111111111,balanced_chance,Unknown,Unknown,Unknown,,/benchmark-eeg/5.0_version/result_5/linear_downsample/FACED_new_cross_subject_linear_downsample/seed_42_downsample_t40/ratio_full/biot/summary.json
FACED_new_cross_subject_linear_downsample,biot,seed_5_downsample_t40,FACED_new,cross_subject,5,0.13618536176279836,0.1111111111111111,balanced_chance,Unknown,Unknown,Unknown,,/benchmark-eeg/5.0_version/result_5/linear_downsample/FACED_new_cross_subject_linear_downsample/seed_5_downsample_t40/ratio_full/biot/summary.json
FACED_new_cross_subject_linear_downsample,brainomni,seed_10_downsample_t40,FACED_new,cross_subject,10,0.16583906130741133,0.1111111111111111,balanced_chance,Unknown,Unknown,Unknown,,/benchmark-eeg/5.0_version/result_5/linear_downsample/FACED_new_cross_subject_linear_downsample/seed_10_downsample_t40/ratio_full/brainomni/summary.json
FACED_new_cross_subject_linear_downsample,brainomni,seed_42_downsample_t40,FACED_new,cross_subject,42,0.20021197679013417,0.1111111111111111,balanced_chance,Unknown,Unknown,Unknown,,/benchmark-eeg/5.0_version/result_5/linear_downsample/FACED_new_cross_subject_linear_downsample/seed_42_downsample_t40/ratio_full/brainomni/summary.json
FACED_new_cross_subject_linear_downsample,brainomni,seed_5_downsample_t40,FACED_new,cross_subject,5,0.1807202519934838,0.1111111111111111,balanced_chance,Unknown,Unknown,Unknown,,/benchmark-eeg/5.0_version/result_5/linear_downsample/FACED_new_cross_subject_linear_downsample/seed_5_downsample_t40/ratio_full/brainomni/summary.json
FACED_new_cross_subject_linear_downsample,cbramod,seed_10_downsample_t40,FACED_new,cross_subject,10,0.46826191158236813,0.1111111111111111,balanced_chance,Unknown,Unknown,Unknown,,/benchmark-eeg/5.0_version/result_5/linear_downsample/FACED_new_cross_subject_linear_downsample/seed_10_downsample_t40/ratio_full/cbramod/summary.json
FACED_new_cross_subject_linear_downsample,cbramod,seed_42_downsample_t40,FACED_new,cross_subject,42,0.5292383228260725,0.1111111111111111,balanced_chance,Unknown,Unknown,Unknown,,/benchmark-eeg/5.0_version/result_5/linear_downsample/FACED_new_cross_subject_linear_downsample/seed_42_downsample_t40/ratio_full/cbramod/summary.json
FACED_new_cross_subject_linear_downsample,cbramod,seed_5_downsample_t40,FACED_new,cross_subject,5,0.4769275030775538,0.1111111111111111,balanced_chance,Unknown,Unknown,Unknown,,/benchmark-eeg/5.0_version/result_5/linear_downsample/FACED_new_cross_subject_linear_downsample/seed_5_downsample_t40/ratio_full/cbramod/summary.json
FACED_new_cross_subject_linear_downsample,eegmamba,seed_10_downsample_t40,FACED_new,cross_subject,10,0.13202114026746536,0.1111111111111111,balanced_chance,Unknown,Unknown,Unknown,,/benchmark-eeg/5.0_version/result_5/linear_downsample/FACED_new_cross_subject_linear_downsample/seed_10_downsample_t40/ratio_full/eegmamba/summary.json
FACED_new_cross_subject_linear_downsample,eegmamba,seed_42_downsample_t40,FACED_new,cross_subject,42,0.09709176255841181,0.1111111111111111,balanced_chance,Unknown,Unknown,Unknown,,/benchmark-eeg/5.0_version/result_5/linear_downsample/FACED_new_cross_subject_linear_downsample/seed_42_downsample_t40/ratio_full/eegmamba/summary.json
FACED_new_cross_subject_linear_downsample,eegmamba,seed_5_downsample_t40,FACED_new,cross_subject,5,0.10773204744076789,0.1111111111111111,balanced_chance,Unknown,Unknown,Unknown,,/benchmark-eeg/5.0_version/result_5/linear_downsample/FACED_new_cross_subject_linear_downsample/seed_5_downsample_t40/ratio_full/eegmamba/summary.json
FACED_new_cross_subject_linear_downsample,femba,seed_10_downsample_t40,FACED_new,cross_subject,10,0.1143501699194584,0.1111111111111111,balanced_chance,Unknown,Unknown,Unknown,,/benchmark-eeg/5.0_version/result_5/linear_downsample/FACED_new_cross_subject_linear_downsample/seed_10_downsample_t40/ratio_full/femba/summary.json
FACED_new_cross_subject_linear_downsample,femba,seed_42_downsample_t40,FACED_new,cross_subject,42,0.16409087165289066,0.1111111111111111,balanced_chance,Unknown,Unknown,Unknown,,/benchmark-eeg/5.0_version/result_5/linear_downsample/FACED_new_cross_subject_linear_downsample/seed_42_downsample_t40/ratio_full/femba/summary.json
FACED_new_cross_subject_linear_downsample,femba,seed_5_downsample_t40,FACED_new,cross_subject,5,0.14006298574754056,0.1111111111111111,balanced_chance,Unknown,Unknown,Unknown,,/benchmark-eeg/5.0_version/result_5/linear_downsample/FACED_new_cross_subject_linear_downsample/seed_5_downsample_t40/ratio_full/femba/summary.json
FACED_new_cross_subject_linear_downsample,labram,seed_10_downsample_t40,FACED_new,cross_subject,10,0.13347165884426299,0.1111111111111111,balanced_chance,Unknown,Unknown,Unknown,,/benchmark-eeg/5.0_version/result_5/linear_downsample/FACED_new_cross_subject_linear_downsample/seed_10_downsample_t40/ratio_full/labram/summary.json
FACED_new_cross_subject_linear_downsample,labram,seed_42_downsample_t40,FACED_new,cross_subject,42,0.14900211826688753,0.1111111111111111,balanced_chance,Unknown,Unknown,Unknown,,/benchmark-eeg/5.0_version/result_5/linear_downsample/FACED_new_cross_subject_linear_downsample/seed_42_downsample_t40/ratio_full/labram/summary.json
FACED_new_cross_subject_linear_downsample,labram,seed_5_downsample_t40,FACED_new,cross_subject,5,0.09754803002605378,0.1111111111111111,balanced_chance,Unknown,Unknown,Unknown,,/benchmark-eeg/5.0_version/result_5/linear_downsample/FACED_new_cross_subject_linear_downsample/seed_5_downsample_t40/ratio_full/labram/summary.json
FACED_new_cross_subject_linear_downsample,neurogpt,seed_10_downsample_t40,FACED_new,cross_subject,10,0.12915021935334792,0.1111111111111111,balanced_chance,Unknown,Unknown,Unknown,,/benchmark-eeg/5.0_version/result_5/linear_downsample/FACED_new_cross_subject_linear_downsample/seed_10_downsample_t40/ratio_full/neurogpt/summary.json
FACED_new_cross_subject_linear_downsample,neurogpt,seed_42_downsample_t40,FACED_new,cross_subject,42,0.12479643003444865,0.1111111111111111,balanced_chance,Unknown,Unknown,Unknown,,/benchmark-eeg/5.0_version/result_5/linear_downsample/FACED_new_cross_subject_linear_downsample/seed_42_downsample_t40/ratio_full/neurogpt/summary.json
FACED_new_cross_subject_linear_downsample,neurogpt,seed_5_downsample_t40,FACED_new,cross_subject,5,0.12069648335834719,0.1111111111111111,balanced_chance,Unknown,Unknown,Unknown,,/benchmark-eeg/5.0_version/result_5/linear_downsample/FACED_new_cross_subject_linear_downsample/seed_5_downsample_t40/ratio_full/neurogpt/summary.json
FACED_new_cross_subject_linear_downsample,neurolm,seed_10_downsample_t40,FACED_new,cross_subject,10,0.09785014148971777,0.1111111111111111,balanced_chance,Unknown,Unknown,Unknown,,/benchmark-eeg/5.0_version/result_5/linear_downsample/FACED_new_cross_subject_linear_downsample/seed_10_downsample_t40/ratio_full/neurolm/summary.json
FACED_new_cross_subject_linear_downsample,neurolm,seed_42_downsample_t40,FACED_new,cross_subject,42,0.16595957793629443,0.1111111111111111,balanced_chance,Unknown,Unknown,Unknown,,/benchmark-eeg/5.0_version/result_5/linear_downsample/FACED_new_cross_subject_linear_downsample/seed_42_downsample_t40/ratio_full/neurolm/summary.json
FACED_new_cross_subject_linear_downsample,neurolm,seed_5_downsample_t40,FACED_new,cross_subject,5,0.1147350787698464,0.1111111111111111,balanced_chance,Unknown,Unknown,Unknown,,/benchmark-eeg/5.0_version/result_5/linear_downsample/FACED_new_cross_subject_linear_downsample/seed_5_downsample_t40/ratio_full/neurolm/summary.json
FACED_new_cross_subject_linear_downsample,reve,seed_10_downsample_t40,FACED_new,cross_subject,10,0.16665153311117703,0.1111111111111111,balanced_chance,Unknown,Unknown,Unknown,,/benchmark-eeg/5.0_version/result_5/linear_downsample/FACED_new_cross_subject_linear_downsample/seed_10_downsample_t40/ratio_full/reve/summary.json
FACED_new_cross_subject_linear_downsample,reve,seed_42_downsample_t40,FACED_new,cross_subject,42,0.193135509271611,0.1111111111111111,balanced_chance,Unknown,Unknown,Unknown,,/benchmark-eeg/5.0_version/result_5/linear_downsample/FACED_new_cross_subject_linear_downsample/seed_42_downsample_t40/ratio_full/reve/summary.json
FACED_new_cross_subject_linear_downsample,reve,seed_5_downsample_t40,FACED_new,cross_subject,5,0.2210379640570311,0.1111111111111111,balanced_chance,Unknown,Unknown,Unknown,,/benchmark-eeg/5.0_version/result_5/linear_downsample/FACED_new_cross_subject_linear_downsample/seed_5_downsample_t40/ratio_full/reve/summary.json
HBN_EEG_cross_subject_linear_downsample,bendr,seed_10_downsample_t40,HBN_EEG,cross_subject,10,0.042983294130085,0.0769230769230769,balanced_chance,Consciousness & State,意识与状态,静息态/多任务,HBN-EEG,/benchmark-eeg/5.0_version/result_5/linear_downsample/HBN_EEG_cross_subject_linear_downsample/seed_10_downsample_t40/ratio_full/bendr/summary.json
HBN_EEG_cross_subject_linear_downsample,bendr,seed_42_downsample_t40,HBN_EEG,cross_subject,42,0.046440339195306206,0.0769230769230769,balanced_chance,Consciousness & State,意识与状态,静息态/多任务,HBN-EEG,/benchmark-eeg/5.0_version/result_5/linear_downsample/HBN_EEG_cross_subject_linear_downsample/seed_42_downsample_t40/ratio_full/bendr/summary.json
HBN_EEG_cross_subject_linear_downsample,bendr,seed_5_downsample_t40,HBN_EEG,cross_subject,5,0.04951365444982857,0.0769230769230769,balanced_chance,Consciousness & State,意识与状态,静息态/多任务,HBN-EEG,/benchmark-eeg/5.0_version/result_5/linear_downsample/HBN_EEG_cross_subject_linear_downsample/seed_5_downsample_t40/ratio_full/bendr/summary.json
HBN_EEG_cross_subject_linear_downsample,biot,seed_10_downsample_t40,HBN_EEG,cross_subject,10,0.0828137599161953,0.0769230769230769,balanced_chance,Consciousness & State,意识与状态,静息态/多任务,HBN-EEG,/benchmark-eeg/5.0_version/result_5/linear_downsample/HBN_EEG_cross_subject_linear_downsample/seed_10_downsample_t40/ratio_full/biot/summary.json
HBN_EEG_cross_subject_linear_downsample,biot,seed_42_downsample_t40,HBN_EEG,cross_subject,42,0.09964120917984214,0.0769230769230769,balanced_chance,Consciousness & State,意识与状态,静息态/多任务,HBN-EEG,/benchmark-eeg/5.0_version/result_5/linear_downsample/HBN_EEG_cross_subject_linear_downsample/seed_42_downsample_t40/ratio_full/biot/summary.json
HBN_EEG_cross_subject_linear_downsample,biot,seed_5_downsample_t40,HBN_EEG,cross_subject,5,0.1058627537606749,0.0769230769230769,balanced_chance,Consciousness & State,意识与状态,静息态/多任务,HBN-EEG,/benchmark-eeg/5.0_version/result_5/linear_downsample/HBN_EEG_cross_subject_linear_downsample/seed_5_downsample_t40/ratio_full/biot/summary.json
HBN_EEG_cross_subject_linear_downsample,brainomni,seed_10_downsample_t40,HBN_EEG,cross_subject,10,0.09965021547285742,0.0769230769230769,balanced_chance,Consciousness & State,意识与状态,静息态/多任务,HBN-EEG,/benchmark-eeg/5.0_version/result_5/linear_downsample/HBN_EEG_cross_subject_linear_downsample/seed_10_downsample_t40/ratio_full/brainomni/summary.json
HBN_EEG_cross_subject_linear_downsample,brainomni,seed_42_downsample_t40,HBN_EEG,cross_subject,42,0.12903990516338187,0.0769230769230769,balanced_chance,Consciousness & State,意识与状态,静息态/多任务,HBN-EEG,/benchmark-eeg/5.0_version/result_5/linear_downsample/HBN_EEG_cross_subject_linear_downsample/seed_42_downsample_t40/ratio_full/brainomni/summary.json
HBN_EEG_cross_subject_linear_downsample,brainomni,seed_5_downsample_t40,HBN_EEG,cross_subject,5,0.12818160082322125,0.0769230769230769,balanced_chance,Consciousness & State,意识与状态,静息态/多任务,HBN-EEG,/benchmark-eeg/5.0_version/result_5/linear_downsample/HBN_EEG_cross_subject_linear_downsample/seed_5_downsample_t40/ratio_full/brainomni/summary.json
HBN_EEG_cross_subject_linear_downsample,cbramod,seed_10_downsample_t40,HBN_EEG,cross_subject,10,0.05838343941122629,0.0769230769230769,balanced_chance,Consciousness & State,意识与状态,静息态/多任务,HBN-EEG,/benchmark-eeg/5.0_version/result_5/linear_downsample/HBN_EEG_cross_subject_linear_downsample/seed_10_downsample_t40/ratio_full/cbramod/summary.json
HBN_EEG_cross_subject_linear_downsample,cbramod,seed_42_downsample_t40,HBN_EEG,cross_subject,42,0.06810505640844122,0.0769230769230769,balanced_chance,Consciousness & State,意识与状态,静息态/多任务,HBN-EEG,/benchmark-eeg/5.0_version/result_5/linear_downsample/HBN_EEG_cross_subject_linear_downsample/seed_42_downsample_t40/ratio_full/cbramod/summary.json
HBN_EEG_cross_subject_linear_downsample,cbramod,seed_5_downsample_t40,HBN_EEG,cross_subject,5,0.06308843125635999,0.0769230769230769,balanced_chance,Consciousness & State,意识与状态,静息态/多任务,HBN-EEG,/benchmark-eeg/5.0_version/result_5/linear_downsample/HBN_EEG_cross_subject_linear_downsample/seed_5_downsample_t40/ratio_full/cbramod/summary.json
HBN_EEG_cross_subject_linear_downsample,eegmamba,seed_10_downsample_t40,HBN_EEG,cross_subject,10,0.051831758472752565,0.0769230769230769,balanced_chance,Consciousness & State,意识与状态,静息态/多任务,HBN-EEG,/benchmark-eeg/5.0_version/result_5/linear_downsample/HBN_EEG_cross_subject_linear_downsample/seed_10_downsample_t40/ratio_full/eegmamba/summary.json
HBN_EEG_cross_subject_linear_downsample,eegmamba,seed_42_downsample_t40,HBN_EEG,cross_subject,42,0.06435718526988318,0.0769230769230769,balanced_chance,Consciousness & State,意识与状态,静息态/多任务,HBN-EEG,/benchmark-eeg/5.0_version/result_5/linear_downsample/HBN_EEG_cross_subject_linear_downsample/seed_42_downsample_t40/ratio_full/eegmamba/summary.json
HBN_EEG_cross_subject_linear_downsample,eegmamba,seed_5_downsample_t40,HBN_EEG,cross_subject,5,0.05806596341725027,0.0769230769230769,balanced_chance,Consciousness & State,意识与状态,静息态/多任务,HBN-EEG,/benchmark-eeg/5.0_version/result_5/linear_downsample/HBN_EEG_cross_subject_linear_downsample/seed_5_downsample_t40/ratio_full/eegmamba/summary.json
HBN_EEG_cross_subject_linear_downsample,femba,seed_10_downsample_t40,HBN_EEG,cross_subject,10,0.0656635731035451,0.0769230769230769,balanced_chance,Consciousness & State,意识与状态,静息态/多任务,HBN-EEG,/benchmark-eeg/5.0_version/result_5/linear_downsample/HBN_EEG_cross_subject_linear_downsample/seed_10_downsample_t40/ratio_full/femba/summary.json
HBN_EEG_cross_subject_linear_downsample,femba,seed_42_downsample_t40,HBN_EEG,cross_subject,42,0.0760926351119461,0.0769230769230769,balanced_chance,Consciousness & State,意识与状态,静息态/多任务,HBN-EEG,/benchmark-eeg/5.0_version/result_5/linear_downsample/HBN_EEG_cross_subject_linear_downsample/seed_42_downsample_t40/ratio_full/femba/summary.json
HBN_EEG_cross_subject_linear_downsample,femba,seed_5_downsample_t40,HBN_EEG,cross_subject,5,0.07414663533006284,0.0769230769230769,balanced_chance,Consciousness & State,意识与状态,静息态/多任务,HBN-EEG,/benchmark-eeg/5.0_version/result_5/linear_downsample/HBN_EEG_cross_subject_linear_downsample/seed_5_downsample_t40/ratio_full/femba/summary.json
HBN_EEG_cross_subject_linear_downsample,labram,seed_10_downsample_t40,HBN_EEG,cross_subject,10,0.08138265063430622,0.0769230769230769,balanced_chance,Consciousness & State,意识与状态,静息态/多任务,HBN-EEG,/benchmark-eeg/5.0_version/result_5/linear_downsample/HBN_EEG_cross_subject_linear_downsample/seed_10_downsample_t40/ratio_full/labram/summary.json
HBN_EEG_cross_subject_linear_downsample,labram,seed_42_downsample_t40,HBN_EEG,cross_subject,42,0.07459493700489218,0.0769230769230769,balanced_chance,Consciousness & State,意识与状态,静息态/多任务,HBN-EEG,/benchmark-eeg/5.0_version/result_5/linear_downsample/HBN_EEG_cross_subject_linear_downsample/seed_42_downsample_t40/ratio_full/labram/summary.json
HBN_EEG_cross_subject_linear_downsample,labram,seed_5_downsample_t40,HBN_EEG,cross_subject,5,0.08974689583479903,0.0769230769230769,balanced_chance,Consciousness & State,意识与状态,静息态/多任务,HBN-EEG,/benchmark-eeg/5.0_version/result_5/linear_downsample/HBN_EEG_cross_subject_linear_downsample/seed_5_downsample_t40/ratio_full/labram/summary.json
HBN_EEG_cross_subject_linear_downsample,neurogpt,seed_10_downsample_t40,HBN_EEG,cross_subject,10,0.05671792832978898,0.0769230769230769,balanced_chance,Consciousness & State,意识与状态,静息态/多任务,HBN-EEG,/benchmark-eeg/5.0_version/result_5/linear_downsample/HBN_EEG_cross_subject_linear_downsample/seed_10_downsample_t40/ratio_full/neurogpt/summary.json
HBN_EEG_cross_subject_linear_downsample,neurogpt,seed_42_downsample_t40,HBN_EEG,cross_subject,42,0.05522322745699389,0.0769230769230769,balanced_chance,Consciousness & State,意识与状态,静息态/多任务,HBN-EEG,/benchmark-eeg/5.0_version/result_5/linear_downsample/HBN_EEG_cross_subject_linear_downsample/seed_42_downsample_t40/ratio_full/neurogpt/summary.json
HBN_EEG_cross_subject_linear_downsample,neurogpt,seed_5_downsample_t40,HBN_EEG,cross_subject,5,0.05507903468497066,0.0769230769230769,balanced_chance,Consciousness & State,意识与状态,静息态/多任务,HBN-EEG,/benchmark-eeg/5.0_version/result_5/linear_downsample/HBN_EEG_cross_subject_linear_downsample/seed_5_downsample_t40/ratio_full/neurogpt/summary.json
HBN_EEG_cross_subject_linear_downsample,neurolm,seed_10_downsample_t40,HBN_EEG,cross_subject,10,0.06767895953782331,0.0769230769230769,balanced_chance,Consciousness & State,意识与状态,静息态/多任务,HBN-EEG,/benchmark-eeg/5.0_version/result_5/linear_downsample/HBN_EEG_cross_subject_linear_downsample/seed_10_downsample_t40/ratio_full/neurolm/summary.json
HBN_EEG_cross_subject_linear_downsample,neurolm,seed_42_downsample_t40,HBN_EEG,cross_subject,42,0.06437999442494503,0.0769230769230769,balanced_chance,Consciousness & State,意识与状态,静息态/多任务,HBN-EEG,/benchmark-eeg/5.0_version/result_5/linear_downsample/HBN_EEG_cross_subject_linear_downsample/seed_42_downsample_t40/ratio_full/neurolm/summary.json
HBN_EEG_cross_subject_linear_downsample,neurolm,seed_5_downsample_t40,HBN_EEG,cross_subject,5,0.07928912074101825,0.0769230769230769,balanced_chance,Consciousness & State,意识与状态,静息态/多任务,HBN-EEG,/benchmark-eeg/5.0_version/result_5/linear_downsample/HBN_EEG_cross_subject_linear_downsample/seed_5_downsample_t40/ratio_full/neurolm/summary.json
HBN_EEG_cross_subject_linear_downsample,reve,seed_10_downsample_t40,HBN_EEG,cross_subject,10,0.05222303476007435,0.0769230769230769,balanced_chance,Consciousness & State,意识与状态,静息态/多任务,HBN-EEG,/benchmark-eeg/5.0_version/result_5/linear_downsample/HBN_EEG_cross_subject_linear_downsample/seed_10_downsample_t40/ratio_full/reve/summary.json
HBN_EEG_cross_subject_linear_downsample,reve,seed_42_downsample_t40,HBN_EEG,cross_subject,42,0.06430799236203871,0.0769230769230769,balanced_chance,Consciousness & State,意识与状态,静息态/多任务,HBN-EEG,/benchmark-eeg/5.0_version/result_5/linear_downsample/HBN_EEG_cross_subject_linear_downsample/seed_42_downsample_t40/ratio_full/reve/summary.json
HBN_EEG_cross_subject_linear_downsample,reve,seed_5_downsample_t40,HBN_EEG,cross_subject,5,0.07052888004115022,0.0769230769230769,balanced_chance,Consciousness & State,意识与状态,静息态/多任务,HBN-EEG,/benchmark-eeg/5.0_version/result_5/linear_downsample/HBN_EEG_cross_subject_linear_downsample/seed_5_downsample_t40/ratio_full/reve/summary.json
HFO_cross_subject_linear_downsample,bendr,seed_10_downsample_t40,HFO,cross_subject,10,0.5099383629147927,0.5,balanced_chance,Biometrics & Disease,个体与疾病,癫痫/发作,HFO,/benchmark-eeg/5.0_version/result_5/linear_downsample/HFO_cross_subject_linear_downsample/seed_10_downsample_t40/ratio_full/bendr/summary.json
HFO_cross_subject_linear_downsample,bendr,seed_42_downsample_t40,HFO,cross_subject,42,0.5087148675858204,0.5,balanced_chance,Biometrics & Disease,个体与疾病,癫痫/发作,HFO,/benchmark-eeg/5.0_version/result_5/linear_downsample/HFO_cross_subject_linear_downsample/seed_42_downsample_t40/ratio_full/bendr/summary.json
HFO_cross_subject_linear_downsample,bendr,seed_5_downsample_t40,HFO,cross_subject,5,0.48312463900785735,0.5,balanced_chance,Biometrics & Disease,个体与疾病,癫痫/发作,HFO,/benchmark-eeg/5.0_version/result_5/linear_downsample/HFO_cross_subject_linear_downsample/seed_5_downsample_t40/ratio_full/bendr/summary.json
HFO_cross_subject_linear_downsample,biot,seed_10_downsample_t40,HFO,cross_subject,10,0.49662851022688304,0.5,balanced_chance,Biometrics & Disease,个体与疾病,癫痫/发作,HFO,/benchmark-eeg/5.0_version/result_5/linear_downsample/HFO_cross_subject_linear_downsample/seed_10_downsample_t40/ratio_full/biot/summary.json
HFO_cross_subject_linear_downsample,biot,seed_42_downsample_t40,HFO,cross_subject,42,0.5650025624182665,0.5,balanced_chance,Biometrics & Disease,个体与疾病,癫痫/发作,HFO,/benchmark-eeg/5.0_version/result_5/linear_downsample/HFO_cross_subject_linear_downsample/seed_42_downsample_t40/ratio_full/biot/summary.json
HFO_cross_subject_linear_downsample,biot,seed_5_downsample_t40,HFO,cross_subject,5,0.608419969830114,0.5,balanced_chance,Biometrics & Disease,个体与疾病,癫痫/发作,HFO,/benchmark-eeg/5.0_version/result_5/linear_downsample/HFO_cross_subject_linear_downsample/seed_5_downsample_t40/ratio_full/biot/summary.json
HFO_cross_subject_linear_downsample,brainomni,seed_10_downsample_t40,HFO,cross_subject,10,0.5565631600765473,0.5,balanced_chance,Biometrics & Disease,个体与疾病,癫痫/发作,HFO,/benchmark-eeg/5.0_version/result_5/linear_downsample/HFO_cross_subject_linear_downsample/seed_10_downsample_t40/ratio_full/brainomni/summary.json
HFO_cross_subject_linear_downsample,brainomni,seed_42_downsample_t40,HFO,cross_subject,42,0.5483892931614112,0.5,balanced_chance,Biometrics & Disease,个体与疾病,癫痫/发作,HFO,/benchmark-eeg/5.0_version/result_5/linear_downsample/HFO_cross_subject_linear_downsample/seed_42_downsample_t40/ratio_full/brainomni/summary.json
HFO_cross_subject_linear_downsample,brainomni,seed_5_downsample_t40,HFO,cross_subject,5,0.5227669312736895,0.5,balanced_chance,Biometrics & Disease,个体与疾病,癫痫/发作,HFO,/benchmark-eeg/5.0_version/result_5/linear_downsample/HFO_cross_subject_linear_downsample/seed_5_downsample_t40/ratio_full/brainomni/summary.json
HFO_cross_subject_linear_downsample,cbramod,seed_10_downsample_t40,HFO,cross_subject,10,0.39459456722334335,0.5,balanced_chance,Biometrics & Disease,个体与疾病,癫痫/发作,HFO,/benchmark-eeg/5.0_version/result_5/linear_downsample/HFO_cross_subject_linear_downsample/seed_10_downsample_t40/ratio_full/cbramod/summary.json
HFO_cross_subject_linear_downsample,cbramod,seed_42_downsample_t40,HFO,cross_subject,42,0.5834115048625275,0.5,balanced_chance,Biometrics & Disease,个体与疾病,癫痫/发作,HFO,/benchmark-eeg/5.0_version/result_5/linear_downsample/HFO_cross_subject_linear_downsample/seed_42_downsample_t40/ratio_full/cbramod/summary.json
HFO_cross_subject_linear_downsample,cbramod,seed_5_downsample_t40,HFO,cross_subject,5,0.617906662728038,0.5,balanced_chance,Biometrics & Disease,个体与疾病,癫痫/发作,HFO,/benchmark-eeg/5.0_version/result_5/linear_downsample/HFO_cross_subject_linear_downsample/seed_5_downsample_t40/ratio_full/cbramod/summary.json
HFO_cross_subject_linear_downsample,eegmamba,seed_10_downsample_t40,HFO,cross_subject,10,0.5853025711816455,0.5,balanced_chance,Biometrics & Disease,个体与疾病,癫痫/发作,HFO,/benchmark-eeg/5.0_version/result_5/linear_downsample/HFO_cross_subject_linear_downsample/seed_10_downsample_t40/ratio_full/eegmamba/summary.json
HFO_cross_subject_linear_downsample,eegmamba,seed_42_downsample_t40,HFO,cross_subject,42,0.5248914887058986,0.5,balanced_chance,Biometrics & Disease,个体与疾病,癫痫/发作,HFO,/benchmark-eeg/5.0_version/result_5/linear_downsample/HFO_cross_subject_linear_downsample/seed_42_downsample_t40/ratio_full/eegmamba/summary.json
HFO_cross_subject_linear_downsample,eegmamba,seed_5_downsample_t40,HFO,cross_subject,5,0.5479065727010228,0.5,balanced_chance,Biometrics & Disease,个体与疾病,癫痫/发作,HFO,/benchmark-eeg/5.0_version/result_5/linear_downsample/HFO_cross_subject_linear_downsample/seed_5_downsample_t40/ratio_full/eegmamba/summary.json
HFO_cross_subject_linear_downsample,femba,seed_10_downsample_t40,HFO,cross_subject,10,0.5447580720325556,0.5,balanced_chance,Biometrics & Disease,个体与疾病,癫痫/发作,HFO,/benchmark-eeg/5.0_version/result_5/linear_downsample/HFO_cross_subject_linear_downsample/seed_10_downsample_t40/ratio_full/femba/summary.json
HFO_cross_subject_linear_downsample,femba,seed_42_downsample_t40,HFO,cross_subject,42,0.34035511427165793,0.5,balanced_chance,Biometrics & Disease,个体与疾病,癫痫/发作,HFO,/benchmark-eeg/5.0_version/result_5/linear_downsample/HFO_cross_subject_linear_downsample/seed_42_downsample_t40/ratio_full/femba/summary.json
HFO_cross_subject_linear_downsample,femba,seed_5_downsample_t40,HFO,cross_subject,5,0.5085020139194689,0.5,balanced_chance,Biometrics & Disease,个体与疾病,癫痫/发作,HFO,/benchmark-eeg/5.0_version/result_5/linear_downsample/HFO_cross_subject_linear_downsample/seed_5_downsample_t40/ratio_full/femba/summary.json
HFO_cross_subject_linear_downsample,labram,seed_10_downsample_t40,HFO,cross_subject,10,0.42314085572266436,0.5,balanced_chance,Biometrics & Disease,个体与疾病,癫痫/发作,HFO,/benchmark-eeg/5.0_version/result_5/linear_downsample/HFO_cross_subject_linear_downsample/seed_10_downsample_t40/ratio_full/labram/summary.json
HFO_cross_subject_linear_downsample,labram,seed_42_downsample_t40,HFO,cross_subject,42,0.5316908181923878,0.5,balanced_chance,Biometrics & Disease,个体与疾病,癫痫/发作,HFO,/benchmark-eeg/5.0_version/result_5/linear_downsample/HFO_cross_subject_linear_downsample/seed_42_downsample_t40/ratio_full/labram/summary.json
HFO_cross_subject_linear_downsample,labram,seed_5_downsample_t40,HFO,cross_subject,5,0.5222148078843738,0.5,balanced_chance,Biometrics & Disease,个体与疾病,癫痫/发作,HFO,/benchmark-eeg/5.0_version/result_5/linear_downsample/HFO_cross_subject_linear_downsample/seed_5_downsample_t40/ratio_full/labram/summary.json
HFO_cross_subject_linear_downsample,neurogpt,seed_10_downsample_t40,HFO,cross_subject,10,0.5348213412980145,0.5,balanced_chance,Biometrics & Disease,个体与疾病,癫痫/发作,HFO,/benchmark-eeg/5.0_version/result_5/linear_downsample/HFO_cross_subject_linear_downsample/seed_10_downsample_t40/ratio_full/neurogpt/summary.json
HFO_cross_subject_linear_downsample,neurogpt,seed_42_downsample_t40,HFO,cross_subject,42,0.5417828899825086,0.5,balanced_chance,Biometrics & Disease,个体与疾病,癫痫/发作,HFO,/benchmark-eeg/5.0_version/result_5/linear_downsample/HFO_cross_subject_linear_downsample/seed_42_downsample_t40/ratio_full/neurogpt/summary.json
HFO_cross_subject_linear_downsample,neurogpt,seed_5_downsample_t40,HFO,cross_subject,5,0.5473033299710635,0.5,balanced_chance,Biometrics & Disease,个体与疾病,癫痫/发作,HFO,/benchmark-eeg/5.0_version/result_5/linear_downsample/HFO_cross_subject_linear_downsample/seed_5_downsample_t40/ratio_full/neurogpt/summary.json
HFO_cross_subject_linear_downsample,neurolm,seed_10_downsample_t40,HFO,cross_subject,10,0.43205345152863134,0.5,balanced_chance,Biometrics & Disease,个体与疾病,癫痫/发作,HFO,/benchmark-eeg/5.0_version/result_5/linear_downsample/HFO_cross_subject_linear_downsample/seed_10_downsample_t40/ratio_full/neurolm/summary.json
HFO_cross_subject_linear_downsample,neurolm,seed_42_downsample_t40,HFO,cross_subject,42,0.538967482815211,0.5,balanced_chance,Biometrics & Disease,个体与疾病,癫痫/发作,HFO,/benchmark-eeg/5.0_version/result_5/linear_downsample/HFO_cross_subject_linear_downsample/seed_42_downsample_t40/ratio_full/neurolm/summary.json
HFO_cross_subject_linear_downsample,neurolm,seed_5_downsample_t40,HFO,cross_subject,5,0.5175439727317158,0.5,balanced_chance,Biometrics & Disease,个体与疾病,癫痫/发作,HFO,/benchmark-eeg/5.0_version/result_5/linear_downsample/HFO_cross_subject_linear_downsample/seed_5_downsample_t40/ratio_full/neurolm/summary.json
HFO_cross_subject_linear_downsample,reve,seed_10_downsample_t40,HFO,cross_subject,10,0.5035934365474464,0.5,balanced_chance,Biometrics & Disease,个体与疾病,癫痫/发作,HFO,/benchmark-eeg/5.0_version/result_5/linear_downsample/HFO_cross_subject_linear_downsample/seed_10_downsample_t40/ratio_full/reve/summary.json
HFO_cross_subject_linear_downsample,reve,seed_42_downsample_t40,HFO,cross_subject,42,0.5110445290896437,0.5,balanced_chance,Biometrics & Disease,个体与疾病,癫痫/发作,HFO,/benchmark-eeg/5.0_version/result_5/linear_downsample/HFO_cross_subject_linear_downsample/seed_42_downsample_t40/ratio_full/reve/summary.json
HFO_cross_subject_linear_downsample,reve,seed_5_downsample_t40,HFO,cross_subject,5,0.49162109348281546,0.5,balanced_chance,Biometrics & Disease,个体与疾病,癫痫/发作,HFO,/benchmark-eeg/5.0_version/result_5/linear_downsample/HFO_cross_subject_linear_downsample/seed_5_downsample_t40/ratio_full/reve/summary.json
HMC_cross_subject_linear_downsample,bendr,seed_10_downsample_t40,HMC,cross_subject,10,0.19587333450544514,0.2,balanced_chance,Unknown,Unknown,Unknown,,/benchmark-eeg/5.0_version/result_5/linear_downsample/HMC_cross_subject_linear_downsample/seed_10_downsample_t40/ratio_full/bendr/summary.json
HMC_cross_subject_linear_downsample,bendr,seed_42_downsample_t40,HMC,cross_subject,42,0.19568539557208786,0.2,balanced_chance,Unknown,Unknown,Unknown,,/benchmark-eeg/5.0_version/result_5/linear_downsample/HMC_cross_subject_linear_downsample/seed_42_downsample_t40/ratio_full/bendr/summary.json
HMC_cross_subject_linear_downsample,bendr,seed_5_downsample_t40,HMC,cross_subject,5,0.1989439636204374,0.2,balanced_chance,Unknown,Unknown,Unknown,,/benchmark-eeg/5.0_version/result_5/linear_downsample/HMC_cross_subject_linear_downsample/seed_5_downsample_t40/ratio_full/bendr/summary.json
HMC_cross_subject_linear_downsample,biot,seed_10_downsample_t40,HMC,cross_subject,10,0.5748922619800962,0.2,balanced_chance,Unknown,Unknown,Unknown,,/benchmark-eeg/5.0_version/result_5/linear_downsample/HMC_cross_subject_linear_downsample/seed_10_downsample_t40/ratio_full/biot/summary.json
HMC_cross_subject_linear_downsample,biot,seed_42_downsample_t40,HMC,cross_subject,42,0.5257467589139391,0.2,balanced_chance,Unknown,Unknown,Unknown,,/benchmark-eeg/5.0_version/result_5/linear_downsample/HMC_cross_subject_linear_downsample/seed_42_downsample_t40/ratio_full/biot/summary.json
HMC_cross_subject_linear_downsample,biot,seed_5_downsample_t40,HMC,cross_subject,5,0.5516005418301361,0.2,balanced_chance,Unknown,Unknown,Unknown,,/benchmark-eeg/5.0_version/result_5/linear_downsample/HMC_cross_subject_linear_downsample/seed_5_downsample_t40/ratio_full/biot/summary.json
HMC_cross_subject_linear_downsample,brainomni,seed_10_downsample_t40,HMC,cross_subject,10,0.5961276014528244,0.2,balanced_chance,Unknown,Unknown,Unknown,,/benchmark-eeg/5.0_version/result_5/linear_downsample/HMC_cross_subject_linear_downsample/seed_10_downsample_t40/ratio_full/brainomni/summary.json
HMC_cross_subject_linear_downsample,brainomni,seed_42_downsample_t40,HMC,cross_subject,42,0.6381743949707517,0.2,balanced_chance,Unknown,Unknown,Unknown,,/benchmark-eeg/5.0_version/result_5/linear_downsample/HMC_cross_subject_linear_downsample/seed_42_downsample_t40/ratio_full/brainomni/summary.json
HMC_cross_subject_linear_downsample,brainomni,seed_5_downsample_t40,HMC,cross_subject,5,0.6627911976784029,0.2,balanced_chance,Unknown,Unknown,Unknown,,/benchmark-eeg/5.0_version/result_5/linear_downsample/HMC_cross_subject_linear_downsample/seed_5_downsample_t40/ratio_full/brainomni/summary.json
HMC_cross_subject_linear_downsample,cbramod,seed_10_downsample_t40,HMC,cross_subject,10,0.4295885043178408,0.2,balanced_chance,Unknown,Unknown,Unknown,,/benchmark-eeg/5.0_version/result_5/linear_downsample/HMC_cross_subject_linear_downsample/seed_10_downsample_t40/ratio_full/cbramod/summary.json
HMC_cross_subject_linear_downsample,cbramod,seed_42_downsample_t40,HMC,cross_subject,42,0.44150812103911896,0.2,balanced_chance,Unknown,Unknown,Unknown,,/benchmark-eeg/5.0_version/result_5/linear_downsample/HMC_cross_subject_linear_downsample/seed_42_downsample_t40/ratio_full/cbramod/summary.json
HMC_cross_subject_linear_downsample,cbramod,seed_5_downsample_t40,HMC,cross_subject,5,0.42753819779905744,0.2,balanced_chance,Unknown,Unknown,Unknown,,/benchmark-eeg/5.0_version/result_5/linear_downsample/HMC_cross_subject_linear_downsample/seed_5_downsample_t40/ratio_full/cbramod/summary.json
HMC_cross_subject_linear_downsample,eegmamba,seed_10_downsample_t40,HMC,cross_subject,10,0.4973374774733685,0.2,balanced_chance,Unknown,Unknown,Unknown,,/benchmark-eeg/5.0_version/result_5/linear_downsample/HMC_cross_subject_linear_downsample/seed_10_downsample_t40/ratio_full/eegmamba/summary.json
HMC_cross_subject_linear_downsample,eegmamba,seed_42_downsample_t40,HMC,cross_subject,42,0.526853004251404,0.2,balanced_chance,Unknown,Unknown,Unknown,,/benchmark-eeg/5.0_version/result_5/linear_downsample/HMC_cross_subject_linear_downsample/seed_42_downsample_t40/ratio_full/eegmamba/summary.json
HMC_cross_subject_linear_downsample,eegmamba,seed_5_downsample_t40,HMC,cross_subject,5,0.5382773190848436,0.2,balanced_chance,Unknown,Unknown,Unknown,,/benchmark-eeg/5.0_version/result_5/linear_downsample/HMC_cross_subject_linear_downsample/seed_5_downsample_t40/ratio_full/eegmamba/summary.json
HMC_cross_subject_linear_downsample,femba,seed_10_downsample_t40,HMC,cross_subject,10,0.5767908833800731,0.2,balanced_chance,Unknown,Unknown,Unknown,,/benchmark-eeg/5.0_version/result_5/linear_downsample/HMC_cross_subject_linear_downsample/seed_10_downsample_t40/ratio_full/femba/summary.json
HMC_cross_subject_linear_downsample,femba,seed_42_downsample_t40,HMC,cross_subject,42,0.5864917054555174,0.2,balanced_chance,Unknown,Unknown,Unknown,,/benchmark-eeg/5.0_version/result_5/linear_downsample/HMC_cross_subject_linear_downsample/seed_42_downsample_t40/ratio_full/femba/summary.json
HMC_cross_subject_linear_downsample,femba,seed_5_downsample_t40,HMC,cross_subject,5,0.6105103076415277,0.2,balanced_chance,Unknown,Unknown,Unknown,,/benchmark-eeg/5.0_version/result_5/linear_downsample/HMC_cross_subject_linear_downsample/seed_5_downsample_t40/ratio_full/femba/summary.json
HMC_cross_subject_linear_downsample,labram,seed_10_downsample_t40,HMC,cross_subject,10,0.5812300678150399,0.2,balanced_chance,Unknown,Unknown,Unknown,,/benchmark-eeg/5.0_version/result_5/linear_downsample/HMC_cross_subject_linear_downsample/seed_10_downsample_t40/ratio_full/labram/summary.json
HMC_cross_subject_linear_downsample,labram,seed_42_downsample_t40,HMC,cross_subject,42,0.6146033028384259,0.2,balanced_chance,Unknown,Unknown,Unknown,,/benchmark-eeg/5.0_version/result_5/linear_downsample/HMC_cross_subject_linear_downsample/seed_42_downsample_t40/ratio_full/labram/summary.json
HMC_cross_subject_linear_downsample,labram,seed_5_downsample_t40,HMC,cross_subject,5,0.6249621492486991,0.2,balanced_chance,Unknown,Unknown,Unknown,,/benchmark-eeg/5.0_version/result_5/linear_downsample/HMC_cross_subject_linear_downsample/seed_5_downsample_t40/ratio_full/labram/summary.json
HMC_cross_subject_linear_downsample,neurogpt,seed_10_downsample_t40,HMC,cross_subject,10,0.5217295731192044,0.2,balanced_chance,Unknown,Unknown,Unknown,,/benchmark-eeg/5.0_version/result_5/linear_downsample/HMC_cross_subject_linear_downsample/seed_10_downsample_t40/ratio_full/neurogpt/summary.json
HMC_cross_subject_linear_downsample,neurogpt,seed_42_downsample_t40,HMC,cross_subject,42,0.5412964921220843,0.2,balanced_chance,Unknown,Unknown,Unknown,,/benchmark-eeg/5.0_version/result_5/linear_downsample/HMC_cross_subject_linear_downsample/seed_42_downsample_t40/ratio_full/neurogpt/summary.json
HMC_cross_subject_linear_downsample,neurogpt,seed_5_downsample_t40,HMC,cross_subject,5,0.5647627712431349,0.2,balanced_chance,Unknown,Unknown,Unknown,,/benchmark-eeg/5.0_version/result_5/linear_downsample/HMC_cross_subject_linear_downsample/seed_5_downsample_t40/ratio_full/neurogpt/summary.json
HMC_cross_subject_linear_downsample,neurolm,seed_10_downsample_t40,HMC,cross_subject,10,0.6456591165379414,0.2,balanced_chance,Unknown,Unknown,Unknown,,/benchmark-eeg/5.0_version/result_5/linear_downsample/HMC_cross_subject_linear_downsample/seed_10_downsample_t40/ratio_full/neurolm/summary.json
HMC_cross_subject_linear_downsample,neurolm,seed_42_downsample_t40,HMC,cross_subject,42,0.6432914663251588,0.2,balanced_chance,Unknown,Unknown,Unknown,,/benchmark-eeg/5.0_version/result_5/linear_downsample/HMC_cross_subject_linear_downsample/seed_42_downsample_t40/ratio_full/neurolm/summary.json
HMC_cross_subject_linear_downsample,neurolm,seed_5_downsample_t40,HMC,cross_subject,5,0.6344594207222274,0.2,balanced_chance,Unknown,Unknown,Unknown,,/benchmark-eeg/5.0_version/result_5/linear_downsample/HMC_cross_subject_linear_downsample/seed_5_downsample_t40/ratio_full/neurolm/summary.json
HMC_cross_subject_linear_downsample,reve,seed_10_downsample_t40,HMC,cross_subject,10,0.45121896477624085,0.2,balanced_chance,Unknown,Unknown,Unknown,,/benchmark-eeg/5.0_version/result_5/linear_downsample/HMC_cross_subject_linear_downsample/seed_10_downsample_t40/ratio_full/reve/summary.json
HMC_cross_subject_linear_downsample,reve,seed_42_downsample_t40,HMC,cross_subject,42,0.48292218436513945,0.2,balanced_chance,Unknown,Unknown,Unknown,,/benchmark-eeg/5.0_version/result_5/linear_downsample/HMC_cross_subject_linear_downsample/seed_42_downsample_t40/ratio_full/reve/summary.json
HMC_cross_subject_linear_downsample,reve,seed_5_downsample_t40,HMC,cross_subject,5,0.496399060238946,0.2,balanced_chance,Unknown,Unknown,Unknown,,/benchmark-eeg/5.0_version/result_5/linear_downsample/HMC_cross_subject_linear_downsample/seed_5_downsample_t40/ratio_full/reve/summary.json
ISRUC_S1_cross_subject_linear_downsample,bendr,seed_10_downsample_t40,ISRUC_S1,cross_subject,10,0.21892593432199686,0.2,balanced_chance,Unknown,Unknown,Unknown,,/benchmark-eeg/5.0_version/result_5/linear_downsample/ISRUC_S1_cross_subject_linear_downsample/seed_10_downsample_t40/ratio_full/bendr/summary.json
ISRUC_S1_cross_subject_linear_downsample,bendr,seed_42_downsample_t40,ISRUC_S1,cross_subject,42,0.2247997337473846,0.2,balanced_chance,Unknown,Unknown,Unknown,,/benchmark-eeg/5.0_version/result_5/linear_downsample/ISRUC_S1_cross_subject_linear_downsample/seed_42_downsample_t40/ratio_full/bendr/summary.json
ISRUC_S1_cross_subject_linear_downsample,bendr,seed_5_downsample_t40,ISRUC_S1,cross_subject,5,0.22673373701238822,0.2,balanced_chance,Unknown,Unknown,Unknown,,/benchmark-eeg/5.0_version/result_5/linear_downsample/ISRUC_S1_cross_subject_linear_downsample/seed_5_downsample_t40/ratio_full/bendr/summary.json
ISRUC_S1_cross_subject_linear_downsample,biot,seed_10_downsample_t40,ISRUC_S1,cross_subject,10,0.5568694734396182,0.2,balanced_chance,Unknown,Unknown,Unknown,,/benchmark-eeg/5.0_version/result_5/linear_downsample/ISRUC_S1_cross_subject_linear_downsample/seed_10_downsample_t40/ratio_full/biot/summary.json
ISRUC_S1_cross_subject_linear_downsample,biot,seed_42_downsample_t40,ISRUC_S1,cross_subject,42,0.567627740458955,0.2,balanced_chance,Unknown,Unknown,Unknown,,/benchmark-eeg/5.0_version/result_5/linear_downsample/ISRUC_S1_cross_subject_linear_downsample/seed_42_downsample_t40/ratio_full/biot/summary.json
ISRUC_S1_cross_subject_linear_downsample,biot,seed_5_downsample_t40,ISRUC_S1,cross_subject,5,0.5275139639377863,0.2,balanced_chance,Unknown,Unknown,Unknown,,/benchmark-eeg/5.0_version/result_5/linear_downsample/ISRUC_S1_cross_subject_linear_downsample/seed_5_downsample_t40/ratio_full/biot/summary.json
ISRUC_S1_cross_subject_linear_downsample,brainomni,seed_10_downsample_t40,ISRUC_S1,cross_subject,10,0.5611215779362422,0.2,balanced_chance,Unknown,Unknown,Unknown,,/benchmark-eeg/5.0_version/result_5/linear_downsample/ISRUC_S1_cross_subject_linear_downsample/seed_10_downsample_t40/ratio_full/brainomni/summary.json
ISRUC_S1_cross_subject_linear_downsample,brainomni,seed_42_downsample_t40,ISRUC_S1,cross_subject,42,0.5765177906263811,0.2,balanced_chance,Unknown,Unknown,Unknown,,/benchmark-eeg/5.0_version/result_5/linear_downsample/ISRUC_S1_cross_subject_linear_downsample/seed_42_downsample_t40/ratio_full/brainomni/summary.json
ISRUC_S1_cross_subject_linear_downsample,brainomni,seed_5_downsample_t40,ISRUC_S1,cross_subject,5,0.6293002893852895,0.2,balanced_chance,Unknown,Unknown,Unknown,,/benchmark-eeg/5.0_version/result_5/linear_downsample/ISRUC_S1_cross_subject_linear_downsample/seed_5_downsample_t40/ratio_full/brainomni/summary.json
ISRUC_S1_cross_subject_linear_downsample,cbramod,seed_10_downsample_t40,ISRUC_S1,cross_subject,10,0.4600650794072393,0.2,balanced_chance,Unknown,Unknown,Unknown,,/benchmark-eeg/5.0_version/result_5/linear_downsample/ISRUC_S1_cross_subject_linear_downsample/seed_10_downsample_t40/ratio_full/cbramod/summary.json
ISRUC_S1_cross_subject_linear_downsample,cbramod,seed_42_downsample_t40,ISRUC_S1,cross_subject,42,0.37918367074687886,0.2,balanced_chance,Unknown,Unknown,Unknown,,/benchmark-eeg/5.0_version/result_5/linear_downsample/ISRUC_S1_cross_subject_linear_downsample/seed_42_downsample_t40/ratio_full/cbramod/summary.json
ISRUC_S1_cross_subject_linear_downsample,cbramod,seed_5_downsample_t40,ISRUC_S1,cross_subject,5,0.5146616525923522,0.2,balanced_chance,Unknown,Unknown,Unknown,,/benchmark-eeg/5.0_version/result_5/linear_downsample/ISRUC_S1_cross_subject_linear_downsample/seed_5_downsample_t40/ratio_full/cbramod/summary.json
ISRUC_S1_cross_subject_linear_downsample,eegmamba,seed_10_downsample_t40,ISRUC_S1,cross_subject,10,0.49924143993444314,0.2,balanced_chance,Unknown,Unknown,Unknown,,/benchmark-eeg/5.0_version/result_5/linear_downsample/ISRUC_S1_cross_subject_linear_downsample/seed_10_downsample_t40/ratio_full/eegmamba/summary.json
ISRUC_S1_cross_subject_linear_downsample,eegmamba,seed_42_downsample_t40,ISRUC_S1,cross_subject,42,0.41536376414036813,0.2,balanced_chance,Unknown,Unknown,Unknown,,/benchmark-eeg/5.0_version/result_5/linear_downsample/ISRUC_S1_cross_subject_linear_downsample/seed_42_downsample_t40/ratio_full/eegmamba/summary.json
ISRUC_S1_cross_subject_linear_downsample,eegmamba,seed_5_downsample_t40,ISRUC_S1,cross_subject,5,0.5110464272587666,0.2,balanced_chance,Unknown,Unknown,Unknown,,/benchmark-eeg/5.0_version/result_5/linear_downsample/ISRUC_S1_cross_subject_linear_downsample/seed_5_downsample_t40/ratio_full/eegmamba/summary.json
ISRUC_S1_cross_subject_linear_downsample,femba,seed_10_downsample_t40,ISRUC_S1,cross_subject,10,0.6041107530607632,0.2,balanced_chance,Unknown,Unknown,Unknown,,/benchmark-eeg/5.0_version/result_5/linear_downsample/ISRUC_S1_cross_subject_linear_downsample/seed_10_downsample_t40/ratio_full/femba/summary.json
ISRUC_S1_cross_subject_linear_downsample,femba,seed_42_downsample_t40,ISRUC_S1,cross_subject,42,0.5401401939282964,0.2,balanced_chance,Unknown,Unknown,Unknown,,/benchmark-eeg/5.0_version/result_5/linear_downsample/ISRUC_S1_cross_subject_linear_downsample/seed_42_downsample_t40/ratio_full/femba/summary.json
ISRUC_S1_cross_subject_linear_downsample,femba,seed_5_downsample_t40,ISRUC_S1,cross_subject,5,0.614763246815078,0.2,balanced_chance,Unknown,Unknown,Unknown,,/benchmark-eeg/5.0_version/result_5/linear_downsample/ISRUC_S1_cross_subject_linear_downsample/seed_5_downsample_t40/ratio_full/femba/summary.json
ISRUC_S1_cross_subject_linear_downsample,labram,seed_10_downsample_t40,ISRUC_S1,cross_subject,10,0.5498371342283498,0.2,balanced_chance,Unknown,Unknown,Unknown,,/benchmark-eeg/5.0_version/result_5/linear_downsample/ISRUC_S1_cross_subject_linear_downsample/seed_10_downsample_t40/ratio_full/labram/summary.json
ISRUC_S1_cross_subject_linear_downsample,labram,seed_42_downsample_t40,ISRUC_S1,cross_subject,42,0.517913802737135,0.2,balanced_chance,Unknown,Unknown,Unknown,,/benchmark-eeg/5.0_version/result_5/linear_downsample/ISRUC_S1_cross_subject_linear_downsample/seed_42_downsample_t40/ratio_full/labram/summary.json
ISRUC_S1_cross_subject_linear_downsample,labram,seed_5_downsample_t40,ISRUC_S1,cross_subject,5,0.5879333194995493,0.2,balanced_chance,Unknown,Unknown,Unknown,,/benchmark-eeg/5.0_version/result_5/linear_downsample/ISRUC_S1_cross_subject_linear_downsample/seed_5_downsample_t40/ratio_full/labram/summary.json
ISRUC_S1_cross_subject_linear_downsample,neurogpt,seed_10_downsample_t40,ISRUC_S1,cross_subject,10,0.48066991162376543,0.2,balanced_chance,Unknown,Unknown,Unknown,,/benchmark-eeg/5.0_version/result_5/linear_downsample/ISRUC_S1_cross_subject_linear_downsample/seed_10_downsample_t40/ratio_full/neurogpt/summary.json
ISRUC_S1_cross_subject_linear_downsample,neurogpt,seed_42_downsample_t40,ISRUC_S1,cross_subject,42,0.5305615036055112,0.2,balanced_chance,Unknown,Unknown,Unknown,,/benchmark-eeg/5.0_version/result_5/linear_downsample/ISRUC_S1_cross_subject_linear_downsample/seed_42_downsample_t40/ratio_full/neurogpt/summary.json
ISRUC_S1_cross_subject_linear_downsample,neurogpt,seed_5_downsample_t40,ISRUC_S1,cross_subject,5,0.5563143191907612,0.2,balanced_chance,Unknown,Unknown,Unknown,,/benchmark-eeg/5.0_version/result_5/linear_downsample/ISRUC_S1_cross_subject_linear_downsample/seed_5_downsample_t40/ratio_full/neurogpt/summary.json
ISRUC_S1_cross_subject_linear_downsample,neurolm,seed_10_downsample_t40,ISRUC_S1,cross_subject,10,0.598067275086792,0.2,balanced_chance,Unknown,Unknown,Unknown,,/benchmark-eeg/5.0_version/result_5/linear_downsample/ISRUC_S1_cross_subject_linear_downsample/seed_10_downsample_t40/ratio_full/neurolm/summary.json
ISRUC_S1_cross_subject_linear_downsample,neurolm,seed_42_downsample_t40,ISRUC_S1,cross_subject,42,0.5612188541103139,0.2,balanced_chance,Unknown,Unknown,Unknown,,/benchmark-eeg/5.0_version/result_5/linear_downsample/ISRUC_S1_cross_subject_linear_downsample/seed_42_downsample_t40/ratio_full/neurolm/summary.json
ISRUC_S1_cross_subject_linear_downsample,neurolm,seed_5_downsample_t40,ISRUC_S1,cross_subject,5,0.6113032398879422,0.2,balanced_chance,Unknown,Unknown,Unknown,,/benchmark-eeg/5.0_version/result_5/linear_downsample/ISRUC_S1_cross_subject_linear_downsample/seed_5_downsample_t40/ratio_full/neurolm/summary.json
ISRUC_S1_cross_subject_linear_downsample,reve,seed_10_downsample_t40,ISRUC_S1,cross_subject,10,0.4434905413331295,0.2,balanced_chance,Unknown,Unknown,Unknown,,/benchmark-eeg/5.0_version/result_5/linear_downsample/ISRUC_S1_cross_subject_linear_downsample/seed_10_downsample_t40/ratio_full/reve/summary.json
ISRUC_S1_cross_subject_linear_downsample,reve,seed_42_downsample_t40,ISRUC_S1,cross_subject,42,0.41766433500302125,0.2,balanced_chance,Unknown,Unknown,Unknown,,/benchmark-eeg/5.0_version/result_5/linear_downsample/ISRUC_S1_cross_subject_linear_downsample/seed_42_downsample_t40/ratio_full/reve/summary.json
ISRUC_S1_cross_subject_linear_downsample,reve,seed_5_downsample_t40,ISRUC_S1,cross_subject,5,0.45814718406757704,0.2,balanced_chance,Unknown,Unknown,Unknown,,/benchmark-eeg/5.0_version/result_5/linear_downsample/ISRUC_S1_cross_subject_linear_downsample/seed_5_downsample_t40/ratio_full/reve/summary.json
ISRUC_S2_wsn_cross_subject_linear_downsample,bendr,seed_10_downsample_t40,ISRUC_S2_wsn,cross_subject,10,0.1895619537862918,0.2,balanced_chance,Unknown,Unknown,Unknown,,/benchmark-eeg/5.0_version/result_5/linear_downsample/ISRUC_S2_wsn_cross_subject_linear_downsample/seed_10_downsample_t40/ratio_full/bendr/summary.json
ISRUC_S2_wsn_cross_subject_linear_downsample,bendr,seed_42_downsample_t40,ISRUC_S2_wsn,cross_subject,42,0.1981017209366221,0.2,balanced_chance,Unknown,Unknown,Unknown,,/benchmark-eeg/5.0_version/result_5/linear_downsample/ISRUC_S2_wsn_cross_subject_linear_downsample/seed_42_downsample_t40/ratio_full/bendr/summary.json
ISRUC_S2_wsn_cross_subject_linear_downsample,bendr,seed_5_downsample_t40,ISRUC_S2_wsn,cross_subject,5,0.16591322058561972,0.2,balanced_chance,Unknown,Unknown,Unknown,,/benchmark-eeg/5.0_version/result_5/linear_downsample/ISRUC_S2_wsn_cross_subject_linear_downsample/seed_5_downsample_t40/ratio_full/bendr/summary.json
ISRUC_S2_wsn_cross_subject_linear_downsample,biot,seed_10_downsample_t40,ISRUC_S2_wsn,cross_subject,10,0.23963557294573387,0.2,balanced_chance,Unknown,Unknown,Unknown,,/benchmark-eeg/5.0_version/result_5/linear_downsample/ISRUC_S2_wsn_cross_subject_linear_downsample/seed_10_downsample_t40/ratio_full/biot/summary.json
ISRUC_S2_wsn_cross_subject_linear_downsample,biot,seed_42_downsample_t40,ISRUC_S2_wsn,cross_subject,42,0.2239270378490123,0.2,balanced_chance,Unknown,Unknown,Unknown,,/benchmark-eeg/5.0_version/result_5/linear_downsample/ISRUC_S2_wsn_cross_subject_linear_downsample/seed_42_downsample_t40/ratio_full/biot/summary.json
ISRUC_S2_wsn_cross_subject_linear_downsample,biot,seed_5_downsample_t40,ISRUC_S2_wsn,cross_subject,5,0.19950979064146962,0.2,balanced_chance,Unknown,Unknown,Unknown,,/benchmark-eeg/5.0_version/result_5/linear_downsample/ISRUC_S2_wsn_cross_subject_linear_downsample/seed_5_downsample_t40/ratio_full/biot/summary.json
ISRUC_S2_wsn_cross_subject_linear_downsample,brainomni,seed_10_downsample_t40,ISRUC_S2_wsn,cross_subject,10,0.21201552403428633,0.2,balanced_chance,Unknown,Unknown,Unknown,,/benchmark-eeg/5.0_version/result_5/linear_downsample/ISRUC_S2_wsn_cross_subject_linear_downsample/seed_10_downsample_t40/ratio_full/brainomni/summary.json
ISRUC_S2_wsn_cross_subject_linear_downsample,brainomni,seed_42_downsample_t40,ISRUC_S2_wsn,cross_subject,42,0.23758127088580822,0.2,balanced_chance,Unknown,Unknown,Unknown,,/benchmark-eeg/5.0_version/result_5/linear_downsample/ISRUC_S2_wsn_cross_subject_linear_downsample/seed_42_downsample_t40/ratio_full/brainomni/summary.json
ISRUC_S2_wsn_cross_subject_linear_downsample,brainomni,seed_5_downsample_t40,ISRUC_S2_wsn,cross_subject,5,0.1575747876074395,0.2,balanced_chance,Unknown,Unknown,Unknown,,/benchmark-eeg/5.0_version/result_5/linear_downsample/ISRUC_S2_wsn_cross_subject_linear_downsample/seed_5_downsample_t40/ratio_full/brainomni/summary.json
ISRUC_S2_wsn_cross_subject_linear_downsample,cbramod,seed_10_downsample_t40,ISRUC_S2_wsn,cross_subject,10,0.06740331491712707,0.2,balanced_chance,Unknown,Unknown,Unknown,,/benchmark-eeg/5.0_version/result_5/linear_downsample/ISRUC_S2_wsn_cross_subject_linear_downsample/seed_10_downsample_t40/ratio_full/cbramod/summary.json
ISRUC_S2_wsn_cross_subject_linear_downsample,cbramod,seed_42_downsample_t40,ISRUC_S2_wsn,cross_subject,42,0.12504260108297077,0.2,balanced_chance,Unknown,Unknown,Unknown,,/benchmark-eeg/5.0_version/result_5/linear_downsample/ISRUC_S2_wsn_cross_subject_linear_downsample/seed_42_downsample_t40/ratio_full/cbramod/summary.json
ISRUC_S2_wsn_cross_subject_linear_downsample,cbramod,seed_5_downsample_t40,ISRUC_S2_wsn,cross_subject,5,0.06746543778801843,0.2,balanced_chance,Unknown,Unknown,Unknown,,/benchmark-eeg/5.0_version/result_5/linear_downsample/ISRUC_S2_wsn_cross_subject_linear_downsample/seed_5_downsample_t40/ratio_full/cbramod/summary.json
ISRUC_S2_wsn_cross_subject_linear_downsample,eegmamba,seed_10_downsample_t40,ISRUC_S2_wsn,cross_subject,10,0.08773660055184793,0.2,balanced_chance,Unknown,Unknown,Unknown,,/benchmark-eeg/5.0_version/result_5/linear_downsample/ISRUC_S2_wsn_cross_subject_linear_downsample/seed_10_downsample_t40/ratio_full/eegmamba/summary.json
ISRUC_S2_wsn_cross_subject_linear_downsample,eegmamba,seed_42_downsample_t40,ISRUC_S2_wsn,cross_subject,42,0.11679577321682584,0.2,balanced_chance,Unknown,Unknown,Unknown,,/benchmark-eeg/5.0_version/result_5/linear_downsample/ISRUC_S2_wsn_cross_subject_linear_downsample/seed_42_downsample_t40/ratio_full/eegmamba/summary.json
ISRUC_S2_wsn_cross_subject_linear_downsample,eegmamba,seed_5_downsample_t40,ISRUC_S2_wsn,cross_subject,5,0.11164570230607969,0.2,balanced_chance,Unknown,Unknown,Unknown,,/benchmark-eeg/5.0_version/result_5/linear_downsample/ISRUC_S2_wsn_cross_subject_linear_downsample/seed_5_downsample_t40/ratio_full/eegmamba/summary.json
ISRUC_S2_wsn_cross_subject_linear_downsample,femba,seed_10_downsample_t40,ISRUC_S2_wsn,cross_subject,10,0.23348657428352046,0.2,balanced_chance,Unknown,Unknown,Unknown,,/benchmark-eeg/5.0_version/result_5/linear_downsample/ISRUC_S2_wsn_cross_subject_linear_downsample/seed_10_downsample_t40/ratio_full/femba/summary.json
ISRUC_S2_wsn_cross_subject_linear_downsample,femba,seed_42_downsample_t40,ISRUC_S2_wsn,cross_subject,42,0.16756553466148189,0.2,balanced_chance,Unknown,Unknown,Unknown,,/benchmark-eeg/5.0_version/result_5/linear_downsample/ISRUC_S2_wsn_cross_subject_linear_downsample/seed_42_downsample_t40/ratio_full/femba/summary.json
ISRUC_S2_wsn_cross_subject_linear_downsample,femba,seed_5_downsample_t40,ISRUC_S2_wsn,cross_subject,5,0.1576065189981421,0.2,balanced_chance,Unknown,Unknown,Unknown,,/benchmark-eeg/5.0_version/result_5/linear_downsample/ISRUC_S2_wsn_cross_subject_linear_downsample/seed_5_downsample_t40/ratio_full/femba/summary.json
ISRUC_S2_wsn_cross_subject_linear_downsample,labram,seed_10_downsample_t40,ISRUC_S2_wsn,cross_subject,10,0.108454051954508,0.2,balanced_chance,Unknown,Unknown,Unknown,,/benchmark-eeg/5.0_version/result_5/linear_downsample/ISRUC_S2_wsn_cross_subject_linear_downsample/seed_10_downsample_t40/ratio_full/labram/summary.json
ISRUC_S2_wsn_cross_subject_linear_downsample,labram,seed_42_downsample_t40,ISRUC_S2_wsn,cross_subject,42,0.07252375616964093,0.2,balanced_chance,Unknown,Unknown,Unknown,,/benchmark-eeg/5.0_version/result_5/linear_downsample/ISRUC_S2_wsn_cross_subject_linear_downsample/seed_42_downsample_t40/ratio_full/labram/summary.json
ISRUC_S2_wsn_cross_subject_linear_downsample,labram,seed_5_downsample_t40,ISRUC_S2_wsn,cross_subject,5,0.1551231518315932,0.2,balanced_chance,Unknown,Unknown,Unknown,,/benchmark-eeg/5.0_version/result_5/linear_downsample/ISRUC_S2_wsn_cross_subject_linear_downsample/seed_5_downsample_t40/ratio_full/labram/summary.json
ISRUC_S2_wsn_cross_subject_linear_downsample,neurogpt,seed_10_downsample_t40,ISRUC_S2_wsn,cross_subject,10,0.17597400508859956,0.2,balanced_chance,Unknown,Unknown,Unknown,,/benchmark-eeg/5.0_version/result_5/linear_downsample/ISRUC_S2_wsn_cross_subject_linear_downsample/seed_10_downsample_t40/ratio_full/neurogpt/summary.json
ISRUC_S2_wsn_cross_subject_linear_downsample,neurogpt,seed_42_downsample_t40,ISRUC_S2_wsn,cross_subject,42,0.1946088565971607,0.2,balanced_chance,Unknown,Unknown,Unknown,,/benchmark-eeg/5.0_version/result_5/linear_downsample/ISRUC_S2_wsn_cross_subject_linear_downsample/seed_42_downsample_t40/ratio_full/neurogpt/summary.json
ISRUC_S2_wsn_cross_subject_linear_downsample,neurogpt,seed_5_downsample_t40,ISRUC_S2_wsn,cross_subject,5,0.21891706833098706,0.2,balanced_chance,Unknown,Unknown,Unknown,,/benchmark-eeg/5.0_version/result_5/linear_downsample/ISRUC_S2_wsn_cross_subject_linear_downsample/seed_5_downsample_t40/ratio_full/neurogpt/summary.json
ISRUC_S2_wsn_cross_subject_linear_downsample,neurolm,seed_10_downsample_t40,ISRUC_S2_wsn,cross_subject,10,0.15375266122161202,0.2,balanced_chance,Unknown,Unknown,Unknown,,/benchmark-eeg/5.0_version/result_5/linear_downsample/ISRUC_S2_wsn_cross_subject_linear_downsample/seed_10_downsample_t40/ratio_full/neurolm/summary.json
ISRUC_S2_wsn_cross_subject_linear_downsample,neurolm,seed_42_downsample_t40,ISRUC_S2_wsn,cross_subject,42,0.13411129548793313,0.2,balanced_chance,Unknown,Unknown,Unknown,,/benchmark-eeg/5.0_version/result_5/linear_downsample/ISRUC_S2_wsn_cross_subject_linear_downsample/seed_42_downsample_t40/ratio_full/neurolm/summary.json
ISRUC_S2_wsn_cross_subject_linear_downsample,neurolm,seed_5_downsample_t40,ISRUC_S2_wsn,cross_subject,5,0.08154400075363097,0.2,balanced_chance,Unknown,Unknown,Unknown,,/benchmark-eeg/5.0_version/result_5/linear_downsample/ISRUC_S2_wsn_cross_subject_linear_downsample/seed_5_downsample_t40/ratio_full/neurolm/summary.json
ISRUC_S2_wsn_cross_subject_linear_downsample,reve,seed_10_downsample_t40,ISRUC_S2_wsn,cross_subject,10,0.2312141073784321,0.2,balanced_chance,Unknown,Unknown,Unknown,,/benchmark-eeg/5.0_version/result_5/linear_downsample/ISRUC_S2_wsn_cross_subject_linear_downsample/seed_10_downsample_t40/ratio_full/reve/summary.json
ISRUC_S2_wsn_cross_subject_linear_downsample,reve,seed_42_downsample_t40,ISRUC_S2_wsn,cross_subject,42,0.23155692034630554,0.2,balanced_chance,Unknown,Unknown,Unknown,,/benchmark-eeg/5.0_version/result_5/linear_downsample/ISRUC_S2_wsn_cross_subject_linear_downsample/seed_42_downsample_t40/ratio_full/reve/summary.json
ISRUC_S2_wsn_cross_subject_linear_downsample,reve,seed_5_downsample_t40,ISRUC_S2_wsn,cross_subject,5,0.21921973384928775,0.2,balanced_chance,Unknown,Unknown,Unknown,,/benchmark-eeg/5.0_version/result_5/linear_downsample/ISRUC_S2_wsn_cross_subject_linear_downsample/seed_5_downsample_t40/ratio_full/reve/summary.json
ISRUC_S3_wsn_cross_subject_linear_downsample,bendr,seed_10_downsample_t40,ISRUC_S3_wsn,cross_subject,10,0.17334524690668923,0.2,balanced_chance,Unknown,Unknown,Unknown,,/benchmark-eeg/5.0_version/result_5/linear_downsample/ISRUC_S3_wsn_cross_subject_linear_downsample/seed_10_downsample_t40/ratio_full/bendr/summary.json
ISRUC_S3_wsn_cross_subject_linear_downsample,bendr,seed_42_downsample_t40,ISRUC_S3_wsn,cross_subject,42,0.1338885666539664,0.2,balanced_chance,Unknown,Unknown,Unknown,,/benchmark-eeg/5.0_version/result_5/linear_downsample/ISRUC_S3_wsn_cross_subject_linear_downsample/seed_42_downsample_t40/ratio_full/bendr/summary.json
ISRUC_S3_wsn_cross_subject_linear_downsample,bendr,seed_5_downsample_t40,ISRUC_S3_wsn,cross_subject,5,0.19954075912904462,0.2,balanced_chance,Unknown,Unknown,Unknown,,/benchmark-eeg/5.0_version/result_5/linear_downsample/ISRUC_S3_wsn_cross_subject_linear_downsample/seed_5_downsample_t40/ratio_full/bendr/summary.json
ISRUC_S3_wsn_cross_subject_linear_downsample,biot,seed_10_downsample_t40,ISRUC_S3_wsn,cross_subject,10,0.2844239517714782,0.2,balanced_chance,Unknown,Unknown,Unknown,,/benchmark-eeg/5.0_version/result_5/linear_downsample/ISRUC_S3_wsn_cross_subject_linear_downsample/seed_10_downsample_t40/ratio_full/biot/summary.json
ISRUC_S3_wsn_cross_subject_linear_downsample,biot,seed_42_downsample_t40,ISRUC_S3_wsn,cross_subject,42,0.30412056617471406,0.2,balanced_chance,Unknown,Unknown,Unknown,,/benchmark-eeg/5.0_version/result_5/linear_downsample/ISRUC_S3_wsn_cross_subject_linear_downsample/seed_42_downsample_t40/ratio_full/biot/summary.json
ISRUC_S3_wsn_cross_subject_linear_downsample,biot,seed_5_downsample_t40,ISRUC_S3_wsn,cross_subject,5,0.24365074201267492,0.2,balanced_chance,Unknown,Unknown,Unknown,,/benchmark-eeg/5.0_version/result_5/linear_downsample/ISRUC_S3_wsn_cross_subject_linear_downsample/seed_5_downsample_t40/ratio_full/biot/summary.json
ISRUC_S3_wsn_cross_subject_linear_downsample,brainomni,seed_10_downsample_t40,ISRUC_S3_wsn,cross_subject,10,0.2907966622959826,0.2,balanced_chance,Unknown,Unknown,Unknown,,/benchmark-eeg/5.0_version/result_5/linear_downsample/ISRUC_S3_wsn_cross_subject_linear_downsample/seed_10_downsample_t40/ratio_full/brainomni/summary.json
ISRUC_S3_wsn_cross_subject_linear_downsample,brainomni,seed_42_downsample_t40,ISRUC_S3_wsn,cross_subject,42,0.2716039022877704,0.2,balanced_chance,Unknown,Unknown,Unknown,,/benchmark-eeg/5.0_version/result_5/linear_downsample/ISRUC_S3_wsn_cross_subject_linear_downsample/seed_42_downsample_t40/ratio_full/brainomni/summary.json
ISRUC_S3_wsn_cross_subject_linear_downsample,brainomni,seed_5_downsample_t40,ISRUC_S3_wsn,cross_subject,5,0.28143254995752975,0.2,balanced_chance,Unknown,Unknown,Unknown,,/benchmark-eeg/5.0_version/result_5/linear_downsample/ISRUC_S3_wsn_cross_subject_linear_downsample/seed_5_downsample_t40/ratio_full/brainomni/summary.json
ISRUC_S3_wsn_cross_subject_linear_downsample,cbramod,seed_10_downsample_t40,ISRUC_S3_wsn,cross_subject,10,0.25738207229876175,0.2,balanced_chance,Unknown,Unknown,Unknown,,/benchmark-eeg/5.0_version/result_5/linear_downsample/ISRUC_S3_wsn_cross_subject_linear_downsample/seed_10_downsample_t40/ratio_full/cbramod/summary.json
ISRUC_S3_wsn_cross_subject_linear_downsample,cbramod,seed_42_downsample_t40,ISRUC_S3_wsn,cross_subject,42,0.16916808278294587,0.2,balanced_chance,Unknown,Unknown,Unknown,,/benchmark-eeg/5.0_version/result_5/linear_downsample/ISRUC_S3_wsn_cross_subject_linear_downsample/seed_42_downsample_t40/ratio_full/cbramod/summary.json
ISRUC_S3_wsn_cross_subject_linear_downsample,cbramod,seed_5_downsample_t40,ISRUC_S3_wsn,cross_subject,5,0.2106708643424012,0.2,balanced_chance,Unknown,Unknown,Unknown,,/benchmark-eeg/5.0_version/result_5/linear_downsample/ISRUC_S3_wsn_cross_subject_linear_downsample/seed_5_downsample_t40/ratio_full/cbramod/summary.json
ISRUC_S3_wsn_cross_subject_linear_downsample,eegmamba,seed_10_downsample_t40,ISRUC_S3_wsn,cross_subject,10,0.23438514447680533,0.2,balanced_chance,Unknown,Unknown,Unknown,,/benchmark-eeg/5.0_version/result_5/linear_downsample/ISRUC_S3_wsn_cross_subject_linear_downsample/seed_10_downsample_t40/ratio_full/eegmamba/summary.json
ISRUC_S3_wsn_cross_subject_linear_downsample,eegmamba,seed_42_downsample_t40,ISRUC_S3_wsn,cross_subject,42,0.2588567640069058,0.2,balanced_chance,Unknown,Unknown,Unknown,,/benchmark-eeg/5.0_version/result_5/linear_downsample/ISRUC_S3_wsn_cross_subject_linear_downsample/seed_42_downsample_t40/ratio_full/eegmamba/summary.json
ISRUC_S3_wsn_cross_subject_linear_downsample,eegmamba,seed_5_downsample_t40,ISRUC_S3_wsn,cross_subject,5,0.2171953187077087,0.2,balanced_chance,Unknown,Unknown,Unknown,,/benchmark-eeg/5.0_version/result_5/linear_downsample/ISRUC_S3_wsn_cross_subject_linear_downsample/seed_5_downsample_t40/ratio_full/eegmamba/summary.json
ISRUC_S3_wsn_cross_subject_linear_downsample,femba,seed_10_downsample_t40,ISRUC_S3_wsn,cross_subject,10,0.23520961218002728,0.2,balanced_chance,Unknown,Unknown,Unknown,,/benchmark-eeg/5.0_version/result_5/linear_downsample/ISRUC_S3_wsn_cross_subject_linear_downsample/seed_10_downsample_t40/ratio_full/femba/summary.json
ISRUC_S3_wsn_cross_subject_linear_downsample,femba,seed_42_downsample_t40,ISRUC_S3_wsn,cross_subject,42,0.2894295688424612,0.2,balanced_chance,Unknown,Unknown,Unknown,,/benchmark-eeg/5.0_version/result_5/linear_downsample/ISRUC_S3_wsn_cross_subject_linear_downsample/seed_42_downsample_t40/ratio_full/femba/summary.json
ISRUC_S3_wsn_cross_subject_linear_downsample,femba,seed_5_downsample_t40,ISRUC_S3_wsn,cross_subject,5,0.3334811506054001,0.2,balanced_chance,Unknown,Unknown,Unknown,,/benchmark-eeg/5.0_version/result_5/linear_downsample/ISRUC_S3_wsn_cross_subject_linear_downsample/seed_5_downsample_t40/ratio_full/femba/summary.json
ISRUC_S3_wsn_cross_subject_linear_downsample,labram,seed_10_downsample_t40,ISRUC_S3_wsn,cross_subject,10,0.18332098486951637,0.2,balanced_chance,Unknown,Unknown,Unknown,,/benchmark-eeg/5.0_version/result_5/linear_downsample/ISRUC_S3_wsn_cross_subject_linear_downsample/seed_10_downsample_t40/ratio_full/labram/summary.json
ISRUC_S3_wsn_cross_subject_linear_downsample,labram,seed_42_downsample_t40,ISRUC_S3_wsn,cross_subject,42,0.21616815966765107,0.2,balanced_chance,Unknown,Unknown,Unknown,,/benchmark-eeg/5.0_version/result_5/linear_downsample/ISRUC_S3_wsn_cross_subject_linear_downsample/seed_42_downsample_t40/ratio_full/labram/summary.json
ISRUC_S3_wsn_cross_subject_linear_downsample,labram,seed_5_downsample_t40,ISRUC_S3_wsn,cross_subject,5,0.2586082729143695,0.2,balanced_chance,Unknown,Unknown,Unknown,,/benchmark-eeg/5.0_version/result_5/linear_downsample/ISRUC_S3_wsn_cross_subject_linear_downsample/seed_5_downsample_t40/ratio_full/labram/summary.json
ISRUC_S3_wsn_cross_subject_linear_downsample,neurogpt,seed_10_downsample_t40,ISRUC_S3_wsn,cross_subject,10,0.2630276679961832,0.2,balanced_chance,Unknown,Unknown,Unknown,,/benchmark-eeg/5.0_version/result_5/linear_downsample/ISRUC_S3_wsn_cross_subject_linear_downsample/seed_10_downsample_t40/ratio_full/neurogpt/summary.json
ISRUC_S3_wsn_cross_subject_linear_downsample,neurogpt,seed_42_downsample_t40,ISRUC_S3_wsn,cross_subject,42,0.2867193348138492,0.2,balanced_chance,Unknown,Unknown,Unknown,,/benchmark-eeg/5.0_version/result_5/linear_downsample/ISRUC_S3_wsn_cross_subject_linear_downsample/seed_42_downsample_t40/ratio_full/neurogpt/summary.json
ISRUC_S3_wsn_cross_subject_linear_downsample,neurogpt,seed_5_downsample_t40,ISRUC_S3_wsn,cross_subject,5,0.19658839311452228,0.2,balanced_chance,Unknown,Unknown,Unknown,,/benchmark-eeg/5.0_version/result_5/linear_downsample/ISRUC_S3_wsn_cross_subject_linear_downsample/seed_5_downsample_t40/ratio_full/neurogpt/summary.json
ISRUC_S3_wsn_cross_subject_linear_downsample,neurolm,seed_10_downsample_t40,ISRUC_S3_wsn,cross_subject,10,0.24553038613566708,0.2,balanced_chance,Unknown,Unknown,Unknown,,/benchmark-eeg/5.0_version/result_5/linear_downsample/ISRUC_S3_wsn_cross_subject_linear_downsample/seed_10_downsample_t40/ratio_full/neurolm/summary.json
ISRUC_S3_wsn_cross_subject_linear_downsample,neurolm,seed_42_downsample_t40,ISRUC_S3_wsn,cross_subject,42,0.20501171794730846,0.2,balanced_chance,Unknown,Unknown,Unknown,,/benchmark-eeg/5.0_version/result_5/linear_downsample/ISRUC_S3_wsn_cross_subject_linear_downsample/seed_42_downsample_t40/ratio_full/neurolm/summary.json
ISRUC_S3_wsn_cross_subject_linear_downsample,neurolm,seed_5_downsample_t40,ISRUC_S3_wsn,cross_subject,5,0.3515011876572066,0.2,balanced_chance,Unknown,Unknown,Unknown,,/benchmark-eeg/5.0_version/result_5/linear_downsample/ISRUC_S3_wsn_cross_subject_linear_downsample/seed_5_downsample_t40/ratio_full/neurolm/summary.json
ISRUC_S3_wsn_cross_subject_linear_downsample,reve,seed_10_downsample_t40,ISRUC_S3_wsn,cross_subject,10,0.30155057667378954,0.2,balanced_chance,Unknown,Unknown,Unknown,,/benchmark-eeg/5.0_version/result_5/linear_downsample/ISRUC_S3_wsn_cross_subject_linear_downsample/seed_10_downsample_t40/ratio_full/reve/summary.json
ISRUC_S3_wsn_cross_subject_linear_downsample,reve,seed_42_downsample_t40,ISRUC_S3_wsn,cross_subject,42,0.3183365505272583,0.2,balanced_chance,Unknown,Unknown,Unknown,,/benchmark-eeg/5.0_version/result_5/linear_downsample/ISRUC_S3_wsn_cross_subject_linear_downsample/seed_42_downsample_t40/ratio_full/reve/summary.json
ISRUC_S3_wsn_cross_subject_linear_downsample,reve,seed_5_downsample_t40,ISRUC_S3_wsn,cross_subject,5,0.30354338868972536,0.2,balanced_chance,Unknown,Unknown,Unknown,,/benchmark-eeg/5.0_version/result_5/linear_downsample/ISRUC_S3_wsn_cross_subject_linear_downsample/seed_5_downsample_t40/ratio_full/reve/summary.json
LEMON_age_wsn_cross_subject_linear_downsample,bendr,seed_10_downsample_t40,LEMON_age_wsn,cross_subject,10,0.2660450517564182,0.25,balanced_chance,Unknown,Unknown,Unknown,,/benchmark-eeg/5.0_version/result_5/linear_downsample/LEMON_age_wsn_cross_subject_linear_downsample/seed_10_downsample_t40/ratio_full/bendr/summary.json
LEMON_age_wsn_cross_subject_linear_downsample,bendr,seed_42_downsample_t40,LEMON_age_wsn,cross_subject,42,0.25396825396825395,0.25,balanced_chance,Unknown,Unknown,Unknown,,/benchmark-eeg/5.0_version/result_5/linear_downsample/LEMON_age_wsn_cross_subject_linear_downsample/seed_42_downsample_t40/ratio_full/bendr/summary.json
LEMON_age_wsn_cross_subject_linear_downsample,bendr,seed_5_downsample_t40,LEMON_age_wsn,cross_subject,5,0.20012679628064242,0.25,balanced_chance,Unknown,Unknown,Unknown,,/benchmark-eeg/5.0_version/result_5/linear_downsample/LEMON_age_wsn_cross_subject_linear_downsample/seed_5_downsample_t40/ratio_full/bendr/summary.json
LEMON_age_wsn_cross_subject_linear_downsample,biot,seed_10_downsample_t40,LEMON_age_wsn,cross_subject,10,0.4239871033087887,0.25,balanced_chance,Unknown,Unknown,Unknown,,/benchmark-eeg/5.0_version/result_5/linear_downsample/LEMON_age_wsn_cross_subject_linear_downsample/seed_10_downsample_t40/ratio_full/biot/summary.json
LEMON_age_wsn_cross_subject_linear_downsample,biot,seed_42_downsample_t40,LEMON_age_wsn,cross_subject,42,0.45745785937570904,0.25,balanced_chance,Unknown,Unknown,Unknown,,/benchmark-eeg/5.0_version/result_5/linear_downsample/LEMON_age_wsn_cross_subject_linear_downsample/seed_42_downsample_t40/ratio_full/biot/summary.json
LEMON_age_wsn_cross_subject_linear_downsample,biot,seed_5_downsample_t40,LEMON_age_wsn,cross_subject,5,0.5165308429836912,0.25,balanced_chance,Unknown,Unknown,Unknown,,/benchmark-eeg/5.0_version/result_5/linear_downsample/LEMON_age_wsn_cross_subject_linear_downsample/seed_5_downsample_t40/ratio_full/biot/summary.json
LEMON_age_wsn_cross_subject_linear_downsample,brainomni,seed_10_downsample_t40,LEMON_age_wsn,cross_subject,10,0.3583859585405051,0.25,balanced_chance,Unknown,Unknown,Unknown,,/benchmark-eeg/5.0_version/result_5/linear_downsample/LEMON_age_wsn_cross_subject_linear_downsample/seed_10_downsample_t40/ratio_full/brainomni/summary.json
LEMON_age_wsn_cross_subject_linear_downsample,brainomni,seed_42_downsample_t40,LEMON_age_wsn,cross_subject,42,0.4561162387735613,0.25,balanced_chance,Unknown,Unknown,Unknown,,/benchmark-eeg/5.0_version/result_5/linear_downsample/LEMON_age_wsn_cross_subject_linear_downsample/seed_42_downsample_t40/ratio_full/brainomni/summary.json
LEMON_age_wsn_cross_subject_linear_downsample,brainomni,seed_5_downsample_t40,LEMON_age_wsn,cross_subject,5,0.5209500241006056,0.25,balanced_chance,Unknown,Unknown,Unknown,,/benchmark-eeg/5.0_version/result_5/linear_downsample/LEMON_age_wsn_cross_subject_linear_downsample/seed_5_downsample_t40/ratio_full/brainomni/summary.json
LEMON_age_wsn_cross_subject_linear_downsample,cbramod,seed_10_downsample_t40,LEMON_age_wsn,cross_subject,10,0.2658291863899341,0.25,balanced_chance,Unknown,Unknown,Unknown,,/benchmark-eeg/5.0_version/result_5/linear_downsample/LEMON_age_wsn_cross_subject_linear_downsample/seed_10_downsample_t40/ratio_full/cbramod/summary.json
LEMON_age_wsn_cross_subject_linear_downsample,cbramod,seed_42_downsample_t40,LEMON_age_wsn,cross_subject,42,0.25396825396825395,0.25,balanced_chance,Unknown,Unknown,Unknown,,/benchmark-eeg/5.0_version/result_5/linear_downsample/LEMON_age_wsn_cross_subject_linear_downsample/seed_42_downsample_t40/ratio_full/cbramod/summary.json
LEMON_age_wsn_cross_subject_linear_downsample,cbramod,seed_5_downsample_t40,LEMON_age_wsn,cross_subject,5,0.2668316881496463,0.25,balanced_chance,Unknown,Unknown,Unknown,,/benchmark-eeg/5.0_version/result_5/linear_downsample/LEMON_age_wsn_cross_subject_linear_downsample/seed_5_downsample_t40/ratio_full/cbramod/summary.json
LEMON_age_wsn_cross_subject_linear_downsample,eegmamba,seed_10_downsample_t40,LEMON_age_wsn,cross_subject,10,0.20067788403031778,0.25,balanced_chance,Unknown,Unknown,Unknown,,/benchmark-eeg/5.0_version/result_5/linear_downsample/LEMON_age_wsn_cross_subject_linear_downsample/seed_10_downsample_t40/ratio_full/eegmamba/summary.json
LEMON_age_wsn_cross_subject_linear_downsample,eegmamba,seed_42_downsample_t40,LEMON_age_wsn,cross_subject,42,0.19139933317923963,0.25,balanced_chance,Unknown,Unknown,Unknown,,/benchmark-eeg/5.0_version/result_5/linear_downsample/LEMON_age_wsn_cross_subject_linear_downsample/seed_42_downsample_t40/ratio_full/eegmamba/summary.json
LEMON_age_wsn_cross_subject_linear_downsample,eegmamba,seed_5_downsample_t40,LEMON_age_wsn,cross_subject,5,0.20039004220553452,0.25,balanced_chance,Unknown,Unknown,Unknown,,/benchmark-eeg/5.0_version/result_5/linear_downsample/LEMON_age_wsn_cross_subject_linear_downsample/seed_5_downsample_t40/ratio_full/eegmamba/summary.json
LEMON_age_wsn_cross_subject_linear_downsample,femba,seed_10_downsample_t40,LEMON_age_wsn,cross_subject,10,0.42126145449500707,0.25,balanced_chance,Unknown,Unknown,Unknown,,/benchmark-eeg/5.0_version/result_5/linear_downsample/LEMON_age_wsn_cross_subject_linear_downsample/seed_10_downsample_t40/ratio_full/femba/summary.json
LEMON_age_wsn_cross_subject_linear_downsample,femba,seed_42_downsample_t40,LEMON_age_wsn,cross_subject,42,0.4626378640883157,0.25,balanced_chance,Unknown,Unknown,Unknown,,/benchmark-eeg/5.0_version/result_5/linear_downsample/LEMON_age_wsn_cross_subject_linear_downsample/seed_42_downsample_t40/ratio_full/femba/summary.json
LEMON_age_wsn_cross_subject_linear_downsample,femba,seed_5_downsample_t40,LEMON_age_wsn,cross_subject,5,0.5153785651522668,0.25,balanced_chance,Unknown,Unknown,Unknown,,/benchmark-eeg/5.0_version/result_5/linear_downsample/LEMON_age_wsn_cross_subject_linear_downsample/seed_5_downsample_t40/ratio_full/femba/summary.json
LEMON_age_wsn_cross_subject_linear_downsample,labram,seed_10_downsample_t40,LEMON_age_wsn,cross_subject,10,0.3537557792054337,0.25,balanced_chance,Unknown,Unknown,Unknown,,/benchmark-eeg/5.0_version/result_5/linear_downsample/LEMON_age_wsn_cross_subject_linear_downsample/seed_10_downsample_t40/ratio_full/labram/summary.json
LEMON_age_wsn_cross_subject_linear_downsample,labram,seed_42_downsample_t40,LEMON_age_wsn,cross_subject,42,0.4317872161382456,0.25,balanced_chance,Unknown,Unknown,Unknown,,/benchmark-eeg/5.0_version/result_5/linear_downsample/LEMON_age_wsn_cross_subject_linear_downsample/seed_42_downsample_t40/ratio_full/labram/summary.json
LEMON_age_wsn_cross_subject_linear_downsample,labram,seed_5_downsample_t40,LEMON_age_wsn,cross_subject,5,0.4928446695777257,0.25,balanced_chance,Unknown,Unknown,Unknown,,/benchmark-eeg/5.0_version/result_5/linear_downsample/LEMON_age_wsn_cross_subject_linear_downsample/seed_5_downsample_t40/ratio_full/labram/summary.json
LEMON_age_wsn_cross_subject_linear_downsample,neurogpt,seed_10_downsample_t40,LEMON_age_wsn,cross_subject,10,0.34524671475290886,0.25,balanced_chance,Unknown,Unknown,Unknown,,/benchmark-eeg/5.0_version/result_5/linear_downsample/LEMON_age_wsn_cross_subject_linear_downsample/seed_10_downsample_t40/ratio_full/neurogpt/summary.json
LEMON_age_wsn_cross_subject_linear_downsample,neurogpt,seed_42_downsample_t40,LEMON_age_wsn,cross_subject,42,0.416226527835029,0.25,balanced_chance,Unknown,Unknown,Unknown,,/benchmark-eeg/5.0_version/result_5/linear_downsample/LEMON_age_wsn_cross_subject_linear_downsample/seed_42_downsample_t40/ratio_full/neurogpt/summary.json
LEMON_age_wsn_cross_subject_linear_downsample,neurogpt,seed_5_downsample_t40,LEMON_age_wsn,cross_subject,5,0.47048783481063666,0.25,balanced_chance,Unknown,Unknown,Unknown,,/benchmark-eeg/5.0_version/result_5/linear_downsample/LEMON_age_wsn_cross_subject_linear_downsample/seed_5_downsample_t40/ratio_full/neurogpt/summary.json
LEMON_age_wsn_cross_subject_linear_downsample,neurolm,seed_10_downsample_t40,LEMON_age_wsn,cross_subject,10,0.2825812438865499,0.25,balanced_chance,Unknown,Unknown,Unknown,,/benchmark-eeg/5.0_version/result_5/linear_downsample/LEMON_age_wsn_cross_subject_linear_downsample/seed_10_downsample_t40/ratio_full/neurolm/summary.json
LEMON_age_wsn_cross_subject_linear_downsample,neurolm,seed_42_downsample_t40,LEMON_age_wsn,cross_subject,42,0.29303632611994523,0.25,balanced_chance,Unknown,Unknown,Unknown,,/benchmark-eeg/5.0_version/result_5/linear_downsample/LEMON_age_wsn_cross_subject_linear_downsample/seed_42_downsample_t40/ratio_full/neurolm/summary.json
LEMON_age_wsn_cross_subject_linear_downsample,neurolm,seed_5_downsample_t40,LEMON_age_wsn,cross_subject,5,0.4280886458018416,0.25,balanced_chance,Unknown,Unknown,Unknown,,/benchmark-eeg/5.0_version/result_5/linear_downsample/LEMON_age_wsn_cross_subject_linear_downsample/seed_5_downsample_t40/ratio_full/neurolm/summary.json
LEMON_age_wsn_cross_subject_linear_downsample,reve,seed_10_downsample_t40,LEMON_age_wsn,cross_subject,10,0.28719780759588814,0.25,balanced_chance,Unknown,Unknown,Unknown,,/benchmark-eeg/5.0_version/result_5/linear_downsample/LEMON_age_wsn_cross_subject_linear_downsample/seed_10_downsample_t40/ratio_full/reve/summary.json
LEMON_age_wsn_cross_subject_linear_downsample,reve,seed_42_downsample_t40,LEMON_age_wsn,cross_subject,42,0.2820515894920798,0.25,balanced_chance,Unknown,Unknown,Unknown,,/benchmark-eeg/5.0_version/result_5/linear_downsample/LEMON_age_wsn_cross_subject_linear_downsample/seed_42_downsample_t40/ratio_full/reve/summary.json
LEMON_age_wsn_cross_subject_linear_downsample,reve,seed_5_downsample_t40,LEMON_age_wsn,cross_subject,5,0.2860610243231599,0.25,balanced_chance,Unknown,Unknown,Unknown,,/benchmark-eeg/5.0_version/result_5/linear_downsample/LEMON_age_wsn_cross_subject_linear_downsample/seed_5_downsample_t40/ratio_full/reve/summary.json
LEMON_extraversion_cross_subject_linear_downsample,bendr,seed_10_downsample_t40,LEMON_extraversion,cross_subject,10,0.4979262114004043,0.5,balanced_chance,Unknown,Unknown,Unknown,,/benchmark-eeg/5.0_version/result_5/linear_downsample/LEMON_extraversion_cross_subject_linear_downsample/seed_10_downsample_t40/ratio_full/bendr/summary.json
LEMON_extraversion_cross_subject_linear_downsample,bendr,seed_42_downsample_t40,LEMON_extraversion,cross_subject,42,0.4919852050106843,0.5,balanced_chance,Unknown,Unknown,Unknown,,/benchmark-eeg/5.0_version/result_5/linear_downsample/LEMON_extraversion_cross_subject_linear_downsample/seed_42_downsample_t40/ratio_full/bendr/summary.json
LEMON_extraversion_cross_subject_linear_downsample,bendr,seed_5_downsample_t40,LEMON_extraversion,cross_subject,5,0.5065480257803074,0.5,balanced_chance,Unknown,Unknown,Unknown,,/benchmark-eeg/5.0_version/result_5/linear_downsample/LEMON_extraversion_cross_subject_linear_downsample/seed_5_downsample_t40/ratio_full/bendr/summary.json
LEMON_extraversion_cross_subject_linear_downsample,biot,seed_10_downsample_t40,LEMON_extraversion,cross_subject,10,0.44676346200387906,0.5,balanced_chance,Unknown,Unknown,Unknown,,/benchmark-eeg/5.0_version/result_5/linear_downsample/LEMON_extraversion_cross_subject_linear_downsample/seed_10_downsample_t40/ratio_full/biot/summary.json
LEMON_extraversion_cross_subject_linear_downsample,biot,seed_42_downsample_t40,LEMON_extraversion,cross_subject,42,0.4765105538029858,0.5,balanced_chance,Unknown,Unknown,Unknown,,/benchmark-eeg/5.0_version/result_5/linear_downsample/LEMON_extraversion_cross_subject_linear_downsample/seed_42_downsample_t40/ratio_full/biot/summary.json
LEMON_extraversion_cross_subject_linear_downsample,biot,seed_5_downsample_t40,LEMON_extraversion,cross_subject,5,0.4678534607385545,0.5,balanced_chance,Unknown,Unknown,Unknown,,/benchmark-eeg/5.0_version/result_5/linear_downsample/LEMON_extraversion_cross_subject_linear_downsample/seed_5_downsample_t40/ratio_full/biot/summary.json
LEMON_extraversion_cross_subject_linear_downsample,brainomni,seed_10_downsample_t40,LEMON_extraversion,cross_subject,10,0.4685854772262703,0.5,balanced_chance,Unknown,Unknown,Unknown,,/benchmark-eeg/5.0_version/result_5/linear_downsample/LEMON_extraversion_cross_subject_linear_downsample/seed_10_downsample_t40/ratio_full/brainomni/summary.json
LEMON_extraversion_cross_subject_linear_downsample,brainomni,seed_42_downsample_t40,LEMON_extraversion,cross_subject,42,0.43700088405606563,0.5,balanced_chance,Unknown,Unknown,Unknown,,/benchmark-eeg/5.0_version/result_5/linear_downsample/LEMON_extraversion_cross_subject_linear_downsample/seed_42_downsample_t40/ratio_full/brainomni/summary.json
LEMON_extraversion_cross_subject_linear_downsample,brainomni,seed_5_downsample_t40,LEMON_extraversion,cross_subject,5,0.4513755899928965,0.5,balanced_chance,Unknown,Unknown,Unknown,,/benchmark-eeg/5.0_version/result_5/linear_downsample/LEMON_extraversion_cross_subject_linear_downsample/seed_5_downsample_t40/ratio_full/brainomni/summary.json
LEMON_extraversion_cross_subject_linear_downsample,cbramod,seed_10_downsample_t40,LEMON_extraversion,cross_subject,10,0.5233854600464256,0.5,balanced_chance,Unknown,Unknown,Unknown,,/benchmark-eeg/5.0_version/result_5/linear_downsample/LEMON_extraversion_cross_subject_linear_downsample/seed_10_downsample_t40/ratio_full/cbramod/summary.json
LEMON_extraversion_cross_subject_linear_downsample,cbramod,seed_42_downsample_t40,LEMON_extraversion,cross_subject,42,0.3933300805554618,0.5,balanced_chance,Unknown,Unknown,Unknown,,/benchmark-eeg/5.0_version/result_5/linear_downsample/LEMON_extraversion_cross_subject_linear_downsample/seed_42_downsample_t40/ratio_full/cbramod/summary.json
LEMON_extraversion_cross_subject_linear_downsample,cbramod,seed_5_downsample_t40,LEMON_extraversion,cross_subject,5,0.5449234159936671,0.5,balanced_chance,Unknown,Unknown,Unknown,,/benchmark-eeg/5.0_version/result_5/linear_downsample/LEMON_extraversion_cross_subject_linear_downsample/seed_5_downsample_t40/ratio_full/cbramod/summary.json
LEMON_extraversion_cross_subject_linear_downsample,eegmamba,seed_10_downsample_t40,LEMON_extraversion,cross_subject,10,0.3934648990975369,0.5,balanced_chance,Unknown,Unknown,Unknown,,/benchmark-eeg/5.0_version/result_5/linear_downsample/LEMON_extraversion_cross_subject_linear_downsample/seed_10_downsample_t40/ratio_full/eegmamba/summary.json
LEMON_extraversion_cross_subject_linear_downsample,eegmamba,seed_42_downsample_t40,LEMON_extraversion,cross_subject,42,0.4919478726898092,0.5,balanced_chance,Unknown,Unknown,Unknown,,/benchmark-eeg/5.0_version/result_5/linear_downsample/LEMON_extraversion_cross_subject_linear_downsample/seed_42_downsample_t40/ratio_full/eegmamba/summary.json
LEMON_extraversion_cross_subject_linear_downsample,eegmamba,seed_5_downsample_t40,LEMON_extraversion,cross_subject,5,0.49359189380860446,0.5,balanced_chance,Unknown,Unknown,Unknown,,/benchmark-eeg/5.0_version/result_5/linear_downsample/LEMON_extraversion_cross_subject_linear_downsample/seed_5_downsample_t40/ratio_full/eegmamba/summary.json
LEMON_extraversion_cross_subject_linear_downsample,femba,seed_10_downsample_t40,LEMON_extraversion,cross_subject,10,0.5219239899153558,0.5,balanced_chance,Unknown,Unknown,Unknown,,/benchmark-eeg/5.0_version/result_5/linear_downsample/LEMON_extraversion_cross_subject_linear_downsample/seed_10_downsample_t40/ratio_full/femba/summary.json
LEMON_extraversion_cross_subject_linear_downsample,femba,seed_42_downsample_t40,LEMON_extraversion,cross_subject,42,0.4920014059211232,0.5,balanced_chance,Unknown,Unknown,Unknown,,/benchmark-eeg/5.0_version/result_5/linear_downsample/LEMON_extraversion_cross_subject_linear_downsample/seed_42_downsample_t40/ratio_full/femba/summary.json
LEMON_extraversion_cross_subject_linear_downsample,femba,seed_5_downsample_t40,LEMON_extraversion,cross_subject,5,0.49694896478284734,0.5,balanced_chance,Unknown,Unknown,Unknown,,/benchmark-eeg/5.0_version/result_5/linear_downsample/LEMON_extraversion_cross_subject_linear_downsample/seed_5_downsample_t40/ratio_full/femba/summary.json
LEMON_extraversion_cross_subject_linear_downsample,labram,seed_10_downsample_t40,LEMON_extraversion,cross_subject,10,0.49715285828224476,0.5,balanced_chance,Unknown,Unknown,Unknown,,/benchmark-eeg/5.0_version/result_5/linear_downsample/LEMON_extraversion_cross_subject_linear_downsample/seed_10_downsample_t40/ratio_full/labram/summary.json
LEMON_extraversion_cross_subject_linear_downsample,labram,seed_42_downsample_t40,LEMON_extraversion,cross_subject,42,0.4431076517930498,0.5,balanced_chance,Unknown,Unknown,Unknown,,/benchmark-eeg/5.0_version/result_5/linear_downsample/LEMON_extraversion_cross_subject_linear_downsample/seed_42_downsample_t40/ratio_full/labram/summary.json
LEMON_extraversion_cross_subject_linear_downsample,labram,seed_5_downsample_t40,LEMON_extraversion,cross_subject,5,0.5312978557802162,0.5,balanced_chance,Unknown,Unknown,Unknown,,/benchmark-eeg/5.0_version/result_5/linear_downsample/LEMON_extraversion_cross_subject_linear_downsample/seed_5_downsample_t40/ratio_full/labram/summary.json
LEMON_extraversion_cross_subject_linear_downsample,neurogpt,seed_10_downsample_t40,LEMON_extraversion,cross_subject,10,0.4104018629777233,0.5,balanced_chance,Unknown,Unknown,Unknown,,/benchmark-eeg/5.0_version/result_5/linear_downsample/LEMON_extraversion_cross_subject_linear_downsample/seed_10_downsample_t40/ratio_full/neurogpt/summary.json
LEMON_extraversion_cross_subject_linear_downsample,neurogpt,seed_42_downsample_t40,LEMON_extraversion,cross_subject,42,0.3671083025405746,0.5,balanced_chance,Unknown,Unknown,Unknown,,/benchmark-eeg/5.0_version/result_5/linear_downsample/LEMON_extraversion_cross_subject_linear_downsample/seed_42_downsample_t40/ratio_full/neurogpt/summary.json
LEMON_extraversion_cross_subject_linear_downsample,neurogpt,seed_5_downsample_t40,LEMON_extraversion,cross_subject,5,0.4232652580020303,0.5,balanced_chance,Unknown,Unknown,Unknown,,/benchmark-eeg/5.0_version/result_5/linear_downsample/LEMON_extraversion_cross_subject_linear_downsample/seed_5_downsample_t40/ratio_full/neurogpt/summary.json
LEMON_extraversion_cross_subject_linear_downsample,neurolm,seed_10_downsample_t40,LEMON_extraversion,cross_subject,10,0.3792011725709103,0.5,balanced_chance,Unknown,Unknown,Unknown,,/benchmark-eeg/5.0_version/result_5/linear_downsample/LEMON_extraversion_cross_subject_linear_downsample/seed_10_downsample_t40/ratio_full/neurolm/summary.json
LEMON_extraversion_cross_subject_linear_downsample,neurolm,seed_42_downsample_t40,LEMON_extraversion,cross_subject,42,0.36860235443051154,0.5,balanced_chance,Unknown,Unknown,Unknown,,/benchmark-eeg/5.0_version/result_5/linear_downsample/LEMON_extraversion_cross_subject_linear_downsample/seed_42_downsample_t40/ratio_full/neurolm/summary.json
LEMON_extraversion_cross_subject_linear_downsample,neurolm,seed_5_downsample_t40,LEMON_extraversion,cross_subject,5,0.4939016329511058,0.5,balanced_chance,Unknown,Unknown,Unknown,,/benchmark-eeg/5.0_version/result_5/linear_downsample/LEMON_extraversion_cross_subject_linear_downsample/seed_5_downsample_t40/ratio_full/neurolm/summary.json
LEMON_extraversion_cross_subject_linear_downsample,reve,seed_10_downsample_t40,LEMON_extraversion,cross_subject,10,0.5068488175404294,0.5,balanced_chance,Unknown,Unknown,Unknown,,/benchmark-eeg/5.0_version/result_5/linear_downsample/LEMON_extraversion_cross_subject_linear_downsample/seed_10_downsample_t40/ratio_full/reve/summary.json
LEMON_extraversion_cross_subject_linear_downsample,reve,seed_42_downsample_t40,LEMON_extraversion,cross_subject,42,0.4321311554181784,0.5,balanced_chance,Unknown,Unknown,Unknown,,/benchmark-eeg/5.0_version/result_5/linear_downsample/LEMON_extraversion_cross_subject_linear_downsample/seed_42_downsample_t40/ratio_full/reve/summary.json
LEMON_extraversion_cross_subject_linear_downsample,reve,seed_5_downsample_t40,LEMON_extraversion,cross_subject,5,0.4978689597511419,0.5,balanced_chance,Unknown,Unknown,Unknown,,/benchmark-eeg/5.0_version/result_5/linear_downsample/LEMON_extraversion_cross_subject_linear_downsample/seed_5_downsample_t40/ratio_full/reve/summary.json
LEMON_gender_wsn_cross_subject_linear_downsample,bendr,seed_10_downsample_t40,LEMON_gender_wsn,cross_subject,10,0.38823512299094826,0.5,balanced_chance,Unknown,Unknown,Unknown,,/benchmark-eeg/5.0_version/result_5/linear_downsample/LEMON_gender_wsn_cross_subject_linear_downsample/seed_10_downsample_t40/ratio_full/bendr/summary.json
LEMON_gender_wsn_cross_subject_linear_downsample,bendr,seed_42_downsample_t40,LEMON_gender_wsn,cross_subject,42,0.42170282995268943,0.5,balanced_chance,Unknown,Unknown,Unknown,,/benchmark-eeg/5.0_version/result_5/linear_downsample/LEMON_gender_wsn_cross_subject_linear_downsample/seed_42_downsample_t40/ratio_full/bendr/summary.json
LEMON_gender_wsn_cross_subject_linear_downsample,bendr,seed_5_downsample_t40,LEMON_gender_wsn,cross_subject,5,0.3439006670629417,0.5,balanced_chance,Unknown,Unknown,Unknown,,/benchmark-eeg/5.0_version/result_5/linear_downsample/LEMON_gender_wsn_cross_subject_linear_downsample/seed_5_downsample_t40/ratio_full/bendr/summary.json
LEMON_gender_wsn_cross_subject_linear_downsample,biot,seed_10_downsample_t40,LEMON_gender_wsn,cross_subject,10,0.5444164861207519,0.5,balanced_chance,Unknown,Unknown,Unknown,,/benchmark-eeg/5.0_version/result_5/linear_downsample/LEMON_gender_wsn_cross_subject_linear_downsample/seed_10_downsample_t40/ratio_full/biot/summary.json
LEMON_gender_wsn_cross_subject_linear_downsample,biot,seed_42_downsample_t40,LEMON_gender_wsn,cross_subject,42,0.505520521129833,0.5,balanced_chance,Unknown,Unknown,Unknown,,/benchmark-eeg/5.0_version/result_5/linear_downsample/LEMON_gender_wsn_cross_subject_linear_downsample/seed_42_downsample_t40/ratio_full/biot/summary.json
LEMON_gender_wsn_cross_subject_linear_downsample,biot,seed_5_downsample_t40,LEMON_gender_wsn,cross_subject,5,0.6417055517621273,0.5,balanced_chance,Unknown,Unknown,Unknown,,/benchmark-eeg/5.0_version/result_5/linear_downsample/LEMON_gender_wsn_cross_subject_linear_downsample/seed_5_downsample_t40/ratio_full/biot/summary.json
LEMON_gender_wsn_cross_subject_linear_downsample,brainomni,seed_10_downsample_t40,LEMON_gender_wsn,cross_subject,10,0.5163593595290955,0.5,balanced_chance,Unknown,Unknown,Unknown,,/benchmark-eeg/5.0_version/result_5/linear_downsample/LEMON_gender_wsn_cross_subject_linear_downsample/seed_10_downsample_t40/ratio_full/brainomni/summary.json
LEMON_gender_wsn_cross_subject_linear_downsample,brainomni,seed_42_downsample_t40,LEMON_gender_wsn,cross_subject,42,0.49621844813028515,0.5,balanced_chance,Unknown,Unknown,Unknown,,/benchmark-eeg/5.0_version/result_5/linear_downsample/LEMON_gender_wsn_cross_subject_linear_downsample/seed_42_downsample_t40/ratio_full/brainomni/summary.json
LEMON_gender_wsn_cross_subject_linear_downsample,brainomni,seed_5_downsample_t40,LEMON_gender_wsn,cross_subject,5,0.5328167993003481,0.5,balanced_chance,Unknown,Unknown,Unknown,,/benchmark-eeg/5.0_version/result_5/linear_downsample/LEMON_gender_wsn_cross_subject_linear_downsample/seed_5_downsample_t40/ratio_full/brainomni/summary.json
LEMON_gender_wsn_cross_subject_linear_downsample,cbramod,seed_10_downsample_t40,LEMON_gender_wsn,cross_subject,10,0.4297608451023294,0.5,balanced_chance,Unknown,Unknown,Unknown,,/benchmark-eeg/5.0_version/result_5/linear_downsample/LEMON_gender_wsn_cross_subject_linear_downsample/seed_10_downsample_t40/ratio_full/cbramod/summary.json
LEMON_gender_wsn_cross_subject_linear_downsample,cbramod,seed_42_downsample_t40,LEMON_gender_wsn,cross_subject,42,0.4455806512591469,0.5,balanced_chance,Unknown,Unknown,Unknown,,/benchmark-eeg/5.0_version/result_5/linear_downsample/LEMON_gender_wsn_cross_subject_linear_downsample/seed_42_downsample_t40/ratio_full/cbramod/summary.json
LEMON_gender_wsn_cross_subject_linear_downsample,cbramod,seed_5_downsample_t40,LEMON_gender_wsn,cross_subject,5,0.34273647771183063,0.5,balanced_chance,Unknown,Unknown,Unknown,,/benchmark-eeg/5.0_version/result_5/linear_downsample/LEMON_gender_wsn_cross_subject_linear_downsample/seed_5_downsample_t40/ratio_full/cbramod/summary.json
LEMON_gender_wsn_cross_subject_linear_downsample,eegmamba,seed_10_downsample_t40,LEMON_gender_wsn,cross_subject,10,0.36530427947485694,0.5,balanced_chance,Unknown,Unknown,Unknown,,/benchmark-eeg/5.0_version/result_5/linear_downsample/LEMON_gender_wsn_cross_subject_linear_downsample/seed_10_downsample_t40/ratio_full/eegmamba/summary.json
LEMON_gender_wsn_cross_subject_linear_downsample,eegmamba,seed_42_downsample_t40,LEMON_gender_wsn,cross_subject,42,0.4008706317651503,0.5,balanced_chance,Unknown,Unknown,Unknown,,/benchmark-eeg/5.0_version/result_5/linear_downsample/LEMON_gender_wsn_cross_subject_linear_downsample/seed_42_downsample_t40/ratio_full/eegmamba/summary.json
LEMON_gender_wsn_cross_subject_linear_downsample,eegmamba,seed_5_downsample_t40,LEMON_gender_wsn,cross_subject,5,0.34362997779598803,0.5,balanced_chance,Unknown,Unknown,Unknown,,/benchmark-eeg/5.0_version/result_5/linear_downsample/LEMON_gender_wsn_cross_subject_linear_downsample/seed_5_downsample_t40/ratio_full/eegmamba/summary.json
LEMON_gender_wsn_cross_subject_linear_downsample,femba,seed_10_downsample_t40,LEMON_gender_wsn,cross_subject,10,0.5220705769670548,0.5,balanced_chance,Unknown,Unknown,Unknown,,/benchmark-eeg/5.0_version/result_5/linear_downsample/LEMON_gender_wsn_cross_subject_linear_downsample/seed_10_downsample_t40/ratio_full/femba/summary.json
LEMON_gender_wsn_cross_subject_linear_downsample,femba,seed_42_downsample_t40,LEMON_gender_wsn,cross_subject,42,0.4520510202943391,0.5,balanced_chance,Unknown,Unknown,Unknown,,/benchmark-eeg/5.0_version/result_5/linear_downsample/LEMON_gender_wsn_cross_subject_linear_downsample/seed_42_downsample_t40/ratio_full/femba/summary.json
LEMON_gender_wsn_cross_subject_linear_downsample,femba,seed_5_downsample_t40,LEMON_gender_wsn,cross_subject,5,0.6223033417197494,0.5,balanced_chance,Unknown,Unknown,Unknown,,/benchmark-eeg/5.0_version/result_5/linear_downsample/LEMON_gender_wsn_cross_subject_linear_downsample/seed_5_downsample_t40/ratio_full/femba/summary.json
LEMON_gender_wsn_cross_subject_linear_downsample,labram,seed_10_downsample_t40,LEMON_gender_wsn,cross_subject,10,0.686164352883976,0.5,balanced_chance,Unknown,Unknown,Unknown,,/benchmark-eeg/5.0_version/result_5/linear_downsample/LEMON_gender_wsn_cross_subject_linear_downsample/seed_10_downsample_t40/ratio_full/labram/summary.json
LEMON_gender_wsn_cross_subject_linear_downsample,labram,seed_42_downsample_t40,LEMON_gender_wsn,cross_subject,42,0.5198645758216793,0.5,balanced_chance,Unknown,Unknown,Unknown,,/benchmark-eeg/5.0_version/result_5/linear_downsample/LEMON_gender_wsn_cross_subject_linear_downsample/seed_42_downsample_t40/ratio_full/labram/summary.json
LEMON_gender_wsn_cross_subject_linear_downsample,labram,seed_5_downsample_t40,LEMON_gender_wsn,cross_subject,5,0.46816347836620525,0.5,balanced_chance,Unknown,Unknown,Unknown,,/benchmark-eeg/5.0_version/result_5/linear_downsample/LEMON_gender_wsn_cross_subject_linear_downsample/seed_5_downsample_t40/ratio_full/labram/summary.json
LEMON_gender_wsn_cross_subject_linear_downsample,neurogpt,seed_10_downsample_t40,LEMON_gender_wsn,cross_subject,10,0.49183596841431154,0.5,balanced_chance,Unknown,Unknown,Unknown,,/benchmark-eeg/5.0_version/result_5/linear_downsample/LEMON_gender_wsn_cross_subject_linear_downsample/seed_10_downsample_t40/ratio_full/neurogpt/summary.json
LEMON_gender_wsn_cross_subject_linear_downsample,neurogpt,seed_42_downsample_t40,LEMON_gender_wsn,cross_subject,42,0.47065262791849166,0.5,balanced_chance,Unknown,Unknown,Unknown,,/benchmark-eeg/5.0_version/result_5/linear_downsample/LEMON_gender_wsn_cross_subject_linear_downsample/seed_42_downsample_t40/ratio_full/neurogpt/summary.json
LEMON_gender_wsn_cross_subject_linear_downsample,neurogpt,seed_5_downsample_t40,LEMON_gender_wsn,cross_subject,5,0.5306278592848346,0.5,balanced_chance,Unknown,Unknown,Unknown,,/benchmark-eeg/5.0_version/result_5/linear_downsample/LEMON_gender_wsn_cross_subject_linear_downsample/seed_5_downsample_t40/ratio_full/neurogpt/summary.json
LEMON_gender_wsn_cross_subject_linear_downsample,neurolm,seed_10_downsample_t40,LEMON_gender_wsn,cross_subject,10,0.6642927897265195,0.5,balanced_chance,Unknown,Unknown,Unknown,,/benchmark-eeg/5.0_version/result_5/linear_downsample/LEMON_gender_wsn_cross_subject_linear_downsample/seed_10_downsample_t40/ratio_full/neurolm/summary.json
LEMON_gender_wsn_cross_subject_linear_downsample,neurolm,seed_42_downsample_t40,LEMON_gender_wsn,cross_subject,42,0.5474652279759464,0.5,balanced_chance,Unknown,Unknown,Unknown,,/benchmark-eeg/5.0_version/result_5/linear_downsample/LEMON_gender_wsn_cross_subject_linear_downsample/seed_42_downsample_t40/ratio_full/neurolm/summary.json
LEMON_gender_wsn_cross_subject_linear_downsample,neurolm,seed_5_downsample_t40,LEMON_gender_wsn,cross_subject,5,0.5211896731372863,0.5,balanced_chance,Unknown,Unknown,Unknown,,/benchmark-eeg/5.0_version/result_5/linear_downsample/LEMON_gender_wsn_cross_subject_linear_downsample/seed_5_downsample_t40/ratio_full/neurolm/summary.json
LEMON_gender_wsn_cross_subject_linear_downsample,reve,seed_10_downsample_t40,LEMON_gender_wsn,cross_subject,10,0.5019312469103375,0.5,balanced_chance,Unknown,Unknown,Unknown,,/benchmark-eeg/5.0_version/result_5/linear_downsample/LEMON_gender_wsn_cross_subject_linear_downsample/seed_10_downsample_t40/ratio_full/reve/summary.json
LEMON_gender_wsn_cross_subject_linear_downsample,reve,seed_42_downsample_t40,LEMON_gender_wsn,cross_subject,42,0.414100116660306,0.5,balanced_chance,Unknown,Unknown,Unknown,,/benchmark-eeg/5.0_version/result_5/linear_downsample/LEMON_gender_wsn_cross_subject_linear_downsample/seed_42_downsample_t40/ratio_full/reve/summary.json
LEMON_gender_wsn_cross_subject_linear_downsample,reve,seed_5_downsample_t40,LEMON_gender_wsn,cross_subject,5,0.44630575657072596,0.5,balanced_chance,Unknown,Unknown,Unknown,,/benchmark-eeg/5.0_version/result_5/linear_downsample/LEMON_gender_wsn_cross_subject_linear_downsample/seed_5_downsample_t40/ratio_full/reve/summary.json
MDD_cross_subject_linear_downsample,bendr,seed_10_downsample_t40,MDD,cross_subject,10,0.3701066469053066,0.5,balanced_chance,Biometrics & Disease,个体与疾病,精神心理（抑郁/焦虑/精神分裂等）,MDD,/benchmark-eeg/5.0_version/result_5/linear_downsample/MDD_cross_subject_linear_downsample/seed_10_downsample_t40/ratio_full/bendr/summary.json
MDD_cross_subject_linear_downsample,bendr,seed_42_downsample_t40,MDD,cross_subject,42,0.4537429378531074,0.5,balanced_chance,Biometrics & Disease,个体与疾病,精神心理（抑郁/焦虑/精神分裂等）,MDD,/benchmark-eeg/5.0_version/result_5/linear_downsample/MDD_cross_subject_linear_downsample/seed_42_downsample_t40/ratio_full/bendr/summary.json
MDD_cross_subject_linear_downsample,bendr,seed_5_downsample_t40,MDD,cross_subject,5,0.48806403131662646,0.5,balanced_chance,Biometrics & Disease,个体与疾病,精神心理（抑郁/焦虑/精神分裂等）,MDD,/benchmark-eeg/5.0_version/result_5/linear_downsample/MDD_cross_subject_linear_downsample/seed_5_downsample_t40/ratio_full/bendr/summary.json
MDD_cross_subject_linear_downsample,biot,seed_10_downsample_t40,MDD,cross_subject,10,0.816182817682068,0.5,balanced_chance,Biometrics & Disease,个体与疾病,精神心理（抑郁/焦虑/精神分裂等）,MDD,/benchmark-eeg/5.0_version/result_5/linear_downsample/MDD_cross_subject_linear_downsample/seed_10_downsample_t40/ratio_full/biot/summary.json
MDD_cross_subject_linear_downsample,biot,seed_42_downsample_t40,MDD,cross_subject,42,0.9150935917198855,0.5,balanced_chance,Biometrics & Disease,个体与疾病,精神心理（抑郁/焦虑/精神分裂等）,MDD,/benchmark-eeg/5.0_version/result_5/linear_downsample/MDD_cross_subject_linear_downsample/seed_42_downsample_t40/ratio_full/biot/summary.json
MDD_cross_subject_linear_downsample,biot,seed_5_downsample_t40,MDD,cross_subject,5,0.7754318384657849,0.5,balanced_chance,Biometrics & Disease,个体与疾病,精神心理（抑郁/焦虑/精神分裂等）,MDD,/benchmark-eeg/5.0_version/result_5/linear_downsample/MDD_cross_subject_linear_downsample/seed_5_downsample_t40/ratio_full/biot/summary.json
MDD_cross_subject_linear_downsample,brainomni,seed_10_downsample_t40,MDD,cross_subject,10,0.9926770979252926,0.5,balanced_chance,Biometrics & Disease,个体与疾病,精神心理（抑郁/焦虑/精神分裂等）,MDD,/benchmark-eeg/5.0_version/result_5/linear_downsample/MDD_cross_subject_linear_downsample/seed_10_downsample_t40/ratio_full/brainomni/summary.json
MDD_cross_subject_linear_downsample,brainomni,seed_42_downsample_t40,MDD,cross_subject,42,0.9983470500399347,0.5,balanced_chance,Biometrics & Disease,个体与疾病,精神心理（抑郁/焦虑/精神分裂等）,MDD,/benchmark-eeg/5.0_version/result_5/linear_downsample/MDD_cross_subject_linear_downsample/seed_42_downsample_t40/ratio_full/brainomni/summary.json
MDD_cross_subject_linear_downsample,brainomni,seed_5_downsample_t40,MDD,cross_subject,5,0.9976969945184908,0.5,balanced_chance,Biometrics & Disease,个体与疾病,精神心理（抑郁/焦虑/精神分裂等）,MDD,/benchmark-eeg/5.0_version/result_5/linear_downsample/MDD_cross_subject_linear_downsample/seed_5_downsample_t40/ratio_full/brainomni/summary.json
MDD_cross_subject_linear_downsample,cbramod,seed_10_downsample_t40,MDD,cross_subject,10,0.4793019576357239,0.5,balanced_chance,Biometrics & Disease,个体与疾病,精神心理（抑郁/焦虑/精神分裂等）,MDD,/benchmark-eeg/5.0_version/result_5/linear_downsample/MDD_cross_subject_linear_downsample/seed_10_downsample_t40/ratio_full/cbramod/summary.json
MDD_cross_subject_linear_downsample,cbramod,seed_42_downsample_t40,MDD,cross_subject,42,0.6583191615582361,0.5,balanced_chance,Biometrics & Disease,个体与疾病,精神心理（抑郁/焦虑/精神分裂等）,MDD,/benchmark-eeg/5.0_version/result_5/linear_downsample/MDD_cross_subject_linear_downsample/seed_42_downsample_t40/ratio_full/cbramod/summary.json
MDD_cross_subject_linear_downsample,cbramod,seed_5_downsample_t40,MDD,cross_subject,5,0.8569944714357514,0.5,balanced_chance,Biometrics & Disease,个体与疾病,精神心理（抑郁/焦虑/精神分裂等）,MDD,/benchmark-eeg/5.0_version/result_5/linear_downsample/MDD_cross_subject_linear_downsample/seed_5_downsample_t40/ratio_full/cbramod/summary.json
MDD_cross_subject_linear_downsample,eegmamba,seed_10_downsample_t40,MDD,cross_subject,10,0.5958496928399326,0.5,balanced_chance,Biometrics & Disease,个体与疾病,精神心理（抑郁/焦虑/精神分裂等）,MDD,/benchmark-eeg/5.0_version/result_5/linear_downsample/MDD_cross_subject_linear_downsample/seed_10_downsample_t40/ratio_full/eegmamba/summary.json
MDD_cross_subject_linear_downsample,eegmamba,seed_42_downsample_t40,MDD,cross_subject,42,0.7042866017809071,0.5,balanced_chance,Biometrics & Disease,个体与疾病,精神心理（抑郁/焦虑/精神分裂等）,MDD,/benchmark-eeg/5.0_version/result_5/linear_downsample/MDD_cross_subject_linear_downsample/seed_42_downsample_t40/ratio_full/eegmamba/summary.json
MDD_cross_subject_linear_downsample,eegmamba,seed_5_downsample_t40,MDD,cross_subject,5,0.6731170649628766,0.5,balanced_chance,Biometrics & Disease,个体与疾病,精神心理（抑郁/焦虑/精神分裂等）,MDD,/benchmark-eeg/5.0_version/result_5/linear_downsample/MDD_cross_subject_linear_downsample/seed_5_downsample_t40/ratio_full/eegmamba/summary.json
MDD_cross_subject_linear_downsample,femba,seed_10_downsample_t40,MDD,cross_subject,10,0.6813266732816164,0.5,balanced_chance,Biometrics & Disease,个体与疾病,精神心理（抑郁/焦虑/精神分裂等）,MDD,/benchmark-eeg/5.0_version/result_5/linear_downsample/MDD_cross_subject_linear_downsample/seed_10_downsample_t40/ratio_full/femba/summary.json
MDD_cross_subject_linear_downsample,femba,seed_42_downsample_t40,MDD,cross_subject,42,0.7858945632345714,0.5,balanced_chance,Biometrics & Disease,个体与疾病,精神心理（抑郁/焦虑/精神分裂等）,MDD,/benchmark-eeg/5.0_version/result_5/linear_downsample/MDD_cross_subject_linear_downsample/seed_42_downsample_t40/ratio_full/femba/summary.json
MDD_cross_subject_linear_downsample,femba,seed_5_downsample_t40,MDD,cross_subject,5,0.6569407603890363,0.5,balanced_chance,Biometrics & Disease,个体与疾病,精神心理（抑郁/焦虑/精神分裂等）,MDD,/benchmark-eeg/5.0_version/result_5/linear_downsample/MDD_cross_subject_linear_downsample/seed_5_downsample_t40/ratio_full/femba/summary.json
MDD_cross_subject_linear_downsample,labram,seed_10_downsample_t40,MDD,cross_subject,10,0.6729271644525882,0.5,balanced_chance,Biometrics & Disease,个体与疾病,精神心理（抑郁/焦虑/精神分裂等）,MDD,/benchmark-eeg/5.0_version/result_5/linear_downsample/MDD_cross_subject_linear_downsample/seed_10_downsample_t40/ratio_full/labram/summary.json
MDD_cross_subject_linear_downsample,labram,seed_42_downsample_t40,MDD,cross_subject,42,0.8997833200284229,0.5,balanced_chance,Biometrics & Disease,个体与疾病,精神心理（抑郁/焦虑/精神分裂等）,MDD,/benchmark-eeg/5.0_version/result_5/linear_downsample/MDD_cross_subject_linear_downsample/seed_42_downsample_t40/ratio_full/labram/summary.json
MDD_cross_subject_linear_downsample,labram,seed_5_downsample_t40,MDD,cross_subject,5,0.6026673017385091,0.5,balanced_chance,Biometrics & Disease,个体与疾病,精神心理（抑郁/焦虑/精神分裂等）,MDD,/benchmark-eeg/5.0_version/result_5/linear_downsample/MDD_cross_subject_linear_downsample/seed_5_downsample_t40/ratio_full/labram/summary.json
MDD_cross_subject_linear_downsample,neurogpt,seed_10_downsample_t40,MDD,cross_subject,10,0.5402611375211231,0.5,balanced_chance,Biometrics & Disease,个体与疾病,精神心理（抑郁/焦虑/精神分裂等）,MDD,/benchmark-eeg/5.0_version/result_5/linear_downsample/MDD_cross_subject_linear_downsample/seed_10_downsample_t40/ratio_full/neurogpt/summary.json
MDD_cross_subject_linear_downsample,neurogpt,seed_42_downsample_t40,MDD,cross_subject,42,0.6640013514274452,0.5,balanced_chance,Biometrics & Disease,个体与疾病,精神心理（抑郁/焦虑/精神分裂等）,MDD,/benchmark-eeg/5.0_version/result_5/linear_downsample/MDD_cross_subject_linear_downsample/seed_42_downsample_t40/ratio_full/neurogpt/summary.json
MDD_cross_subject_linear_downsample,neurogpt,seed_5_downsample_t40,MDD,cross_subject,5,0.5972731670844879,0.5,balanced_chance,Biometrics & Disease,个体与疾病,精神心理（抑郁/焦虑/精神分裂等）,MDD,/benchmark-eeg/5.0_version/result_5/linear_downsample/MDD_cross_subject_linear_downsample/seed_5_downsample_t40/ratio_full/neurogpt/summary.json
MDD_cross_subject_linear_downsample,neurolm,seed_10_downsample_t40,MDD,cross_subject,10,0.8949579831932772,0.5,balanced_chance,Biometrics & Disease,个体与疾病,精神心理（抑郁/焦虑/精神分裂等）,MDD,/benchmark-eeg/5.0_version/result_5/linear_downsample/MDD_cross_subject_linear_downsample/seed_10_downsample_t40/ratio_full/neurolm/summary.json
MDD_cross_subject_linear_downsample,neurolm,seed_42_downsample_t40,MDD,cross_subject,42,0.9587823593116076,0.5,balanced_chance,Biometrics & Disease,个体与疾病,精神心理（抑郁/焦虑/精神分裂等）,MDD,/benchmark-eeg/5.0_version/result_5/linear_downsample/MDD_cross_subject_linear_downsample/seed_42_downsample_t40/ratio_full/neurolm/summary.json
MDD_cross_subject_linear_downsample,neurolm,seed_5_downsample_t40,MDD,cross_subject,5,0.7854594748858448,0.5,balanced_chance,Biometrics & Disease,个体与疾病,精神心理（抑郁/焦虑/精神分裂等）,MDD,/benchmark-eeg/5.0_version/result_5/linear_downsample/MDD_cross_subject_linear_downsample/seed_5_downsample_t40/ratio_full/neurolm/summary.json
MDD_cross_subject_linear_downsample,reve,seed_10_downsample_t40,MDD,cross_subject,10,0.7884907015723521,0.5,balanced_chance,Biometrics & Disease,个体与疾病,精神心理（抑郁/焦虑/精神分裂等）,MDD,/benchmark-eeg/5.0_version/result_5/linear_downsample/MDD_cross_subject_linear_downsample/seed_10_downsample_t40/ratio_full/reve/summary.json
MDD_cross_subject_linear_downsample,reve,seed_42_downsample_t40,MDD,cross_subject,42,0.8421465179378957,0.5,balanced_chance,Biometrics & Disease,个体与疾病,精神心理（抑郁/焦虑/精神分裂等）,MDD,/benchmark-eeg/5.0_version/result_5/linear_downsample/MDD_cross_subject_linear_downsample/seed_42_downsample_t40/ratio_full/reve/summary.json
MDD_cross_subject_linear_downsample,reve,seed_5_downsample_t40,MDD,cross_subject,5,0.7650087061851768,0.5,balanced_chance,Biometrics & Disease,个体与疾病,精神心理（抑郁/焦虑/精神分裂等）,MDD,/benchmark-eeg/5.0_version/result_5/linear_downsample/MDD_cross_subject_linear_downsample/seed_5_downsample_t40/ratio_full/reve/summary.json
MODMA_cross_subject_linear_downsample,bendr,seed_10_downsample_t40,MODMA,cross_subject,10,0.45454545454545453,0.5,balanced_chance,Unknown,Unknown,Unknown,,/benchmark-eeg/5.0_version/result_5/linear_downsample/MODMA_cross_subject_linear_downsample/seed_10_downsample_t40/ratio_full/bendr/summary.json
MODMA_cross_subject_linear_downsample,bendr,seed_42_downsample_t40,MODMA,cross_subject,42,0.3973509933774834,0.5,balanced_chance,Unknown,Unknown,Unknown,,/benchmark-eeg/5.0_version/result_5/linear_downsample/MODMA_cross_subject_linear_downsample/seed_42_downsample_t40/ratio_full/bendr/summary.json
MODMA_cross_subject_linear_downsample,bendr,seed_5_downsample_t40,MODMA,cross_subject,5,0.45454545454545453,0.5,balanced_chance,Unknown,Unknown,Unknown,,/benchmark-eeg/5.0_version/result_5/linear_downsample/MODMA_cross_subject_linear_downsample/seed_5_downsample_t40/ratio_full/bendr/summary.json
MODMA_cross_subject_linear_downsample,biot,seed_42_downsample_t40,MODMA,cross_subject,42,0.3973509933774834,0.5,balanced_chance,Unknown,Unknown,Unknown,,/benchmark-eeg/5.0_version/result_5/linear_downsample/MODMA_cross_subject_linear_downsample/seed_42_downsample_t40/ratio_full/biot/summary.json
MODMA_cross_subject_linear_downsample,brainomni,seed_10_downsample_t40,MODMA,cross_subject,10,0.45121951219512196,0.5,balanced_chance,Unknown,Unknown,Unknown,,/benchmark-eeg/5.0_version/result_5/linear_downsample/MODMA_cross_subject_linear_downsample/seed_10_downsample_t40/ratio_full/brainomni/summary.json
MODMA_cross_subject_linear_downsample,brainomni,seed_42_downsample_t40,MODMA,cross_subject,42,0.6230769230769231,0.5,balanced_chance,Unknown,Unknown,Unknown,,/benchmark-eeg/5.0_version/result_5/linear_downsample/MODMA_cross_subject_linear_downsample/seed_42_downsample_t40/ratio_full/brainomni/summary.json
MODMA_cross_subject_linear_downsample,brainomni,seed_5_downsample_t40,MODMA,cross_subject,5,0.8910675381263616,0.5,balanced_chance,Unknown,Unknown,Unknown,,/benchmark-eeg/5.0_version/result_5/linear_downsample/MODMA_cross_subject_linear_downsample/seed_5_downsample_t40/ratio_full/brainomni/summary.json
MODMA_cross_subject_linear_downsample,cbramod,seed_42_downsample_t40,MODMA,cross_subject,42,0.3973509933774834,0.5,balanced_chance,Unknown,Unknown,Unknown,,/benchmark-eeg/5.0_version/result_5/linear_downsample/MODMA_cross_subject_linear_downsample/seed_42_downsample_t40/ratio_full/cbramod/summary.json
MODMA_cross_subject_linear_downsample,eegmamba,seed_42_downsample_t40,MODMA,cross_subject,42,0.6140119935644288,0.5,balanced_chance,Unknown,Unknown,Unknown,,/benchmark-eeg/5.0_version/result_5/linear_downsample/MODMA_cross_subject_linear_downsample/seed_42_downsample_t40/ratio_full/eegmamba/summary.json
MODMA_cross_subject_linear_downsample,femba,seed_10_downsample_t40,MODMA,cross_subject,10,0.7302697302697303,0.5,balanced_chance,Unknown,Unknown,Unknown,,/benchmark-eeg/5.0_version/result_5/linear_downsample/MODMA_cross_subject_linear_downsample/seed_10_downsample_t40/ratio_full/femba/summary.json
MODMA_cross_subject_linear_downsample,femba,seed_42_downsample_t40,MODMA,cross_subject,42,0.7283582089552239,0.5,balanced_chance,Unknown,Unknown,Unknown,,/benchmark-eeg/5.0_version/result_5/linear_downsample/MODMA_cross_subject_linear_downsample/seed_42_downsample_t40/ratio_full/femba/summary.json
MODMA_cross_subject_linear_downsample,femba,seed_5_downsample_t40,MODMA,cross_subject,5,0.812889812889813,0.5,balanced_chance,Unknown,Unknown,Unknown,,/benchmark-eeg/5.0_version/result_5/linear_downsample/MODMA_cross_subject_linear_downsample/seed_5_downsample_t40/ratio_full/femba/summary.json
MODMA_cross_subject_linear_downsample,labram,seed_42_downsample_t40,MODMA,cross_subject,42,0.3973509933774834,0.5,balanced_chance,Unknown,Unknown,Unknown,,/benchmark-eeg/5.0_version/result_5/linear_downsample/MODMA_cross_subject_linear_downsample/seed_42_downsample_t40/ratio_full/labram/summary.json
MODMA_cross_subject_linear_downsample,neurogpt,seed_42_downsample_t40,MODMA,cross_subject,42,0.5438287494919387,0.5,balanced_chance,Unknown,Unknown,Unknown,,/benchmark-eeg/5.0_version/result_5/linear_downsample/MODMA_cross_subject_linear_downsample/seed_42_downsample_t40/ratio_full/neurogpt/summary.json
MODMA_cross_subject_linear_downsample,reve,seed_10_downsample_t40,MODMA,cross_subject,10,0.55,0.5,balanced_chance,Unknown,Unknown,Unknown,,/benchmark-eeg/5.0_version/result_5/linear_downsample/MODMA_cross_subject_linear_downsample/seed_10_downsample_t40/ratio_full/reve/summary.json
MODMA_cross_subject_linear_downsample,reve,seed_42_downsample_t40,MODMA,cross_subject,42,0.43125,0.5,balanced_chance,Unknown,Unknown,Unknown,,/benchmark-eeg/5.0_version/result_5/linear_downsample/MODMA_cross_subject_linear_downsample/seed_42_downsample_t40/ratio_full/reve/summary.json
MODMA_cross_subject_linear_downsample,reve,seed_5_downsample_t40,MODMA,cross_subject,5,0.5061728395061729,0.5,balanced_chance,Unknown,Unknown,Unknown,,/benchmark-eeg/5.0_version/result_5/linear_downsample/MODMA_cross_subject_linear_downsample/seed_5_downsample_t40/ratio_full/reve/summary.json
MonitoringErrP_cross_subject_linear_downsample,bendr,seed_10_downsample_t40,MonitoringErrP,cross_subject,10,0.4082165056277807,0.5,balanced_chance,Interaction & Control,交互与控制,ErrP/错误相关反馈,Monitoring ErrP,/benchmark-eeg/5.0_version/result_5/linear_downsample/MonitoringErrP_cross_subject_linear_downsample/seed_10_downsample_t40/ratio_full/bendr/summary.json
MonitoringErrP_cross_subject_linear_downsample,bendr,seed_42_downsample_t40,MonitoringErrP,cross_subject,42,0.48221594918842625,0.5,balanced_chance,Interaction & Control,交互与控制,ErrP/错误相关反馈,Monitoring ErrP,/benchmark-eeg/5.0_version/result_5/linear_downsample/MonitoringErrP_cross_subject_linear_downsample/seed_42_downsample_t40/ratio_full/bendr/summary.json
MonitoringErrP_cross_subject_linear_downsample,bendr,seed_5_downsample_t40,MonitoringErrP,cross_subject,5,0.4382062780269058,0.5,balanced_chance,Interaction & Control,交互与控制,ErrP/错误相关反馈,Monitoring ErrP,/benchmark-eeg/5.0_version/result_5/linear_downsample/MonitoringErrP_cross_subject_linear_downsample/seed_5_downsample_t40/ratio_full/bendr/summary.json
MonitoringErrP_cross_subject_linear_downsample,biot,seed_10_downsample_t40,MonitoringErrP,cross_subject,10,0.497539846082678,0.5,balanced_chance,Interaction & Control,交互与控制,ErrP/错误相关反馈,Monitoring ErrP,/benchmark-eeg/5.0_version/result_5/linear_downsample/MonitoringErrP_cross_subject_linear_downsample/seed_10_downsample_t40/ratio_full/biot/summary.json
MonitoringErrP_cross_subject_linear_downsample,biot,seed_42_downsample_t40,MonitoringErrP,cross_subject,42,0.46569437393270874,0.5,balanced_chance,Interaction & Control,交互与控制,ErrP/错误相关反馈,Monitoring ErrP,/benchmark-eeg/5.0_version/result_5/linear_downsample/MonitoringErrP_cross_subject_linear_downsample/seed_42_downsample_t40/ratio_full/biot/summary.json
MonitoringErrP_cross_subject_linear_downsample,biot,seed_5_downsample_t40,MonitoringErrP,cross_subject,5,0.48280163794826425,0.5,balanced_chance,Interaction & Control,交互与控制,ErrP/错误相关反馈,Monitoring ErrP,/benchmark-eeg/5.0_version/result_5/linear_downsample/MonitoringErrP_cross_subject_linear_downsample/seed_5_downsample_t40/ratio_full/biot/summary.json
MonitoringErrP_cross_subject_linear_downsample,brainomni,seed_10_downsample_t40,MonitoringErrP,cross_subject,10,0.47990214429363676,0.5,balanced_chance,Interaction & Control,交互与控制,ErrP/错误相关反馈,Monitoring ErrP,/benchmark-eeg/5.0_version/result_5/linear_downsample/MonitoringErrP_cross_subject_linear_downsample/seed_10_downsample_t40/ratio_full/brainomni/summary.json
MonitoringErrP_cross_subject_linear_downsample,brainomni,seed_42_downsample_t40,MonitoringErrP,cross_subject,42,0.46853324848870503,0.5,balanced_chance,Interaction & Control,交互与控制,ErrP/错误相关反馈,Monitoring ErrP,/benchmark-eeg/5.0_version/result_5/linear_downsample/MonitoringErrP_cross_subject_linear_downsample/seed_42_downsample_t40/ratio_full/brainomni/summary.json
MonitoringErrP_cross_subject_linear_downsample,brainomni,seed_5_downsample_t40,MonitoringErrP,cross_subject,5,0.48165428845792424,0.5,balanced_chance,Interaction & Control,交互与控制,ErrP/错误相关反馈,Monitoring ErrP,/benchmark-eeg/5.0_version/result_5/linear_downsample/MonitoringErrP_cross_subject_linear_downsample/seed_5_downsample_t40/ratio_full/brainomni/summary.json
MonitoringErrP_cross_subject_linear_downsample,cbramod,seed_10_downsample_t40,MonitoringErrP,cross_subject,10,0.474979433431712,0.5,balanced_chance,Interaction & Control,交互与控制,ErrP/错误相关反馈,Monitoring ErrP,/benchmark-eeg/5.0_version/result_5/linear_downsample/MonitoringErrP_cross_subject_linear_downsample/seed_10_downsample_t40/ratio_full/cbramod/summary.json
MonitoringErrP_cross_subject_linear_downsample,cbramod,seed_42_downsample_t40,MonitoringErrP,cross_subject,42,0.4650416787308941,0.5,balanced_chance,Interaction & Control,交互与控制,ErrP/错误相关反馈,Monitoring ErrP,/benchmark-eeg/5.0_version/result_5/linear_downsample/MonitoringErrP_cross_subject_linear_downsample/seed_42_downsample_t40/ratio_full/cbramod/summary.json
MonitoringErrP_cross_subject_linear_downsample,cbramod,seed_5_downsample_t40,MonitoringErrP,cross_subject,5,0.46296077913100053,0.5,balanced_chance,Interaction & Control,交互与控制,ErrP/错误相关反馈,Monitoring ErrP,/benchmark-eeg/5.0_version/result_5/linear_downsample/MonitoringErrP_cross_subject_linear_downsample/seed_5_downsample_t40/ratio_full/cbramod/summary.json
MonitoringErrP_cross_subject_linear_downsample,eegmamba,seed_10_downsample_t40,MonitoringErrP,cross_subject,10,0.4820333220589769,0.5,balanced_chance,Interaction & Control,交互与控制,ErrP/错误相关反馈,Monitoring ErrP,/benchmark-eeg/5.0_version/result_5/linear_downsample/MonitoringErrP_cross_subject_linear_downsample/seed_10_downsample_t40/ratio_full/eegmamba/summary.json
MonitoringErrP_cross_subject_linear_downsample,eegmamba,seed_42_downsample_t40,MonitoringErrP,cross_subject,42,0.49616496507002394,0.5,balanced_chance,Interaction & Control,交互与控制,ErrP/错误相关反馈,Monitoring ErrP,/benchmark-eeg/5.0_version/result_5/linear_downsample/MonitoringErrP_cross_subject_linear_downsample/seed_42_downsample_t40/ratio_full/eegmamba/summary.json
MonitoringErrP_cross_subject_linear_downsample,eegmamba,seed_5_downsample_t40,MonitoringErrP,cross_subject,5,0.47982474177883927,0.5,balanced_chance,Interaction & Control,交互与控制,ErrP/错误相关反馈,Monitoring ErrP,/benchmark-eeg/5.0_version/result_5/linear_downsample/MonitoringErrP_cross_subject_linear_downsample/seed_5_downsample_t40/ratio_full/eegmamba/summary.json
MonitoringErrP_cross_subject_linear_downsample,femba,seed_10_downsample_t40,MonitoringErrP,cross_subject,10,0.46380112116193145,0.5,balanced_chance,Interaction & Control,交互与控制,ErrP/错误相关反馈,Monitoring ErrP,/benchmark-eeg/5.0_version/result_5/linear_downsample/MonitoringErrP_cross_subject_linear_downsample/seed_10_downsample_t40/ratio_full/femba/summary.json
MonitoringErrP_cross_subject_linear_downsample,femba,seed_42_downsample_t40,MonitoringErrP,cross_subject,42,0.48238246313448196,0.5,balanced_chance,Interaction & Control,交互与控制,ErrP/错误相关反馈,Monitoring ErrP,/benchmark-eeg/5.0_version/result_5/linear_downsample/MonitoringErrP_cross_subject_linear_downsample/seed_42_downsample_t40/ratio_full/femba/summary.json
MonitoringErrP_cross_subject_linear_downsample,femba,seed_5_downsample_t40,MonitoringErrP,cross_subject,5,0.49748677248677253,0.5,balanced_chance,Interaction & Control,交互与控制,ErrP/错误相关反馈,Monitoring ErrP,/benchmark-eeg/5.0_version/result_5/linear_downsample/MonitoringErrP_cross_subject_linear_downsample/seed_5_downsample_t40/ratio_full/femba/summary.json
MonitoringErrP_cross_subject_linear_downsample,labram,seed_10_downsample_t40,MonitoringErrP,cross_subject,10,0.5121046530882596,0.5,balanced_chance,Interaction & Control,交互与控制,ErrP/错误相关反馈,Monitoring ErrP,/benchmark-eeg/5.0_version/result_5/linear_downsample/MonitoringErrP_cross_subject_linear_downsample/seed_10_downsample_t40/ratio_full/labram/summary.json
MonitoringErrP_cross_subject_linear_downsample,labram,seed_42_downsample_t40,MonitoringErrP,cross_subject,42,0.47029436348472486,0.5,balanced_chance,Interaction & Control,交互与控制,ErrP/错误相关反馈,Monitoring ErrP,/benchmark-eeg/5.0_version/result_5/linear_downsample/MonitoringErrP_cross_subject_linear_downsample/seed_42_downsample_t40/ratio_full/labram/summary.json
MonitoringErrP_cross_subject_linear_downsample,labram,seed_5_downsample_t40,MonitoringErrP,cross_subject,5,0.46674142804473395,0.5,balanced_chance,Interaction & Control,交互与控制,ErrP/错误相关反馈,Monitoring ErrP,/benchmark-eeg/5.0_version/result_5/linear_downsample/MonitoringErrP_cross_subject_linear_downsample/seed_5_downsample_t40/ratio_full/labram/summary.json
MonitoringErrP_cross_subject_linear_downsample,neurogpt,seed_10_downsample_t40,MonitoringErrP,cross_subject,10,0.40830645161290324,0.5,balanced_chance,Interaction & Control,交互与控制,ErrP/错误相关反馈,Monitoring ErrP,/benchmark-eeg/5.0_version/result_5/linear_downsample/MonitoringErrP_cross_subject_linear_downsample/seed_10_downsample_t40/ratio_full/neurogpt/summary.json
MonitoringErrP_cross_subject_linear_downsample,neurogpt,seed_42_downsample_t40,MonitoringErrP,cross_subject,42,0.33587786259541985,0.5,balanced_chance,Interaction & Control,交互与控制,ErrP/错误相关反馈,Monitoring ErrP,/benchmark-eeg/5.0_version/result_5/linear_downsample/MonitoringErrP_cross_subject_linear_downsample/seed_42_downsample_t40/ratio_full/neurogpt/summary.json
MonitoringErrP_cross_subject_linear_downsample,neurogpt,seed_5_downsample_t40,MonitoringErrP,cross_subject,5,0.4342603605859522,0.5,balanced_chance,Interaction & Control,交互与控制,ErrP/错误相关反馈,Monitoring ErrP,/benchmark-eeg/5.0_version/result_5/linear_downsample/MonitoringErrP_cross_subject_linear_downsample/seed_5_downsample_t40/ratio_full/neurogpt/summary.json
MonitoringErrP_cross_subject_linear_downsample,neurolm,seed_10_downsample_t40,MonitoringErrP,cross_subject,10,0.34311144234234786,0.5,balanced_chance,Interaction & Control,交互与控制,ErrP/错误相关反馈,Monitoring ErrP,/benchmark-eeg/5.0_version/result_5/linear_downsample/MonitoringErrP_cross_subject_linear_downsample/seed_10_downsample_t40/ratio_full/neurolm/summary.json
MonitoringErrP_cross_subject_linear_downsample,neurolm,seed_42_downsample_t40,MonitoringErrP,cross_subject,42,0.4729418147294181,0.5,balanced_chance,Interaction & Control,交互与控制,ErrP/错误相关反馈,Monitoring ErrP,/benchmark-eeg/5.0_version/result_5/linear_downsample/MonitoringErrP_cross_subject_linear_downsample/seed_42_downsample_t40/ratio_full/neurolm/summary.json
MonitoringErrP_cross_subject_linear_downsample,neurolm,seed_5_downsample_t40,MonitoringErrP,cross_subject,5,0.49459134615384615,0.5,balanced_chance,Interaction & Control,交互与控制,ErrP/错误相关反馈,Monitoring ErrP,/benchmark-eeg/5.0_version/result_5/linear_downsample/MonitoringErrP_cross_subject_linear_downsample/seed_5_downsample_t40/ratio_full/neurolm/summary.json
MonitoringErrP_cross_subject_linear_downsample,reve,seed_10_downsample_t40,MonitoringErrP,cross_subject,10,0.48413120342944904,0.5,balanced_chance,Interaction & Control,交互与控制,ErrP/错误相关反馈,Monitoring ErrP,/benchmark-eeg/5.0_version/result_5/linear_downsample/MonitoringErrP_cross_subject_linear_downsample/seed_10_downsample_t40/ratio_full/reve/summary.json
MonitoringErrP_cross_subject_linear_downsample,reve,seed_42_downsample_t40,MonitoringErrP,cross_subject,42,0.49324707373195054,0.5,balanced_chance,Interaction & Control,交互与控制,ErrP/错误相关反馈,Monitoring ErrP,/benchmark-eeg/5.0_version/result_5/linear_downsample/MonitoringErrP_cross_subject_linear_downsample/seed_42_downsample_t40/ratio_full/reve/summary.json
MonitoringErrP_cross_subject_linear_downsample,reve,seed_5_downsample_t40,MonitoringErrP,cross_subject,5,0.46855548560158816,0.5,balanced_chance,Interaction & Control,交互与控制,ErrP/错误相关反馈,Monitoring ErrP,/benchmark-eeg/5.0_version/result_5/linear_downsample/MonitoringErrP_cross_subject_linear_downsample/seed_5_downsample_t40/ratio_full/reve/summary.json
MusicEEG_cross_subject_linear_downsample,bendr,seed_10_downsample_t40,MusicEEG,cross_subject,10,0.3628657224097154,0.5,balanced_chance,Cognition & Emotion,认知与情绪,情绪诱发 / 情绪解码,MusicEEG,/benchmark-eeg/5.0_version/result_5/linear_downsample/MusicEEG_cross_subject_linear_downsample/seed_10_downsample_t40/ratio_full/bendr/summary.json
MusicEEG_cross_subject_linear_downsample,bendr,seed_42_downsample_t40,MusicEEG,cross_subject,42,0.45054945054945056,0.5,balanced_chance,Cognition & Emotion,认知与情绪,情绪诱发 / 情绪解码,MusicEEG,/benchmark-eeg/5.0_version/result_5/linear_downsample/MusicEEG_cross_subject_linear_downsample/seed_42_downsample_t40/ratio_full/bendr/summary.json
MusicEEG_cross_subject_linear_downsample,bendr,seed_5_downsample_t40,MusicEEG,cross_subject,5,0.47629204265791636,0.5,balanced_chance,Cognition & Emotion,认知与情绪,情绪诱发 / 情绪解码,MusicEEG,/benchmark-eeg/5.0_version/result_5/linear_downsample/MusicEEG_cross_subject_linear_downsample/seed_5_downsample_t40/ratio_full/bendr/summary.json
MusicEEG_cross_subject_linear_downsample,biot,seed_10_downsample_t40,MusicEEG,cross_subject,10,0.4102883417951911,0.5,balanced_chance,Cognition & Emotion,认知与情绪,情绪诱发 / 情绪解码,MusicEEG,/benchmark-eeg/5.0_version/result_5/linear_downsample/MusicEEG_cross_subject_linear_downsample/seed_10_downsample_t40/ratio_full/biot/summary.json
MusicEEG_cross_subject_linear_downsample,biot,seed_42_downsample_t40,MusicEEG,cross_subject,42,0.37338315607933314,0.5,balanced_chance,Cognition & Emotion,认知与情绪,情绪诱发 / 情绪解码,MusicEEG,/benchmark-eeg/5.0_version/result_5/linear_downsample/MusicEEG_cross_subject_linear_downsample/seed_42_downsample_t40/ratio_full/biot/summary.json
MusicEEG_cross_subject_linear_downsample,biot,seed_5_downsample_t40,MusicEEG,cross_subject,5,0.31988636363636364,0.5,balanced_chance,Cognition & Emotion,认知与情绪,情绪诱发 / 情绪解码,MusicEEG,/benchmark-eeg/5.0_version/result_5/linear_downsample/MusicEEG_cross_subject_linear_downsample/seed_5_downsample_t40/ratio_full/biot/summary.json
MusicEEG_cross_subject_linear_downsample,brainomni,seed_10_downsample_t40,MusicEEG,cross_subject,10,0.4778554778554779,0.5,balanced_chance,Cognition & Emotion,认知与情绪,情绪诱发 / 情绪解码,MusicEEG,/benchmark-eeg/5.0_version/result_5/linear_downsample/MusicEEG_cross_subject_linear_downsample/seed_10_downsample_t40/ratio_full/brainomni/summary.json
MusicEEG_cross_subject_linear_downsample,brainomni,seed_42_downsample_t40,MusicEEG,cross_subject,42,0.5064629847238543,0.5,balanced_chance,Cognition & Emotion,认知与情绪,情绪诱发 / 情绪解码,MusicEEG,/benchmark-eeg/5.0_version/result_5/linear_downsample/MusicEEG_cross_subject_linear_downsample/seed_42_downsample_t40/ratio_full/brainomni/summary.json
MusicEEG_cross_subject_linear_downsample,brainomni,seed_5_downsample_t40,MusicEEG,cross_subject,5,0.45619203491543914,0.5,balanced_chance,Cognition & Emotion,认知与情绪,情绪诱发 / 情绪解码,MusicEEG,/benchmark-eeg/5.0_version/result_5/linear_downsample/MusicEEG_cross_subject_linear_downsample/seed_5_downsample_t40/ratio_full/brainomni/summary.json
MusicEEG_cross_subject_linear_downsample,cbramod,seed_10_downsample_t40,MusicEEG,cross_subject,10,0.4602004206359025,0.5,balanced_chance,Cognition & Emotion,认知与情绪,情绪诱发 / 情绪解码,MusicEEG,/benchmark-eeg/5.0_version/result_5/linear_downsample/MusicEEG_cross_subject_linear_downsample/seed_10_downsample_t40/ratio_full/cbramod/summary.json
MusicEEG_cross_subject_linear_downsample,cbramod,seed_42_downsample_t40,MusicEEG,cross_subject,42,0.580339177924691,0.5,balanced_chance,Cognition & Emotion,认知与情绪,情绪诱发 / 情绪解码,MusicEEG,/benchmark-eeg/5.0_version/result_5/linear_downsample/MusicEEG_cross_subject_linear_downsample/seed_42_downsample_t40/ratio_full/cbramod/summary.json
MusicEEG_cross_subject_linear_downsample,cbramod,seed_5_downsample_t40,MusicEEG,cross_subject,5,0.5683485384472166,0.5,balanced_chance,Cognition & Emotion,认知与情绪,情绪诱发 / 情绪解码,MusicEEG,/benchmark-eeg/5.0_version/result_5/linear_downsample/MusicEEG_cross_subject_linear_downsample/seed_5_downsample_t40/ratio_full/cbramod/summary.json
MusicEEG_cross_subject_linear_downsample,eegmamba,seed_10_downsample_t40,MusicEEG,cross_subject,10,0.5804195804195804,0.5,balanced_chance,Cognition & Emotion,认知与情绪,情绪诱发 / 情绪解码,MusicEEG,/benchmark-eeg/5.0_version/result_5/linear_downsample/MusicEEG_cross_subject_linear_downsample/seed_10_downsample_t40/ratio_full/eegmamba/summary.json
MusicEEG_cross_subject_linear_downsample,eegmamba,seed_42_downsample_t40,MusicEEG,cross_subject,42,0.4325665595056025,0.5,balanced_chance,Cognition & Emotion,认知与情绪,情绪诱发 / 情绪解码,MusicEEG,/benchmark-eeg/5.0_version/result_5/linear_downsample/MusicEEG_cross_subject_linear_downsample/seed_42_downsample_t40/ratio_full/eegmamba/summary.json
MusicEEG_cross_subject_linear_downsample,eegmamba,seed_5_downsample_t40,MusicEEG,cross_subject,5,0.5156640399769364,0.5,balanced_chance,Cognition & Emotion,认知与情绪,情绪诱发 / 情绪解码,MusicEEG,/benchmark-eeg/5.0_version/result_5/linear_downsample/MusicEEG_cross_subject_linear_downsample/seed_5_downsample_t40/ratio_full/eegmamba/summary.json
MusicEEG_cross_subject_linear_downsample,femba,seed_10_downsample_t40,MusicEEG,cross_subject,10,0.5287612053137488,0.5,balanced_chance,Cognition & Emotion,认知与情绪,情绪诱发 / 情绪解码,MusicEEG,/benchmark-eeg/5.0_version/result_5/linear_downsample/MusicEEG_cross_subject_linear_downsample/seed_10_downsample_t40/ratio_full/femba/summary.json
MusicEEG_cross_subject_linear_downsample,femba,seed_42_downsample_t40,MusicEEG,cross_subject,42,0.4196428571428571,0.5,balanced_chance,Cognition & Emotion,认知与情绪,情绪诱发 / 情绪解码,MusicEEG,/benchmark-eeg/5.0_version/result_5/linear_downsample/MusicEEG_cross_subject_linear_downsample/seed_42_downsample_t40/ratio_full/femba/summary.json
MusicEEG_cross_subject_linear_downsample,femba,seed_5_downsample_t40,MusicEEG,cross_subject,5,0.4869318181818182,0.5,balanced_chance,Cognition & Emotion,认知与情绪,情绪诱发 / 情绪解码,MusicEEG,/benchmark-eeg/5.0_version/result_5/linear_downsample/MusicEEG_cross_subject_linear_downsample/seed_5_downsample_t40/ratio_full/femba/summary.json
MusicEEG_cross_subject_linear_downsample,labram,seed_10_downsample_t40,MusicEEG,cross_subject,10,0.574037554660036,0.5,balanced_chance,Cognition & Emotion,认知与情绪,情绪诱发 / 情绪解码,MusicEEG,/benchmark-eeg/5.0_version/result_5/linear_downsample/MusicEEG_cross_subject_linear_downsample/seed_10_downsample_t40/ratio_full/labram/summary.json
MusicEEG_cross_subject_linear_downsample,labram,seed_42_downsample_t40,MusicEEG,cross_subject,42,0.4682247899159664,0.5,balanced_chance,Cognition & Emotion,认知与情绪,情绪诱发 / 情绪解码,MusicEEG,/benchmark-eeg/5.0_version/result_5/linear_downsample/MusicEEG_cross_subject_linear_downsample/seed_42_downsample_t40/ratio_full/labram/summary.json
MusicEEG_cross_subject_linear_downsample,labram,seed_5_downsample_t40,MusicEEG,cross_subject,5,0.5564435564435564,0.5,balanced_chance,Cognition & Emotion,认知与情绪,情绪诱发 / 情绪解码,MusicEEG,/benchmark-eeg/5.0_version/result_5/linear_downsample/MusicEEG_cross_subject_linear_downsample/seed_5_downsample_t40/ratio_full/labram/summary.json
MusicEEG_cross_subject_linear_downsample,neurogpt,seed_10_downsample_t40,MusicEEG,cross_subject,10,0.3333333333333333,0.5,balanced_chance,Cognition & Emotion,认知与情绪,情绪诱发 / 情绪解码,MusicEEG,/benchmark-eeg/5.0_version/result_5/linear_downsample/MusicEEG_cross_subject_linear_downsample/seed_10_downsample_t40/ratio_full/neurogpt/summary.json
MusicEEG_cross_subject_linear_downsample,neurogpt,seed_42_downsample_t40,MusicEEG,cross_subject,42,0.23963367240039202,0.5,balanced_chance,Cognition & Emotion,认知与情绪,情绪诱发 / 情绪解码,MusicEEG,/benchmark-eeg/5.0_version/result_5/linear_downsample/MusicEEG_cross_subject_linear_downsample/seed_42_downsample_t40/ratio_full/neurogpt/summary.json
MusicEEG_cross_subject_linear_downsample,neurogpt,seed_5_downsample_t40,MusicEEG,cross_subject,5,0.2631578947368421,0.5,balanced_chance,Cognition & Emotion,认知与情绪,情绪诱发 / 情绪解码,MusicEEG,/benchmark-eeg/5.0_version/result_5/linear_downsample/MusicEEG_cross_subject_linear_downsample/seed_5_downsample_t40/ratio_full/neurogpt/summary.json
MusicEEG_cross_subject_linear_downsample,neurolm,seed_10_downsample_t40,MusicEEG,cross_subject,10,0.5125,0.5,balanced_chance,Cognition & Emotion,认知与情绪,情绪诱发 / 情绪解码,MusicEEG,/benchmark-eeg/5.0_version/result_5/linear_downsample/MusicEEG_cross_subject_linear_downsample/seed_10_downsample_t40/ratio_full/neurolm/summary.json
MusicEEG_cross_subject_linear_downsample,neurolm,seed_42_downsample_t40,MusicEEG,cross_subject,42,0.3821972734562952,0.5,balanced_chance,Cognition & Emotion,认知与情绪,情绪诱发 / 情绪解码,MusicEEG,/benchmark-eeg/5.0_version/result_5/linear_downsample/MusicEEG_cross_subject_linear_downsample/seed_42_downsample_t40/ratio_full/neurolm/summary.json
MusicEEG_cross_subject_linear_downsample,neurolm,seed_5_downsample_t40,MusicEEG,cross_subject,5,0.38235294117647056,0.5,balanced_chance,Cognition & Emotion,认知与情绪,情绪诱发 / 情绪解码,MusicEEG,/benchmark-eeg/5.0_version/result_5/linear_downsample/MusicEEG_cross_subject_linear_downsample/seed_5_downsample_t40/ratio_full/neurolm/summary.json
MusicEEG_cross_subject_linear_downsample,reve,seed_10_downsample_t40,MusicEEG,cross_subject,10,0.5461406518010292,0.5,balanced_chance,Cognition & Emotion,认知与情绪,情绪诱发 / 情绪解码,MusicEEG,/benchmark-eeg/5.0_version/result_5/linear_downsample/MusicEEG_cross_subject_linear_downsample/seed_10_downsample_t40/ratio_full/reve/summary.json
MusicEEG_cross_subject_linear_downsample,reve,seed_42_downsample_t40,MusicEEG,cross_subject,42,0.4294016642451459,0.5,balanced_chance,Cognition & Emotion,认知与情绪,情绪诱发 / 情绪解码,MusicEEG,/benchmark-eeg/5.0_version/result_5/linear_downsample/MusicEEG_cross_subject_linear_downsample/seed_42_downsample_t40/ratio_full/reve/summary.json
MusicEEG_cross_subject_linear_downsample,reve,seed_5_downsample_t40,MusicEEG,cross_subject,5,0.5354509359047079,0.5,balanced_chance,Cognition & Emotion,认知与情绪,情绪诱发 / 情绪解码,MusicEEG,/benchmark-eeg/5.0_version/result_5/linear_downsample/MusicEEG_cross_subject_linear_downsample/seed_5_downsample_t40/ratio_full/reve/summary.json
PD31_cross_subject_linear_downsample,bendr,seed_10_downsample_t40,PD31,cross_subject,10,0.3382480485689506,0.5,balanced_chance,Biometrics & Disease,个体与疾病,神经退行性（阿尔茨海默/帕金森等）,PD31,/benchmark-eeg/5.0_version/result_5/linear_downsample/PD31_cross_subject_linear_downsample/seed_10_downsample_t40/ratio_full/bendr/summary.json
PD31_cross_subject_linear_downsample,bendr,seed_42_downsample_t40,PD31,cross_subject,42,0.0,0.5,balanced_chance,Biometrics & Disease,个体与疾病,神经退行性（阿尔茨海默/帕金森等）,PD31,/benchmark-eeg/5.0_version/result_5/linear_downsample/PD31_cross_subject_linear_downsample/seed_42_downsample_t40/ratio_full/bendr/summary.json
PD31_cross_subject_linear_downsample,bendr,seed_5_downsample_t40,PD31,cross_subject,5,0.337942955920484,0.5,balanced_chance,Biometrics & Disease,个体与疾病,神经退行性（阿尔茨海默/帕金森等）,PD31,/benchmark-eeg/5.0_version/result_5/linear_downsample/PD31_cross_subject_linear_downsample/seed_5_downsample_t40/ratio_full/bendr/summary.json
PD31_cross_subject_linear_downsample,biot,seed_10_downsample_t40,PD31,cross_subject,10,0.5615648698503791,0.5,balanced_chance,Biometrics & Disease,个体与疾病,神经退行性（阿尔茨海默/帕金森等）,PD31,/benchmark-eeg/5.0_version/result_5/linear_downsample/PD31_cross_subject_linear_downsample/seed_10_downsample_t40/ratio_full/biot/summary.json
PD31_cross_subject_linear_downsample,biot,seed_42_downsample_t40,PD31,cross_subject,42,0.3864836325237592,0.5,balanced_chance,Biometrics & Disease,个体与疾病,神经退行性（阿尔茨海默/帕金森等）,PD31,/benchmark-eeg/5.0_version/result_5/linear_downsample/PD31_cross_subject_linear_downsample/seed_42_downsample_t40/ratio_full/biot/summary.json
PD31_cross_subject_linear_downsample,biot,seed_5_downsample_t40,PD31,cross_subject,5,0.32563465916515927,0.5,balanced_chance,Biometrics & Disease,个体与疾病,神经退行性（阿尔茨海默/帕金森等）,PD31,/benchmark-eeg/5.0_version/result_5/linear_downsample/PD31_cross_subject_linear_downsample/seed_5_downsample_t40/ratio_full/biot/summary.json
PD31_cross_subject_linear_downsample,brainomni,seed_10_downsample_t40,PD31,cross_subject,10,0.5020950680038467,0.5,balanced_chance,Biometrics & Disease,个体与疾病,神经退行性（阿尔茨海默/帕金森等）,PD31,/benchmark-eeg/5.0_version/result_5/linear_downsample/PD31_cross_subject_linear_downsample/seed_10_downsample_t40/ratio_full/brainomni/summary.json
PD31_cross_subject_linear_downsample,brainomni,seed_42_downsample_t40,PD31,cross_subject,42,0.39162303664921466,0.5,balanced_chance,Biometrics & Disease,个体与疾病,神经退行性（阿尔茨海默/帕金森等）,PD31,/benchmark-eeg/5.0_version/result_5/linear_downsample/PD31_cross_subject_linear_downsample/seed_42_downsample_t40/ratio_full/brainomni/summary.json
PD31_cross_subject_linear_downsample,brainomni,seed_5_downsample_t40,PD31,cross_subject,5,0.24951143478374768,0.5,balanced_chance,Biometrics & Disease,个体与疾病,神经退行性（阿尔茨海默/帕金森等）,PD31,/benchmark-eeg/5.0_version/result_5/linear_downsample/PD31_cross_subject_linear_downsample/seed_5_downsample_t40/ratio_full/brainomni/summary.json
PD31_cross_subject_linear_downsample,cbramod,seed_10_downsample_t40,PD31,cross_subject,10,0.5839150161416979,0.5,balanced_chance,Biometrics & Disease,个体与疾病,神经退行性（阿尔茨海默/帕金森等）,PD31,/benchmark-eeg/5.0_version/result_5/linear_downsample/PD31_cross_subject_linear_downsample/seed_10_downsample_t40/ratio_full/cbramod/summary.json
PD31_cross_subject_linear_downsample,cbramod,seed_42_downsample_t40,PD31,cross_subject,42,0.22944297082228116,0.5,balanced_chance,Biometrics & Disease,个体与疾病,神经退行性（阿尔茨海默/帕金森等）,PD31,/benchmark-eeg/5.0_version/result_5/linear_downsample/PD31_cross_subject_linear_downsample/seed_42_downsample_t40/ratio_full/cbramod/summary.json
PD31_cross_subject_linear_downsample,cbramod,seed_5_downsample_t40,PD31,cross_subject,5,0.20628842775581907,0.5,balanced_chance,Biometrics & Disease,个体与疾病,神经退行性（阿尔茨海默/帕金森等）,PD31,/benchmark-eeg/5.0_version/result_5/linear_downsample/PD31_cross_subject_linear_downsample/seed_5_downsample_t40/ratio_full/cbramod/summary.json
PD31_cross_subject_linear_downsample,eegmamba,seed_10_downsample_t40,PD31,cross_subject,10,0.4079764121663563,0.5,balanced_chance,Biometrics & Disease,个体与疾病,神经退行性（阿尔茨海默/帕金森等）,PD31,/benchmark-eeg/5.0_version/result_5/linear_downsample/PD31_cross_subject_linear_downsample/seed_10_downsample_t40/ratio_full/eegmamba/summary.json
PD31_cross_subject_linear_downsample,eegmamba,seed_42_downsample_t40,PD31,cross_subject,42,0.047540983606557376,0.5,balanced_chance,Biometrics & Disease,个体与疾病,神经退行性（阿尔茨海默/帕金森等）,PD31,/benchmark-eeg/5.0_version/result_5/linear_downsample/PD31_cross_subject_linear_downsample/seed_42_downsample_t40/ratio_full/eegmamba/summary.json
PD31_cross_subject_linear_downsample,eegmamba,seed_5_downsample_t40,PD31,cross_subject,5,0.34270982034900505,0.5,balanced_chance,Biometrics & Disease,个体与疾病,神经退行性（阿尔茨海默/帕金森等）,PD31,/benchmark-eeg/5.0_version/result_5/linear_downsample/PD31_cross_subject_linear_downsample/seed_5_downsample_t40/ratio_full/eegmamba/summary.json
PD31_cross_subject_linear_downsample,femba,seed_10_downsample_t40,PD31,cross_subject,10,0.6029374326105187,0.5,balanced_chance,Biometrics & Disease,个体与疾病,神经退行性（阿尔茨海默/帕金森等）,PD31,/benchmark-eeg/5.0_version/result_5/linear_downsample/PD31_cross_subject_linear_downsample/seed_10_downsample_t40/ratio_full/femba/summary.json
PD31_cross_subject_linear_downsample,femba,seed_42_downsample_t40,PD31,cross_subject,42,0.3851851851851852,0.5,balanced_chance,Biometrics & Disease,个体与疾病,神经退行性（阿尔茨海默/帕金森等）,PD31,/benchmark-eeg/5.0_version/result_5/linear_downsample/PD31_cross_subject_linear_downsample/seed_42_downsample_t40/ratio_full/femba/summary.json
PD31_cross_subject_linear_downsample,femba,seed_5_downsample_t40,PD31,cross_subject,5,0.2649516709362595,0.5,balanced_chance,Biometrics & Disease,个体与疾病,神经退行性（阿尔茨海默/帕金森等）,PD31,/benchmark-eeg/5.0_version/result_5/linear_downsample/PD31_cross_subject_linear_downsample/seed_5_downsample_t40/ratio_full/femba/summary.json
PD31_cross_subject_linear_downsample,labram,seed_10_downsample_t40,PD31,cross_subject,10,0.4662305972295674,0.5,balanced_chance,Biometrics & Disease,个体与疾病,神经退行性（阿尔茨海默/帕金森等）,PD31,/benchmark-eeg/5.0_version/result_5/linear_downsample/PD31_cross_subject_linear_downsample/seed_10_downsample_t40/ratio_full/labram/summary.json
PD31_cross_subject_linear_downsample,labram,seed_42_downsample_t40,PD31,cross_subject,42,0.2991556091676719,0.5,balanced_chance,Biometrics & Disease,个体与疾病,神经退行性（阿尔茨海默/帕金森等）,PD31,/benchmark-eeg/5.0_version/result_5/linear_downsample/PD31_cross_subject_linear_downsample/seed_42_downsample_t40/ratio_full/labram/summary.json
PD31_cross_subject_linear_downsample,labram,seed_5_downsample_t40,PD31,cross_subject,5,0.23361746152679275,0.5,balanced_chance,Biometrics & Disease,个体与疾病,神经退行性（阿尔茨海默/帕金森等）,PD31,/benchmark-eeg/5.0_version/result_5/linear_downsample/PD31_cross_subject_linear_downsample/seed_5_downsample_t40/ratio_full/labram/summary.json
PD31_cross_subject_linear_downsample,neurogpt,seed_10_downsample_t40,PD31,cross_subject,10,0.40515496109170696,0.5,balanced_chance,Biometrics & Disease,个体与疾病,神经退行性（阿尔茨海默/帕金森等）,PD31,/benchmark-eeg/5.0_version/result_5/linear_downsample/PD31_cross_subject_linear_downsample/seed_10_downsample_t40/ratio_full/neurogpt/summary.json
PD31_cross_subject_linear_downsample,neurogpt,seed_42_downsample_t40,PD31,cross_subject,42,0.13670133729569092,0.5,balanced_chance,Biometrics & Disease,个体与疾病,神经退行性（阿尔茨海默/帕金森等）,PD31,/benchmark-eeg/5.0_version/result_5/linear_downsample/PD31_cross_subject_linear_downsample/seed_42_downsample_t40/ratio_full/neurogpt/summary.json
PD31_cross_subject_linear_downsample,neurogpt,seed_5_downsample_t40,PD31,cross_subject,5,0.17431374458264362,0.5,balanced_chance,Biometrics & Disease,个体与疾病,神经退行性（阿尔茨海默/帕金森等）,PD31,/benchmark-eeg/5.0_version/result_5/linear_downsample/PD31_cross_subject_linear_downsample/seed_5_downsample_t40/ratio_full/neurogpt/summary.json
PD31_cross_subject_linear_downsample,neurolm,seed_10_downsample_t40,PD31,cross_subject,10,0.5620605538814751,0.5,balanced_chance,Biometrics & Disease,个体与疾病,神经退行性（阿尔茨海默/帕金森等）,PD31,/benchmark-eeg/5.0_version/result_5/linear_downsample/PD31_cross_subject_linear_downsample/seed_10_downsample_t40/ratio_full/neurolm/summary.json
PD31_cross_subject_linear_downsample,neurolm,seed_42_downsample_t40,PD31,cross_subject,42,0.22533333333333333,0.5,balanced_chance,Biometrics & Disease,个体与疾病,神经退行性（阿尔茨海默/帕金森等）,PD31,/benchmark-eeg/5.0_version/result_5/linear_downsample/PD31_cross_subject_linear_downsample/seed_42_downsample_t40/ratio_full/neurolm/summary.json
PD31_cross_subject_linear_downsample,neurolm,seed_5_downsample_t40,PD31,cross_subject,5,0.4003913894324853,0.5,balanced_chance,Biometrics & Disease,个体与疾病,神经退行性（阿尔茨海默/帕金森等）,PD31,/benchmark-eeg/5.0_version/result_5/linear_downsample/PD31_cross_subject_linear_downsample/seed_5_downsample_t40/ratio_full/neurolm/summary.json
PD31_cross_subject_linear_downsample,reve,seed_10_downsample_t40,PD31,cross_subject,10,0.42024165421026405,0.5,balanced_chance,Biometrics & Disease,个体与疾病,神经退行性（阿尔茨海默/帕金森等）,PD31,/benchmark-eeg/5.0_version/result_5/linear_downsample/PD31_cross_subject_linear_downsample/seed_10_downsample_t40/ratio_full/reve/summary.json
PD31_cross_subject_linear_downsample,reve,seed_42_downsample_t40,PD31,cross_subject,42,0.3805970149253731,0.5,balanced_chance,Biometrics & Disease,个体与疾病,神经退行性（阿尔茨海默/帕金森等）,PD31,/benchmark-eeg/5.0_version/result_5/linear_downsample/PD31_cross_subject_linear_downsample/seed_42_downsample_t40/ratio_full/reve/summary.json
PD31_cross_subject_linear_downsample,reve,seed_5_downsample_t40,PD31,cross_subject,5,0.44022480960616406,0.5,balanced_chance,Biometrics & Disease,个体与疾病,神经退行性（阿尔茨海默/帕金森等）,PD31,/benchmark-eeg/5.0_version/result_5/linear_downsample/PD31_cross_subject_linear_downsample/seed_5_downsample_t40/ratio_full/reve/summary.json
PEARL_Neuro_wsn_cross_subject_linear_downsample,bendr,seed_10_downsample_t40,PEARL_Neuro_wsn,cross_subject,10,0.2855077744548069,0.3333333333333333,balanced_chance,Unknown,Unknown,Unknown,,/benchmark-eeg/5.0_version/result_5/linear_downsample/PEARL_Neuro_wsn_cross_subject_linear_downsample/seed_10_downsample_t40/ratio_full/bendr/summary.json
PEARL_Neuro_wsn_cross_subject_linear_downsample,bendr,seed_42_downsample_t40,PEARL_Neuro_wsn,cross_subject,42,0.26301206265352556,0.3333333333333333,balanced_chance,Unknown,Unknown,Unknown,,/benchmark-eeg/5.0_version/result_5/linear_downsample/PEARL_Neuro_wsn_cross_subject_linear_downsample/seed_42_downsample_t40/ratio_full/bendr/summary.json
PEARL_Neuro_wsn_cross_subject_linear_downsample,bendr,seed_5_downsample_t40,PEARL_Neuro_wsn,cross_subject,5,0.29899656402845337,0.3333333333333333,balanced_chance,Unknown,Unknown,Unknown,,/benchmark-eeg/5.0_version/result_5/linear_downsample/PEARL_Neuro_wsn_cross_subject_linear_downsample/seed_5_downsample_t40/ratio_full/bendr/summary.json
PEARL_Neuro_wsn_cross_subject_linear_downsample,biot,seed_10_downsample_t40,PEARL_Neuro_wsn,cross_subject,10,0.4386496867263183,0.3333333333333333,balanced_chance,Unknown,Unknown,Unknown,,/benchmark-eeg/5.0_version/result_5/linear_downsample/PEARL_Neuro_wsn_cross_subject_linear_downsample/seed_10_downsample_t40/ratio_full/biot/summary.json
PEARL_Neuro_wsn_cross_subject_linear_downsample,biot,seed_42_downsample_t40,PEARL_Neuro_wsn,cross_subject,42,0.4777263643455656,0.3333333333333333,balanced_chance,Unknown,Unknown,Unknown,,/benchmark-eeg/5.0_version/result_5/linear_downsample/PEARL_Neuro_wsn_cross_subject_linear_downsample/seed_42_downsample_t40/ratio_full/biot/summary.json
PEARL_Neuro_wsn_cross_subject_linear_downsample,biot,seed_5_downsample_t40,PEARL_Neuro_wsn,cross_subject,5,0.3996842522196851,0.3333333333333333,balanced_chance,Unknown,Unknown,Unknown,,/benchmark-eeg/5.0_version/result_5/linear_downsample/PEARL_Neuro_wsn_cross_subject_linear_downsample/seed_5_downsample_t40/ratio_full/biot/summary.json
PEARL_Neuro_wsn_cross_subject_linear_downsample,brainomni,seed_10_downsample_t40,PEARL_Neuro_wsn,cross_subject,10,0.48862977991161866,0.3333333333333333,balanced_chance,Unknown,Unknown,Unknown,,/benchmark-eeg/5.0_version/result_5/linear_downsample/PEARL_Neuro_wsn_cross_subject_linear_downsample/seed_10_downsample_t40/ratio_full/brainomni/summary.json
PEARL_Neuro_wsn_cross_subject_linear_downsample,brainomni,seed_42_downsample_t40,PEARL_Neuro_wsn,cross_subject,42,0.4793362119834821,0.3333333333333333,balanced_chance,Unknown,Unknown,Unknown,,/benchmark-eeg/5.0_version/result_5/linear_downsample/PEARL_Neuro_wsn_cross_subject_linear_downsample/seed_42_downsample_t40/ratio_full/brainomni/summary.json
PEARL_Neuro_wsn_cross_subject_linear_downsample,brainomni,seed_5_downsample_t40,PEARL_Neuro_wsn,cross_subject,5,0.47945244041050455,0.3333333333333333,balanced_chance,Unknown,Unknown,Unknown,,/benchmark-eeg/5.0_version/result_5/linear_downsample/PEARL_Neuro_wsn_cross_subject_linear_downsample/seed_5_downsample_t40/ratio_full/brainomni/summary.json
PEARL_Neuro_wsn_cross_subject_linear_downsample,cbramod,seed_10_downsample_t40,PEARL_Neuro_wsn,cross_subject,10,0.45540418111153036,0.3333333333333333,balanced_chance,Unknown,Unknown,Unknown,,/benchmark-eeg/5.0_version/result_5/linear_downsample/PEARL_Neuro_wsn_cross_subject_linear_downsample/seed_10_downsample_t40/ratio_full/cbramod/summary.json
PEARL_Neuro_wsn_cross_subject_linear_downsample,cbramod,seed_42_downsample_t40,PEARL_Neuro_wsn,cross_subject,42,0.3766472369636666,0.3333333333333333,balanced_chance,Unknown,Unknown,Unknown,,/benchmark-eeg/5.0_version/result_5/linear_downsample/PEARL_Neuro_wsn_cross_subject_linear_downsample/seed_42_downsample_t40/ratio_full/cbramod/summary.json
PEARL_Neuro_wsn_cross_subject_linear_downsample,cbramod,seed_5_downsample_t40,PEARL_Neuro_wsn,cross_subject,5,0.3830667962374934,0.3333333333333333,balanced_chance,Unknown,Unknown,Unknown,,/benchmark-eeg/5.0_version/result_5/linear_downsample/PEARL_Neuro_wsn_cross_subject_linear_downsample/seed_5_downsample_t40/ratio_full/cbramod/summary.json
PEARL_Neuro_wsn_cross_subject_linear_downsample,eegmamba,seed_10_downsample_t40,PEARL_Neuro_wsn,cross_subject,10,0.4128385779251937,0.3333333333333333,balanced_chance,Unknown,Unknown,Unknown,,/benchmark-eeg/5.0_version/result_5/linear_downsample/PEARL_Neuro_wsn_cross_subject_linear_downsample/seed_10_downsample_t40/ratio_full/eegmamba/summary.json
PEARL_Neuro_wsn_cross_subject_linear_downsample,eegmamba,seed_42_downsample_t40,PEARL_Neuro_wsn,cross_subject,42,0.3993952991088375,0.3333333333333333,balanced_chance,Unknown,Unknown,Unknown,,/benchmark-eeg/5.0_version/result_5/linear_downsample/PEARL_Neuro_wsn_cross_subject_linear_downsample/seed_42_downsample_t40/ratio_full/eegmamba/summary.json
PEARL_Neuro_wsn_cross_subject_linear_downsample,eegmamba,seed_5_downsample_t40,PEARL_Neuro_wsn,cross_subject,5,0.3996390152462499,0.3333333333333333,balanced_chance,Unknown,Unknown,Unknown,,/benchmark-eeg/5.0_version/result_5/linear_downsample/PEARL_Neuro_wsn_cross_subject_linear_downsample/seed_5_downsample_t40/ratio_full/eegmamba/summary.json
PEARL_Neuro_wsn_cross_subject_linear_downsample,femba,seed_10_downsample_t40,PEARL_Neuro_wsn,cross_subject,10,0.459503407905035,0.3333333333333333,balanced_chance,Unknown,Unknown,Unknown,,/benchmark-eeg/5.0_version/result_5/linear_downsample/PEARL_Neuro_wsn_cross_subject_linear_downsample/seed_10_downsample_t40/ratio_full/femba/summary.json
PEARL_Neuro_wsn_cross_subject_linear_downsample,femba,seed_42_downsample_t40,PEARL_Neuro_wsn,cross_subject,42,0.4744641541778814,0.3333333333333333,balanced_chance,Unknown,Unknown,Unknown,,/benchmark-eeg/5.0_version/result_5/linear_downsample/PEARL_Neuro_wsn_cross_subject_linear_downsample/seed_42_downsample_t40/ratio_full/femba/summary.json
PEARL_Neuro_wsn_cross_subject_linear_downsample,femba,seed_5_downsample_t40,PEARL_Neuro_wsn,cross_subject,5,0.4440056677997129,0.3333333333333333,balanced_chance,Unknown,Unknown,Unknown,,/benchmark-eeg/5.0_version/result_5/linear_downsample/PEARL_Neuro_wsn_cross_subject_linear_downsample/seed_5_downsample_t40/ratio_full/femba/summary.json
PEARL_Neuro_wsn_cross_subject_linear_downsample,labram,seed_10_downsample_t40,PEARL_Neuro_wsn,cross_subject,10,0.4572712518125977,0.3333333333333333,balanced_chance,Unknown,Unknown,Unknown,,/benchmark-eeg/5.0_version/result_5/linear_downsample/PEARL_Neuro_wsn_cross_subject_linear_downsample/seed_10_downsample_t40/ratio_full/labram/summary.json
PEARL_Neuro_wsn_cross_subject_linear_downsample,labram,seed_42_downsample_t40,PEARL_Neuro_wsn,cross_subject,42,0.4643478912276951,0.3333333333333333,balanced_chance,Unknown,Unknown,Unknown,,/benchmark-eeg/5.0_version/result_5/linear_downsample/PEARL_Neuro_wsn_cross_subject_linear_downsample/seed_42_downsample_t40/ratio_full/labram/summary.json
PEARL_Neuro_wsn_cross_subject_linear_downsample,labram,seed_5_downsample_t40,PEARL_Neuro_wsn,cross_subject,5,0.4715928289219957,0.3333333333333333,balanced_chance,Unknown,Unknown,Unknown,,/benchmark-eeg/5.0_version/result_5/linear_downsample/PEARL_Neuro_wsn_cross_subject_linear_downsample/seed_5_downsample_t40/ratio_full/labram/summary.json
PEARL_Neuro_wsn_cross_subject_linear_downsample,neurogpt,seed_10_downsample_t40,PEARL_Neuro_wsn,cross_subject,10,0.4301974105065156,0.3333333333333333,balanced_chance,Unknown,Unknown,Unknown,,/benchmark-eeg/5.0_version/result_5/linear_downsample/PEARL_Neuro_wsn_cross_subject_linear_downsample/seed_10_downsample_t40/ratio_full/neurogpt/summary.json
PEARL_Neuro_wsn_cross_subject_linear_downsample,neurogpt,seed_42_downsample_t40,PEARL_Neuro_wsn,cross_subject,42,0.4402252269789135,0.3333333333333333,balanced_chance,Unknown,Unknown,Unknown,,/benchmark-eeg/5.0_version/result_5/linear_downsample/PEARL_Neuro_wsn_cross_subject_linear_downsample/seed_42_downsample_t40/ratio_full/neurogpt/summary.json
PEARL_Neuro_wsn_cross_subject_linear_downsample,neurogpt,seed_5_downsample_t40,PEARL_Neuro_wsn,cross_subject,5,0.4362106341474689,0.3333333333333333,balanced_chance,Unknown,Unknown,Unknown,,/benchmark-eeg/5.0_version/result_5/linear_downsample/PEARL_Neuro_wsn_cross_subject_linear_downsample/seed_5_downsample_t40/ratio_full/neurogpt/summary.json
PEARL_Neuro_wsn_cross_subject_linear_downsample,neurolm,seed_10_downsample_t40,PEARL_Neuro_wsn,cross_subject,10,0.49097053589970047,0.3333333333333333,balanced_chance,Unknown,Unknown,Unknown,,/benchmark-eeg/5.0_version/result_5/linear_downsample/PEARL_Neuro_wsn_cross_subject_linear_downsample/seed_10_downsample_t40/ratio_full/neurolm/summary.json
PEARL_Neuro_wsn_cross_subject_linear_downsample,neurolm,seed_42_downsample_t40,PEARL_Neuro_wsn,cross_subject,42,0.46186221111408576,0.3333333333333333,balanced_chance,Unknown,Unknown,Unknown,,/benchmark-eeg/5.0_version/result_5/linear_downsample/PEARL_Neuro_wsn_cross_subject_linear_downsample/seed_42_downsample_t40/ratio_full/neurolm/summary.json
PEARL_Neuro_wsn_cross_subject_linear_downsample,neurolm,seed_5_downsample_t40,PEARL_Neuro_wsn,cross_subject,5,0.470272616777022,0.3333333333333333,balanced_chance,Unknown,Unknown,Unknown,,/benchmark-eeg/5.0_version/result_5/linear_downsample/PEARL_Neuro_wsn_cross_subject_linear_downsample/seed_5_downsample_t40/ratio_full/neurolm/summary.json
PEARL_Neuro_wsn_cross_subject_linear_downsample,reve,seed_10_downsample_t40,PEARL_Neuro_wsn,cross_subject,10,0.3676365871337783,0.3333333333333333,balanced_chance,Unknown,Unknown,Unknown,,/benchmark-eeg/5.0_version/result_5/linear_downsample/PEARL_Neuro_wsn_cross_subject_linear_downsample/seed_10_downsample_t40/ratio_full/reve/summary.json
PEARL_Neuro_wsn_cross_subject_linear_downsample,reve,seed_42_downsample_t40,PEARL_Neuro_wsn,cross_subject,42,0.3759496679394232,0.3333333333333333,balanced_chance,Unknown,Unknown,Unknown,,/benchmark-eeg/5.0_version/result_5/linear_downsample/PEARL_Neuro_wsn_cross_subject_linear_downsample/seed_42_downsample_t40/ratio_full/reve/summary.json
PEARL_Neuro_wsn_cross_subject_linear_downsample,reve,seed_5_downsample_t40,PEARL_Neuro_wsn,cross_subject,5,0.3815802151455392,0.3333333333333333,balanced_chance,Unknown,Unknown,Unknown,,/benchmark-eeg/5.0_version/result_5/linear_downsample/PEARL_Neuro_wsn_cross_subject_linear_downsample/seed_5_downsample_t40/ratio_full/reve/summary.json
Physionet_MI_wsn_cross_subject_linear_downsample,bendr,seed_10_downsample_t40,Physionet_MI_wsn,cross_subject,10,0.2645772910884473,0.25,balanced_chance,Unknown,Unknown,Unknown,,/benchmark-eeg/5.0_version/result_5/linear_downsample/Physionet_MI_wsn_cross_subject_linear_downsample/seed_10_downsample_t40/ratio_full/bendr/summary.json
Physionet_MI_wsn_cross_subject_linear_downsample,bendr,seed_42_downsample_t40,Physionet_MI_wsn,cross_subject,42,0.23717153185966688,0.25,balanced_chance,Unknown,Unknown,Unknown,,/benchmark-eeg/5.0_version/result_5/linear_downsample/Physionet_MI_wsn_cross_subject_linear_downsample/seed_42_downsample_t40/ratio_full/bendr/summary.json
Physionet_MI_wsn_cross_subject_linear_downsample,bendr,seed_5_downsample_t40,Physionet_MI_wsn,cross_subject,5,0.24004832768675188,0.25,balanced_chance,Unknown,Unknown,Unknown,,/benchmark-eeg/5.0_version/result_5/linear_downsample/Physionet_MI_wsn_cross_subject_linear_downsample/seed_5_downsample_t40/ratio_full/bendr/summary.json
Physionet_MI_wsn_cross_subject_linear_downsample,biot,seed_10_downsample_t40,Physionet_MI_wsn,cross_subject,10,0.19215500913071246,0.25,balanced_chance,Unknown,Unknown,Unknown,,/benchmark-eeg/5.0_version/result_5/linear_downsample/Physionet_MI_wsn_cross_subject_linear_downsample/seed_10_downsample_t40/ratio_full/biot/summary.json
Physionet_MI_wsn_cross_subject_linear_downsample,biot,seed_42_downsample_t40,Physionet_MI_wsn,cross_subject,42,0.14925462709048287,0.25,balanced_chance,Unknown,Unknown,Unknown,,/benchmark-eeg/5.0_version/result_5/linear_downsample/Physionet_MI_wsn_cross_subject_linear_downsample/seed_42_downsample_t40/ratio_full/biot/summary.json
Physionet_MI_wsn_cross_subject_linear_downsample,biot,seed_5_downsample_t40,Physionet_MI_wsn,cross_subject,5,0.1751295407072784,0.25,balanced_chance,Unknown,Unknown,Unknown,,/benchmark-eeg/5.0_version/result_5/linear_downsample/Physionet_MI_wsn_cross_subject_linear_downsample/seed_5_downsample_t40/ratio_full/biot/summary.json
Physionet_MI_wsn_cross_subject_linear_downsample,brainomni,seed_10_downsample_t40,Physionet_MI_wsn,cross_subject,10,0.37066966957837605,0.25,balanced_chance,Unknown,Unknown,Unknown,,/benchmark-eeg/5.0_version/result_5/linear_downsample/Physionet_MI_wsn_cross_subject_linear_downsample/seed_10_downsample_t40/ratio_full/brainomni/summary.json
Physionet_MI_wsn_cross_subject_linear_downsample,brainomni,seed_42_downsample_t40,Physionet_MI_wsn,cross_subject,42,0.3878430290148975,0.25,balanced_chance,Unknown,Unknown,Unknown,,/benchmark-eeg/5.0_version/result_5/linear_downsample/Physionet_MI_wsn_cross_subject_linear_downsample/seed_42_downsample_t40/ratio_full/brainomni/summary.json
Physionet_MI_wsn_cross_subject_linear_downsample,brainomni,seed_5_downsample_t40,Physionet_MI_wsn,cross_subject,5,0.3949166943717693,0.25,balanced_chance,Unknown,Unknown,Unknown,,/benchmark-eeg/5.0_version/result_5/linear_downsample/Physionet_MI_wsn_cross_subject_linear_downsample/seed_5_downsample_t40/ratio_full/brainomni/summary.json
Physionet_MI_wsn_cross_subject_linear_downsample,cbramod,seed_10_downsample_t40,Physionet_MI_wsn,cross_subject,10,0.14317818462503212,0.25,balanced_chance,Unknown,Unknown,Unknown,,/benchmark-eeg/5.0_version/result_5/linear_downsample/Physionet_MI_wsn_cross_subject_linear_downsample/seed_10_downsample_t40/ratio_full/cbramod/summary.json
Physionet_MI_wsn_cross_subject_linear_downsample,cbramod,seed_42_downsample_t40,Physionet_MI_wsn,cross_subject,42,0.21715642196101637,0.25,balanced_chance,Unknown,Unknown,Unknown,,/benchmark-eeg/5.0_version/result_5/linear_downsample/Physionet_MI_wsn_cross_subject_linear_downsample/seed_42_downsample_t40/ratio_full/cbramod/summary.json
Physionet_MI_wsn_cross_subject_linear_downsample,cbramod,seed_5_downsample_t40,Physionet_MI_wsn,cross_subject,5,0.22495437893510287,0.25,balanced_chance,Unknown,Unknown,Unknown,,/benchmark-eeg/5.0_version/result_5/linear_downsample/Physionet_MI_wsn_cross_subject_linear_downsample/seed_5_downsample_t40/ratio_full/cbramod/summary.json
Physionet_MI_wsn_cross_subject_linear_downsample,eegmamba,seed_10_downsample_t40,Physionet_MI_wsn,cross_subject,10,0.2594668072517855,0.25,balanced_chance,Unknown,Unknown,Unknown,,/benchmark-eeg/5.0_version/result_5/linear_downsample/Physionet_MI_wsn_cross_subject_linear_downsample/seed_10_downsample_t40/ratio_full/eegmamba/summary.json
Physionet_MI_wsn_cross_subject_linear_downsample,eegmamba,seed_42_downsample_t40,Physionet_MI_wsn,cross_subject,42,0.25710958924369637,0.25,balanced_chance,Unknown,Unknown,Unknown,,/benchmark-eeg/5.0_version/result_5/linear_downsample/Physionet_MI_wsn_cross_subject_linear_downsample/seed_42_downsample_t40/ratio_full/eegmamba/summary.json
Physionet_MI_wsn_cross_subject_linear_downsample,eegmamba,seed_5_downsample_t40,Physionet_MI_wsn,cross_subject,5,0.2374730883688708,0.25,balanced_chance,Unknown,Unknown,Unknown,,/benchmark-eeg/5.0_version/result_5/linear_downsample/Physionet_MI_wsn_cross_subject_linear_downsample/seed_5_downsample_t40/ratio_full/eegmamba/summary.json
Physionet_MI_wsn_cross_subject_linear_downsample,femba,seed_10_downsample_t40,Physionet_MI_wsn,cross_subject,10,0.2523290330464163,0.25,balanced_chance,Unknown,Unknown,Unknown,,/benchmark-eeg/5.0_version/result_5/linear_downsample/Physionet_MI_wsn_cross_subject_linear_downsample/seed_10_downsample_t40/ratio_full/femba/summary.json
Physionet_MI_wsn_cross_subject_linear_downsample,femba,seed_42_downsample_t40,Physionet_MI_wsn,cross_subject,42,0.3018880108210521,0.25,balanced_chance,Unknown,Unknown,Unknown,,/benchmark-eeg/5.0_version/result_5/linear_downsample/Physionet_MI_wsn_cross_subject_linear_downsample/seed_42_downsample_t40/ratio_full/femba/summary.json
Physionet_MI_wsn_cross_subject_linear_downsample,femba,seed_5_downsample_t40,Physionet_MI_wsn,cross_subject,5,0.24179662431870166,0.25,balanced_chance,Unknown,Unknown,Unknown,,/benchmark-eeg/5.0_version/result_5/linear_downsample/Physionet_MI_wsn_cross_subject_linear_downsample/seed_5_downsample_t40/ratio_full/femba/summary.json
Physionet_MI_wsn_cross_subject_linear_downsample,labram,seed_10_downsample_t40,Physionet_MI_wsn,cross_subject,10,0.2525875121258614,0.25,balanced_chance,Unknown,Unknown,Unknown,,/benchmark-eeg/5.0_version/result_5/linear_downsample/Physionet_MI_wsn_cross_subject_linear_downsample/seed_10_downsample_t40/ratio_full/labram/summary.json
Physionet_MI_wsn_cross_subject_linear_downsample,labram,seed_42_downsample_t40,Physionet_MI_wsn,cross_subject,42,0.25830948921072006,0.25,balanced_chance,Unknown,Unknown,Unknown,,/benchmark-eeg/5.0_version/result_5/linear_downsample/Physionet_MI_wsn_cross_subject_linear_downsample/seed_42_downsample_t40/ratio_full/labram/summary.json
Physionet_MI_wsn_cross_subject_linear_downsample,labram,seed_5_downsample_t40,Physionet_MI_wsn,cross_subject,5,0.2741561468797916,0.25,balanced_chance,Unknown,Unknown,Unknown,,/benchmark-eeg/5.0_version/result_5/linear_downsample/Physionet_MI_wsn_cross_subject_linear_downsample/seed_5_downsample_t40/ratio_full/labram/summary.json
Physionet_MI_wsn_cross_subject_linear_downsample,neurogpt,seed_10_downsample_t40,Physionet_MI_wsn,cross_subject,10,0.25475067708529,0.25,balanced_chance,Unknown,Unknown,Unknown,,/benchmark-eeg/5.0_version/result_5/linear_downsample/Physionet_MI_wsn_cross_subject_linear_downsample/seed_10_downsample_t40/ratio_full/neurogpt/summary.json
Physionet_MI_wsn_cross_subject_linear_downsample,neurogpt,seed_42_downsample_t40,Physionet_MI_wsn,cross_subject,42,0.2249227679225094,0.25,balanced_chance,Unknown,Unknown,Unknown,,/benchmark-eeg/5.0_version/result_5/linear_downsample/Physionet_MI_wsn_cross_subject_linear_downsample/seed_42_downsample_t40/ratio_full/neurogpt/summary.json
Physionet_MI_wsn_cross_subject_linear_downsample,neurogpt,seed_5_downsample_t40,Physionet_MI_wsn,cross_subject,5,0.2711918951639087,0.25,balanced_chance,Unknown,Unknown,Unknown,,/benchmark-eeg/5.0_version/result_5/linear_downsample/Physionet_MI_wsn_cross_subject_linear_downsample/seed_5_downsample_t40/ratio_full/neurogpt/summary.json
Physionet_MI_wsn_cross_subject_linear_downsample,neurolm,seed_10_downsample_t40,Physionet_MI_wsn,cross_subject,10,0.20559490801449506,0.25,balanced_chance,Unknown,Unknown,Unknown,,/benchmark-eeg/5.0_version/result_5/linear_downsample/Physionet_MI_wsn_cross_subject_linear_downsample/seed_10_downsample_t40/ratio_full/neurolm/summary.json
Physionet_MI_wsn_cross_subject_linear_downsample,neurolm,seed_42_downsample_t40,Physionet_MI_wsn,cross_subject,42,0.23865928000171258,0.25,balanced_chance,Unknown,Unknown,Unknown,,/benchmark-eeg/5.0_version/result_5/linear_downsample/Physionet_MI_wsn_cross_subject_linear_downsample/seed_42_downsample_t40/ratio_full/neurolm/summary.json
Physionet_MI_wsn_cross_subject_linear_downsample,neurolm,seed_5_downsample_t40,Physionet_MI_wsn,cross_subject,5,0.2915295034711095,0.25,balanced_chance,Unknown,Unknown,Unknown,,/benchmark-eeg/5.0_version/result_5/linear_downsample/Physionet_MI_wsn_cross_subject_linear_downsample/seed_5_downsample_t40/ratio_full/neurolm/summary.json
Physionet_MI_wsn_cross_subject_linear_downsample,reve,seed_10_downsample_t40,Physionet_MI_wsn,cross_subject,10,0.25930555555555557,0.25,balanced_chance,Unknown,Unknown,Unknown,,/benchmark-eeg/5.0_version/result_5/linear_downsample/Physionet_MI_wsn_cross_subject_linear_downsample/seed_10_downsample_t40/ratio_full/reve/summary.json
Physionet_MI_wsn_cross_subject_linear_downsample,reve,seed_42_downsample_t40,Physionet_MI_wsn,cross_subject,42,0.254953395340512,0.25,balanced_chance,Unknown,Unknown,Unknown,,/benchmark-eeg/5.0_version/result_5/linear_downsample/Physionet_MI_wsn_cross_subject_linear_downsample/seed_42_downsample_t40/ratio_full/reve/summary.json
Physionet_MI_wsn_cross_subject_linear_downsample,reve,seed_5_downsample_t40,Physionet_MI_wsn,cross_subject,5,0.2786048085784769,0.25,balanced_chance,Unknown,Unknown,Unknown,,/benchmark-eeg/5.0_version/result_5/linear_downsample/Physionet_MI_wsn_cross_subject_linear_downsample/seed_5_downsample_t40/ratio_full/reve/summary.json
RestCog_wsn_cross_subject_linear_downsample,bendr,seed_10_downsample_t40,RestCog_wsn,cross_subject,10,0.1895203016244821,0.2,balanced_chance,Unknown,Unknown,Unknown,,/benchmark-eeg/5.0_version/result_5/linear_downsample/RestCog_wsn_cross_subject_linear_downsample/seed_10_downsample_t40/ratio_full/bendr/summary.json
RestCog_wsn_cross_subject_linear_downsample,bendr,seed_42_downsample_t40,RestCog_wsn,cross_subject,42,0.11740469236077607,0.2,balanced_chance,Unknown,Unknown,Unknown,,/benchmark-eeg/5.0_version/result_5/linear_downsample/RestCog_wsn_cross_subject_linear_downsample/seed_42_downsample_t40/ratio_full/bendr/summary.json
RestCog_wsn_cross_subject_linear_downsample,biot,seed_10_downsample_t40,RestCog_wsn,cross_subject,10,0.32822424830578567,0.2,balanced_chance,Unknown,Unknown,Unknown,,/benchmark-eeg/5.0_version/result_5/linear_downsample/RestCog_wsn_cross_subject_linear_downsample/seed_10_downsample_t40/ratio_full/biot/summary.json
RestCog_wsn_cross_subject_linear_downsample,biot,seed_42_downsample_t40,RestCog_wsn,cross_subject,42,0.31204807376630217,0.2,balanced_chance,Unknown,Unknown,Unknown,,/benchmark-eeg/5.0_version/result_5/linear_downsample/RestCog_wsn_cross_subject_linear_downsample/seed_42_downsample_t40/ratio_full/biot/summary.json
RestCog_wsn_cross_subject_linear_downsample,brainomni,seed_10_downsample_t40,RestCog_wsn,cross_subject,10,0.3303968801454141,0.2,balanced_chance,Unknown,Unknown,Unknown,,/benchmark-eeg/5.0_version/result_5/linear_downsample/RestCog_wsn_cross_subject_linear_downsample/seed_10_downsample_t40/ratio_full/brainomni/summary.json
RestCog_wsn_cross_subject_linear_downsample,brainomni,seed_42_downsample_t40,RestCog_wsn,cross_subject,42,0.3283748428586891,0.2,balanced_chance,Unknown,Unknown,Unknown,,/benchmark-eeg/5.0_version/result_5/linear_downsample/RestCog_wsn_cross_subject_linear_downsample/seed_42_downsample_t40/ratio_full/brainomni/summary.json
RestCog_wsn_cross_subject_linear_downsample,cbramod,seed_10_downsample_t40,RestCog_wsn,cross_subject,10,0.13489350128867944,0.2,balanced_chance,Unknown,Unknown,Unknown,,/benchmark-eeg/5.0_version/result_5/linear_downsample/RestCog_wsn_cross_subject_linear_downsample/seed_10_downsample_t40/ratio_full/cbramod/summary.json
RestCog_wsn_cross_subject_linear_downsample,cbramod,seed_42_downsample_t40,RestCog_wsn,cross_subject,42,0.23800296847448488,0.2,balanced_chance,Unknown,Unknown,Unknown,,/benchmark-eeg/5.0_version/result_5/linear_downsample/RestCog_wsn_cross_subject_linear_downsample/seed_42_downsample_t40/ratio_full/cbramod/summary.json
RestCog_wsn_cross_subject_linear_downsample,eegmamba,seed_10_downsample_t40,RestCog_wsn,cross_subject,10,0.21458638284641735,0.2,balanced_chance,Unknown,Unknown,Unknown,,/benchmark-eeg/5.0_version/result_5/linear_downsample/RestCog_wsn_cross_subject_linear_downsample/seed_10_downsample_t40/ratio_full/eegmamba/summary.json
RestCog_wsn_cross_subject_linear_downsample,eegmamba,seed_42_downsample_t40,RestCog_wsn,cross_subject,42,0.21733016761723678,0.2,balanced_chance,Unknown,Unknown,Unknown,,/benchmark-eeg/5.0_version/result_5/linear_downsample/RestCog_wsn_cross_subject_linear_downsample/seed_42_downsample_t40/ratio_full/eegmamba/summary.json
RestCog_wsn_cross_subject_linear_downsample,femba,seed_10_downsample_t40,RestCog_wsn,cross_subject,10,0.28896875530293814,0.2,balanced_chance,Unknown,Unknown,Unknown,,/benchmark-eeg/5.0_version/result_5/linear_downsample/RestCog_wsn_cross_subject_linear_downsample/seed_10_downsample_t40/ratio_full/femba/summary.json
RestCog_wsn_cross_subject_linear_downsample,femba,seed_42_downsample_t40,RestCog_wsn,cross_subject,42,0.2983052802751015,0.2,balanced_chance,Unknown,Unknown,Unknown,,/benchmark-eeg/5.0_version/result_5/linear_downsample/RestCog_wsn_cross_subject_linear_downsample/seed_42_downsample_t40/ratio_full/femba/summary.json
RestCog_wsn_cross_subject_linear_downsample,labram,seed_10_downsample_t40,RestCog_wsn,cross_subject,10,0.3318750471190496,0.2,balanced_chance,Unknown,Unknown,Unknown,,/benchmark-eeg/5.0_version/result_5/linear_downsample/RestCog_wsn_cross_subject_linear_downsample/seed_10_downsample_t40/ratio_full/labram/summary.json
RestCog_wsn_cross_subject_linear_downsample,labram,seed_42_downsample_t40,RestCog_wsn,cross_subject,42,0.3227903221190215,0.2,balanced_chance,Unknown,Unknown,Unknown,,/benchmark-eeg/5.0_version/result_5/linear_downsample/RestCog_wsn_cross_subject_linear_downsample/seed_42_downsample_t40/ratio_full/labram/summary.json
RestCog_wsn_cross_subject_linear_downsample,neurogpt,seed_10_downsample_t40,RestCog_wsn,cross_subject,10,0.24332593539220335,0.2,balanced_chance,Unknown,Unknown,Unknown,,/benchmark-eeg/5.0_version/result_5/linear_downsample/RestCog_wsn_cross_subject_linear_downsample/seed_10_downsample_t40/ratio_full/neurogpt/summary.json
RestCog_wsn_cross_subject_linear_downsample,neurogpt,seed_42_downsample_t40,RestCog_wsn,cross_subject,42,0.24968825639137932,0.2,balanced_chance,Unknown,Unknown,Unknown,,/benchmark-eeg/5.0_version/result_5/linear_downsample/RestCog_wsn_cross_subject_linear_downsample/seed_42_downsample_t40/ratio_full/neurogpt/summary.json
RestCog_wsn_cross_subject_linear_downsample,neurolm,seed_10_downsample_t40,RestCog_wsn,cross_subject,10,0.296169516264826,0.2,balanced_chance,Unknown,Unknown,Unknown,,/benchmark-eeg/5.0_version/result_5/linear_downsample/RestCog_wsn_cross_subject_linear_downsample/seed_10_downsample_t40/ratio_full/neurolm/summary.json
RestCog_wsn_cross_subject_linear_downsample,neurolm,seed_42_downsample_t40,RestCog_wsn,cross_subject,42,0.28802467033588963,0.2,balanced_chance,Unknown,Unknown,Unknown,,/benchmark-eeg/5.0_version/result_5/linear_downsample/RestCog_wsn_cross_subject_linear_downsample/seed_42_downsample_t40/ratio_full/neurolm/summary.json
RestCog_wsn_cross_subject_linear_downsample,reve,seed_10_downsample_t40,RestCog_wsn,cross_subject,10,0.2072889923636864,0.2,balanced_chance,Unknown,Unknown,Unknown,,/benchmark-eeg/5.0_version/result_5/linear_downsample/RestCog_wsn_cross_subject_linear_downsample/seed_10_downsample_t40/ratio_full/reve/summary.json
RestCog_wsn_cross_subject_linear_downsample,reve,seed_42_downsample_t40,RestCog_wsn,cross_subject,42,0.21218986831832107,0.2,balanced_chance,Unknown,Unknown,Unknown,,/benchmark-eeg/5.0_version/result_5/linear_downsample/RestCog_wsn_cross_subject_linear_downsample/seed_42_downsample_t40/ratio_full/reve/summary.json
SEEDIV_cross_subject_linear_downsample,bendr,seed_10_downsample_t40,SEEDIV,cross_subject,10,0.23985423515089954,0.25,balanced_chance,Cognition & Emotion,认知与情绪,情绪识别,SEED‑IV,/benchmark-eeg/5.0_version/result_5/linear_downsample/SEEDIV_cross_subject_linear_downsample/seed_10_downsample_t40/ratio_full/bendr/summary.json
SEEDIV_cross_subject_linear_downsample,bendr,seed_42_downsample_t40,SEEDIV,cross_subject,42,0.2341423938352243,0.25,balanced_chance,Cognition & Emotion,认知与情绪,情绪识别,SEED‑IV,/benchmark-eeg/5.0_version/result_5/linear_downsample/SEEDIV_cross_subject_linear_downsample/seed_42_downsample_t40/ratio_full/bendr/summary.json
SEEDIV_cross_subject_linear_downsample,bendr,seed_5_downsample_t40,SEEDIV,cross_subject,5,0.25383840280822695,0.25,balanced_chance,Cognition & Emotion,认知与情绪,情绪识别,SEED‑IV,/benchmark-eeg/5.0_version/result_5/linear_downsample/SEEDIV_cross_subject_linear_downsample/seed_5_downsample_t40/ratio_full/bendr/summary.json
SEEDIV_cross_subject_linear_downsample,biot,seed_10_downsample_t40,SEEDIV,cross_subject,10,0.14414089789403975,0.25,balanced_chance,Cognition & Emotion,认知与情绪,情绪识别,SEED‑IV,/benchmark-eeg/5.0_version/result_5/linear_downsample/SEEDIV_cross_subject_linear_downsample/seed_10_downsample_t40/ratio_full/biot/summary.json
SEEDIV_cross_subject_linear_downsample,biot,seed_42_downsample_t40,SEEDIV,cross_subject,42,0.17982043354627014,0.25,balanced_chance,Cognition & Emotion,认知与情绪,情绪识别,SEED‑IV,/benchmark-eeg/5.0_version/result_5/linear_downsample/SEEDIV_cross_subject_linear_downsample/seed_42_downsample_t40/ratio_full/biot/summary.json
SEEDIV_cross_subject_linear_downsample,biot,seed_5_downsample_t40,SEEDIV,cross_subject,5,0.1950035853656058,0.25,balanced_chance,Cognition & Emotion,认知与情绪,情绪识别,SEED‑IV,/benchmark-eeg/5.0_version/result_5/linear_downsample/SEEDIV_cross_subject_linear_downsample/seed_5_downsample_t40/ratio_full/biot/summary.json
SEEDIV_cross_subject_linear_downsample,brainomni,seed_10_downsample_t40,SEEDIV,cross_subject,10,0.24086650472681143,0.25,balanced_chance,Cognition & Emotion,认知与情绪,情绪识别,SEED‑IV,/benchmark-eeg/5.0_version/result_5/linear_downsample/SEEDIV_cross_subject_linear_downsample/seed_10_downsample_t40/ratio_full/brainomni/summary.json
SEEDIV_cross_subject_linear_downsample,brainomni,seed_42_downsample_t40,SEEDIV,cross_subject,42,0.2719568090173457,0.25,balanced_chance,Cognition & Emotion,认知与情绪,情绪识别,SEED‑IV,/benchmark-eeg/5.0_version/result_5/linear_downsample/SEEDIV_cross_subject_linear_downsample/seed_42_downsample_t40/ratio_full/brainomni/summary.json
SEEDIV_cross_subject_linear_downsample,brainomni,seed_5_downsample_t40,SEEDIV,cross_subject,5,0.26516952338620137,0.25,balanced_chance,Cognition & Emotion,认知与情绪,情绪识别,SEED‑IV,/benchmark-eeg/5.0_version/result_5/linear_downsample/SEEDIV_cross_subject_linear_downsample/seed_5_downsample_t40/ratio_full/brainomni/summary.json
SEEDIV_cross_subject_linear_downsample,cbramod,seed_10_downsample_t40,SEEDIV,cross_subject,10,0.30589036745067544,0.25,balanced_chance,Cognition & Emotion,认知与情绪,情绪识别,SEED‑IV,/benchmark-eeg/5.0_version/result_5/linear_downsample/SEEDIV_cross_subject_linear_downsample/seed_10_downsample_t40/ratio_full/cbramod/summary.json
SEEDIV_cross_subject_linear_downsample,cbramod,seed_42_downsample_t40,SEEDIV,cross_subject,42,0.2856060231597774,0.25,balanced_chance,Cognition & Emotion,认知与情绪,情绪识别,SEED‑IV,/benchmark-eeg/5.0_version/result_5/linear_downsample/SEEDIV_cross_subject_linear_downsample/seed_42_downsample_t40/ratio_full/cbramod/summary.json
SEEDIV_cross_subject_linear_downsample,cbramod,seed_5_downsample_t40,SEEDIV,cross_subject,5,0.31430368231490596,0.25,balanced_chance,Cognition & Emotion,认知与情绪,情绪识别,SEED‑IV,/benchmark-eeg/5.0_version/result_5/linear_downsample/SEEDIV_cross_subject_linear_downsample/seed_5_downsample_t40/ratio_full/cbramod/summary.json
SEEDIV_cross_subject_linear_downsample,eegmamba,seed_10_downsample_t40,SEEDIV,cross_subject,10,0.22171046563364044,0.25,balanced_chance,Cognition & Emotion,认知与情绪,情绪识别,SEED‑IV,/benchmark-eeg/5.0_version/result_5/linear_downsample/SEEDIV_cross_subject_linear_downsample/seed_10_downsample_t40/ratio_full/eegmamba/summary.json
SEEDIV_cross_subject_linear_downsample,eegmamba,seed_42_downsample_t40,SEEDIV,cross_subject,42,0.2331335617116685,0.25,balanced_chance,Cognition & Emotion,认知与情绪,情绪识别,SEED‑IV,/benchmark-eeg/5.0_version/result_5/linear_downsample/SEEDIV_cross_subject_linear_downsample/seed_42_downsample_t40/ratio_full/eegmamba/summary.json
SEEDIV_cross_subject_linear_downsample,eegmamba,seed_5_downsample_t40,SEEDIV,cross_subject,5,0.22884621336242084,0.25,balanced_chance,Cognition & Emotion,认知与情绪,情绪识别,SEED‑IV,/benchmark-eeg/5.0_version/result_5/linear_downsample/SEEDIV_cross_subject_linear_downsample/seed_5_downsample_t40/ratio_full/eegmamba/summary.json
SEEDIV_cross_subject_linear_downsample,femba,seed_10_downsample_t40,SEEDIV,cross_subject,10,0.220403725765142,0.25,balanced_chance,Cognition & Emotion,认知与情绪,情绪识别,SEED‑IV,/benchmark-eeg/5.0_version/result_5/linear_downsample/SEEDIV_cross_subject_linear_downsample/seed_10_downsample_t40/ratio_full/femba/summary.json
SEEDIV_cross_subject_linear_downsample,femba,seed_42_downsample_t40,SEEDIV,cross_subject,42,0.25813396903363317,0.25,balanced_chance,Cognition & Emotion,认知与情绪,情绪识别,SEED‑IV,/benchmark-eeg/5.0_version/result_5/linear_downsample/SEEDIV_cross_subject_linear_downsample/seed_42_downsample_t40/ratio_full/femba/summary.json
SEEDIV_cross_subject_linear_downsample,femba,seed_5_downsample_t40,SEEDIV,cross_subject,5,0.23289390501161267,0.25,balanced_chance,Cognition & Emotion,认知与情绪,情绪识别,SEED‑IV,/benchmark-eeg/5.0_version/result_5/linear_downsample/SEEDIV_cross_subject_linear_downsample/seed_5_downsample_t40/ratio_full/femba/summary.json
SEEDIV_cross_subject_linear_downsample,labram,seed_10_downsample_t40,SEEDIV,cross_subject,10,0.24164895905549272,0.25,balanced_chance,Cognition & Emotion,认知与情绪,情绪识别,SEED‑IV,/benchmark-eeg/5.0_version/result_5/linear_downsample/SEEDIV_cross_subject_linear_downsample/seed_10_downsample_t40/ratio_full/labram/summary.json
SEEDIV_cross_subject_linear_downsample,labram,seed_42_downsample_t40,SEEDIV,cross_subject,42,0.20734479903634578,0.25,balanced_chance,Cognition & Emotion,认知与情绪,情绪识别,SEED‑IV,/benchmark-eeg/5.0_version/result_5/linear_downsample/SEEDIV_cross_subject_linear_downsample/seed_42_downsample_t40/ratio_full/labram/summary.json
SEEDIV_cross_subject_linear_downsample,labram,seed_5_downsample_t40,SEEDIV,cross_subject,5,0.2285951014802968,0.25,balanced_chance,Cognition & Emotion,认知与情绪,情绪识别,SEED‑IV,/benchmark-eeg/5.0_version/result_5/linear_downsample/SEEDIV_cross_subject_linear_downsample/seed_5_downsample_t40/ratio_full/labram/summary.json
SEEDIV_cross_subject_linear_downsample,neurogpt,seed_10_downsample_t40,SEEDIV,cross_subject,10,0.16895434652763924,0.25,balanced_chance,Cognition & Emotion,认知与情绪,情绪识别,SEED‑IV,/benchmark-eeg/5.0_version/result_5/linear_downsample/SEEDIV_cross_subject_linear_downsample/seed_10_downsample_t40/ratio_full/neurogpt/summary.json
SEEDIV_cross_subject_linear_downsample,neurogpt,seed_42_downsample_t40,SEEDIV,cross_subject,42,0.18370039928070742,0.25,balanced_chance,Cognition & Emotion,认知与情绪,情绪识别,SEED‑IV,/benchmark-eeg/5.0_version/result_5/linear_downsample/SEEDIV_cross_subject_linear_downsample/seed_42_downsample_t40/ratio_full/neurogpt/summary.json
SEEDIV_cross_subject_linear_downsample,neurogpt,seed_5_downsample_t40,SEEDIV,cross_subject,5,0.2673996297366166,0.25,balanced_chance,Cognition & Emotion,认知与情绪,情绪识别,SEED‑IV,/benchmark-eeg/5.0_version/result_5/linear_downsample/SEEDIV_cross_subject_linear_downsample/seed_5_downsample_t40/ratio_full/neurogpt/summary.json
SEEDIV_cross_subject_linear_downsample,neurolm,seed_10_downsample_t40,SEEDIV,cross_subject,10,0.25223344786023805,0.25,balanced_chance,Cognition & Emotion,认知与情绪,情绪识别,SEED‑IV,/benchmark-eeg/5.0_version/result_5/linear_downsample/SEEDIV_cross_subject_linear_downsample/seed_10_downsample_t40/ratio_full/neurolm/summary.json
SEEDIV_cross_subject_linear_downsample,neurolm,seed_42_downsample_t40,SEEDIV,cross_subject,42,0.3130866158207193,0.25,balanced_chance,Cognition & Emotion,认知与情绪,情绪识别,SEED‑IV,/benchmark-eeg/5.0_version/result_5/linear_downsample/SEEDIV_cross_subject_linear_downsample/seed_42_downsample_t40/ratio_full/neurolm/summary.json
SEEDIV_cross_subject_linear_downsample,neurolm,seed_5_downsample_t40,SEEDIV,cross_subject,5,0.295403405299758,0.25,balanced_chance,Cognition & Emotion,认知与情绪,情绪识别,SEED‑IV,/benchmark-eeg/5.0_version/result_5/linear_downsample/SEEDIV_cross_subject_linear_downsample/seed_5_downsample_t40/ratio_full/neurolm/summary.json
SEEDIV_cross_subject_linear_downsample,reve,seed_10_downsample_t40,SEEDIV,cross_subject,10,0.2532603450487559,0.25,balanced_chance,Cognition & Emotion,认知与情绪,情绪识别,SEED‑IV,/benchmark-eeg/5.0_version/result_5/linear_downsample/SEEDIV_cross_subject_linear_downsample/seed_10_downsample_t40/ratio_full/reve/summary.json
SEEDIV_cross_subject_linear_downsample,reve,seed_42_downsample_t40,SEEDIV,cross_subject,42,0.2498288145857127,0.25,balanced_chance,Cognition & Emotion,认知与情绪,情绪识别,SEED‑IV,/benchmark-eeg/5.0_version/result_5/linear_downsample/SEEDIV_cross_subject_linear_downsample/seed_42_downsample_t40/ratio_full/reve/summary.json
SEEDIV_cross_subject_linear_downsample,reve,seed_5_downsample_t40,SEEDIV,cross_subject,5,0.23542162758079027,0.25,balanced_chance,Cognition & Emotion,认知与情绪,情绪识别,SEED‑IV,/benchmark-eeg/5.0_version/result_5/linear_downsample/SEEDIV_cross_subject_linear_downsample/seed_5_downsample_t40/ratio_full/reve/summary.json
SEED_FRA_cross_subject_linear_downsample,bendr,seed_10_downsample_t40,SEED_FRA,cross_subject,10,0.1361760660247593,0.3333333333333333,balanced_chance,Cognition & Emotion,认知与情绪,情绪识别,SEED-FRA,/benchmark-eeg/5.0_version/result_5/linear_downsample/SEED_FRA_cross_subject_linear_downsample/seed_10_downsample_t40/ratio_full/bendr/summary.json
SEED_FRA_cross_subject_linear_downsample,bendr,seed_42_downsample_t40,SEED_FRA,cross_subject,42,0.1361760660247593,0.3333333333333333,balanced_chance,Cognition & Emotion,认知与情绪,情绪识别,SEED-FRA,/benchmark-eeg/5.0_version/result_5/linear_downsample/SEED_FRA_cross_subject_linear_downsample/seed_42_downsample_t40/ratio_full/bendr/summary.json
SEED_FRA_cross_subject_linear_downsample,bendr,seed_5_downsample_t40,SEED_FRA,cross_subject,5,0.1317614424410541,0.3333333333333333,balanced_chance,Cognition & Emotion,认知与情绪,情绪识别,SEED-FRA,/benchmark-eeg/5.0_version/result_5/linear_downsample/SEED_FRA_cross_subject_linear_downsample/seed_5_downsample_t40/ratio_full/bendr/summary.json
SEED_FRA_cross_subject_linear_downsample,biot,seed_10_downsample_t40,SEED_FRA,cross_subject,10,0.21413921180577344,0.3333333333333333,balanced_chance,Cognition & Emotion,认知与情绪,情绪识别,SEED-FRA,/benchmark-eeg/5.0_version/result_5/linear_downsample/SEED_FRA_cross_subject_linear_downsample/seed_10_downsample_t40/ratio_full/biot/summary.json
SEED_FRA_cross_subject_linear_downsample,biot,seed_42_downsample_t40,SEED_FRA,cross_subject,42,0.2839905782045224,0.3333333333333333,balanced_chance,Cognition & Emotion,认知与情绪,情绪识别,SEED-FRA,/benchmark-eeg/5.0_version/result_5/linear_downsample/SEED_FRA_cross_subject_linear_downsample/seed_42_downsample_t40/ratio_full/biot/summary.json
SEED_FRA_cross_subject_linear_downsample,biot,seed_5_downsample_t40,SEED_FRA,cross_subject,5,0.37529767335095143,0.3333333333333333,balanced_chance,Cognition & Emotion,认知与情绪,情绪识别,SEED-FRA,/benchmark-eeg/5.0_version/result_5/linear_downsample/SEED_FRA_cross_subject_linear_downsample/seed_5_downsample_t40/ratio_full/biot/summary.json
SEED_FRA_cross_subject_linear_downsample,brainomni,seed_10_downsample_t40,SEED_FRA,cross_subject,10,0.3750106917857537,0.3333333333333333,balanced_chance,Cognition & Emotion,认知与情绪,情绪识别,SEED-FRA,/benchmark-eeg/5.0_version/result_5/linear_downsample/SEED_FRA_cross_subject_linear_downsample/seed_10_downsample_t40/ratio_full/brainomni/summary.json
SEED_FRA_cross_subject_linear_downsample,brainomni,seed_42_downsample_t40,SEED_FRA,cross_subject,42,0.33425917627611473,0.3333333333333333,balanced_chance,Cognition & Emotion,认知与情绪,情绪识别,SEED-FRA,/benchmark-eeg/5.0_version/result_5/linear_downsample/SEED_FRA_cross_subject_linear_downsample/seed_42_downsample_t40/ratio_full/brainomni/summary.json
SEED_FRA_cross_subject_linear_downsample,brainomni,seed_5_downsample_t40,SEED_FRA,cross_subject,5,0.3098172663985323,0.3333333333333333,balanced_chance,Cognition & Emotion,认知与情绪,情绪识别,SEED-FRA,/benchmark-eeg/5.0_version/result_5/linear_downsample/SEED_FRA_cross_subject_linear_downsample/seed_5_downsample_t40/ratio_full/brainomni/summary.json
SEED_FRA_cross_subject_linear_downsample,cbramod,seed_10_downsample_t40,SEED_FRA,cross_subject,10,0.3978359729812245,0.3333333333333333,balanced_chance,Cognition & Emotion,认知与情绪,情绪识别,SEED-FRA,/benchmark-eeg/5.0_version/result_5/linear_downsample/SEED_FRA_cross_subject_linear_downsample/seed_10_downsample_t40/ratio_full/cbramod/summary.json
SEED_FRA_cross_subject_linear_downsample,cbramod,seed_42_downsample_t40,SEED_FRA,cross_subject,42,0.437335852128969,0.3333333333333333,balanced_chance,Cognition & Emotion,认知与情绪,情绪识别,SEED-FRA,/benchmark-eeg/5.0_version/result_5/linear_downsample/SEED_FRA_cross_subject_linear_downsample/seed_42_downsample_t40/ratio_full/cbramod/summary.json
SEED_FRA_cross_subject_linear_downsample,cbramod,seed_5_downsample_t40,SEED_FRA,cross_subject,5,0.4028933279650104,0.3333333333333333,balanced_chance,Cognition & Emotion,认知与情绪,情绪识别,SEED-FRA,/benchmark-eeg/5.0_version/result_5/linear_downsample/SEED_FRA_cross_subject_linear_downsample/seed_5_downsample_t40/ratio_full/cbramod/summary.json
SEED_FRA_cross_subject_linear_downsample,eegmamba,seed_10_downsample_t40,SEED_FRA,cross_subject,10,0.3261799664754431,0.3333333333333333,balanced_chance,Cognition & Emotion,认知与情绪,情绪识别,SEED-FRA,/benchmark-eeg/5.0_version/result_5/linear_downsample/SEED_FRA_cross_subject_linear_downsample/seed_10_downsample_t40/ratio_full/eegmamba/summary.json
SEED_FRA_cross_subject_linear_downsample,eegmamba,seed_42_downsample_t40,SEED_FRA,cross_subject,42,0.39508745446002175,0.3333333333333333,balanced_chance,Cognition & Emotion,认知与情绪,情绪识别,SEED-FRA,/benchmark-eeg/5.0_version/result_5/linear_downsample/SEED_FRA_cross_subject_linear_downsample/seed_42_downsample_t40/ratio_full/eegmamba/summary.json
SEED_FRA_cross_subject_linear_downsample,eegmamba,seed_5_downsample_t40,SEED_FRA,cross_subject,5,0.3418778611749636,0.3333333333333333,balanced_chance,Cognition & Emotion,认知与情绪,情绪识别,SEED-FRA,/benchmark-eeg/5.0_version/result_5/linear_downsample/SEED_FRA_cross_subject_linear_downsample/seed_5_downsample_t40/ratio_full/eegmamba/summary.json
SEED_FRA_cross_subject_linear_downsample,femba,seed_10_downsample_t40,SEED_FRA,cross_subject,10,0.3073846626896161,0.3333333333333333,balanced_chance,Cognition & Emotion,认知与情绪,情绪识别,SEED-FRA,/benchmark-eeg/5.0_version/result_5/linear_downsample/SEED_FRA_cross_subject_linear_downsample/seed_10_downsample_t40/ratio_full/femba/summary.json
SEED_FRA_cross_subject_linear_downsample,femba,seed_42_downsample_t40,SEED_FRA,cross_subject,42,0.40347526009055756,0.3333333333333333,balanced_chance,Cognition & Emotion,认知与情绪,情绪识别,SEED-FRA,/benchmark-eeg/5.0_version/result_5/linear_downsample/SEED_FRA_cross_subject_linear_downsample/seed_42_downsample_t40/ratio_full/femba/summary.json
SEED_FRA_cross_subject_linear_downsample,femba,seed_5_downsample_t40,SEED_FRA,cross_subject,5,0.4066654107834014,0.3333333333333333,balanced_chance,Cognition & Emotion,认知与情绪,情绪识别,SEED-FRA,/benchmark-eeg/5.0_version/result_5/linear_downsample/SEED_FRA_cross_subject_linear_downsample/seed_5_downsample_t40/ratio_full/femba/summary.json
SEED_FRA_cross_subject_linear_downsample,labram,seed_10_downsample_t40,SEED_FRA,cross_subject,10,0.31521247982786443,0.3333333333333333,balanced_chance,Cognition & Emotion,认知与情绪,情绪识别,SEED-FRA,/benchmark-eeg/5.0_version/result_5/linear_downsample/SEED_FRA_cross_subject_linear_downsample/seed_10_downsample_t40/ratio_full/labram/summary.json
SEED_FRA_cross_subject_linear_downsample,labram,seed_42_downsample_t40,SEED_FRA,cross_subject,42,0.2782482569013898,0.3333333333333333,balanced_chance,Cognition & Emotion,认知与情绪,情绪识别,SEED-FRA,/benchmark-eeg/5.0_version/result_5/linear_downsample/SEED_FRA_cross_subject_linear_downsample/seed_42_downsample_t40/ratio_full/labram/summary.json
SEED_FRA_cross_subject_linear_downsample,labram,seed_5_downsample_t40,SEED_FRA,cross_subject,5,0.3474874935778553,0.3333333333333333,balanced_chance,Cognition & Emotion,认知与情绪,情绪识别,SEED-FRA,/benchmark-eeg/5.0_version/result_5/linear_downsample/SEED_FRA_cross_subject_linear_downsample/seed_5_downsample_t40/ratio_full/labram/summary.json
SEED_FRA_cross_subject_linear_downsample,neurogpt,seed_10_downsample_t40,SEED_FRA,cross_subject,10,0.2958353669719575,0.3333333333333333,balanced_chance,Cognition & Emotion,认知与情绪,情绪识别,SEED-FRA,/benchmark-eeg/5.0_version/result_5/linear_downsample/SEED_FRA_cross_subject_linear_downsample/seed_10_downsample_t40/ratio_full/neurogpt/summary.json
SEED_FRA_cross_subject_linear_downsample,neurogpt,seed_42_downsample_t40,SEED_FRA,cross_subject,42,0.3278423868134834,0.3333333333333333,balanced_chance,Cognition & Emotion,认知与情绪,情绪识别,SEED-FRA,/benchmark-eeg/5.0_version/result_5/linear_downsample/SEED_FRA_cross_subject_linear_downsample/seed_42_downsample_t40/ratio_full/neurogpt/summary.json
SEED_FRA_cross_subject_linear_downsample,neurogpt,seed_5_downsample_t40,SEED_FRA,cross_subject,5,0.2752948768529319,0.3333333333333333,balanced_chance,Cognition & Emotion,认知与情绪,情绪识别,SEED-FRA,/benchmark-eeg/5.0_version/result_5/linear_downsample/SEED_FRA_cross_subject_linear_downsample/seed_5_downsample_t40/ratio_full/neurogpt/summary.json
SEED_FRA_cross_subject_linear_downsample,neurolm,seed_10_downsample_t40,SEED_FRA,cross_subject,10,0.24332421616197164,0.3333333333333333,balanced_chance,Cognition & Emotion,认知与情绪,情绪识别,SEED-FRA,/benchmark-eeg/5.0_version/result_5/linear_downsample/SEED_FRA_cross_subject_linear_downsample/seed_10_downsample_t40/ratio_full/neurolm/summary.json
SEED_FRA_cross_subject_linear_downsample,neurolm,seed_42_downsample_t40,SEED_FRA,cross_subject,42,0.17272345533123004,0.3333333333333333,balanced_chance,Cognition & Emotion,认知与情绪,情绪识别,SEED-FRA,/benchmark-eeg/5.0_version/result_5/linear_downsample/SEED_FRA_cross_subject_linear_downsample/seed_42_downsample_t40/ratio_full/neurolm/summary.json
SEED_FRA_cross_subject_linear_downsample,neurolm,seed_5_downsample_t40,SEED_FRA,cross_subject,5,0.20447937267242042,0.3333333333333333,balanced_chance,Cognition & Emotion,认知与情绪,情绪识别,SEED-FRA,/benchmark-eeg/5.0_version/result_5/linear_downsample/SEED_FRA_cross_subject_linear_downsample/seed_5_downsample_t40/ratio_full/neurolm/summary.json
SEED_FRA_cross_subject_linear_downsample,reve,seed_10_downsample_t40,SEED_FRA,cross_subject,10,0.26074035303937365,0.3333333333333333,balanced_chance,Cognition & Emotion,认知与情绪,情绪识别,SEED-FRA,/benchmark-eeg/5.0_version/result_5/linear_downsample/SEED_FRA_cross_subject_linear_downsample/seed_10_downsample_t40/ratio_full/reve/summary.json
SEED_FRA_cross_subject_linear_downsample,reve,seed_42_downsample_t40,SEED_FRA,cross_subject,42,0.33142340068817183,0.3333333333333333,balanced_chance,Cognition & Emotion,认知与情绪,情绪识别,SEED-FRA,/benchmark-eeg/5.0_version/result_5/linear_downsample/SEED_FRA_cross_subject_linear_downsample/seed_42_downsample_t40/ratio_full/reve/summary.json
SEED_FRA_cross_subject_linear_downsample,reve,seed_5_downsample_t40,SEED_FRA,cross_subject,5,0.2654740736614571,0.3333333333333333,balanced_chance,Cognition & Emotion,认知与情绪,情绪识别,SEED-FRA,/benchmark-eeg/5.0_version/result_5/linear_downsample/SEED_FRA_cross_subject_linear_downsample/seed_5_downsample_t40/ratio_full/reve/summary.json
SEED_VIG_wsn_cross_subject_linear_downsample,bendr,seed_10_downsample_t40,SEED_VIG_wsn,cross_subject,10,0.20485414050301434,0.3333333333333333,balanced_chance,Unknown,Unknown,Unknown,,/benchmark-eeg/5.0_version/result_5/linear_downsample/SEED_VIG_wsn_cross_subject_linear_downsample/seed_10_downsample_t40/ratio_full/bendr/summary.json
SEED_VIG_wsn_cross_subject_linear_downsample,bendr,seed_42_downsample_t40,SEED_VIG_wsn,cross_subject,42,0.27894401394219565,0.3333333333333333,balanced_chance,Unknown,Unknown,Unknown,,/benchmark-eeg/5.0_version/result_5/linear_downsample/SEED_VIG_wsn_cross_subject_linear_downsample/seed_42_downsample_t40/ratio_full/bendr/summary.json
SEED_VIG_wsn_cross_subject_linear_downsample,bendr,seed_5_downsample_t40,SEED_VIG_wsn,cross_subject,5,0.3034113999317187,0.3333333333333333,balanced_chance,Unknown,Unknown,Unknown,,/benchmark-eeg/5.0_version/result_5/linear_downsample/SEED_VIG_wsn_cross_subject_linear_downsample/seed_5_downsample_t40/ratio_full/bendr/summary.json
SEED_VIG_wsn_cross_subject_linear_downsample,biot,seed_10_downsample_t40,SEED_VIG_wsn,cross_subject,10,0.14546525323910484,0.3333333333333333,balanced_chance,Unknown,Unknown,Unknown,,/benchmark-eeg/5.0_version/result_5/linear_downsample/SEED_VIG_wsn_cross_subject_linear_downsample/seed_10_downsample_t40/ratio_full/biot/summary.json
SEED_VIG_wsn_cross_subject_linear_downsample,biot,seed_42_downsample_t40,SEED_VIG_wsn,cross_subject,42,0.17744610281923714,0.3333333333333333,balanced_chance,Unknown,Unknown,Unknown,,/benchmark-eeg/5.0_version/result_5/linear_downsample/SEED_VIG_wsn_cross_subject_linear_downsample/seed_42_downsample_t40/ratio_full/biot/summary.json
SEED_VIG_wsn_cross_subject_linear_downsample,biot,seed_5_downsample_t40,SEED_VIG_wsn,cross_subject,5,0.2966447162119787,0.3333333333333333,balanced_chance,Unknown,Unknown,Unknown,,/benchmark-eeg/5.0_version/result_5/linear_downsample/SEED_VIG_wsn_cross_subject_linear_downsample/seed_5_downsample_t40/ratio_full/biot/summary.json
SEED_VIG_wsn_cross_subject_linear_downsample,brainomni,seed_10_downsample_t40,SEED_VIG_wsn,cross_subject,10,0.5057550423993281,0.3333333333333333,balanced_chance,Unknown,Unknown,Unknown,,/benchmark-eeg/5.0_version/result_5/linear_downsample/SEED_VIG_wsn_cross_subject_linear_downsample/seed_10_downsample_t40/ratio_full/brainomni/summary.json
SEED_VIG_wsn_cross_subject_linear_downsample,brainomni,seed_42_downsample_t40,SEED_VIG_wsn,cross_subject,42,0.31035981185232153,0.3333333333333333,balanced_chance,Unknown,Unknown,Unknown,,/benchmark-eeg/5.0_version/result_5/linear_downsample/SEED_VIG_wsn_cross_subject_linear_downsample/seed_42_downsample_t40/ratio_full/brainomni/summary.json
SEED_VIG_wsn_cross_subject_linear_downsample,brainomni,seed_5_downsample_t40,SEED_VIG_wsn,cross_subject,5,0.24056516462459884,0.3333333333333333,balanced_chance,Unknown,Unknown,Unknown,,/benchmark-eeg/5.0_version/result_5/linear_downsample/SEED_VIG_wsn_cross_subject_linear_downsample/seed_5_downsample_t40/ratio_full/brainomni/summary.json
SEED_VIG_wsn_cross_subject_linear_downsample,cbramod,seed_10_downsample_t40,SEED_VIG_wsn,cross_subject,10,0.3659995266171423,0.3333333333333333,balanced_chance,Unknown,Unknown,Unknown,,/benchmark-eeg/5.0_version/result_5/linear_downsample/SEED_VIG_wsn_cross_subject_linear_downsample/seed_10_downsample_t40/ratio_full/cbramod/summary.json
SEED_VIG_wsn_cross_subject_linear_downsample,cbramod,seed_42_downsample_t40,SEED_VIG_wsn,cross_subject,42,0.30250722847903894,0.3333333333333333,balanced_chance,Unknown,Unknown,Unknown,,/benchmark-eeg/5.0_version/result_5/linear_downsample/SEED_VIG_wsn_cross_subject_linear_downsample/seed_42_downsample_t40/ratio_full/cbramod/summary.json
SEED_VIG_wsn_cross_subject_linear_downsample,cbramod,seed_5_downsample_t40,SEED_VIG_wsn,cross_subject,5,0.2559422067481088,0.3333333333333333,balanced_chance,Unknown,Unknown,Unknown,,/benchmark-eeg/5.0_version/result_5/linear_downsample/SEED_VIG_wsn_cross_subject_linear_downsample/seed_5_downsample_t40/ratio_full/cbramod/summary.json
SEED_VIG_wsn_cross_subject_linear_downsample,eegmamba,seed_10_downsample_t40,SEED_VIG_wsn,cross_subject,10,0.4350562034285579,0.3333333333333333,balanced_chance,Unknown,Unknown,Unknown,,/benchmark-eeg/5.0_version/result_5/linear_downsample/SEED_VIG_wsn_cross_subject_linear_downsample/seed_10_downsample_t40/ratio_full/eegmamba/summary.json
SEED_VIG_wsn_cross_subject_linear_downsample,eegmamba,seed_42_downsample_t40,SEED_VIG_wsn,cross_subject,42,0.3453102553454501,0.3333333333333333,balanced_chance,Unknown,Unknown,Unknown,,/benchmark-eeg/5.0_version/result_5/linear_downsample/SEED_VIG_wsn_cross_subject_linear_downsample/seed_42_downsample_t40/ratio_full/eegmamba/summary.json
SEED_VIG_wsn_cross_subject_linear_downsample,eegmamba,seed_5_downsample_t40,SEED_VIG_wsn,cross_subject,5,0.32617468748987877,0.3333333333333333,balanced_chance,Unknown,Unknown,Unknown,,/benchmark-eeg/5.0_version/result_5/linear_downsample/SEED_VIG_wsn_cross_subject_linear_downsample/seed_5_downsample_t40/ratio_full/eegmamba/summary.json
SEED_VIG_wsn_cross_subject_linear_downsample,femba,seed_10_downsample_t40,SEED_VIG_wsn,cross_subject,10,0.48720378388811164,0.3333333333333333,balanced_chance,Unknown,Unknown,Unknown,,/benchmark-eeg/5.0_version/result_5/linear_downsample/SEED_VIG_wsn_cross_subject_linear_downsample/seed_10_downsample_t40/ratio_full/femba/summary.json
SEED_VIG_wsn_cross_subject_linear_downsample,femba,seed_42_downsample_t40,SEED_VIG_wsn,cross_subject,42,0.447410108558425,0.3333333333333333,balanced_chance,Unknown,Unknown,Unknown,,/benchmark-eeg/5.0_version/result_5/linear_downsample/SEED_VIG_wsn_cross_subject_linear_downsample/seed_42_downsample_t40/ratio_full/femba/summary.json
SEED_VIG_wsn_cross_subject_linear_downsample,femba,seed_5_downsample_t40,SEED_VIG_wsn,cross_subject,5,0.37866019042029064,0.3333333333333333,balanced_chance,Unknown,Unknown,Unknown,,/benchmark-eeg/5.0_version/result_5/linear_downsample/SEED_VIG_wsn_cross_subject_linear_downsample/seed_5_downsample_t40/ratio_full/femba/summary.json
SEED_VIG_wsn_cross_subject_linear_downsample,labram,seed_10_downsample_t40,SEED_VIG_wsn,cross_subject,10,0.5171393048056281,0.3333333333333333,balanced_chance,Unknown,Unknown,Unknown,,/benchmark-eeg/5.0_version/result_5/linear_downsample/SEED_VIG_wsn_cross_subject_linear_downsample/seed_10_downsample_t40/ratio_full/labram/summary.json
SEED_VIG_wsn_cross_subject_linear_downsample,labram,seed_42_downsample_t40,SEED_VIG_wsn,cross_subject,42,0.37636461354516926,0.3333333333333333,balanced_chance,Unknown,Unknown,Unknown,,/benchmark-eeg/5.0_version/result_5/linear_downsample/SEED_VIG_wsn_cross_subject_linear_downsample/seed_42_downsample_t40/ratio_full/labram/summary.json
SEED_VIG_wsn_cross_subject_linear_downsample,labram,seed_5_downsample_t40,SEED_VIG_wsn,cross_subject,5,0.24836937000526205,0.3333333333333333,balanced_chance,Unknown,Unknown,Unknown,,/benchmark-eeg/5.0_version/result_5/linear_downsample/SEED_VIG_wsn_cross_subject_linear_downsample/seed_5_downsample_t40/ratio_full/labram/summary.json
SEED_VIG_wsn_cross_subject_linear_downsample,neurogpt,seed_10_downsample_t40,SEED_VIG_wsn,cross_subject,10,0.43578417265181296,0.3333333333333333,balanced_chance,Unknown,Unknown,Unknown,,/benchmark-eeg/5.0_version/result_5/linear_downsample/SEED_VIG_wsn_cross_subject_linear_downsample/seed_10_downsample_t40/ratio_full/neurogpt/summary.json
SEED_VIG_wsn_cross_subject_linear_downsample,neurogpt,seed_42_downsample_t40,SEED_VIG_wsn,cross_subject,42,0.39758515395187716,0.3333333333333333,balanced_chance,Unknown,Unknown,Unknown,,/benchmark-eeg/5.0_version/result_5/linear_downsample/SEED_VIG_wsn_cross_subject_linear_downsample/seed_42_downsample_t40/ratio_full/neurogpt/summary.json
SEED_VIG_wsn_cross_subject_linear_downsample,neurogpt,seed_5_downsample_t40,SEED_VIG_wsn,cross_subject,5,0.36450467207601117,0.3333333333333333,balanced_chance,Unknown,Unknown,Unknown,,/benchmark-eeg/5.0_version/result_5/linear_downsample/SEED_VIG_wsn_cross_subject_linear_downsample/seed_5_downsample_t40/ratio_full/neurogpt/summary.json
SEED_VIG_wsn_cross_subject_linear_downsample,neurolm,seed_10_downsample_t40,SEED_VIG_wsn,cross_subject,10,0.5098284892677416,0.3333333333333333,balanced_chance,Unknown,Unknown,Unknown,,/benchmark-eeg/5.0_version/result_5/linear_downsample/SEED_VIG_wsn_cross_subject_linear_downsample/seed_10_downsample_t40/ratio_full/neurolm/summary.json
SEED_VIG_wsn_cross_subject_linear_downsample,neurolm,seed_42_downsample_t40,SEED_VIG_wsn,cross_subject,42,0.43053310190786487,0.3333333333333333,balanced_chance,Unknown,Unknown,Unknown,,/benchmark-eeg/5.0_version/result_5/linear_downsample/SEED_VIG_wsn_cross_subject_linear_downsample/seed_42_downsample_t40/ratio_full/neurolm/summary.json
SEED_VIG_wsn_cross_subject_linear_downsample,neurolm,seed_5_downsample_t40,SEED_VIG_wsn,cross_subject,5,0.4016380178480743,0.3333333333333333,balanced_chance,Unknown,Unknown,Unknown,,/benchmark-eeg/5.0_version/result_5/linear_downsample/SEED_VIG_wsn_cross_subject_linear_downsample/seed_5_downsample_t40/ratio_full/neurolm/summary.json
SEED_VIG_wsn_cross_subject_linear_downsample,reve,seed_10_downsample_t40,SEED_VIG_wsn,cross_subject,10,0.37243604452542317,0.3333333333333333,balanced_chance,Unknown,Unknown,Unknown,,/benchmark-eeg/5.0_version/result_5/linear_downsample/SEED_VIG_wsn_cross_subject_linear_downsample/seed_10_downsample_t40/ratio_full/reve/summary.json
SEED_VIG_wsn_cross_subject_linear_downsample,reve,seed_42_downsample_t40,SEED_VIG_wsn,cross_subject,42,0.3565999977396401,0.3333333333333333,balanced_chance,Unknown,Unknown,Unknown,,/benchmark-eeg/5.0_version/result_5/linear_downsample/SEED_VIG_wsn_cross_subject_linear_downsample/seed_42_downsample_t40/ratio_full/reve/summary.json
SEED_VIG_wsn_cross_subject_linear_downsample,reve,seed_5_downsample_t40,SEED_VIG_wsn,cross_subject,5,0.28327017038956875,0.3333333333333333,balanced_chance,Unknown,Unknown,Unknown,,/benchmark-eeg/5.0_version/result_5/linear_downsample/SEED_VIG_wsn_cross_subject_linear_downsample/seed_5_downsample_t40/ratio_full/reve/summary.json
SEED_VII_cross_subject_linear_downsample,bendr,seed_10_downsample_t40,SEED_VII,cross_subject,10,0.13229090428073959,0.1428571428571428,balanced_chance,Unknown,Unknown,Unknown,,/benchmark-eeg/5.0_version/result_5/linear_downsample/SEED_VII_cross_subject_linear_downsample/seed_10_downsample_t40/ratio_full/bendr/summary.json
SEED_VII_cross_subject_linear_downsample,bendr,seed_42_downsample_t40,SEED_VII,cross_subject,42,0.1448542110670245,0.1428571428571428,balanced_chance,Unknown,Unknown,Unknown,,/benchmark-eeg/5.0_version/result_5/linear_downsample/SEED_VII_cross_subject_linear_downsample/seed_42_downsample_t40/ratio_full/bendr/summary.json
SEED_VII_cross_subject_linear_downsample,bendr,seed_5_downsample_t40,SEED_VII,cross_subject,5,0.14673307962594867,0.1428571428571428,balanced_chance,Unknown,Unknown,Unknown,,/benchmark-eeg/5.0_version/result_5/linear_downsample/SEED_VII_cross_subject_linear_downsample/seed_5_downsample_t40/ratio_full/bendr/summary.json
SEED_VII_cross_subject_linear_downsample,biot,seed_10_downsample_t40,SEED_VII,cross_subject,10,0.10428298874121601,0.1428571428571428,balanced_chance,Unknown,Unknown,Unknown,,/benchmark-eeg/5.0_version/result_5/linear_downsample/SEED_VII_cross_subject_linear_downsample/seed_10_downsample_t40/ratio_full/biot/summary.json
SEED_VII_cross_subject_linear_downsample,biot,seed_42_downsample_t40,SEED_VII,cross_subject,42,0.10818475019282318,0.1428571428571428,balanced_chance,Unknown,Unknown,Unknown,,/benchmark-eeg/5.0_version/result_5/linear_downsample/SEED_VII_cross_subject_linear_downsample/seed_42_downsample_t40/ratio_full/biot/summary.json
SEED_VII_cross_subject_linear_downsample,biot,seed_5_downsample_t40,SEED_VII,cross_subject,5,0.1483795910611419,0.1428571428571428,balanced_chance,Unknown,Unknown,Unknown,,/benchmark-eeg/5.0_version/result_5/linear_downsample/SEED_VII_cross_subject_linear_downsample/seed_5_downsample_t40/ratio_full/biot/summary.json
SEED_VII_cross_subject_linear_downsample,brainomni,seed_10_downsample_t40,SEED_VII,cross_subject,10,0.1598757387952232,0.1428571428571428,balanced_chance,Unknown,Unknown,Unknown,,/benchmark-eeg/5.0_version/result_5/linear_downsample/SEED_VII_cross_subject_linear_downsample/seed_10_downsample_t40/ratio_full/brainomni/summary.json
SEED_VII_cross_subject_linear_downsample,brainomni,seed_42_downsample_t40,SEED_VII,cross_subject,42,0.153504444491573,0.1428571428571428,balanced_chance,Unknown,Unknown,Unknown,,/benchmark-eeg/5.0_version/result_5/linear_downsample/SEED_VII_cross_subject_linear_downsample/seed_42_downsample_t40/ratio_full/brainomni/summary.json
SEED_VII_cross_subject_linear_downsample,brainomni,seed_5_downsample_t40,SEED_VII,cross_subject,5,0.17073995171840184,0.1428571428571428,balanced_chance,Unknown,Unknown,Unknown,,/benchmark-eeg/5.0_version/result_5/linear_downsample/SEED_VII_cross_subject_linear_downsample/seed_5_downsample_t40/ratio_full/brainomni/summary.json
SEED_VII_cross_subject_linear_downsample,cbramod,seed_10_downsample_t40,SEED_VII,cross_subject,10,0.16665778624086786,0.1428571428571428,balanced_chance,Unknown,Unknown,Unknown,,/benchmark-eeg/5.0_version/result_5/linear_downsample/SEED_VII_cross_subject_linear_downsample/seed_10_downsample_t40/ratio_full/cbramod/summary.json
SEED_VII_cross_subject_linear_downsample,cbramod,seed_42_downsample_t40,SEED_VII,cross_subject,42,0.16033265726639287,0.1428571428571428,balanced_chance,Unknown,Unknown,Unknown,,/benchmark-eeg/5.0_version/result_5/linear_downsample/SEED_VII_cross_subject_linear_downsample/seed_42_downsample_t40/ratio_full/cbramod/summary.json
SEED_VII_cross_subject_linear_downsample,cbramod,seed_5_downsample_t40,SEED_VII,cross_subject,5,0.13474822186565302,0.1428571428571428,balanced_chance,Unknown,Unknown,Unknown,,/benchmark-eeg/5.0_version/result_5/linear_downsample/SEED_VII_cross_subject_linear_downsample/seed_5_downsample_t40/ratio_full/cbramod/summary.json
SEED_VII_cross_subject_linear_downsample,eegmamba,seed_10_downsample_t40,SEED_VII,cross_subject,10,0.17020309882692977,0.1428571428571428,balanced_chance,Unknown,Unknown,Unknown,,/benchmark-eeg/5.0_version/result_5/linear_downsample/SEED_VII_cross_subject_linear_downsample/seed_10_downsample_t40/ratio_full/eegmamba/summary.json
SEED_VII_cross_subject_linear_downsample,eegmamba,seed_42_downsample_t40,SEED_VII,cross_subject,42,0.16864018325385835,0.1428571428571428,balanced_chance,Unknown,Unknown,Unknown,,/benchmark-eeg/5.0_version/result_5/linear_downsample/SEED_VII_cross_subject_linear_downsample/seed_42_downsample_t40/ratio_full/eegmamba/summary.json
SEED_VII_cross_subject_linear_downsample,eegmamba,seed_5_downsample_t40,SEED_VII,cross_subject,5,0.16368418900989976,0.1428571428571428,balanced_chance,Unknown,Unknown,Unknown,,/benchmark-eeg/5.0_version/result_5/linear_downsample/SEED_VII_cross_subject_linear_downsample/seed_5_downsample_t40/ratio_full/eegmamba/summary.json
SEED_VII_cross_subject_linear_downsample,femba,seed_10_downsample_t40,SEED_VII,cross_subject,10,0.1545757188130354,0.1428571428571428,balanced_chance,Unknown,Unknown,Unknown,,/benchmark-eeg/5.0_version/result_5/linear_downsample/SEED_VII_cross_subject_linear_downsample/seed_10_downsample_t40/ratio_full/femba/summary.json
SEED_VII_cross_subject_linear_downsample,femba,seed_42_downsample_t40,SEED_VII,cross_subject,42,0.17513557692865206,0.1428571428571428,balanced_chance,Unknown,Unknown,Unknown,,/benchmark-eeg/5.0_version/result_5/linear_downsample/SEED_VII_cross_subject_linear_downsample/seed_42_downsample_t40/ratio_full/femba/summary.json
SEED_VII_cross_subject_linear_downsample,femba,seed_5_downsample_t40,SEED_VII,cross_subject,5,0.13696315121522964,0.1428571428571428,balanced_chance,Unknown,Unknown,Unknown,,/benchmark-eeg/5.0_version/result_5/linear_downsample/SEED_VII_cross_subject_linear_downsample/seed_5_downsample_t40/ratio_full/femba/summary.json
SEED_VII_cross_subject_linear_downsample,labram,seed_10_downsample_t40,SEED_VII,cross_subject,10,0.18601202013768212,0.1428571428571428,balanced_chance,Unknown,Unknown,Unknown,,/benchmark-eeg/5.0_version/result_5/linear_downsample/SEED_VII_cross_subject_linear_downsample/seed_10_downsample_t40/ratio_full/labram/summary.json
SEED_VII_cross_subject_linear_downsample,labram,seed_42_downsample_t40,SEED_VII,cross_subject,42,0.1505206353955882,0.1428571428571428,balanced_chance,Unknown,Unknown,Unknown,,/benchmark-eeg/5.0_version/result_5/linear_downsample/SEED_VII_cross_subject_linear_downsample/seed_42_downsample_t40/ratio_full/labram/summary.json
SEED_VII_cross_subject_linear_downsample,labram,seed_5_downsample_t40,SEED_VII,cross_subject,5,0.1397369229551142,0.1428571428571428,balanced_chance,Unknown,Unknown,Unknown,,/benchmark-eeg/5.0_version/result_5/linear_downsample/SEED_VII_cross_subject_linear_downsample/seed_5_downsample_t40/ratio_full/labram/summary.json
SEED_VII_cross_subject_linear_downsample,neurogpt,seed_10_downsample_t40,SEED_VII,cross_subject,10,0.14354696780979984,0.1428571428571428,balanced_chance,Unknown,Unknown,Unknown,,/benchmark-eeg/5.0_version/result_5/linear_downsample/SEED_VII_cross_subject_linear_downsample/seed_10_downsample_t40/ratio_full/neurogpt/summary.json
SEED_VII_cross_subject_linear_downsample,neurogpt,seed_42_downsample_t40,SEED_VII,cross_subject,42,0.13173020875199676,0.1428571428571428,balanced_chance,Unknown,Unknown,Unknown,,/benchmark-eeg/5.0_version/result_5/linear_downsample/SEED_VII_cross_subject_linear_downsample/seed_42_downsample_t40/ratio_full/neurogpt/summary.json
SEED_VII_cross_subject_linear_downsample,neurogpt,seed_5_downsample_t40,SEED_VII,cross_subject,5,0.1254842940450391,0.1428571428571428,balanced_chance,Unknown,Unknown,Unknown,,/benchmark-eeg/5.0_version/result_5/linear_downsample/SEED_VII_cross_subject_linear_downsample/seed_5_downsample_t40/ratio_full/neurogpt/summary.json
SEED_VII_cross_subject_linear_downsample,neurolm,seed_10_downsample_t40,SEED_VII,cross_subject,10,0.19055280291198023,0.1428571428571428,balanced_chance,Unknown,Unknown,Unknown,,/benchmark-eeg/5.0_version/result_5/linear_downsample/SEED_VII_cross_subject_linear_downsample/seed_10_downsample_t40/ratio_full/neurolm/summary.json
SEED_VII_cross_subject_linear_downsample,neurolm,seed_42_downsample_t40,SEED_VII,cross_subject,42,0.16720617447383407,0.1428571428571428,balanced_chance,Unknown,Unknown,Unknown,,/benchmark-eeg/5.0_version/result_5/linear_downsample/SEED_VII_cross_subject_linear_downsample/seed_42_downsample_t40/ratio_full/neurolm/summary.json
SEED_VII_cross_subject_linear_downsample,neurolm,seed_5_downsample_t40,SEED_VII,cross_subject,5,0.12505029085869582,0.1428571428571428,balanced_chance,Unknown,Unknown,Unknown,,/benchmark-eeg/5.0_version/result_5/linear_downsample/SEED_VII_cross_subject_linear_downsample/seed_5_downsample_t40/ratio_full/neurolm/summary.json
SEED_VII_cross_subject_linear_downsample,reve,seed_10_downsample_t40,SEED_VII,cross_subject,10,0.14512649459124302,0.1428571428571428,balanced_chance,Unknown,Unknown,Unknown,,/benchmark-eeg/5.0_version/result_5/linear_downsample/SEED_VII_cross_subject_linear_downsample/seed_10_downsample_t40/ratio_full/reve/summary.json
SEED_VII_cross_subject_linear_downsample,reve,seed_42_downsample_t40,SEED_VII,cross_subject,42,0.13508801210712337,0.1428571428571428,balanced_chance,Unknown,Unknown,Unknown,,/benchmark-eeg/5.0_version/result_5/linear_downsample/SEED_VII_cross_subject_linear_downsample/seed_42_downsample_t40/ratio_full/reve/summary.json
SEED_VII_cross_subject_linear_downsample,reve,seed_5_downsample_t40,SEED_VII,cross_subject,5,0.13044609055310513,0.1428571428571428,balanced_chance,Unknown,Unknown,Unknown,,/benchmark-eeg/5.0_version/result_5/linear_downsample/SEED_VII_cross_subject_linear_downsample/seed_5_downsample_t40/ratio_full/reve/summary.json
SEED_V_cross_subject_linear_downsample,bendr,seed_10_downsample_t40,SEED_V,cross_subject,10,0.1768005335428135,0.2,balanced_chance,Unknown,Unknown,Unknown,,/benchmark-eeg/5.0_version/result_5/linear_downsample/SEED_V_cross_subject_linear_downsample/seed_10_downsample_t40/ratio_full/bendr/summary.json
SEED_V_cross_subject_linear_downsample,bendr,seed_42_downsample_t40,SEED_V,cross_subject,42,0.19906080145453126,0.2,balanced_chance,Unknown,Unknown,Unknown,,/benchmark-eeg/5.0_version/result_5/linear_downsample/SEED_V_cross_subject_linear_downsample/seed_42_downsample_t40/ratio_full/bendr/summary.json
SEED_V_cross_subject_linear_downsample,bendr,seed_5_downsample_t40,SEED_V,cross_subject,5,0.18471233082489377,0.2,balanced_chance,Unknown,Unknown,Unknown,,/benchmark-eeg/5.0_version/result_5/linear_downsample/SEED_V_cross_subject_linear_downsample/seed_5_downsample_t40/ratio_full/bendr/summary.json
SEED_V_cross_subject_linear_downsample,biot,seed_10_downsample_t40,SEED_V,cross_subject,10,0.19356084777982474,0.2,balanced_chance,Unknown,Unknown,Unknown,,/benchmark-eeg/5.0_version/result_5/linear_downsample/SEED_V_cross_subject_linear_downsample/seed_10_downsample_t40/ratio_full/biot/summary.json
SEED_V_cross_subject_linear_downsample,biot,seed_42_downsample_t40,SEED_V,cross_subject,42,0.24121784426825016,0.2,balanced_chance,Unknown,Unknown,Unknown,,/benchmark-eeg/5.0_version/result_5/linear_downsample/SEED_V_cross_subject_linear_downsample/seed_42_downsample_t40/ratio_full/biot/summary.json
SEED_V_cross_subject_linear_downsample,biot,seed_5_downsample_t40,SEED_V,cross_subject,5,0.1876993148553981,0.2,balanced_chance,Unknown,Unknown,Unknown,,/benchmark-eeg/5.0_version/result_5/linear_downsample/SEED_V_cross_subject_linear_downsample/seed_5_downsample_t40/ratio_full/biot/summary.json
SEED_V_cross_subject_linear_downsample,brainomni,seed_10_downsample_t40,SEED_V,cross_subject,10,0.21116100563783133,0.2,balanced_chance,Unknown,Unknown,Unknown,,/benchmark-eeg/5.0_version/result_5/linear_downsample/SEED_V_cross_subject_linear_downsample/seed_10_downsample_t40/ratio_full/brainomni/summary.json
SEED_V_cross_subject_linear_downsample,brainomni,seed_42_downsample_t40,SEED_V,cross_subject,42,0.19666842658222983,0.2,balanced_chance,Unknown,Unknown,Unknown,,/benchmark-eeg/5.0_version/result_5/linear_downsample/SEED_V_cross_subject_linear_downsample/seed_42_downsample_t40/ratio_full/brainomni/summary.json
SEED_V_cross_subject_linear_downsample,brainomni,seed_5_downsample_t40,SEED_V,cross_subject,5,0.233051149973452,0.2,balanced_chance,Unknown,Unknown,Unknown,,/benchmark-eeg/5.0_version/result_5/linear_downsample/SEED_V_cross_subject_linear_downsample/seed_5_downsample_t40/ratio_full/brainomni/summary.json
SEED_V_cross_subject_linear_downsample,cbramod,seed_10_downsample_t40,SEED_V,cross_subject,10,0.20354532941445963,0.2,balanced_chance,Unknown,Unknown,Unknown,,/benchmark-eeg/5.0_version/result_5/linear_downsample/SEED_V_cross_subject_linear_downsample/seed_10_downsample_t40/ratio_full/cbramod/summary.json
SEED_V_cross_subject_linear_downsample,cbramod,seed_42_downsample_t40,SEED_V,cross_subject,42,0.18340282005787895,0.2,balanced_chance,Unknown,Unknown,Unknown,,/benchmark-eeg/5.0_version/result_5/linear_downsample/SEED_V_cross_subject_linear_downsample/seed_42_downsample_t40/ratio_full/cbramod/summary.json
SEED_V_cross_subject_linear_downsample,cbramod,seed_5_downsample_t40,SEED_V,cross_subject,5,0.1909152653523009,0.2,balanced_chance,Unknown,Unknown,Unknown,,/benchmark-eeg/5.0_version/result_5/linear_downsample/SEED_V_cross_subject_linear_downsample/seed_5_downsample_t40/ratio_full/cbramod/summary.json
SEED_V_cross_subject_linear_downsample,eegmamba,seed_10_downsample_t40,SEED_V,cross_subject,10,0.2150069152670143,0.2,balanced_chance,Unknown,Unknown,Unknown,,/benchmark-eeg/5.0_version/result_5/linear_downsample/SEED_V_cross_subject_linear_downsample/seed_10_downsample_t40/ratio_full/eegmamba/summary.json
SEED_V_cross_subject_linear_downsample,eegmamba,seed_42_downsample_t40,SEED_V,cross_subject,42,0.18474832095771154,0.2,balanced_chance,Unknown,Unknown,Unknown,,/benchmark-eeg/5.0_version/result_5/linear_downsample/SEED_V_cross_subject_linear_downsample/seed_42_downsample_t40/ratio_full/eegmamba/summary.json
SEED_V_cross_subject_linear_downsample,eegmamba,seed_5_downsample_t40,SEED_V,cross_subject,5,0.20930107818201624,0.2,balanced_chance,Unknown,Unknown,Unknown,,/benchmark-eeg/5.0_version/result_5/linear_downsample/SEED_V_cross_subject_linear_downsample/seed_5_downsample_t40/ratio_full/eegmamba/summary.json
SEED_V_cross_subject_linear_downsample,femba,seed_10_downsample_t40,SEED_V,cross_subject,10,0.2684872121887921,0.2,balanced_chance,Unknown,Unknown,Unknown,,/benchmark-eeg/5.0_version/result_5/linear_downsample/SEED_V_cross_subject_linear_downsample/seed_10_downsample_t40/ratio_full/femba/summary.json
SEED_V_cross_subject_linear_downsample,femba,seed_42_downsample_t40,SEED_V,cross_subject,42,0.22864160503932954,0.2,balanced_chance,Unknown,Unknown,Unknown,,/benchmark-eeg/5.0_version/result_5/linear_downsample/SEED_V_cross_subject_linear_downsample/seed_42_downsample_t40/ratio_full/femba/summary.json
SEED_V_cross_subject_linear_downsample,femba,seed_5_downsample_t40,SEED_V,cross_subject,5,0.18636493511741237,0.2,balanced_chance,Unknown,Unknown,Unknown,,/benchmark-eeg/5.0_version/result_5/linear_downsample/SEED_V_cross_subject_linear_downsample/seed_5_downsample_t40/ratio_full/femba/summary.json
SEED_V_cross_subject_linear_downsample,labram,seed_10_downsample_t40,SEED_V,cross_subject,10,0.2202922893848608,0.2,balanced_chance,Unknown,Unknown,Unknown,,/benchmark-eeg/5.0_version/result_5/linear_downsample/SEED_V_cross_subject_linear_downsample/seed_10_downsample_t40/ratio_full/labram/summary.json
SEED_V_cross_subject_linear_downsample,labram,seed_42_downsample_t40,SEED_V,cross_subject,42,0.20852930743177386,0.2,balanced_chance,Unknown,Unknown,Unknown,,/benchmark-eeg/5.0_version/result_5/linear_downsample/SEED_V_cross_subject_linear_downsample/seed_42_downsample_t40/ratio_full/labram/summary.json
SEED_V_cross_subject_linear_downsample,labram,seed_5_downsample_t40,SEED_V,cross_subject,5,0.216173525276957,0.2,balanced_chance,Unknown,Unknown,Unknown,,/benchmark-eeg/5.0_version/result_5/linear_downsample/SEED_V_cross_subject_linear_downsample/seed_5_downsample_t40/ratio_full/labram/summary.json
SEED_V_cross_subject_linear_downsample,neurogpt,seed_10_downsample_t40,SEED_V,cross_subject,10,0.1686555956764435,0.2,balanced_chance,Unknown,Unknown,Unknown,,/benchmark-eeg/5.0_version/result_5/linear_downsample/SEED_V_cross_subject_linear_downsample/seed_10_downsample_t40/ratio_full/neurogpt/summary.json
SEED_V_cross_subject_linear_downsample,neurogpt,seed_42_downsample_t40,SEED_V,cross_subject,42,0.22784633852401126,0.2,balanced_chance,Unknown,Unknown,Unknown,,/benchmark-eeg/5.0_version/result_5/linear_downsample/SEED_V_cross_subject_linear_downsample/seed_42_downsample_t40/ratio_full/neurogpt/summary.json
SEED_V_cross_subject_linear_downsample,neurogpt,seed_5_downsample_t40,SEED_V,cross_subject,5,0.17959823383880485,0.2,balanced_chance,Unknown,Unknown,Unknown,,/benchmark-eeg/5.0_version/result_5/linear_downsample/SEED_V_cross_subject_linear_downsample/seed_5_downsample_t40/ratio_full/neurogpt/summary.json
SEED_V_cross_subject_linear_downsample,neurolm,seed_10_downsample_t40,SEED_V,cross_subject,10,0.20515775639742123,0.2,balanced_chance,Unknown,Unknown,Unknown,,/benchmark-eeg/5.0_version/result_5/linear_downsample/SEED_V_cross_subject_linear_downsample/seed_10_downsample_t40/ratio_full/neurolm/summary.json
SEED_V_cross_subject_linear_downsample,neurolm,seed_42_downsample_t40,SEED_V,cross_subject,42,0.16440039420164437,0.2,balanced_chance,Unknown,Unknown,Unknown,,/benchmark-eeg/5.0_version/result_5/linear_downsample/SEED_V_cross_subject_linear_downsample/seed_42_downsample_t40/ratio_full/neurolm/summary.json
SEED_V_cross_subject_linear_downsample,neurolm,seed_5_downsample_t40,SEED_V,cross_subject,5,0.21057203461411889,0.2,balanced_chance,Unknown,Unknown,Unknown,,/benchmark-eeg/5.0_version/result_5/linear_downsample/SEED_V_cross_subject_linear_downsample/seed_5_downsample_t40/ratio_full/neurolm/summary.json
SEED_V_cross_subject_linear_downsample,reve,seed_10_downsample_t40,SEED_V,cross_subject,10,0.18847861382309355,0.2,balanced_chance,Unknown,Unknown,Unknown,,/benchmark-eeg/5.0_version/result_5/linear_downsample/SEED_V_cross_subject_linear_downsample/seed_10_downsample_t40/ratio_full/reve/summary.json
SEED_V_cross_subject_linear_downsample,reve,seed_42_downsample_t40,SEED_V,cross_subject,42,0.19090783232247438,0.2,balanced_chance,Unknown,Unknown,Unknown,,/benchmark-eeg/5.0_version/result_5/linear_downsample/SEED_V_cross_subject_linear_downsample/seed_42_downsample_t40/ratio_full/reve/summary.json
SEED_V_cross_subject_linear_downsample,reve,seed_5_downsample_t40,SEED_V,cross_subject,5,0.1945133237870859,0.2,balanced_chance,Unknown,Unknown,Unknown,,/benchmark-eeg/5.0_version/result_5/linear_downsample/SEED_V_cross_subject_linear_downsample/seed_5_downsample_t40/ratio_full/reve/summary.json
SEED_cross_subject_linear_downsample,bendr,seed_10_downsample_t40,SEED,cross_subject,10,0.32992735922604893,0.3333333333333333,balanced_chance,Cognition & Emotion,认知与情绪,情绪识别,SEED,/benchmark-eeg/5.0_version/result_5/linear_downsample/SEED_cross_subject_linear_downsample/seed_10_downsample_t40/ratio_full/bendr/summary.json
SEED_cross_subject_linear_downsample,bendr,seed_42_downsample_t40,SEED,cross_subject,42,0.3676432407046397,0.3333333333333333,balanced_chance,Cognition & Emotion,认知与情绪,情绪识别,SEED,/benchmark-eeg/5.0_version/result_5/linear_downsample/SEED_cross_subject_linear_downsample/seed_42_downsample_t40/ratio_full/bendr/summary.json
SEED_cross_subject_linear_downsample,bendr,seed_5_downsample_t40,SEED,cross_subject,5,0.3291993477076521,0.3333333333333333,balanced_chance,Cognition & Emotion,认知与情绪,情绪识别,SEED,/benchmark-eeg/5.0_version/result_5/linear_downsample/SEED_cross_subject_linear_downsample/seed_5_downsample_t40/ratio_full/bendr/summary.json
SEED_cross_subject_linear_downsample,biot,seed_10_downsample_t40,SEED,cross_subject,10,0.39028750687438807,0.3333333333333333,balanced_chance,Cognition & Emotion,认知与情绪,情绪识别,SEED,/benchmark-eeg/5.0_version/result_5/linear_downsample/SEED_cross_subject_linear_downsample/seed_10_downsample_t40/ratio_full/biot/summary.json
SEED_cross_subject_linear_downsample,biot,seed_42_downsample_t40,SEED,cross_subject,42,0.34183651491706296,0.3333333333333333,balanced_chance,Cognition & Emotion,认知与情绪,情绪识别,SEED,/benchmark-eeg/5.0_version/result_5/linear_downsample/SEED_cross_subject_linear_downsample/seed_42_downsample_t40/ratio_full/biot/summary.json
SEED_cross_subject_linear_downsample,biot,seed_5_downsample_t40,SEED,cross_subject,5,0.3326633052186168,0.3333333333333333,balanced_chance,Cognition & Emotion,认知与情绪,情绪识别,SEED,/benchmark-eeg/5.0_version/result_5/linear_downsample/SEED_cross_subject_linear_downsample/seed_5_downsample_t40/ratio_full/biot/summary.json
SEED_cross_subject_linear_downsample,brainomni,seed_10_downsample_t40,SEED,cross_subject,10,0.44052524298295354,0.3333333333333333,balanced_chance,Cognition & Emotion,认知与情绪,情绪识别,SEED,/benchmark-eeg/5.0_version/result_5/linear_downsample/SEED_cross_subject_linear_downsample/seed_10_downsample_t40/ratio_full/brainomni/summary.json
SEED_cross_subject_linear_downsample,brainomni,seed_42_downsample_t40,SEED,cross_subject,42,0.4794149683588882,0.3333333333333333,balanced_chance,Cognition & Emotion,认知与情绪,情绪识别,SEED,/benchmark-eeg/5.0_version/result_5/linear_downsample/SEED_cross_subject_linear_downsample/seed_42_downsample_t40/ratio_full/brainomni/summary.json
SEED_cross_subject_linear_downsample,brainomni,seed_5_downsample_t40,SEED,cross_subject,5,0.40790941784286766,0.3333333333333333,balanced_chance,Cognition & Emotion,认知与情绪,情绪识别,SEED,/benchmark-eeg/5.0_version/result_5/linear_downsample/SEED_cross_subject_linear_downsample/seed_5_downsample_t40/ratio_full/brainomni/summary.json
SEED_cross_subject_linear_downsample,cbramod,seed_10_downsample_t40,SEED,cross_subject,10,0.43913161913453386,0.3333333333333333,balanced_chance,Cognition & Emotion,认知与情绪,情绪识别,SEED,/benchmark-eeg/5.0_version/result_5/linear_downsample/SEED_cross_subject_linear_downsample/seed_10_downsample_t40/ratio_full/cbramod/summary.json
SEED_cross_subject_linear_downsample,cbramod,seed_42_downsample_t40,SEED,cross_subject,42,0.4996810577325406,0.3333333333333333,balanced_chance,Cognition & Emotion,认知与情绪,情绪识别,SEED,/benchmark-eeg/5.0_version/result_5/linear_downsample/SEED_cross_subject_linear_downsample/seed_42_downsample_t40/ratio_full/cbramod/summary.json
SEED_cross_subject_linear_downsample,cbramod,seed_5_downsample_t40,SEED,cross_subject,5,0.46133073206169106,0.3333333333333333,balanced_chance,Cognition & Emotion,认知与情绪,情绪识别,SEED,/benchmark-eeg/5.0_version/result_5/linear_downsample/SEED_cross_subject_linear_downsample/seed_5_downsample_t40/ratio_full/cbramod/summary.json
SEED_cross_subject_linear_downsample,eegmamba,seed_10_downsample_t40,SEED,cross_subject,10,0.44118244842872745,0.3333333333333333,balanced_chance,Cognition & Emotion,认知与情绪,情绪识别,SEED,/benchmark-eeg/5.0_version/result_5/linear_downsample/SEED_cross_subject_linear_downsample/seed_10_downsample_t40/ratio_full/eegmamba/summary.json
SEED_cross_subject_linear_downsample,eegmamba,seed_42_downsample_t40,SEED,cross_subject,42,0.43809346312782543,0.3333333333333333,balanced_chance,Cognition & Emotion,认知与情绪,情绪识别,SEED,/benchmark-eeg/5.0_version/result_5/linear_downsample/SEED_cross_subject_linear_downsample/seed_42_downsample_t40/ratio_full/eegmamba/summary.json
SEED_cross_subject_linear_downsample,eegmamba,seed_5_downsample_t40,SEED,cross_subject,5,0.41554448357276663,0.3333333333333333,balanced_chance,Cognition & Emotion,认知与情绪,情绪识别,SEED,/benchmark-eeg/5.0_version/result_5/linear_downsample/SEED_cross_subject_linear_downsample/seed_5_downsample_t40/ratio_full/eegmamba/summary.json
SEED_cross_subject_linear_downsample,femba,seed_10_downsample_t40,SEED,cross_subject,10,0.33378225188263916,0.3333333333333333,balanced_chance,Cognition & Emotion,认知与情绪,情绪识别,SEED,/benchmark-eeg/5.0_version/result_5/linear_downsample/SEED_cross_subject_linear_downsample/seed_10_downsample_t40/ratio_full/femba/summary.json
SEED_cross_subject_linear_downsample,femba,seed_42_downsample_t40,SEED,cross_subject,42,0.3336207634518858,0.3333333333333333,balanced_chance,Cognition & Emotion,认知与情绪,情绪识别,SEED,/benchmark-eeg/5.0_version/result_5/linear_downsample/SEED_cross_subject_linear_downsample/seed_42_downsample_t40/ratio_full/femba/summary.json
SEED_cross_subject_linear_downsample,femba,seed_5_downsample_t40,SEED,cross_subject,5,0.28566878678113383,0.3333333333333333,balanced_chance,Cognition & Emotion,认知与情绪,情绪识别,SEED,/benchmark-eeg/5.0_version/result_5/linear_downsample/SEED_cross_subject_linear_downsample/seed_5_downsample_t40/ratio_full/femba/summary.json
SEED_cross_subject_linear_downsample,labram,seed_10_downsample_t40,SEED,cross_subject,10,0.5001643903198225,0.3333333333333333,balanced_chance,Cognition & Emotion,认知与情绪,情绪识别,SEED,/benchmark-eeg/5.0_version/result_5/linear_downsample/SEED_cross_subject_linear_downsample/seed_10_downsample_t40/ratio_full/labram/summary.json
SEED_cross_subject_linear_downsample,labram,seed_42_downsample_t40,SEED,cross_subject,42,0.4738457445260633,0.3333333333333333,balanced_chance,Cognition & Emotion,认知与情绪,情绪识别,SEED,/benchmark-eeg/5.0_version/result_5/linear_downsample/SEED_cross_subject_linear_downsample/seed_42_downsample_t40/ratio_full/labram/summary.json
SEED_cross_subject_linear_downsample,labram,seed_5_downsample_t40,SEED,cross_subject,5,0.419770150073236,0.3333333333333333,balanced_chance,Cognition & Emotion,认知与情绪,情绪识别,SEED,/benchmark-eeg/5.0_version/result_5/linear_downsample/SEED_cross_subject_linear_downsample/seed_5_downsample_t40/ratio_full/labram/summary.json
SEED_cross_subject_linear_downsample,neurogpt,seed_10_downsample_t40,SEED,cross_subject,10,0.4065574437546595,0.3333333333333333,balanced_chance,Cognition & Emotion,认知与情绪,情绪识别,SEED,/benchmark-eeg/5.0_version/result_5/linear_downsample/SEED_cross_subject_linear_downsample/seed_10_downsample_t40/ratio_full/neurogpt/summary.json
SEED_cross_subject_linear_downsample,neurogpt,seed_42_downsample_t40,SEED,cross_subject,42,0.41642867078095486,0.3333333333333333,balanced_chance,Cognition & Emotion,认知与情绪,情绪识别,SEED,/benchmark-eeg/5.0_version/result_5/linear_downsample/SEED_cross_subject_linear_downsample/seed_42_downsample_t40/ratio_full/neurogpt/summary.json
SEED_cross_subject_linear_downsample,neurogpt,seed_5_downsample_t40,SEED,cross_subject,5,0.41752823882215323,0.3333333333333333,balanced_chance,Cognition & Emotion,认知与情绪,情绪识别,SEED,/benchmark-eeg/5.0_version/result_5/linear_downsample/SEED_cross_subject_linear_downsample/seed_5_downsample_t40/ratio_full/neurogpt/summary.json
SEED_cross_subject_linear_downsample,neurolm,seed_10_downsample_t40,SEED,cross_subject,10,0.4624269982619969,0.3333333333333333,balanced_chance,Cognition & Emotion,认知与情绪,情绪识别,SEED,/benchmark-eeg/5.0_version/result_5/linear_downsample/SEED_cross_subject_linear_downsample/seed_10_downsample_t40/ratio_full/neurolm/summary.json
SEED_cross_subject_linear_downsample,neurolm,seed_42_downsample_t40,SEED,cross_subject,42,0.531521205766401,0.3333333333333333,balanced_chance,Cognition & Emotion,认知与情绪,情绪识别,SEED,/benchmark-eeg/5.0_version/result_5/linear_downsample/SEED_cross_subject_linear_downsample/seed_42_downsample_t40/ratio_full/neurolm/summary.json
SEED_cross_subject_linear_downsample,neurolm,seed_5_downsample_t40,SEED,cross_subject,5,0.5222570671851963,0.3333333333333333,balanced_chance,Cognition & Emotion,认知与情绪,情绪识别,SEED,/benchmark-eeg/5.0_version/result_5/linear_downsample/SEED_cross_subject_linear_downsample/seed_5_downsample_t40/ratio_full/neurolm/summary.json
SEED_cross_subject_linear_downsample,reve,seed_10_downsample_t40,SEED,cross_subject,10,0.40829463099274205,0.3333333333333333,balanced_chance,Cognition & Emotion,认知与情绪,情绪识别,SEED,/benchmark-eeg/5.0_version/result_5/linear_downsample/SEED_cross_subject_linear_downsample/seed_10_downsample_t40/ratio_full/reve/summary.json
SEED_cross_subject_linear_downsample,reve,seed_42_downsample_t40,SEED,cross_subject,42,0.3505428490902747,0.3333333333333333,balanced_chance,Cognition & Emotion,认知与情绪,情绪识别,SEED,/benchmark-eeg/5.0_version/result_5/linear_downsample/SEED_cross_subject_linear_downsample/seed_42_downsample_t40/ratio_full/reve/summary.json
SEED_cross_subject_linear_downsample,reve,seed_5_downsample_t40,SEED,cross_subject,5,0.4026475850926037,0.3333333333333333,balanced_chance,Cognition & Emotion,认知与情绪,情绪识别,SEED,/benchmark-eeg/5.0_version/result_5/linear_downsample/SEED_cross_subject_linear_downsample/seed_5_downsample_t40/ratio_full/reve/summary.json
SHU_MI_cross_subject_linear_downsample,bendr,seed_10_downsample_t40,SHU_MI,cross_subject,10,0.49803186070204686,0.5,balanced_chance,Interaction & Control,交互与控制,运动想象（MI）控制,SHU-MI,/benchmark-eeg/5.0_version/result_5/linear_downsample/SHU_MI_cross_subject_linear_downsample/seed_10_downsample_t40/ratio_full/bendr/summary.json
SHU_MI_cross_subject_linear_downsample,bendr,seed_42_downsample_t40,SHU_MI,cross_subject,42,0.49484929169682557,0.5,balanced_chance,Interaction & Control,交互与控制,运动想象（MI）控制,SHU-MI,/benchmark-eeg/5.0_version/result_5/linear_downsample/SHU_MI_cross_subject_linear_downsample/seed_42_downsample_t40/ratio_full/bendr/summary.json
SHU_MI_cross_subject_linear_downsample,bendr,seed_5_downsample_t40,SHU_MI,cross_subject,5,0.4890319840543421,0.5,balanced_chance,Interaction & Control,交互与控制,运动想象（MI）控制,SHU-MI,/benchmark-eeg/5.0_version/result_5/linear_downsample/SHU_MI_cross_subject_linear_downsample/seed_5_downsample_t40/ratio_full/bendr/summary.json
SHU_MI_cross_subject_linear_downsample,biot,seed_10_downsample_t40,SHU_MI,cross_subject,10,0.4690759626197216,0.5,balanced_chance,Interaction & Control,交互与控制,运动想象（MI）控制,SHU-MI,/benchmark-eeg/5.0_version/result_5/linear_downsample/SHU_MI_cross_subject_linear_downsample/seed_10_downsample_t40/ratio_full/biot/summary.json
SHU_MI_cross_subject_linear_downsample,biot,seed_42_downsample_t40,SHU_MI,cross_subject,42,0.4830598209137199,0.5,balanced_chance,Interaction & Control,交互与控制,运动想象（MI）控制,SHU-MI,/benchmark-eeg/5.0_version/result_5/linear_downsample/SHU_MI_cross_subject_linear_downsample/seed_42_downsample_t40/ratio_full/biot/summary.json
SHU_MI_cross_subject_linear_downsample,biot,seed_5_downsample_t40,SHU_MI,cross_subject,5,0.43482208728222005,0.5,balanced_chance,Interaction & Control,交互与控制,运动想象（MI）控制,SHU-MI,/benchmark-eeg/5.0_version/result_5/linear_downsample/SHU_MI_cross_subject_linear_downsample/seed_5_downsample_t40/ratio_full/biot/summary.json
SHU_MI_cross_subject_linear_downsample,brainomni,seed_10_downsample_t40,SHU_MI,cross_subject,10,0.5112896664736546,0.5,balanced_chance,Interaction & Control,交互与控制,运动想象（MI）控制,SHU-MI,/benchmark-eeg/5.0_version/result_5/linear_downsample/SHU_MI_cross_subject_linear_downsample/seed_10_downsample_t40/ratio_full/brainomni/summary.json
SHU_MI_cross_subject_linear_downsample,brainomni,seed_42_downsample_t40,SHU_MI,cross_subject,42,0.5018285877807984,0.5,balanced_chance,Interaction & Control,交互与控制,运动想象（MI）控制,SHU-MI,/benchmark-eeg/5.0_version/result_5/linear_downsample/SHU_MI_cross_subject_linear_downsample/seed_42_downsample_t40/ratio_full/brainomni/summary.json
SHU_MI_cross_subject_linear_downsample,brainomni,seed_5_downsample_t40,SHU_MI,cross_subject,5,0.5044785576845604,0.5,balanced_chance,Interaction & Control,交互与控制,运动想象（MI）控制,SHU-MI,/benchmark-eeg/5.0_version/result_5/linear_downsample/SHU_MI_cross_subject_linear_downsample/seed_5_downsample_t40/ratio_full/brainomni/summary.json
SHU_MI_cross_subject_linear_downsample,cbramod,seed_10_downsample_t40,SHU_MI,cross_subject,10,0.5048206611921882,0.5,balanced_chance,Interaction & Control,交互与控制,运动想象（MI）控制,SHU-MI,/benchmark-eeg/5.0_version/result_5/linear_downsample/SHU_MI_cross_subject_linear_downsample/seed_10_downsample_t40/ratio_full/cbramod/summary.json
SHU_MI_cross_subject_linear_downsample,cbramod,seed_42_downsample_t40,SHU_MI,cross_subject,42,0.5351397849462366,0.5,balanced_chance,Interaction & Control,交互与控制,运动想象（MI）控制,SHU-MI,/benchmark-eeg/5.0_version/result_5/linear_downsample/SHU_MI_cross_subject_linear_downsample/seed_42_downsample_t40/ratio_full/cbramod/summary.json
SHU_MI_cross_subject_linear_downsample,cbramod,seed_5_downsample_t40,SHU_MI,cross_subject,5,0.4868112786306882,0.5,balanced_chance,Interaction & Control,交互与控制,运动想象（MI）控制,SHU-MI,/benchmark-eeg/5.0_version/result_5/linear_downsample/SHU_MI_cross_subject_linear_downsample/seed_5_downsample_t40/ratio_full/cbramod/summary.json
SHU_MI_cross_subject_linear_downsample,eegmamba,seed_10_downsample_t40,SHU_MI,cross_subject,10,0.4923624499480943,0.5,balanced_chance,Interaction & Control,交互与控制,运动想象（MI）控制,SHU-MI,/benchmark-eeg/5.0_version/result_5/linear_downsample/SHU_MI_cross_subject_linear_downsample/seed_10_downsample_t40/ratio_full/eegmamba/summary.json
SHU_MI_cross_subject_linear_downsample,eegmamba,seed_42_downsample_t40,SHU_MI,cross_subject,42,0.47495698924731183,0.5,balanced_chance,Interaction & Control,交互与控制,运动想象（MI）控制,SHU-MI,/benchmark-eeg/5.0_version/result_5/linear_downsample/SHU_MI_cross_subject_linear_downsample/seed_42_downsample_t40/ratio_full/eegmamba/summary.json
SHU_MI_cross_subject_linear_downsample,eegmamba,seed_5_downsample_t40,SHU_MI,cross_subject,5,0.4665013201056084,0.5,balanced_chance,Interaction & Control,交互与控制,运动想象（MI）控制,SHU-MI,/benchmark-eeg/5.0_version/result_5/linear_downsample/SHU_MI_cross_subject_linear_downsample/seed_5_downsample_t40/ratio_full/eegmamba/summary.json
SHU_MI_cross_subject_linear_downsample,femba,seed_10_downsample_t40,SHU_MI,cross_subject,10,0.38974255193049917,0.5,balanced_chance,Interaction & Control,交互与控制,运动想象（MI）控制,SHU-MI,/benchmark-eeg/5.0_version/result_5/linear_downsample/SHU_MI_cross_subject_linear_downsample/seed_10_downsample_t40/ratio_full/femba/summary.json
SHU_MI_cross_subject_linear_downsample,femba,seed_42_downsample_t40,SHU_MI,cross_subject,42,0.5101517518144238,0.5,balanced_chance,Interaction & Control,交互与控制,运动想象（MI）控制,SHU-MI,/benchmark-eeg/5.0_version/result_5/linear_downsample/SHU_MI_cross_subject_linear_downsample/seed_42_downsample_t40/ratio_full/femba/summary.json
SHU_MI_cross_subject_linear_downsample,femba,seed_5_downsample_t40,SHU_MI,cross_subject,5,0.49333740332105647,0.5,balanced_chance,Interaction & Control,交互与控制,运动想象（MI）控制,SHU-MI,/benchmark-eeg/5.0_version/result_5/linear_downsample/SHU_MI_cross_subject_linear_downsample/seed_5_downsample_t40/ratio_full/femba/summary.json
SHU_MI_cross_subject_linear_downsample,labram,seed_10_downsample_t40,SHU_MI,cross_subject,10,0.5259265414658467,0.5,balanced_chance,Interaction & Control,交互与控制,运动想象（MI）控制,SHU-MI,/benchmark-eeg/5.0_version/result_5/linear_downsample/SHU_MI_cross_subject_linear_downsample/seed_10_downsample_t40/ratio_full/labram/summary.json
SHU_MI_cross_subject_linear_downsample,labram,seed_42_downsample_t40,SHU_MI,cross_subject,42,0.47174840761028025,0.5,balanced_chance,Interaction & Control,交互与控制,运动想象（MI）控制,SHU-MI,/benchmark-eeg/5.0_version/result_5/linear_downsample/SHU_MI_cross_subject_linear_downsample/seed_42_downsample_t40/ratio_full/labram/summary.json
SHU_MI_cross_subject_linear_downsample,labram,seed_5_downsample_t40,SHU_MI,cross_subject,5,0.48152458048739355,0.5,balanced_chance,Interaction & Control,交互与控制,运动想象（MI）控制,SHU-MI,/benchmark-eeg/5.0_version/result_5/linear_downsample/SHU_MI_cross_subject_linear_downsample/seed_5_downsample_t40/ratio_full/labram/summary.json
SHU_MI_cross_subject_linear_downsample,neurogpt,seed_10_downsample_t40,SHU_MI,cross_subject,10,0.5190828989393467,0.5,balanced_chance,Interaction & Control,交互与控制,运动想象（MI）控制,SHU-MI,/benchmark-eeg/5.0_version/result_5/linear_downsample/SHU_MI_cross_subject_linear_downsample/seed_10_downsample_t40/ratio_full/neurogpt/summary.json
SHU_MI_cross_subject_linear_downsample,neurogpt,seed_42_downsample_t40,SHU_MI,cross_subject,42,0.4075184191165041,0.5,balanced_chance,Interaction & Control,交互与控制,运动想象（MI）控制,SHU-MI,/benchmark-eeg/5.0_version/result_5/linear_downsample/SHU_MI_cross_subject_linear_downsample/seed_42_downsample_t40/ratio_full/neurogpt/summary.json
SHU_MI_cross_subject_linear_downsample,neurogpt,seed_5_downsample_t40,SHU_MI,cross_subject,5,0.4969712057090698,0.5,balanced_chance,Interaction & Control,交互与控制,运动想象（MI）控制,SHU-MI,/benchmark-eeg/5.0_version/result_5/linear_downsample/SHU_MI_cross_subject_linear_downsample/seed_5_downsample_t40/ratio_full/neurogpt/summary.json
SHU_MI_cross_subject_linear_downsample,neurolm,seed_10_downsample_t40,SHU_MI,cross_subject,10,0.3869061085972851,0.5,balanced_chance,Interaction & Control,交互与控制,运动想象（MI）控制,SHU-MI,/benchmark-eeg/5.0_version/result_5/linear_downsample/SHU_MI_cross_subject_linear_downsample/seed_10_downsample_t40/ratio_full/neurolm/summary.json
SHU_MI_cross_subject_linear_downsample,neurolm,seed_42_downsample_t40,SHU_MI,cross_subject,42,0.48653157077043274,0.5,balanced_chance,Interaction & Control,交互与控制,运动想象（MI）控制,SHU-MI,/benchmark-eeg/5.0_version/result_5/linear_downsample/SHU_MI_cross_subject_linear_downsample/seed_42_downsample_t40/ratio_full/neurolm/summary.json
SHU_MI_cross_subject_linear_downsample,neurolm,seed_5_downsample_t40,SHU_MI,cross_subject,5,0.4703184349887206,0.5,balanced_chance,Interaction & Control,交互与控制,运动想象（MI）控制,SHU-MI,/benchmark-eeg/5.0_version/result_5/linear_downsample/SHU_MI_cross_subject_linear_downsample/seed_5_downsample_t40/ratio_full/neurolm/summary.json
SHU_MI_cross_subject_linear_downsample,reve,seed_10_downsample_t40,SHU_MI,cross_subject,10,0.493076109605842,0.5,balanced_chance,Interaction & Control,交互与控制,运动想象（MI）控制,SHU-MI,/benchmark-eeg/5.0_version/result_5/linear_downsample/SHU_MI_cross_subject_linear_downsample/seed_10_downsample_t40/ratio_full/reve/summary.json
SHU_MI_cross_subject_linear_downsample,reve,seed_42_downsample_t40,SHU_MI,cross_subject,42,0.4682843340234645,0.5,balanced_chance,Interaction & Control,交互与控制,运动想象（MI）控制,SHU-MI,/benchmark-eeg/5.0_version/result_5/linear_downsample/SHU_MI_cross_subject_linear_downsample/seed_42_downsample_t40/ratio_full/reve/summary.json
SHU_MI_cross_subject_linear_downsample,reve,seed_5_downsample_t40,SHU_MI,cross_subject,5,0.5158247567808473,0.5,balanced_chance,Interaction & Control,交互与控制,运动想象（MI）控制,SHU-MI,/benchmark-eeg/5.0_version/result_5/linear_downsample/SHU_MI_cross_subject_linear_downsample/seed_5_downsample_t40/ratio_full/reve/summary.json
SSVEP_wsn_cross_subject_linear_downsample,bendr,seed_10_downsample_t40,SSVEP_wsn,cross_subject,10,0.00995272089022089,0.00625,balanced_chance,Unknown,Unknown,Unknown,,/benchmark-eeg/5.0_version/result_5/linear_downsample/SSVEP_wsn_cross_subject_linear_downsample/seed_10_downsample_t40/ratio_full/bendr/summary.json
SSVEP_wsn_cross_subject_linear_downsample,bendr,seed_42_downsample_t40,SSVEP_wsn,cross_subject,42,0.019029581529581528,0.00625,balanced_chance,Unknown,Unknown,Unknown,,/benchmark-eeg/5.0_version/result_5/linear_downsample/SSVEP_wsn_cross_subject_linear_downsample/seed_42_downsample_t40/ratio_full/bendr/summary.json
SSVEP_wsn_cross_subject_linear_downsample,bendr,seed_5_downsample_t40,SSVEP_wsn,cross_subject,5,0.0045032051282051285,0.00625,balanced_chance,Unknown,Unknown,Unknown,,/benchmark-eeg/5.0_version/result_5/linear_downsample/SSVEP_wsn_cross_subject_linear_downsample/seed_5_downsample_t40/ratio_full/bendr/summary.json
SSVEP_wsn_cross_subject_linear_downsample,biot,seed_10_downsample_t40,SSVEP_wsn,cross_subject,10,7.763975155279502e-05,0.00625,balanced_chance,Unknown,Unknown,Unknown,,/benchmark-eeg/5.0_version/result_5/linear_downsample/SSVEP_wsn_cross_subject_linear_downsample/seed_10_downsample_t40/ratio_full/biot/summary.json
SSVEP_wsn_cross_subject_linear_downsample,biot,seed_42_downsample_t40,SSVEP_wsn,cross_subject,42,7.763975155279502e-05,0.00625,balanced_chance,Unknown,Unknown,Unknown,,/benchmark-eeg/5.0_version/result_5/linear_downsample/SSVEP_wsn_cross_subject_linear_downsample/seed_42_downsample_t40/ratio_full/biot/summary.json
SSVEP_wsn_cross_subject_linear_downsample,biot,seed_5_downsample_t40,SSVEP_wsn,cross_subject,5,7.763975155279502e-05,0.00625,balanced_chance,Unknown,Unknown,Unknown,,/benchmark-eeg/5.0_version/result_5/linear_downsample/SSVEP_wsn_cross_subject_linear_downsample/seed_5_downsample_t40/ratio_full/biot/summary.json
SSVEP_wsn_cross_subject_linear_downsample,brainomni,seed_10_downsample_t40,SSVEP_wsn,cross_subject,10,0.009610652277181882,0.00625,balanced_chance,Unknown,Unknown,Unknown,,/benchmark-eeg/5.0_version/result_5/linear_downsample/SSVEP_wsn_cross_subject_linear_downsample/seed_10_downsample_t40/ratio_full/brainomni/summary.json
SSVEP_wsn_cross_subject_linear_downsample,brainomni,seed_42_downsample_t40,SSVEP_wsn,cross_subject,42,0.006972049689440993,0.00625,balanced_chance,Unknown,Unknown,Unknown,,/benchmark-eeg/5.0_version/result_5/linear_downsample/SSVEP_wsn_cross_subject_linear_downsample/seed_42_downsample_t40/ratio_full/brainomni/summary.json
SSVEP_wsn_cross_subject_linear_downsample,brainomni,seed_5_downsample_t40,SSVEP_wsn,cross_subject,5,0.017318227186381343,0.00625,balanced_chance,Unknown,Unknown,Unknown,,/benchmark-eeg/5.0_version/result_5/linear_downsample/SSVEP_wsn_cross_subject_linear_downsample/seed_5_downsample_t40/ratio_full/brainomni/summary.json
SSVEP_wsn_cross_subject_linear_downsample,cbramod,seed_10_downsample_t40,SSVEP_wsn,cross_subject,10,0.0026202489793571383,0.00625,balanced_chance,Unknown,Unknown,Unknown,,/benchmark-eeg/5.0_version/result_5/linear_downsample/SSVEP_wsn_cross_subject_linear_downsample/seed_10_downsample_t40/ratio_full/cbramod/summary.json
SSVEP_wsn_cross_subject_linear_downsample,cbramod,seed_42_downsample_t40,SSVEP_wsn,cross_subject,42,0.0014344183359013868,0.00625,balanced_chance,Unknown,Unknown,Unknown,,/benchmark-eeg/5.0_version/result_5/linear_downsample/SSVEP_wsn_cross_subject_linear_downsample/seed_42_downsample_t40/ratio_full/cbramod/summary.json
SSVEP_wsn_cross_subject_linear_downsample,cbramod,seed_5_downsample_t40,SSVEP_wsn,cross_subject,5,0.0037629236419726452,0.00625,balanced_chance,Unknown,Unknown,Unknown,,/benchmark-eeg/5.0_version/result_5/linear_downsample/SSVEP_wsn_cross_subject_linear_downsample/seed_5_downsample_t40/ratio_full/cbramod/summary.json
SSVEP_wsn_cross_subject_linear_downsample,eegmamba,seed_10_downsample_t40,SSVEP_wsn,cross_subject,10,0.0033623664101192193,0.00625,balanced_chance,Unknown,Unknown,Unknown,,/benchmark-eeg/5.0_version/result_5/linear_downsample/SSVEP_wsn_cross_subject_linear_downsample/seed_10_downsample_t40/ratio_full/eegmamba/summary.json
SSVEP_wsn_cross_subject_linear_downsample,eegmamba,seed_42_downsample_t40,SSVEP_wsn,cross_subject,42,0.0041026334776334775,0.00625,balanced_chance,Unknown,Unknown,Unknown,,/benchmark-eeg/5.0_version/result_5/linear_downsample/SSVEP_wsn_cross_subject_linear_downsample/seed_42_downsample_t40/ratio_full/eegmamba/summary.json
SSVEP_wsn_cross_subject_linear_downsample,eegmamba,seed_5_downsample_t40,SSVEP_wsn,cross_subject,5,0.0010407096171802053,0.00625,balanced_chance,Unknown,Unknown,Unknown,,/benchmark-eeg/5.0_version/result_5/linear_downsample/SSVEP_wsn_cross_subject_linear_downsample/seed_5_downsample_t40/ratio_full/eegmamba/summary.json
SSVEP_wsn_cross_subject_linear_downsample,femba,seed_10_downsample_t40,SSVEP_wsn,cross_subject,10,0.0011369766577419816,0.00625,balanced_chance,Unknown,Unknown,Unknown,,/benchmark-eeg/5.0_version/result_5/linear_downsample/SSVEP_wsn_cross_subject_linear_downsample/seed_10_downsample_t40/ratio_full/femba/summary.json
SSVEP_wsn_cross_subject_linear_downsample,femba,seed_42_downsample_t40,SSVEP_wsn,cross_subject,42,0.0003952752976190476,0.00625,balanced_chance,Unknown,Unknown,Unknown,,/benchmark-eeg/5.0_version/result_5/linear_downsample/SSVEP_wsn_cross_subject_linear_downsample/seed_42_downsample_t40/ratio_full/femba/summary.json
SSVEP_wsn_cross_subject_linear_downsample,femba,seed_5_downsample_t40,SSVEP_wsn,cross_subject,5,0.0005635764944275582,0.00625,balanced_chance,Unknown,Unknown,Unknown,,/benchmark-eeg/5.0_version/result_5/linear_downsample/SSVEP_wsn_cross_subject_linear_downsample/seed_5_downsample_t40/ratio_full/femba/summary.json
SSVEP_wsn_cross_subject_linear_downsample,labram,seed_10_downsample_t40,SSVEP_wsn,cross_subject,10,0.0028842871424064015,0.00625,balanced_chance,Unknown,Unknown,Unknown,,/benchmark-eeg/5.0_version/result_5/linear_downsample/SSVEP_wsn_cross_subject_linear_downsample/seed_10_downsample_t40/ratio_full/labram/summary.json
SSVEP_wsn_cross_subject_linear_downsample,labram,seed_42_downsample_t40,SSVEP_wsn,cross_subject,42,0.010690213585434174,0.00625,balanced_chance,Unknown,Unknown,Unknown,,/benchmark-eeg/5.0_version/result_5/linear_downsample/SSVEP_wsn_cross_subject_linear_downsample/seed_42_downsample_t40/ratio_full/labram/summary.json
SSVEP_wsn_cross_subject_linear_downsample,labram,seed_5_downsample_t40,SSVEP_wsn,cross_subject,5,0.0026573536113009798,0.00625,balanced_chance,Unknown,Unknown,Unknown,,/benchmark-eeg/5.0_version/result_5/linear_downsample/SSVEP_wsn_cross_subject_linear_downsample/seed_5_downsample_t40/ratio_full/labram/summary.json
SSVEP_wsn_cross_subject_linear_downsample,neurogpt,seed_10_downsample_t40,SSVEP_wsn,cross_subject,10,0.0004273816481589714,0.00625,balanced_chance,Unknown,Unknown,Unknown,,/benchmark-eeg/5.0_version/result_5/linear_downsample/SSVEP_wsn_cross_subject_linear_downsample/seed_10_downsample_t40/ratio_full/neurogpt/summary.json
SSVEP_wsn_cross_subject_linear_downsample,neurogpt,seed_42_downsample_t40,SSVEP_wsn,cross_subject,42,0.003077770726633349,0.00625,balanced_chance,Unknown,Unknown,Unknown,,/benchmark-eeg/5.0_version/result_5/linear_downsample/SSVEP_wsn_cross_subject_linear_downsample/seed_42_downsample_t40/ratio_full/neurogpt/summary.json
SSVEP_wsn_cross_subject_linear_downsample,neurogpt,seed_5_downsample_t40,SSVEP_wsn,cross_subject,5,0.001239527183154634,0.00625,balanced_chance,Unknown,Unknown,Unknown,,/benchmark-eeg/5.0_version/result_5/linear_downsample/SSVEP_wsn_cross_subject_linear_downsample/seed_5_downsample_t40/ratio_full/neurogpt/summary.json
SSVEP_wsn_cross_subject_linear_downsample,neurolm,seed_10_downsample_t40,SSVEP_wsn,cross_subject,10,0.025245171719915964,0.00625,balanced_chance,Unknown,Unknown,Unknown,,/benchmark-eeg/5.0_version/result_5/linear_downsample/SSVEP_wsn_cross_subject_linear_downsample/seed_10_downsample_t40/ratio_full/neurolm/summary.json
SSVEP_wsn_cross_subject_linear_downsample,neurolm,seed_42_downsample_t40,SSVEP_wsn,cross_subject,42,0.01859438882876383,0.00625,balanced_chance,Unknown,Unknown,Unknown,,/benchmark-eeg/5.0_version/result_5/linear_downsample/SSVEP_wsn_cross_subject_linear_downsample/seed_42_downsample_t40/ratio_full/neurolm/summary.json
SSVEP_wsn_cross_subject_linear_downsample,neurolm,seed_5_downsample_t40,SSVEP_wsn,cross_subject,5,0.019933914416087592,0.00625,balanced_chance,Unknown,Unknown,Unknown,,/benchmark-eeg/5.0_version/result_5/linear_downsample/SSVEP_wsn_cross_subject_linear_downsample/seed_5_downsample_t40/ratio_full/neurolm/summary.json
SSVEP_wsn_cross_subject_linear_downsample,reve,seed_10_downsample_t40,SSVEP_wsn,cross_subject,10,0.0084775504101162,0.00625,balanced_chance,Unknown,Unknown,Unknown,,/benchmark-eeg/5.0_version/result_5/linear_downsample/SSVEP_wsn_cross_subject_linear_downsample/seed_10_downsample_t40/ratio_full/reve/summary.json
SSVEP_wsn_cross_subject_linear_downsample,reve,seed_42_downsample_t40,SSVEP_wsn,cross_subject,42,0.005269607843137254,0.00625,balanced_chance,Unknown,Unknown,Unknown,,/benchmark-eeg/5.0_version/result_5/linear_downsample/SSVEP_wsn_cross_subject_linear_downsample/seed_42_downsample_t40/ratio_full/reve/summary.json
SSVEP_wsn_cross_subject_linear_downsample,reve,seed_5_downsample_t40,SSVEP_wsn,cross_subject,5,0.0007352941176470588,0.00625,balanced_chance,Unknown,Unknown,Unknown,,/benchmark-eeg/5.0_version/result_5/linear_downsample/SSVEP_wsn_cross_subject_linear_downsample/seed_5_downsample_t40/ratio_full/reve/summary.json
Siena_EEG_cross_subject_linear_downsample,bendr,seed_10_downsample_t40,Siena_EEG,cross_subject,10,0.46579483287723034,0.5,balanced_chance,Unknown,Unknown,Unknown,,/benchmark-eeg/5.0_version/result_5/linear_downsample/Siena_EEG_cross_subject_linear_downsample/seed_10_downsample_t40/ratio_full/bendr/summary.json
Siena_EEG_cross_subject_linear_downsample,bendr,seed_42_downsample_t40,Siena_EEG,cross_subject,42,0.4498076923076923,0.5,balanced_chance,Unknown,Unknown,Unknown,,/benchmark-eeg/5.0_version/result_5/linear_downsample/Siena_EEG_cross_subject_linear_downsample/seed_42_downsample_t40/ratio_full/bendr/summary.json
Siena_EEG_cross_subject_linear_downsample,bendr,seed_5_downsample_t40,Siena_EEG,cross_subject,5,0.4583815850957924,0.5,balanced_chance,Unknown,Unknown,Unknown,,/benchmark-eeg/5.0_version/result_5/linear_downsample/Siena_EEG_cross_subject_linear_downsample/seed_5_downsample_t40/ratio_full/bendr/summary.json
Siena_EEG_cross_subject_linear_downsample,biot,seed_10_downsample_t40,Siena_EEG,cross_subject,10,0.6293034789117372,0.5,balanced_chance,Unknown,Unknown,Unknown,,/benchmark-eeg/5.0_version/result_5/linear_downsample/Siena_EEG_cross_subject_linear_downsample/seed_10_downsample_t40/ratio_full/biot/summary.json
Siena_EEG_cross_subject_linear_downsample,biot,seed_42_downsample_t40,Siena_EEG,cross_subject,42,0.4292269326683292,0.5,balanced_chance,Unknown,Unknown,Unknown,,/benchmark-eeg/5.0_version/result_5/linear_downsample/Siena_EEG_cross_subject_linear_downsample/seed_42_downsample_t40/ratio_full/biot/summary.json
Siena_EEG_cross_subject_linear_downsample,biot,seed_5_downsample_t40,Siena_EEG,cross_subject,5,0.46814474876257195,0.5,balanced_chance,Unknown,Unknown,Unknown,,/benchmark-eeg/5.0_version/result_5/linear_downsample/Siena_EEG_cross_subject_linear_downsample/seed_5_downsample_t40/ratio_full/biot/summary.json
Siena_EEG_cross_subject_linear_downsample,brainomni,seed_10_downsample_t40,Siena_EEG,cross_subject,10,0.5308452281292939,0.5,balanced_chance,Unknown,Unknown,Unknown,,/benchmark-eeg/5.0_version/result_5/linear_downsample/Siena_EEG_cross_subject_linear_downsample/seed_10_downsample_t40/ratio_full/brainomni/summary.json
Siena_EEG_cross_subject_linear_downsample,brainomni,seed_42_downsample_t40,Siena_EEG,cross_subject,42,0.3802664356113939,0.5,balanced_chance,Unknown,Unknown,Unknown,,/benchmark-eeg/5.0_version/result_5/linear_downsample/Siena_EEG_cross_subject_linear_downsample/seed_42_downsample_t40/ratio_full/brainomni/summary.json
Siena_EEG_cross_subject_linear_downsample,brainomni,seed_5_downsample_t40,Siena_EEG,cross_subject,5,0.4497483025010241,0.5,balanced_chance,Unknown,Unknown,Unknown,,/benchmark-eeg/5.0_version/result_5/linear_downsample/Siena_EEG_cross_subject_linear_downsample/seed_5_downsample_t40/ratio_full/brainomni/summary.json
Siena_EEG_cross_subject_linear_downsample,cbramod,seed_10_downsample_t40,Siena_EEG,cross_subject,10,0.5123665030812969,0.5,balanced_chance,Unknown,Unknown,Unknown,,/benchmark-eeg/5.0_version/result_5/linear_downsample/Siena_EEG_cross_subject_linear_downsample/seed_10_downsample_t40/ratio_full/cbramod/summary.json
Siena_EEG_cross_subject_linear_downsample,cbramod,seed_42_downsample_t40,Siena_EEG,cross_subject,42,0.4906080299118668,0.5,balanced_chance,Unknown,Unknown,Unknown,,/benchmark-eeg/5.0_version/result_5/linear_downsample/Siena_EEG_cross_subject_linear_downsample/seed_42_downsample_t40/ratio_full/cbramod/summary.json
Siena_EEG_cross_subject_linear_downsample,cbramod,seed_5_downsample_t40,Siena_EEG,cross_subject,5,0.49898707811890924,0.5,balanced_chance,Unknown,Unknown,Unknown,,/benchmark-eeg/5.0_version/result_5/linear_downsample/Siena_EEG_cross_subject_linear_downsample/seed_5_downsample_t40/ratio_full/cbramod/summary.json
Siena_EEG_cross_subject_linear_downsample,eegmamba,seed_10_downsample_t40,Siena_EEG,cross_subject,10,0.6090725688556224,0.5,balanced_chance,Unknown,Unknown,Unknown,,/benchmark-eeg/5.0_version/result_5/linear_downsample/Siena_EEG_cross_subject_linear_downsample/seed_10_downsample_t40/ratio_full/eegmamba/summary.json
Siena_EEG_cross_subject_linear_downsample,eegmamba,seed_42_downsample_t40,Siena_EEG,cross_subject,42,0.451547972778683,0.5,balanced_chance,Unknown,Unknown,Unknown,,/benchmark-eeg/5.0_version/result_5/linear_downsample/Siena_EEG_cross_subject_linear_downsample/seed_42_downsample_t40/ratio_full/eegmamba/summary.json
Siena_EEG_cross_subject_linear_downsample,eegmamba,seed_5_downsample_t40,Siena_EEG,cross_subject,5,0.34505803227634946,0.5,balanced_chance,Unknown,Unknown,Unknown,,/benchmark-eeg/5.0_version/result_5/linear_downsample/Siena_EEG_cross_subject_linear_downsample/seed_5_downsample_t40/ratio_full/eegmamba/summary.json
Siena_EEG_cross_subject_linear_downsample,femba,seed_10_downsample_t40,Siena_EEG,cross_subject,10,0.6144911321470614,0.5,balanced_chance,Unknown,Unknown,Unknown,,/benchmark-eeg/5.0_version/result_5/linear_downsample/Siena_EEG_cross_subject_linear_downsample/seed_10_downsample_t40/ratio_full/femba/summary.json
Siena_EEG_cross_subject_linear_downsample,femba,seed_42_downsample_t40,Siena_EEG,cross_subject,42,0.2807039597737272,0.5,balanced_chance,Unknown,Unknown,Unknown,,/benchmark-eeg/5.0_version/result_5/linear_downsample/Siena_EEG_cross_subject_linear_downsample/seed_42_downsample_t40/ratio_full/femba/summary.json
Siena_EEG_cross_subject_linear_downsample,femba,seed_5_downsample_t40,Siena_EEG,cross_subject,5,0.4895445000708159,0.5,balanced_chance,Unknown,Unknown,Unknown,,/benchmark-eeg/5.0_version/result_5/linear_downsample/Siena_EEG_cross_subject_linear_downsample/seed_5_downsample_t40/ratio_full/femba/summary.json
Siena_EEG_cross_subject_linear_downsample,labram,seed_10_downsample_t40,Siena_EEG,cross_subject,10,0.6153481012658228,0.5,balanced_chance,Unknown,Unknown,Unknown,,/benchmark-eeg/5.0_version/result_5/linear_downsample/Siena_EEG_cross_subject_linear_downsample/seed_10_downsample_t40/ratio_full/labram/summary.json
Siena_EEG_cross_subject_linear_downsample,labram,seed_42_downsample_t40,Siena_EEG,cross_subject,42,0.44088333007621655,0.5,balanced_chance,Unknown,Unknown,Unknown,,/benchmark-eeg/5.0_version/result_5/linear_downsample/Siena_EEG_cross_subject_linear_downsample/seed_42_downsample_t40/ratio_full/labram/summary.json
Siena_EEG_cross_subject_linear_downsample,labram,seed_5_downsample_t40,Siena_EEG,cross_subject,5,0.39049008314375633,0.5,balanced_chance,Unknown,Unknown,Unknown,,/benchmark-eeg/5.0_version/result_5/linear_downsample/Siena_EEG_cross_subject_linear_downsample/seed_5_downsample_t40/ratio_full/labram/summary.json
Siena_EEG_cross_subject_linear_downsample,neurogpt,seed_10_downsample_t40,Siena_EEG,cross_subject,10,0.5312081475579364,0.5,balanced_chance,Unknown,Unknown,Unknown,,/benchmark-eeg/5.0_version/result_5/linear_downsample/Siena_EEG_cross_subject_linear_downsample/seed_10_downsample_t40/ratio_full/neurogpt/summary.json
Siena_EEG_cross_subject_linear_downsample,neurogpt,seed_42_downsample_t40,Siena_EEG,cross_subject,42,0.14006612563871357,0.5,balanced_chance,Unknown,Unknown,Unknown,,/benchmark-eeg/5.0_version/result_5/linear_downsample/Siena_EEG_cross_subject_linear_downsample/seed_42_downsample_t40/ratio_full/neurogpt/summary.json
Siena_EEG_cross_subject_linear_downsample,neurogpt,seed_5_downsample_t40,Siena_EEG,cross_subject,5,0.4486764947662629,0.5,balanced_chance,Unknown,Unknown,Unknown,,/benchmark-eeg/5.0_version/result_5/linear_downsample/Siena_EEG_cross_subject_linear_downsample/seed_5_downsample_t40/ratio_full/neurogpt/summary.json
Siena_EEG_cross_subject_linear_downsample,neurolm,seed_10_downsample_t40,Siena_EEG,cross_subject,10,0.5443701193956938,0.5,balanced_chance,Unknown,Unknown,Unknown,,/benchmark-eeg/5.0_version/result_5/linear_downsample/Siena_EEG_cross_subject_linear_downsample/seed_10_downsample_t40/ratio_full/neurolm/summary.json
Siena_EEG_cross_subject_linear_downsample,neurolm,seed_42_downsample_t40,Siena_EEG,cross_subject,42,0.48635547576301613,0.5,balanced_chance,Unknown,Unknown,Unknown,,/benchmark-eeg/5.0_version/result_5/linear_downsample/Siena_EEG_cross_subject_linear_downsample/seed_42_downsample_t40/ratio_full/neurolm/summary.json
Siena_EEG_cross_subject_linear_downsample,neurolm,seed_5_downsample_t40,Siena_EEG,cross_subject,5,0.4260085491670642,0.5,balanced_chance,Unknown,Unknown,Unknown,,/benchmark-eeg/5.0_version/result_5/linear_downsample/Siena_EEG_cross_subject_linear_downsample/seed_5_downsample_t40/ratio_full/neurolm/summary.json
Siena_EEG_cross_subject_linear_downsample,reve,seed_10_downsample_t40,Siena_EEG,cross_subject,10,0.4804502337204013,0.5,balanced_chance,Unknown,Unknown,Unknown,,/benchmark-eeg/5.0_version/result_5/linear_downsample/Siena_EEG_cross_subject_linear_downsample/seed_10_downsample_t40/ratio_full/reve/summary.json
Siena_EEG_cross_subject_linear_downsample,reve,seed_42_downsample_t40,Siena_EEG,cross_subject,42,0.3733435549227905,0.5,balanced_chance,Unknown,Unknown,Unknown,,/benchmark-eeg/5.0_version/result_5/linear_downsample/Siena_EEG_cross_subject_linear_downsample/seed_42_downsample_t40/ratio_full/reve/summary.json
Siena_EEG_cross_subject_linear_downsample,reve,seed_5_downsample_t40,Siena_EEG,cross_subject,5,0.3947323826473163,0.5,balanced_chance,Unknown,Unknown,Unknown,,/benchmark-eeg/5.0_version/result_5/linear_downsample/Siena_EEG_cross_subject_linear_downsample/seed_5_downsample_t40/ratio_full/reve/summary.json
SleepEDF_full_cross_subject_linear_downsample,bendr,seed_10_downsample_t40,SleepEDF_full,cross_subject,10,0.18054938405614085,0.2,balanced_chance,Unknown,Unknown,Unknown,,/benchmark-eeg/5.0_version/result_5/linear_downsample/SleepEDF_full_cross_subject_linear_downsample/seed_10_downsample_t40/ratio_full/bendr/summary.json
SleepEDF_full_cross_subject_linear_downsample,bendr,seed_42_downsample_t40,SleepEDF_full,cross_subject,42,0.17810699728538898,0.2,balanced_chance,Unknown,Unknown,Unknown,,/benchmark-eeg/5.0_version/result_5/linear_downsample/SleepEDF_full_cross_subject_linear_downsample/seed_42_downsample_t40/ratio_full/bendr/summary.json
SleepEDF_full_cross_subject_linear_downsample,bendr,seed_5_downsample_t40,SleepEDF_full,cross_subject,5,0.18471285408436877,0.2,balanced_chance,Unknown,Unknown,Unknown,,/benchmark-eeg/5.0_version/result_5/linear_downsample/SleepEDF_full_cross_subject_linear_downsample/seed_5_downsample_t40/ratio_full/bendr/summary.json
SleepEDF_full_cross_subject_linear_downsample,biot,seed_10_downsample_t40,SleepEDF_full,cross_subject,10,0.0555312825962882,0.2,balanced_chance,Unknown,Unknown,Unknown,,/benchmark-eeg/5.0_version/result_5/linear_downsample/SleepEDF_full_cross_subject_linear_downsample/seed_10_downsample_t40/ratio_full/biot/summary.json
SleepEDF_full_cross_subject_linear_downsample,biot,seed_42_downsample_t40,SleepEDF_full,cross_subject,42,0.05916312726128677,0.2,balanced_chance,Unknown,Unknown,Unknown,,/benchmark-eeg/5.0_version/result_5/linear_downsample/SleepEDF_full_cross_subject_linear_downsample/seed_42_downsample_t40/ratio_full/biot/summary.json
SleepEDF_full_cross_subject_linear_downsample,biot,seed_5_downsample_t40,SleepEDF_full,cross_subject,5,0.1610101649220781,0.2,balanced_chance,Unknown,Unknown,Unknown,,/benchmark-eeg/5.0_version/result_5/linear_downsample/SleepEDF_full_cross_subject_linear_downsample/seed_5_downsample_t40/ratio_full/biot/summary.json
SleepEDF_full_cross_subject_linear_downsample,brainomni,seed_10_downsample_t40,SleepEDF_full,cross_subject,10,0.6101651383441642,0.2,balanced_chance,Unknown,Unknown,Unknown,,/benchmark-eeg/5.0_version/result_5/linear_downsample/SleepEDF_full_cross_subject_linear_downsample/seed_10_downsample_t40/ratio_full/brainomni/summary.json
SleepEDF_full_cross_subject_linear_downsample,brainomni,seed_42_downsample_t40,SleepEDF_full,cross_subject,42,0.6266815408784909,0.2,balanced_chance,Unknown,Unknown,Unknown,,/benchmark-eeg/5.0_version/result_5/linear_downsample/SleepEDF_full_cross_subject_linear_downsample/seed_42_downsample_t40/ratio_full/brainomni/summary.json
SleepEDF_full_cross_subject_linear_downsample,brainomni,seed_5_downsample_t40,SleepEDF_full,cross_subject,5,0.5855887136548423,0.2,balanced_chance,Unknown,Unknown,Unknown,,/benchmark-eeg/5.0_version/result_5/linear_downsample/SleepEDF_full_cross_subject_linear_downsample/seed_5_downsample_t40/ratio_full/brainomni/summary.json
SleepEDF_full_cross_subject_linear_downsample,cbramod,seed_10_downsample_t40,SleepEDF_full,cross_subject,10,0.46357732426186393,0.2,balanced_chance,Unknown,Unknown,Unknown,,/benchmark-eeg/5.0_version/result_5/linear_downsample/SleepEDF_full_cross_subject_linear_downsample/seed_10_downsample_t40/ratio_full/cbramod/summary.json
SleepEDF_full_cross_subject_linear_downsample,cbramod,seed_42_downsample_t40,SleepEDF_full,cross_subject,42,0.40118729741870496,0.2,balanced_chance,Unknown,Unknown,Unknown,,/benchmark-eeg/5.0_version/result_5/linear_downsample/SleepEDF_full_cross_subject_linear_downsample/seed_42_downsample_t40/ratio_full/cbramod/summary.json
SleepEDF_full_cross_subject_linear_downsample,cbramod,seed_5_downsample_t40,SleepEDF_full,cross_subject,5,0.5058002183046268,0.2,balanced_chance,Unknown,Unknown,Unknown,,/benchmark-eeg/5.0_version/result_5/linear_downsample/SleepEDF_full_cross_subject_linear_downsample/seed_5_downsample_t40/ratio_full/cbramod/summary.json
SleepEDF_full_cross_subject_linear_downsample,eegmamba,seed_10_downsample_t40,SleepEDF_full,cross_subject,10,0.40273259431563135,0.2,balanced_chance,Unknown,Unknown,Unknown,,/benchmark-eeg/5.0_version/result_5/linear_downsample/SleepEDF_full_cross_subject_linear_downsample/seed_10_downsample_t40/ratio_full/eegmamba/summary.json
SleepEDF_full_cross_subject_linear_downsample,eegmamba,seed_42_downsample_t40,SleepEDF_full,cross_subject,42,0.40945401001096754,0.2,balanced_chance,Unknown,Unknown,Unknown,,/benchmark-eeg/5.0_version/result_5/linear_downsample/SleepEDF_full_cross_subject_linear_downsample/seed_42_downsample_t40/ratio_full/eegmamba/summary.json
SleepEDF_full_cross_subject_linear_downsample,eegmamba,seed_5_downsample_t40,SleepEDF_full,cross_subject,5,0.42842705083021243,0.2,balanced_chance,Unknown,Unknown,Unknown,,/benchmark-eeg/5.0_version/result_5/linear_downsample/SleepEDF_full_cross_subject_linear_downsample/seed_5_downsample_t40/ratio_full/eegmamba/summary.json
SleepEDF_full_cross_subject_linear_downsample,femba,seed_10_downsample_t40,SleepEDF_full,cross_subject,10,0.5675354432405173,0.2,balanced_chance,Unknown,Unknown,Unknown,,/benchmark-eeg/5.0_version/result_5/linear_downsample/SleepEDF_full_cross_subject_linear_downsample/seed_10_downsample_t40/ratio_full/femba/summary.json
SleepEDF_full_cross_subject_linear_downsample,femba,seed_42_downsample_t40,SleepEDF_full,cross_subject,42,0.565155341220416,0.2,balanced_chance,Unknown,Unknown,Unknown,,/benchmark-eeg/5.0_version/result_5/linear_downsample/SleepEDF_full_cross_subject_linear_downsample/seed_42_downsample_t40/ratio_full/femba/summary.json
SleepEDF_full_cross_subject_linear_downsample,femba,seed_5_downsample_t40,SleepEDF_full,cross_subject,5,0.5274995117662354,0.2,balanced_chance,Unknown,Unknown,Unknown,,/benchmark-eeg/5.0_version/result_5/linear_downsample/SleepEDF_full_cross_subject_linear_downsample/seed_5_downsample_t40/ratio_full/femba/summary.json
SleepEDF_full_cross_subject_linear_downsample,labram,seed_10_downsample_t40,SleepEDF_full,cross_subject,10,0.6129392986693731,0.2,balanced_chance,Unknown,Unknown,Unknown,,/benchmark-eeg/5.0_version/result_5/linear_downsample/SleepEDF_full_cross_subject_linear_downsample/seed_10_downsample_t40/ratio_full/labram/summary.json
SleepEDF_full_cross_subject_linear_downsample,labram,seed_42_downsample_t40,SleepEDF_full,cross_subject,42,0.6270498732660968,0.2,balanced_chance,Unknown,Unknown,Unknown,,/benchmark-eeg/5.0_version/result_5/linear_downsample/SleepEDF_full_cross_subject_linear_downsample/seed_42_downsample_t40/ratio_full/labram/summary.json
SleepEDF_full_cross_subject_linear_downsample,labram,seed_5_downsample_t40,SleepEDF_full,cross_subject,5,0.5974068592185173,0.2,balanced_chance,Unknown,Unknown,Unknown,,/benchmark-eeg/5.0_version/result_5/linear_downsample/SleepEDF_full_cross_subject_linear_downsample/seed_5_downsample_t40/ratio_full/labram/summary.json
SleepEDF_full_cross_subject_linear_downsample,neurogpt,seed_10_downsample_t40,SleepEDF_full,cross_subject,10,0.5490753731123711,0.2,balanced_chance,Unknown,Unknown,Unknown,,/benchmark-eeg/5.0_version/result_5/linear_downsample/SleepEDF_full_cross_subject_linear_downsample/seed_10_downsample_t40/ratio_full/neurogpt/summary.json
SleepEDF_full_cross_subject_linear_downsample,neurogpt,seed_42_downsample_t40,SleepEDF_full,cross_subject,42,0.5969159293551389,0.2,balanced_chance,Unknown,Unknown,Unknown,,/benchmark-eeg/5.0_version/result_5/linear_downsample/SleepEDF_full_cross_subject_linear_downsample/seed_42_downsample_t40/ratio_full/neurogpt/summary.json
SleepEDF_full_cross_subject_linear_downsample,neurogpt,seed_5_downsample_t40,SleepEDF_full,cross_subject,5,0.4983844626703099,0.2,balanced_chance,Unknown,Unknown,Unknown,,/benchmark-eeg/5.0_version/result_5/linear_downsample/SleepEDF_full_cross_subject_linear_downsample/seed_5_downsample_t40/ratio_full/neurogpt/summary.json
SleepEDF_full_cross_subject_linear_downsample,neurolm,seed_10_downsample_t40,SleepEDF_full,cross_subject,10,0.6060849434633689,0.2,balanced_chance,Unknown,Unknown,Unknown,,/benchmark-eeg/5.0_version/result_5/linear_downsample/SleepEDF_full_cross_subject_linear_downsample/seed_10_downsample_t40/ratio_full/neurolm/summary.json
SleepEDF_full_cross_subject_linear_downsample,neurolm,seed_42_downsample_t40,SleepEDF_full,cross_subject,42,0.6138141019790614,0.2,balanced_chance,Unknown,Unknown,Unknown,,/benchmark-eeg/5.0_version/result_5/linear_downsample/SleepEDF_full_cross_subject_linear_downsample/seed_42_downsample_t40/ratio_full/neurolm/summary.json
SleepEDF_full_cross_subject_linear_downsample,neurolm,seed_5_downsample_t40,SleepEDF_full,cross_subject,5,0.6220600702636202,0.2,balanced_chance,Unknown,Unknown,Unknown,,/benchmark-eeg/5.0_version/result_5/linear_downsample/SleepEDF_full_cross_subject_linear_downsample/seed_5_downsample_t40/ratio_full/neurolm/summary.json
SleepEDF_full_cross_subject_linear_downsample,reve,seed_10_downsample_t40,SleepEDF_full,cross_subject,10,0.34543272949725534,0.2,balanced_chance,Unknown,Unknown,Unknown,,/benchmark-eeg/5.0_version/result_5/linear_downsample/SleepEDF_full_cross_subject_linear_downsample/seed_10_downsample_t40/ratio_full/reve/summary.json
SleepEDF_full_cross_subject_linear_downsample,reve,seed_42_downsample_t40,SleepEDF_full,cross_subject,42,0.3710933872427365,0.2,balanced_chance,Unknown,Unknown,Unknown,,/benchmark-eeg/5.0_version/result_5/linear_downsample/SleepEDF_full_cross_subject_linear_downsample/seed_42_downsample_t40/ratio_full/reve/summary.json
SleepEDF_full_cross_subject_linear_downsample,reve,seed_5_downsample_t40,SleepEDF_full,cross_subject,5,0.31997426165857074,0.2,balanced_chance,Unknown,Unknown,Unknown,,/benchmark-eeg/5.0_version/result_5/linear_downsample/SleepEDF_full_cross_subject_linear_downsample/seed_5_downsample_t40/ratio_full/reve/summary.json
TDBRAIN_cross_subject_linear_downsample,bendr,seed_10_downsample_t40,TDBRAIN,cross_subject,10,0.23618855218855217,0.25,balanced_chance,Biometrics & Disease,个体与疾病,精神心理（抑郁/焦虑/精神分裂等）,TDBRAIN,/benchmark-eeg/5.0_version/result_5/linear_downsample/TDBRAIN_cross_subject_linear_downsample/seed_10_downsample_t40/ratio_full/bendr/summary.json
TDBRAIN_cross_subject_linear_downsample,bendr,seed_42_downsample_t40,TDBRAIN,cross_subject,42,0.13729593972373377,0.25,balanced_chance,Biometrics & Disease,个体与疾病,精神心理（抑郁/焦虑/精神分裂等）,TDBRAIN,/benchmark-eeg/5.0_version/result_5/linear_downsample/TDBRAIN_cross_subject_linear_downsample/seed_42_downsample_t40/ratio_full/bendr/summary.json
TDBRAIN_cross_subject_linear_downsample,bendr,seed_5_downsample_t40,TDBRAIN,cross_subject,5,0.17040998217468806,0.25,balanced_chance,Biometrics & Disease,个体与疾病,精神心理（抑郁/焦虑/精神分裂等）,TDBRAIN,/benchmark-eeg/5.0_version/result_5/linear_downsample/TDBRAIN_cross_subject_linear_downsample/seed_5_downsample_t40/ratio_full/bendr/summary.json
TDBRAIN_cross_subject_linear_downsample,biot,seed_10_downsample_t40,TDBRAIN,cross_subject,10,0.3017650636809361,0.25,balanced_chance,Biometrics & Disease,个体与疾病,精神心理（抑郁/焦虑/精神分裂等）,TDBRAIN,/benchmark-eeg/5.0_version/result_5/linear_downsample/TDBRAIN_cross_subject_linear_downsample/seed_10_downsample_t40/ratio_full/biot/summary.json
TDBRAIN_cross_subject_linear_downsample,biot,seed_42_downsample_t40,TDBRAIN,cross_subject,42,0.3670390366745297,0.25,balanced_chance,Biometrics & Disease,个体与疾病,精神心理（抑郁/焦虑/精神分裂等）,TDBRAIN,/benchmark-eeg/5.0_version/result_5/linear_downsample/TDBRAIN_cross_subject_linear_downsample/seed_42_downsample_t40/ratio_full/biot/summary.json
TDBRAIN_cross_subject_linear_downsample,biot,seed_5_downsample_t40,TDBRAIN,cross_subject,5,0.3287419968315381,0.25,balanced_chance,Biometrics & Disease,个体与疾病,精神心理（抑郁/焦虑/精神分裂等）,TDBRAIN,/benchmark-eeg/5.0_version/result_5/linear_downsample/TDBRAIN_cross_subject_linear_downsample/seed_5_downsample_t40/ratio_full/biot/summary.json
TDBRAIN_cross_subject_linear_downsample,brainomni,seed_10_downsample_t40,TDBRAIN,cross_subject,10,0.3257675200313961,0.25,balanced_chance,Biometrics & Disease,个体与疾病,精神心理（抑郁/焦虑/精神分裂等）,TDBRAIN,/benchmark-eeg/5.0_version/result_5/linear_downsample/TDBRAIN_cross_subject_linear_downsample/seed_10_downsample_t40/ratio_full/brainomni/summary.json
TDBRAIN_cross_subject_linear_downsample,brainomni,seed_42_downsample_t40,TDBRAIN,cross_subject,42,0.3967509865917269,0.25,balanced_chance,Biometrics & Disease,个体与疾病,精神心理（抑郁/焦虑/精神分裂等）,TDBRAIN,/benchmark-eeg/5.0_version/result_5/linear_downsample/TDBRAIN_cross_subject_linear_downsample/seed_42_downsample_t40/ratio_full/brainomni/summary.json
TDBRAIN_cross_subject_linear_downsample,brainomni,seed_5_downsample_t40,TDBRAIN,cross_subject,5,0.3736996683426461,0.25,balanced_chance,Biometrics & Disease,个体与疾病,精神心理（抑郁/焦虑/精神分裂等）,TDBRAIN,/benchmark-eeg/5.0_version/result_5/linear_downsample/TDBRAIN_cross_subject_linear_downsample/seed_5_downsample_t40/ratio_full/brainomni/summary.json
TDBRAIN_cross_subject_linear_downsample,cbramod,seed_10_downsample_t40,TDBRAIN,cross_subject,10,0.3476452201664666,0.25,balanced_chance,Biometrics & Disease,个体与疾病,精神心理（抑郁/焦虑/精神分裂等）,TDBRAIN,/benchmark-eeg/5.0_version/result_5/linear_downsample/TDBRAIN_cross_subject_linear_downsample/seed_10_downsample_t40/ratio_full/cbramod/summary.json
TDBRAIN_cross_subject_linear_downsample,cbramod,seed_42_downsample_t40,TDBRAIN,cross_subject,42,0.29232929518222606,0.25,balanced_chance,Biometrics & Disease,个体与疾病,精神心理（抑郁/焦虑/精神分裂等）,TDBRAIN,/benchmark-eeg/5.0_version/result_5/linear_downsample/TDBRAIN_cross_subject_linear_downsample/seed_42_downsample_t40/ratio_full/cbramod/summary.json
TDBRAIN_cross_subject_linear_downsample,cbramod,seed_5_downsample_t40,TDBRAIN,cross_subject,5,0.2512182686206455,0.25,balanced_chance,Biometrics & Disease,个体与疾病,精神心理（抑郁/焦虑/精神分裂等）,TDBRAIN,/benchmark-eeg/5.0_version/result_5/linear_downsample/TDBRAIN_cross_subject_linear_downsample/seed_5_downsample_t40/ratio_full/cbramod/summary.json
TDBRAIN_cross_subject_linear_downsample,eegmamba,seed_10_downsample_t40,TDBRAIN,cross_subject,10,0.3094893281115972,0.25,balanced_chance,Biometrics & Disease,个体与疾病,精神心理（抑郁/焦虑/精神分裂等）,TDBRAIN,/benchmark-eeg/5.0_version/result_5/linear_downsample/TDBRAIN_cross_subject_linear_downsample/seed_10_downsample_t40/ratio_full/eegmamba/summary.json
TDBRAIN_cross_subject_linear_downsample,eegmamba,seed_42_downsample_t40,TDBRAIN,cross_subject,42,0.2587682024091702,0.25,balanced_chance,Biometrics & Disease,个体与疾病,精神心理（抑郁/焦虑/精神分裂等）,TDBRAIN,/benchmark-eeg/5.0_version/result_5/linear_downsample/TDBRAIN_cross_subject_linear_downsample/seed_42_downsample_t40/ratio_full/eegmamba/summary.json
TDBRAIN_cross_subject_linear_downsample,eegmamba,seed_5_downsample_t40,TDBRAIN,cross_subject,5,0.2595810923385812,0.25,balanced_chance,Biometrics & Disease,个体与疾病,精神心理（抑郁/焦虑/精神分裂等）,TDBRAIN,/benchmark-eeg/5.0_version/result_5/linear_downsample/TDBRAIN_cross_subject_linear_downsample/seed_5_downsample_t40/ratio_full/eegmamba/summary.json
TDBRAIN_cross_subject_linear_downsample,femba,seed_10_downsample_t40,TDBRAIN,cross_subject,10,0.2982750078237607,0.25,balanced_chance,Biometrics & Disease,个体与疾病,精神心理（抑郁/焦虑/精神分裂等）,TDBRAIN,/benchmark-eeg/5.0_version/result_5/linear_downsample/TDBRAIN_cross_subject_linear_downsample/seed_10_downsample_t40/ratio_full/femba/summary.json
TDBRAIN_cross_subject_linear_downsample,femba,seed_42_downsample_t40,TDBRAIN,cross_subject,42,0.37487261473336453,0.25,balanced_chance,Biometrics & Disease,个体与疾病,精神心理（抑郁/焦虑/精神分裂等）,TDBRAIN,/benchmark-eeg/5.0_version/result_5/linear_downsample/TDBRAIN_cross_subject_linear_downsample/seed_42_downsample_t40/ratio_full/femba/summary.json
TDBRAIN_cross_subject_linear_downsample,femba,seed_5_downsample_t40,TDBRAIN,cross_subject,5,0.392972131370144,0.25,balanced_chance,Biometrics & Disease,个体与疾病,精神心理（抑郁/焦虑/精神分裂等）,TDBRAIN,/benchmark-eeg/5.0_version/result_5/linear_downsample/TDBRAIN_cross_subject_linear_downsample/seed_5_downsample_t40/ratio_full/femba/summary.json
TDBRAIN_cross_subject_linear_downsample,labram,seed_10_downsample_t40,TDBRAIN,cross_subject,10,0.314079570183572,0.25,balanced_chance,Biometrics & Disease,个体与疾病,精神心理（抑郁/焦虑/精神分裂等）,TDBRAIN,/benchmark-eeg/5.0_version/result_5/linear_downsample/TDBRAIN_cross_subject_linear_downsample/seed_10_downsample_t40/ratio_full/labram/summary.json
TDBRAIN_cross_subject_linear_downsample,labram,seed_42_downsample_t40,TDBRAIN,cross_subject,42,0.34316104560091065,0.25,balanced_chance,Biometrics & Disease,个体与疾病,精神心理（抑郁/焦虑/精神分裂等）,TDBRAIN,/benchmark-eeg/5.0_version/result_5/linear_downsample/TDBRAIN_cross_subject_linear_downsample/seed_42_downsample_t40/ratio_full/labram/summary.json
TDBRAIN_cross_subject_linear_downsample,labram,seed_5_downsample_t40,TDBRAIN,cross_subject,5,0.38242908981353874,0.25,balanced_chance,Biometrics & Disease,个体与疾病,精神心理（抑郁/焦虑/精神分裂等）,TDBRAIN,/benchmark-eeg/5.0_version/result_5/linear_downsample/TDBRAIN_cross_subject_linear_downsample/seed_5_downsample_t40/ratio_full/labram/summary.json
TDBRAIN_cross_subject_linear_downsample,neurogpt,seed_10_downsample_t40,TDBRAIN,cross_subject,10,0.3959220578632525,0.25,balanced_chance,Biometrics & Disease,个体与疾病,精神心理（抑郁/焦虑/精神分裂等）,TDBRAIN,/benchmark-eeg/5.0_version/result_5/linear_downsample/TDBRAIN_cross_subject_linear_downsample/seed_10_downsample_t40/ratio_full/neurogpt/summary.json
TDBRAIN_cross_subject_linear_downsample,neurogpt,seed_42_downsample_t40,TDBRAIN,cross_subject,42,0.3589986797029186,0.25,balanced_chance,Biometrics & Disease,个体与疾病,精神心理（抑郁/焦虑/精神分裂等）,TDBRAIN,/benchmark-eeg/5.0_version/result_5/linear_downsample/TDBRAIN_cross_subject_linear_downsample/seed_42_downsample_t40/ratio_full/neurogpt/summary.json
TDBRAIN_cross_subject_linear_downsample,neurogpt,seed_5_downsample_t40,TDBRAIN,cross_subject,5,0.32263717566971417,0.25,balanced_chance,Biometrics & Disease,个体与疾病,精神心理（抑郁/焦虑/精神分裂等）,TDBRAIN,/benchmark-eeg/5.0_version/result_5/linear_downsample/TDBRAIN_cross_subject_linear_downsample/seed_5_downsample_t40/ratio_full/neurogpt/summary.json
TDBRAIN_cross_subject_linear_downsample,neurolm,seed_10_downsample_t40,TDBRAIN,cross_subject,10,0.3189828385812278,0.25,balanced_chance,Biometrics & Disease,个体与疾病,精神心理（抑郁/焦虑/精神分裂等）,TDBRAIN,/benchmark-eeg/5.0_version/result_5/linear_downsample/TDBRAIN_cross_subject_linear_downsample/seed_10_downsample_t40/ratio_full/neurolm/summary.json
TDBRAIN_cross_subject_linear_downsample,neurolm,seed_42_downsample_t40,TDBRAIN,cross_subject,42,0.3643608845683296,0.25,balanced_chance,Biometrics & Disease,个体与疾病,精神心理（抑郁/焦虑/精神分裂等）,TDBRAIN,/benchmark-eeg/5.0_version/result_5/linear_downsample/TDBRAIN_cross_subject_linear_downsample/seed_42_downsample_t40/ratio_full/neurolm/summary.json
TDBRAIN_cross_subject_linear_downsample,neurolm,seed_5_downsample_t40,TDBRAIN,cross_subject,5,0.3400340305392646,0.25,balanced_chance,Biometrics & Disease,个体与疾病,精神心理（抑郁/焦虑/精神分裂等）,TDBRAIN,/benchmark-eeg/5.0_version/result_5/linear_downsample/TDBRAIN_cross_subject_linear_downsample/seed_5_downsample_t40/ratio_full/neurolm/summary.json
TDBRAIN_cross_subject_linear_downsample,reve,seed_10_downsample_t40,TDBRAIN,cross_subject,10,0.2394840910800064,0.25,balanced_chance,Biometrics & Disease,个体与疾病,精神心理（抑郁/焦虑/精神分裂等）,TDBRAIN,/benchmark-eeg/5.0_version/result_5/linear_downsample/TDBRAIN_cross_subject_linear_downsample/seed_10_downsample_t40/ratio_full/reve/summary.json
TDBRAIN_cross_subject_linear_downsample,reve,seed_42_downsample_t40,TDBRAIN,cross_subject,42,0.3055200168579615,0.25,balanced_chance,Biometrics & Disease,个体与疾病,精神心理（抑郁/焦虑/精神分裂等）,TDBRAIN,/benchmark-eeg/5.0_version/result_5/linear_downsample/TDBRAIN_cross_subject_linear_downsample/seed_42_downsample_t40/ratio_full/reve/summary.json
TDBRAIN_cross_subject_linear_downsample,reve,seed_5_downsample_t40,TDBRAIN,cross_subject,5,0.2669613930374062,0.25,balanced_chance,Biometrics & Disease,个体与疾病,精神心理（抑郁/焦虑/精神分裂等）,TDBRAIN,/benchmark-eeg/5.0_version/result_5/linear_downsample/TDBRAIN_cross_subject_linear_downsample/seed_5_downsample_t40/ratio_full/reve/summary.json
TDBRAIN_cross_subject_linear_downsample,reve_new,seed_10_downsample_t40,TDBRAIN,cross_subject,10,0.23699116053106967,0.25,balanced_chance,Biometrics & Disease,个体与疾病,精神心理（抑郁/焦虑/精神分裂等）,TDBRAIN,/benchmark-eeg/5.0_version/result_5/linear_downsample/TDBRAIN_cross_subject_linear_downsample/seed_10_downsample_t40/ratio_full/reve_new/summary.json
TDBRAIN_cross_subject_linear_downsample,reve_new,seed_42_downsample_t40,TDBRAIN,cross_subject,42,0.2634077441085117,0.25,balanced_chance,Biometrics & Disease,个体与疾病,精神心理（抑郁/焦虑/精神分裂等）,TDBRAIN,/benchmark-eeg/5.0_version/result_5/linear_downsample/TDBRAIN_cross_subject_linear_downsample/seed_42_downsample_t40/ratio_full/reve_new/summary.json
TDBRAIN_cross_subject_linear_downsample,reve_new,seed_5_downsample_t40,TDBRAIN,cross_subject,5,0.23494218075878934,0.25,balanced_chance,Biometrics & Disease,个体与疾病,精神心理（抑郁/焦虑/精神分裂等）,TDBRAIN,/benchmark-eeg/5.0_version/result_5/linear_downsample/TDBRAIN_cross_subject_linear_downsample/seed_5_downsample_t40/ratio_full/reve_new/summary.json
TUAB_cross_subject_linear_downsample,bendr,seed_10_downsample_t40,TUAB,cross_subject,10,0.30130503370141976,0.5,balanced_chance,Biometrics & Disease,个体与疾病,癫痫/发作,TUAB,/benchmark-eeg/5.0_version/result_5/linear_downsample/TUAB_cross_subject_linear_downsample/seed_10_downsample_t40/ratio_full/bendr/summary.json
TUAB_cross_subject_linear_downsample,bendr,seed_42_downsample_t40,TUAB,cross_subject,42,0.27233866519580807,0.5,balanced_chance,Biometrics & Disease,个体与疾病,癫痫/发作,TUAB,/benchmark-eeg/5.0_version/result_5/linear_downsample/TUAB_cross_subject_linear_downsample/seed_42_downsample_t40/ratio_full/bendr/summary.json
TUAB_cross_subject_linear_downsample,bendr,seed_5_downsample_t40,TUAB,cross_subject,5,0.3715249505641503,0.5,balanced_chance,Biometrics & Disease,个体与疾病,癫痫/发作,TUAB,/benchmark-eeg/5.0_version/result_5/linear_downsample/TUAB_cross_subject_linear_downsample/seed_5_downsample_t40/ratio_full/bendr/summary.json
TUAB_cross_subject_linear_downsample,biot,seed_10_downsample_t40,TUAB,cross_subject,10,0.7938800758641278,0.5,balanced_chance,Biometrics & Disease,个体与疾病,癫痫/发作,TUAB,/benchmark-eeg/5.0_version/result_5/linear_downsample/TUAB_cross_subject_linear_downsample/seed_10_downsample_t40/ratio_full/biot/summary.json
TUAB_cross_subject_linear_downsample,biot,seed_42_downsample_t40,TUAB,cross_subject,42,0.772767932579109,0.5,balanced_chance,Biometrics & Disease,个体与疾病,癫痫/发作,TUAB,/benchmark-eeg/5.0_version/result_5/linear_downsample/TUAB_cross_subject_linear_downsample/seed_42_downsample_t40/ratio_full/biot/summary.json
TUAB_cross_subject_linear_downsample,biot,seed_5_downsample_t40,TUAB,cross_subject,5,0.7830907901203525,0.5,balanced_chance,Biometrics & Disease,个体与疾病,癫痫/发作,TUAB,/benchmark-eeg/5.0_version/result_5/linear_downsample/TUAB_cross_subject_linear_downsample/seed_5_downsample_t40/ratio_full/biot/summary.json
TUAB_cross_subject_linear_downsample,brainomni,seed_10_downsample_t40,TUAB,cross_subject,10,0.6775402517936555,0.5,balanced_chance,Biometrics & Disease,个体与疾病,癫痫/发作,TUAB,/benchmark-eeg/5.0_version/result_5/linear_downsample/TUAB_cross_subject_linear_downsample/seed_10_downsample_t40/ratio_full/brainomni/summary.json
TUAB_cross_subject_linear_downsample,brainomni,seed_42_downsample_t40,TUAB,cross_subject,42,0.752977585952528,0.5,balanced_chance,Biometrics & Disease,个体与疾病,癫痫/发作,TUAB,/benchmark-eeg/5.0_version/result_5/linear_downsample/TUAB_cross_subject_linear_downsample/seed_42_downsample_t40/ratio_full/brainomni/summary.json
TUAB_cross_subject_linear_downsample,brainomni,seed_5_downsample_t40,TUAB,cross_subject,5,0.7303476702632108,0.5,balanced_chance,Biometrics & Disease,个体与疾病,癫痫/发作,TUAB,/benchmark-eeg/5.0_version/result_5/linear_downsample/TUAB_cross_subject_linear_downsample/seed_5_downsample_t40/ratio_full/brainomni/summary.json
TUAB_cross_subject_linear_downsample,cbramod,seed_10_downsample_t40,TUAB,cross_subject,10,0.7098100683997773,0.5,balanced_chance,Biometrics & Disease,个体与疾病,癫痫/发作,TUAB,/benchmark-eeg/5.0_version/result_5/linear_downsample/TUAB_cross_subject_linear_downsample/seed_10_downsample_t40/ratio_full/cbramod/summary.json
TUAB_cross_subject_linear_downsample,cbramod,seed_42_downsample_t40,TUAB,cross_subject,42,0.7377761896873722,0.5,balanced_chance,Biometrics & Disease,个体与疾病,癫痫/发作,TUAB,/benchmark-eeg/5.0_version/result_5/linear_downsample/TUAB_cross_subject_linear_downsample/seed_42_downsample_t40/ratio_full/cbramod/summary.json
TUAB_cross_subject_linear_downsample,cbramod,seed_5_downsample_t40,TUAB,cross_subject,5,0.7547214056913056,0.5,balanced_chance,Biometrics & Disease,个体与疾病,癫痫/发作,TUAB,/benchmark-eeg/5.0_version/result_5/linear_downsample/TUAB_cross_subject_linear_downsample/seed_5_downsample_t40/ratio_full/cbramod/summary.json
TUAB_cross_subject_linear_downsample,eegmamba,seed_10_downsample_t40,TUAB,cross_subject,10,0.606879344621009,0.5,balanced_chance,Biometrics & Disease,个体与疾病,癫痫/发作,TUAB,/benchmark-eeg/5.0_version/result_5/linear_downsample/TUAB_cross_subject_linear_downsample/seed_10_downsample_t40/ratio_full/eegmamba/summary.json
TUAB_cross_subject_linear_downsample,eegmamba,seed_42_downsample_t40,TUAB,cross_subject,42,0.7231993026195679,0.5,balanced_chance,Biometrics & Disease,个体与疾病,癫痫/发作,TUAB,/benchmark-eeg/5.0_version/result_5/linear_downsample/TUAB_cross_subject_linear_downsample/seed_42_downsample_t40/ratio_full/eegmamba/summary.json
TUAB_cross_subject_linear_downsample,eegmamba,seed_5_downsample_t40,TUAB,cross_subject,5,0.679684836750995,0.5,balanced_chance,Biometrics & Disease,个体与疾病,癫痫/发作,TUAB,/benchmark-eeg/5.0_version/result_5/linear_downsample/TUAB_cross_subject_linear_downsample/seed_5_downsample_t40/ratio_full/eegmamba/summary.json
TUAB_cross_subject_linear_downsample,femba,seed_10_downsample_t40,TUAB,cross_subject,10,0.6539716306800314,0.5,balanced_chance,Biometrics & Disease,个体与疾病,癫痫/发作,TUAB,/benchmark-eeg/5.0_version/result_5/linear_downsample/TUAB_cross_subject_linear_downsample/seed_10_downsample_t40/ratio_full/femba/summary.json
TUAB_cross_subject_linear_downsample,femba,seed_42_downsample_t40,TUAB,cross_subject,42,0.7170332920866379,0.5,balanced_chance,Biometrics & Disease,个体与疾病,癫痫/发作,TUAB,/benchmark-eeg/5.0_version/result_5/linear_downsample/TUAB_cross_subject_linear_downsample/seed_42_downsample_t40/ratio_full/femba/summary.json
TUAB_cross_subject_linear_downsample,femba,seed_5_downsample_t40,TUAB,cross_subject,5,0.7111734131722709,0.5,balanced_chance,Biometrics & Disease,个体与疾病,癫痫/发作,TUAB,/benchmark-eeg/5.0_version/result_5/linear_downsample/TUAB_cross_subject_linear_downsample/seed_5_downsample_t40/ratio_full/femba/summary.json
TUAB_cross_subject_linear_downsample,labram,seed_10_downsample_t40,TUAB,cross_subject,10,0.7285975036369408,0.5,balanced_chance,Biometrics & Disease,个体与疾病,癫痫/发作,TUAB,/benchmark-eeg/5.0_version/result_5/linear_downsample/TUAB_cross_subject_linear_downsample/seed_10_downsample_t40/ratio_full/labram/summary.json
TUAB_cross_subject_linear_downsample,labram,seed_42_downsample_t40,TUAB,cross_subject,42,0.7451537152398495,0.5,balanced_chance,Biometrics & Disease,个体与疾病,癫痫/发作,TUAB,/benchmark-eeg/5.0_version/result_5/linear_downsample/TUAB_cross_subject_linear_downsample/seed_42_downsample_t40/ratio_full/labram/summary.json
TUAB_cross_subject_linear_downsample,labram,seed_5_downsample_t40,TUAB,cross_subject,5,0.7323926127631883,0.5,balanced_chance,Biometrics & Disease,个体与疾病,癫痫/发作,TUAB,/benchmark-eeg/5.0_version/result_5/linear_downsample/TUAB_cross_subject_linear_downsample/seed_5_downsample_t40/ratio_full/labram/summary.json
TUAB_cross_subject_linear_downsample,neurogpt,seed_10_downsample_t40,TUAB,cross_subject,10,0.5829820388189831,0.5,balanced_chance,Biometrics & Disease,个体与疾病,癫痫/发作,TUAB,/benchmark-eeg/5.0_version/result_5/linear_downsample/TUAB_cross_subject_linear_downsample/seed_10_downsample_t40/ratio_full/neurogpt/summary.json
TUAB_cross_subject_linear_downsample,neurogpt,seed_42_downsample_t40,TUAB,cross_subject,42,0.6574820873401006,0.5,balanced_chance,Biometrics & Disease,个体与疾病,癫痫/发作,TUAB,/benchmark-eeg/5.0_version/result_5/linear_downsample/TUAB_cross_subject_linear_downsample/seed_42_downsample_t40/ratio_full/neurogpt/summary.json
TUAB_cross_subject_linear_downsample,neurogpt,seed_5_downsample_t40,TUAB,cross_subject,5,0.6692224490882208,0.5,balanced_chance,Biometrics & Disease,个体与疾病,癫痫/发作,TUAB,/benchmark-eeg/5.0_version/result_5/linear_downsample/TUAB_cross_subject_linear_downsample/seed_5_downsample_t40/ratio_full/neurogpt/summary.json
TUAB_cross_subject_linear_downsample,neurolm,seed_10_downsample_t40,TUAB,cross_subject,10,0.731511957943737,0.5,balanced_chance,Biometrics & Disease,个体与疾病,癫痫/发作,TUAB,/benchmark-eeg/5.0_version/result_5/linear_downsample/TUAB_cross_subject_linear_downsample/seed_10_downsample_t40/ratio_full/neurolm/summary.json
TUAB_cross_subject_linear_downsample,neurolm,seed_42_downsample_t40,TUAB,cross_subject,42,0.7118775712719201,0.5,balanced_chance,Biometrics & Disease,个体与疾病,癫痫/发作,TUAB,/benchmark-eeg/5.0_version/result_5/linear_downsample/TUAB_cross_subject_linear_downsample/seed_42_downsample_t40/ratio_full/neurolm/summary.json
TUAB_cross_subject_linear_downsample,neurolm,seed_5_downsample_t40,TUAB,cross_subject,5,0.6866701365977027,0.5,balanced_chance,Biometrics & Disease,个体与疾病,癫痫/发作,TUAB,/benchmark-eeg/5.0_version/result_5/linear_downsample/TUAB_cross_subject_linear_downsample/seed_5_downsample_t40/ratio_full/neurolm/summary.json
TUAB_cross_subject_linear_downsample,reve,seed_10_downsample_t40,TUAB,cross_subject,10,0.6752301387548003,0.5,balanced_chance,Biometrics & Disease,个体与疾病,癫痫/发作,TUAB,/benchmark-eeg/5.0_version/result_5/linear_downsample/TUAB_cross_subject_linear_downsample/seed_10_downsample_t40/ratio_full/reve/summary.json
TUAB_cross_subject_linear_downsample,reve,seed_42_downsample_t40,TUAB,cross_subject,42,0.6263960762916774,0.5,balanced_chance,Biometrics & Disease,个体与疾病,癫痫/发作,TUAB,/benchmark-eeg/5.0_version/result_5/linear_downsample/TUAB_cross_subject_linear_downsample/seed_42_downsample_t40/ratio_full/reve/summary.json
TUAB_cross_subject_linear_downsample,reve,seed_5_downsample_t40,TUAB,cross_subject,5,0.5946525435700639,0.5,balanced_chance,Biometrics & Disease,个体与疾病,癫痫/发作,TUAB,/benchmark-eeg/5.0_version/result_5/linear_downsample/TUAB_cross_subject_linear_downsample/seed_5_downsample_t40/ratio_full/reve/summary.json
TUEP_cross_subject_linear_downsample,bendr,seed_10_downsample_t40,TUEP,cross_subject,10,0.4613936148479893,0.5,balanced_chance,Unknown,Unknown,Unknown,,/benchmark-eeg/5.0_version/result_5/linear_downsample/TUEP_cross_subject_linear_downsample/seed_10_downsample_t40/ratio_full/bendr/summary.json
TUEP_cross_subject_linear_downsample,bendr,seed_42_downsample_t40,TUEP,cross_subject,42,0.45078036217349066,0.5,balanced_chance,Unknown,Unknown,Unknown,,/benchmark-eeg/5.0_version/result_5/linear_downsample/TUEP_cross_subject_linear_downsample/seed_42_downsample_t40/ratio_full/bendr/summary.json
TUEP_cross_subject_linear_downsample,bendr,seed_5_downsample_t40,TUEP,cross_subject,5,0.4905912614765434,0.5,balanced_chance,Unknown,Unknown,Unknown,,/benchmark-eeg/5.0_version/result_5/linear_downsample/TUEP_cross_subject_linear_downsample/seed_5_downsample_t40/ratio_full/bendr/summary.json
TUEP_cross_subject_linear_downsample,biot,seed_10_downsample_t40,TUEP,cross_subject,10,0.5460743312093459,0.5,balanced_chance,Unknown,Unknown,Unknown,,/benchmark-eeg/5.0_version/result_5/linear_downsample/TUEP_cross_subject_linear_downsample/seed_10_downsample_t40/ratio_full/biot/summary.json
TUEP_cross_subject_linear_downsample,biot,seed_42_downsample_t40,TUEP,cross_subject,42,0.5388532425366223,0.5,balanced_chance,Unknown,Unknown,Unknown,,/benchmark-eeg/5.0_version/result_5/linear_downsample/TUEP_cross_subject_linear_downsample/seed_42_downsample_t40/ratio_full/biot/summary.json
TUEP_cross_subject_linear_downsample,biot,seed_5_downsample_t40,TUEP,cross_subject,5,0.5396495810364876,0.5,balanced_chance,Unknown,Unknown,Unknown,,/benchmark-eeg/5.0_version/result_5/linear_downsample/TUEP_cross_subject_linear_downsample/seed_5_downsample_t40/ratio_full/biot/summary.json
TUEP_cross_subject_linear_downsample,brainomni,seed_10_downsample_t40,TUEP,cross_subject,10,0.5860106113878205,0.5,balanced_chance,Unknown,Unknown,Unknown,,/benchmark-eeg/5.0_version/result_5/linear_downsample/TUEP_cross_subject_linear_downsample/seed_10_downsample_t40/ratio_full/brainomni/summary.json
TUEP_cross_subject_linear_downsample,brainomni,seed_42_downsample_t40,TUEP,cross_subject,42,0.5195169277472875,0.5,balanced_chance,Unknown,Unknown,Unknown,,/benchmark-eeg/5.0_version/result_5/linear_downsample/TUEP_cross_subject_linear_downsample/seed_42_downsample_t40/ratio_full/brainomni/summary.json
TUEP_cross_subject_linear_downsample,brainomni,seed_5_downsample_t40,TUEP,cross_subject,5,0.5254382593439093,0.5,balanced_chance,Unknown,Unknown,Unknown,,/benchmark-eeg/5.0_version/result_5/linear_downsample/TUEP_cross_subject_linear_downsample/seed_5_downsample_t40/ratio_full/brainomni/summary.json
TUEP_cross_subject_linear_downsample,cbramod,seed_10_downsample_t40,TUEP,cross_subject,10,0.5691455504757117,0.5,balanced_chance,Unknown,Unknown,Unknown,,/benchmark-eeg/5.0_version/result_5/linear_downsample/TUEP_cross_subject_linear_downsample/seed_10_downsample_t40/ratio_full/cbramod/summary.json
TUEP_cross_subject_linear_downsample,cbramod,seed_42_downsample_t40,TUEP,cross_subject,42,0.5504550684567879,0.5,balanced_chance,Unknown,Unknown,Unknown,,/benchmark-eeg/5.0_version/result_5/linear_downsample/TUEP_cross_subject_linear_downsample/seed_42_downsample_t40/ratio_full/cbramod/summary.json
TUEP_cross_subject_linear_downsample,cbramod,seed_5_downsample_t40,TUEP,cross_subject,5,0.5649618189981627,0.5,balanced_chance,Unknown,Unknown,Unknown,,/benchmark-eeg/5.0_version/result_5/linear_downsample/TUEP_cross_subject_linear_downsample/seed_5_downsample_t40/ratio_full/cbramod/summary.json
TUEP_cross_subject_linear_downsample,eegmamba,seed_10_downsample_t40,TUEP,cross_subject,10,0.6143433297961503,0.5,balanced_chance,Unknown,Unknown,Unknown,,/benchmark-eeg/5.0_version/result_5/linear_downsample/TUEP_cross_subject_linear_downsample/seed_10_downsample_t40/ratio_full/eegmamba/summary.json
TUEP_cross_subject_linear_downsample,eegmamba,seed_42_downsample_t40,TUEP,cross_subject,42,0.5306444575414946,0.5,balanced_chance,Unknown,Unknown,Unknown,,/benchmark-eeg/5.0_version/result_5/linear_downsample/TUEP_cross_subject_linear_downsample/seed_42_downsample_t40/ratio_full/eegmamba/summary.json
TUEP_cross_subject_linear_downsample,eegmamba,seed_5_downsample_t40,TUEP,cross_subject,5,0.5300057546270728,0.5,balanced_chance,Unknown,Unknown,Unknown,,/benchmark-eeg/5.0_version/result_5/linear_downsample/TUEP_cross_subject_linear_downsample/seed_5_downsample_t40/ratio_full/eegmamba/summary.json
TUEP_cross_subject_linear_downsample,femba,seed_10_downsample_t40,TUEP,cross_subject,10,0.5665946870207478,0.5,balanced_chance,Unknown,Unknown,Unknown,,/benchmark-eeg/5.0_version/result_5/linear_downsample/TUEP_cross_subject_linear_downsample/seed_10_downsample_t40/ratio_full/femba/summary.json
TUEP_cross_subject_linear_downsample,femba,seed_42_downsample_t40,TUEP,cross_subject,42,0.3977929641131549,0.5,balanced_chance,Unknown,Unknown,Unknown,,/benchmark-eeg/5.0_version/result_5/linear_downsample/TUEP_cross_subject_linear_downsample/seed_42_downsample_t40/ratio_full/femba/summary.json
TUEP_cross_subject_linear_downsample,femba,seed_5_downsample_t40,TUEP,cross_subject,5,0.49521402458807584,0.5,balanced_chance,Unknown,Unknown,Unknown,,/benchmark-eeg/5.0_version/result_5/linear_downsample/TUEP_cross_subject_linear_downsample/seed_5_downsample_t40/ratio_full/femba/summary.json
TUEP_cross_subject_linear_downsample,labram,seed_10_downsample_t40,TUEP,cross_subject,10,0.6344990317915228,0.5,balanced_chance,Unknown,Unknown,Unknown,,/benchmark-eeg/5.0_version/result_5/linear_downsample/TUEP_cross_subject_linear_downsample/seed_10_downsample_t40/ratio_full/labram/summary.json
TUEP_cross_subject_linear_downsample,labram,seed_42_downsample_t40,TUEP,cross_subject,42,0.5567993503327542,0.5,balanced_chance,Unknown,Unknown,Unknown,,/benchmark-eeg/5.0_version/result_5/linear_downsample/TUEP_cross_subject_linear_downsample/seed_42_downsample_t40/ratio_full/labram/summary.json
TUEP_cross_subject_linear_downsample,labram,seed_5_downsample_t40,TUEP,cross_subject,5,0.5288037003293853,0.5,balanced_chance,Unknown,Unknown,Unknown,,/benchmark-eeg/5.0_version/result_5/linear_downsample/TUEP_cross_subject_linear_downsample/seed_5_downsample_t40/ratio_full/labram/summary.json
TUEP_cross_subject_linear_downsample,neurogpt,seed_10_downsample_t40,TUEP,cross_subject,10,0.5894484145769814,0.5,balanced_chance,Unknown,Unknown,Unknown,,/benchmark-eeg/5.0_version/result_5/linear_downsample/TUEP_cross_subject_linear_downsample/seed_10_downsample_t40/ratio_full/neurogpt/summary.json
TUEP_cross_subject_linear_downsample,neurogpt,seed_42_downsample_t40,TUEP,cross_subject,42,0.31385639894547257,0.5,balanced_chance,Unknown,Unknown,Unknown,,/benchmark-eeg/5.0_version/result_5/linear_downsample/TUEP_cross_subject_linear_downsample/seed_42_downsample_t40/ratio_full/neurogpt/summary.json
TUEP_cross_subject_linear_downsample,neurogpt,seed_5_downsample_t40,TUEP,cross_subject,5,0.4745931447067757,0.5,balanced_chance,Unknown,Unknown,Unknown,,/benchmark-eeg/5.0_version/result_5/linear_downsample/TUEP_cross_subject_linear_downsample/seed_5_downsample_t40/ratio_full/neurogpt/summary.json
TUEP_cross_subject_linear_downsample,neurolm,seed_10_downsample_t40,TUEP,cross_subject,10,0.5836123098339782,0.5,balanced_chance,Unknown,Unknown,Unknown,,/benchmark-eeg/5.0_version/result_5/linear_downsample/TUEP_cross_subject_linear_downsample/seed_10_downsample_t40/ratio_full/neurolm/summary.json
TUEP_cross_subject_linear_downsample,neurolm,seed_42_downsample_t40,TUEP,cross_subject,42,0.606725586585762,0.5,balanced_chance,Unknown,Unknown,Unknown,,/benchmark-eeg/5.0_version/result_5/linear_downsample/TUEP_cross_subject_linear_downsample/seed_42_downsample_t40/ratio_full/neurolm/summary.json
TUEP_cross_subject_linear_downsample,neurolm,seed_5_downsample_t40,TUEP,cross_subject,5,0.53758133370228,0.5,balanced_chance,Unknown,Unknown,Unknown,,/benchmark-eeg/5.0_version/result_5/linear_downsample/TUEP_cross_subject_linear_downsample/seed_5_downsample_t40/ratio_full/neurolm/summary.json
TUEP_cross_subject_linear_downsample,reve,seed_10_downsample_t40,TUEP,cross_subject,10,0.37931073128995496,0.5,balanced_chance,Unknown,Unknown,Unknown,,/benchmark-eeg/5.0_version/result_5/linear_downsample/TUEP_cross_subject_linear_downsample/seed_10_downsample_t40/ratio_full/reve/summary.json
TUEP_cross_subject_linear_downsample,reve,seed_42_downsample_t40,TUEP,cross_subject,42,0.4863914551466251,0.5,balanced_chance,Unknown,Unknown,Unknown,,/benchmark-eeg/5.0_version/result_5/linear_downsample/TUEP_cross_subject_linear_downsample/seed_42_downsample_t40/ratio_full/reve/summary.json
TUEP_cross_subject_linear_downsample,reve,seed_5_downsample_t40,TUEP,cross_subject,5,0.44972769503437765,0.5,balanced_chance,Unknown,Unknown,Unknown,,/benchmark-eeg/5.0_version/result_5/linear_downsample/TUEP_cross_subject_linear_downsample/seed_5_downsample_t40/ratio_full/reve/summary.json
TUEV_cross_subject_linear_downsample,bendr,seed_10_downsample_t40,TUEV,cross_subject,10,0.1335704830283093,0.1666666666666666,balanced_chance,Unknown,Unknown,Unknown,,/benchmark-eeg/5.0_version/result_5/linear_downsample/TUEV_cross_subject_linear_downsample/seed_10_downsample_t40/ratio_full/bendr/summary.json
TUEV_cross_subject_linear_downsample,bendr,seed_42_downsample_t40,TUEV,cross_subject,42,0.11650958349520839,0.1666666666666666,balanced_chance,Unknown,Unknown,Unknown,,/benchmark-eeg/5.0_version/result_5/linear_downsample/TUEV_cross_subject_linear_downsample/seed_42_downsample_t40/ratio_full/bendr/summary.json
TUEV_cross_subject_linear_downsample,bendr,seed_5_downsample_t40,TUEV,cross_subject,5,0.14735915853234288,0.1666666666666666,balanced_chance,Unknown,Unknown,Unknown,,/benchmark-eeg/5.0_version/result_5/linear_downsample/TUEV_cross_subject_linear_downsample/seed_5_downsample_t40/ratio_full/bendr/summary.json
TUEV_cross_subject_linear_downsample,biot,seed_10_downsample_t40,TUEV,cross_subject,10,0.6021674268370351,0.1666666666666666,balanced_chance,Unknown,Unknown,Unknown,,/benchmark-eeg/5.0_version/result_5/linear_downsample/TUEV_cross_subject_linear_downsample/seed_10_downsample_t40/ratio_full/biot/summary.json
TUEV_cross_subject_linear_downsample,biot,seed_42_downsample_t40,TUEV,cross_subject,42,0.5069519678632184,0.1666666666666666,balanced_chance,Unknown,Unknown,Unknown,,/benchmark-eeg/5.0_version/result_5/linear_downsample/TUEV_cross_subject_linear_downsample/seed_42_downsample_t40/ratio_full/biot/summary.json
TUEV_cross_subject_linear_downsample,biot,seed_5_downsample_t40,TUEV,cross_subject,5,0.5825236093985074,0.1666666666666666,balanced_chance,Unknown,Unknown,Unknown,,/benchmark-eeg/5.0_version/result_5/linear_downsample/TUEV_cross_subject_linear_downsample/seed_5_downsample_t40/ratio_full/biot/summary.json
TUEV_cross_subject_linear_downsample,brainomni,seed_10_downsample_t40,TUEV,cross_subject,10,0.25180785108635856,0.1666666666666666,balanced_chance,Unknown,Unknown,Unknown,,/benchmark-eeg/5.0_version/result_5/linear_downsample/TUEV_cross_subject_linear_downsample/seed_10_downsample_t40/ratio_full/brainomni/summary.json
TUEV_cross_subject_linear_downsample,brainomni,seed_42_downsample_t40,TUEV,cross_subject,42,0.4997131109344395,0.1666666666666666,balanced_chance,Unknown,Unknown,Unknown,,/benchmark-eeg/5.0_version/result_5/linear_downsample/TUEV_cross_subject_linear_downsample/seed_42_downsample_t40/ratio_full/brainomni/summary.json
TUEV_cross_subject_linear_downsample,brainomni,seed_5_downsample_t40,TUEV,cross_subject,5,0.45468482222070783,0.1666666666666666,balanced_chance,Unknown,Unknown,Unknown,,/benchmark-eeg/5.0_version/result_5/linear_downsample/TUEV_cross_subject_linear_downsample/seed_5_downsample_t40/ratio_full/brainomni/summary.json
TUEV_cross_subject_linear_downsample,cbramod,seed_10_downsample_t40,TUEV,cross_subject,10,0.22726486436543883,0.1666666666666666,balanced_chance,Unknown,Unknown,Unknown,,/benchmark-eeg/5.0_version/result_5/linear_downsample/TUEV_cross_subject_linear_downsample/seed_10_downsample_t40/ratio_full/cbramod/summary.json
TUEV_cross_subject_linear_downsample,cbramod,seed_42_downsample_t40,TUEV,cross_subject,42,0.21342628691817211,0.1666666666666666,balanced_chance,Unknown,Unknown,Unknown,,/benchmark-eeg/5.0_version/result_5/linear_downsample/TUEV_cross_subject_linear_downsample/seed_42_downsample_t40/ratio_full/cbramod/summary.json
TUEV_cross_subject_linear_downsample,cbramod,seed_5_downsample_t40,TUEV,cross_subject,5,0.3459710541273218,0.1666666666666666,balanced_chance,Unknown,Unknown,Unknown,,/benchmark-eeg/5.0_version/result_5/linear_downsample/TUEV_cross_subject_linear_downsample/seed_5_downsample_t40/ratio_full/cbramod/summary.json
TUEV_cross_subject_linear_downsample,eegmamba,seed_10_downsample_t40,TUEV,cross_subject,10,0.26627707032449094,0.1666666666666666,balanced_chance,Unknown,Unknown,Unknown,,/benchmark-eeg/5.0_version/result_5/linear_downsample/TUEV_cross_subject_linear_downsample/seed_10_downsample_t40/ratio_full/eegmamba/summary.json
TUEV_cross_subject_linear_downsample,eegmamba,seed_42_downsample_t40,TUEV,cross_subject,42,0.2884529143748444,0.1666666666666666,balanced_chance,Unknown,Unknown,Unknown,,/benchmark-eeg/5.0_version/result_5/linear_downsample/TUEV_cross_subject_linear_downsample/seed_42_downsample_t40/ratio_full/eegmamba/summary.json
TUEV_cross_subject_linear_downsample,eegmamba,seed_5_downsample_t40,TUEV,cross_subject,5,0.33981621194122497,0.1666666666666666,balanced_chance,Unknown,Unknown,Unknown,,/benchmark-eeg/5.0_version/result_5/linear_downsample/TUEV_cross_subject_linear_downsample/seed_5_downsample_t40/ratio_full/eegmamba/summary.json
TUEV_cross_subject_linear_downsample,femba,seed_10_downsample_t40,TUEV,cross_subject,10,0.4239031426412767,0.1666666666666666,balanced_chance,Unknown,Unknown,Unknown,,/benchmark-eeg/5.0_version/result_5/linear_downsample/TUEV_cross_subject_linear_downsample/seed_10_downsample_t40/ratio_full/femba/summary.json
TUEV_cross_subject_linear_downsample,femba,seed_42_downsample_t40,TUEV,cross_subject,42,0.4556118592366975,0.1666666666666666,balanced_chance,Unknown,Unknown,Unknown,,/benchmark-eeg/5.0_version/result_5/linear_downsample/TUEV_cross_subject_linear_downsample/seed_42_downsample_t40/ratio_full/femba/summary.json
TUEV_cross_subject_linear_downsample,femba,seed_5_downsample_t40,TUEV,cross_subject,5,0.38298817981774286,0.1666666666666666,balanced_chance,Unknown,Unknown,Unknown,,/benchmark-eeg/5.0_version/result_5/linear_downsample/TUEV_cross_subject_linear_downsample/seed_5_downsample_t40/ratio_full/femba/summary.json
TUEV_cross_subject_linear_downsample,labram,seed_10_downsample_t40,TUEV,cross_subject,10,0.3581258946879924,0.1666666666666666,balanced_chance,Unknown,Unknown,Unknown,,/benchmark-eeg/5.0_version/result_5/linear_downsample/TUEV_cross_subject_linear_downsample/seed_10_downsample_t40/ratio_full/labram/summary.json
TUEV_cross_subject_linear_downsample,labram,seed_42_downsample_t40,TUEV,cross_subject,42,0.39172294572930527,0.1666666666666666,balanced_chance,Unknown,Unknown,Unknown,,/benchmark-eeg/5.0_version/result_5/linear_downsample/TUEV_cross_subject_linear_downsample/seed_42_downsample_t40/ratio_full/labram/summary.json
TUEV_cross_subject_linear_downsample,labram,seed_5_downsample_t40,TUEV,cross_subject,5,0.3663396208699658,0.1666666666666666,balanced_chance,Unknown,Unknown,Unknown,,/benchmark-eeg/5.0_version/result_5/linear_downsample/TUEV_cross_subject_linear_downsample/seed_5_downsample_t40/ratio_full/labram/summary.json
TUEV_cross_subject_linear_downsample,neurogpt,seed_10_downsample_t40,TUEV,cross_subject,10,0.26383733738653997,0.1666666666666666,balanced_chance,Unknown,Unknown,Unknown,,/benchmark-eeg/5.0_version/result_5/linear_downsample/TUEV_cross_subject_linear_downsample/seed_10_downsample_t40/ratio_full/neurogpt/summary.json
TUEV_cross_subject_linear_downsample,neurogpt,seed_42_downsample_t40,TUEV,cross_subject,42,0.29072415474846186,0.1666666666666666,balanced_chance,Unknown,Unknown,Unknown,,/benchmark-eeg/5.0_version/result_5/linear_downsample/TUEV_cross_subject_linear_downsample/seed_42_downsample_t40/ratio_full/neurogpt/summary.json
TUEV_cross_subject_linear_downsample,neurogpt,seed_5_downsample_t40,TUEV,cross_subject,5,0.36084082809651963,0.1666666666666666,balanced_chance,Unknown,Unknown,Unknown,,/benchmark-eeg/5.0_version/result_5/linear_downsample/TUEV_cross_subject_linear_downsample/seed_5_downsample_t40/ratio_full/neurogpt/summary.json
TUEV_cross_subject_linear_downsample,neurolm,seed_10_downsample_t40,TUEV,cross_subject,10,0.23827517101905019,0.1666666666666666,balanced_chance,Unknown,Unknown,Unknown,,/benchmark-eeg/5.0_version/result_5/linear_downsample/TUEV_cross_subject_linear_downsample/seed_10_downsample_t40/ratio_full/neurolm/summary.json
TUEV_cross_subject_linear_downsample,neurolm,seed_42_downsample_t40,TUEV,cross_subject,42,0.2517815013083951,0.1666666666666666,balanced_chance,Unknown,Unknown,Unknown,,/benchmark-eeg/5.0_version/result_5/linear_downsample/TUEV_cross_subject_linear_downsample/seed_42_downsample_t40/ratio_full/neurolm/summary.json
TUEV_cross_subject_linear_downsample,neurolm,seed_5_downsample_t40,TUEV,cross_subject,5,0.2709937935393077,0.1666666666666666,balanced_chance,Unknown,Unknown,Unknown,,/benchmark-eeg/5.0_version/result_5/linear_downsample/TUEV_cross_subject_linear_downsample/seed_5_downsample_t40/ratio_full/neurolm/summary.json
TUEV_cross_subject_linear_downsample,reve,seed_10_downsample_t40,TUEV,cross_subject,10,0.16313631051515695,0.1666666666666666,balanced_chance,Unknown,Unknown,Unknown,,/benchmark-eeg/5.0_version/result_5/linear_downsample/TUEV_cross_subject_linear_downsample/seed_10_downsample_t40/ratio_full/reve/summary.json
TUEV_cross_subject_linear_downsample,reve,seed_42_downsample_t40,TUEV,cross_subject,42,0.1415932279780825,0.1666666666666666,balanced_chance,Unknown,Unknown,Unknown,,/benchmark-eeg/5.0_version/result_5/linear_downsample/TUEV_cross_subject_linear_downsample/seed_42_downsample_t40/ratio_full/reve/summary.json
TUEV_cross_subject_linear_downsample,reve,seed_5_downsample_t40,TUEV,cross_subject,5,0.20968236385339037,0.1666666666666666,balanced_chance,Unknown,Unknown,Unknown,,/benchmark-eeg/5.0_version/result_5/linear_downsample/TUEV_cross_subject_linear_downsample/seed_5_downsample_t40/ratio_full/reve/summary.json
TUSL_cross_subject_linear_downsample,bendr,seed_10_downsample_t40,TUSL,cross_subject,10,0.2402116402116402,0.3333333333333333,balanced_chance,Unknown,Unknown,Unknown,,/benchmark-eeg/5.0_version/result_5/linear_downsample/TUSL_cross_subject_linear_downsample/seed_10_downsample_t40/ratio_full/bendr/summary.json
TUSL_cross_subject_linear_downsample,bendr,seed_42_downsample_t40,TUSL,cross_subject,42,0.25867369345630215,0.3333333333333333,balanced_chance,Unknown,Unknown,Unknown,,/benchmark-eeg/5.0_version/result_5/linear_downsample/TUSL_cross_subject_linear_downsample/seed_42_downsample_t40/ratio_full/bendr/summary.json
TUSL_cross_subject_linear_downsample,bendr,seed_5_downsample_t40,TUSL,cross_subject,5,0.29891304347826086,0.3333333333333333,balanced_chance,Unknown,Unknown,Unknown,,/benchmark-eeg/5.0_version/result_5/linear_downsample/TUSL_cross_subject_linear_downsample/seed_5_downsample_t40/ratio_full/bendr/summary.json
TUSL_cross_subject_linear_downsample,biot,seed_10_downsample_t40,TUSL,cross_subject,10,0.4792929292929293,0.3333333333333333,balanced_chance,Unknown,Unknown,Unknown,,/benchmark-eeg/5.0_version/result_5/linear_downsample/TUSL_cross_subject_linear_downsample/seed_10_downsample_t40/ratio_full/biot/summary.json
TUSL_cross_subject_linear_downsample,biot,seed_42_downsample_t40,TUSL,cross_subject,42,0.631060606060606,0.3333333333333333,balanced_chance,Unknown,Unknown,Unknown,,/benchmark-eeg/5.0_version/result_5/linear_downsample/TUSL_cross_subject_linear_downsample/seed_42_downsample_t40/ratio_full/biot/summary.json
TUSL_cross_subject_linear_downsample,biot,seed_5_downsample_t40,TUSL,cross_subject,5,0.5737373737373738,0.3333333333333333,balanced_chance,Unknown,Unknown,Unknown,,/benchmark-eeg/5.0_version/result_5/linear_downsample/TUSL_cross_subject_linear_downsample/seed_5_downsample_t40/ratio_full/biot/summary.json
TUSL_cross_subject_linear_downsample,brainomni,seed_10_downsample_t40,TUSL,cross_subject,10,0.5123456790123456,0.3333333333333333,balanced_chance,Unknown,Unknown,Unknown,,/benchmark-eeg/5.0_version/result_5/linear_downsample/TUSL_cross_subject_linear_downsample/seed_10_downsample_t40/ratio_full/brainomni/summary.json
TUSL_cross_subject_linear_downsample,brainomni,seed_42_downsample_t40,TUSL,cross_subject,42,0.27170868347338933,0.3333333333333333,balanced_chance,Unknown,Unknown,Unknown,,/benchmark-eeg/5.0_version/result_5/linear_downsample/TUSL_cross_subject_linear_downsample/seed_42_downsample_t40/ratio_full/brainomni/summary.json
TUSL_cross_subject_linear_downsample,brainomni,seed_5_downsample_t40,TUSL,cross_subject,5,0.45444788441692463,0.3333333333333333,balanced_chance,Unknown,Unknown,Unknown,,/benchmark-eeg/5.0_version/result_5/linear_downsample/TUSL_cross_subject_linear_downsample/seed_5_downsample_t40/ratio_full/brainomni/summary.json
TUSL_cross_subject_linear_downsample,cbramod,seed_10_downsample_t40,TUSL,cross_subject,10,0.5994708994708994,0.3333333333333333,balanced_chance,Unknown,Unknown,Unknown,,/benchmark-eeg/5.0_version/result_5/linear_downsample/TUSL_cross_subject_linear_downsample/seed_10_downsample_t40/ratio_full/cbramod/summary.json
TUSL_cross_subject_linear_downsample,cbramod,seed_42_downsample_t40,TUSL,cross_subject,42,0.14414414414414414,0.3333333333333333,balanced_chance,Unknown,Unknown,Unknown,,/benchmark-eeg/5.0_version/result_5/linear_downsample/TUSL_cross_subject_linear_downsample/seed_42_downsample_t40/ratio_full/cbramod/summary.json
TUSL_cross_subject_linear_downsample,cbramod,seed_5_downsample_t40,TUSL,cross_subject,5,0.38313779618127447,0.3333333333333333,balanced_chance,Unknown,Unknown,Unknown,,/benchmark-eeg/5.0_version/result_5/linear_downsample/TUSL_cross_subject_linear_downsample/seed_5_downsample_t40/ratio_full/cbramod/summary.json
TUSL_cross_subject_linear_downsample,eegmamba,seed_10_downsample_t40,TUSL,cross_subject,10,0.30476190476190473,0.3333333333333333,balanced_chance,Unknown,Unknown,Unknown,,/benchmark-eeg/5.0_version/result_5/linear_downsample/TUSL_cross_subject_linear_downsample/seed_10_downsample_t40/ratio_full/eegmamba/summary.json
TUSL_cross_subject_linear_downsample,eegmamba,seed_42_downsample_t40,TUSL,cross_subject,42,0.4297385620915033,0.3333333333333333,balanced_chance,Unknown,Unknown,Unknown,,/benchmark-eeg/5.0_version/result_5/linear_downsample/TUSL_cross_subject_linear_downsample/seed_42_downsample_t40/ratio_full/eegmamba/summary.json
TUSL_cross_subject_linear_downsample,eegmamba,seed_5_downsample_t40,TUSL,cross_subject,5,0.4175171065493646,0.3333333333333333,balanced_chance,Unknown,Unknown,Unknown,,/benchmark-eeg/5.0_version/result_5/linear_downsample/TUSL_cross_subject_linear_downsample/seed_5_downsample_t40/ratio_full/eegmamba/summary.json
TUSL_cross_subject_linear_downsample,femba,seed_10_downsample_t40,TUSL,cross_subject,10,0.4124183006535948,0.3333333333333333,balanced_chance,Unknown,Unknown,Unknown,,/benchmark-eeg/5.0_version/result_5/linear_downsample/TUSL_cross_subject_linear_downsample/seed_10_downsample_t40/ratio_full/femba/summary.json
TUSL_cross_subject_linear_downsample,femba,seed_42_downsample_t40,TUSL,cross_subject,42,0.3950617283950617,0.3333333333333333,balanced_chance,Unknown,Unknown,Unknown,,/benchmark-eeg/5.0_version/result_5/linear_downsample/TUSL_cross_subject_linear_downsample/seed_42_downsample_t40/ratio_full/femba/summary.json
TUSL_cross_subject_linear_downsample,femba,seed_5_downsample_t40,TUSL,cross_subject,5,0.3441441441441442,0.3333333333333333,balanced_chance,Unknown,Unknown,Unknown,,/benchmark-eeg/5.0_version/result_5/linear_downsample/TUSL_cross_subject_linear_downsample/seed_5_downsample_t40/ratio_full/femba/summary.json
TUSL_cross_subject_linear_downsample,labram,seed_10_downsample_t40,TUSL,cross_subject,10,0.3955722639933166,0.3333333333333333,balanced_chance,Unknown,Unknown,Unknown,,/benchmark-eeg/5.0_version/result_5/linear_downsample/TUSL_cross_subject_linear_downsample/seed_10_downsample_t40/ratio_full/labram/summary.json
TUSL_cross_subject_linear_downsample,labram,seed_42_downsample_t40,TUSL,cross_subject,42,0.3846743295019157,0.3333333333333333,balanced_chance,Unknown,Unknown,Unknown,,/benchmark-eeg/5.0_version/result_5/linear_downsample/TUSL_cross_subject_linear_downsample/seed_42_downsample_t40/ratio_full/labram/summary.json
TUSL_cross_subject_linear_downsample,labram,seed_5_downsample_t40,TUSL,cross_subject,5,0.13032581453634084,0.3333333333333333,balanced_chance,Unknown,Unknown,Unknown,,/benchmark-eeg/5.0_version/result_5/linear_downsample/TUSL_cross_subject_linear_downsample/seed_5_downsample_t40/ratio_full/labram/summary.json
TUSL_cross_subject_linear_downsample,neurogpt,seed_10_downsample_t40,TUSL,cross_subject,10,0.4166666666666667,0.3333333333333333,balanced_chance,Unknown,Unknown,Unknown,,/benchmark-eeg/5.0_version/result_5/linear_downsample/TUSL_cross_subject_linear_downsample/seed_10_downsample_t40/ratio_full/neurogpt/summary.json
TUSL_cross_subject_linear_downsample,neurogpt,seed_42_downsample_t40,TUSL,cross_subject,42,0.44174706919804957,0.3333333333333333,balanced_chance,Unknown,Unknown,Unknown,,/benchmark-eeg/5.0_version/result_5/linear_downsample/TUSL_cross_subject_linear_downsample/seed_42_downsample_t40/ratio_full/neurogpt/summary.json
TUSL_cross_subject_linear_downsample,neurogpt,seed_5_downsample_t40,TUSL,cross_subject,5,0.30484330484330485,0.3333333333333333,balanced_chance,Unknown,Unknown,Unknown,,/benchmark-eeg/5.0_version/result_5/linear_downsample/TUSL_cross_subject_linear_downsample/seed_5_downsample_t40/ratio_full/neurogpt/summary.json
TUSL_cross_subject_linear_downsample,neurolm,seed_10_downsample_t40,TUSL,cross_subject,10,0.28190476190476194,0.3333333333333333,balanced_chance,Unknown,Unknown,Unknown,,/benchmark-eeg/5.0_version/result_5/linear_downsample/TUSL_cross_subject_linear_downsample/seed_10_downsample_t40/ratio_full/neurolm/summary.json
TUSL_cross_subject_linear_downsample,neurolm,seed_42_downsample_t40,TUSL,cross_subject,42,0.6892623716153129,0.3333333333333333,balanced_chance,Unknown,Unknown,Unknown,,/benchmark-eeg/5.0_version/result_5/linear_downsample/TUSL_cross_subject_linear_downsample/seed_42_downsample_t40/ratio_full/neurolm/summary.json
TUSL_cross_subject_linear_downsample,neurolm,seed_5_downsample_t40,TUSL,cross_subject,5,0.4170847268673356,0.3333333333333333,balanced_chance,Unknown,Unknown,Unknown,,/benchmark-eeg/5.0_version/result_5/linear_downsample/TUSL_cross_subject_linear_downsample/seed_5_downsample_t40/ratio_full/neurolm/summary.json
TUSL_cross_subject_linear_downsample,reve,seed_10_downsample_t40,TUSL,cross_subject,10,0.23611111111111108,0.3333333333333333,balanced_chance,Unknown,Unknown,Unknown,,/benchmark-eeg/5.0_version/result_5/linear_downsample/TUSL_cross_subject_linear_downsample/seed_10_downsample_t40/ratio_full/reve/summary.json
TUSL_cross_subject_linear_downsample,reve,seed_42_downsample_t40,TUSL,cross_subject,42,0.3986209868562809,0.3333333333333333,balanced_chance,Unknown,Unknown,Unknown,,/benchmark-eeg/5.0_version/result_5/linear_downsample/TUSL_cross_subject_linear_downsample/seed_42_downsample_t40/ratio_full/reve/summary.json
TUSL_cross_subject_linear_downsample,reve,seed_5_downsample_t40,TUSL,cross_subject,5,0.28750733137829915,0.3333333333333333,balanced_chance,Unknown,Unknown,Unknown,,/benchmark-eeg/5.0_version/result_5/linear_downsample/TUSL_cross_subject_linear_downsample/seed_5_downsample_t40/ratio_full/reve/summary.json
Things_EEG2_cross_subject_linear_downsample,bendr,seed_10_downsample_t40,Things_EEG2,cross_subject,10,0.44525450689289503,0.5,balanced_chance,Unknown,Unknown,Unknown,,/benchmark-eeg/5.0_version/result_5/linear_downsample/Things_EEG2_cross_subject_linear_downsample/seed_10_downsample_t40/ratio_full/bendr/summary.json
Things_EEG2_cross_subject_linear_downsample,bendr,seed_42_downsample_t40,Things_EEG2,cross_subject,42,0.1648373578128118,0.5,balanced_chance,Unknown,Unknown,Unknown,,/benchmark-eeg/5.0_version/result_5/linear_downsample/Things_EEG2_cross_subject_linear_downsample/seed_42_downsample_t40/ratio_full/bendr/summary.json
Things_EEG2_cross_subject_linear_downsample,bendr,seed_5_downsample_t40,Things_EEG2,cross_subject,5,0.44525450689289503,0.5,balanced_chance,Unknown,Unknown,Unknown,,/benchmark-eeg/5.0_version/result_5/linear_downsample/Things_EEG2_cross_subject_linear_downsample/seed_5_downsample_t40/ratio_full/bendr/summary.json
Things_EEG2_cross_subject_linear_downsample,biot,seed_10_downsample_t40,Things_EEG2,cross_subject,10,0.1732471328577631,0.5,balanced_chance,Unknown,Unknown,Unknown,,/benchmark-eeg/5.0_version/result_5/linear_downsample/Things_EEG2_cross_subject_linear_downsample/seed_10_downsample_t40/ratio_full/biot/summary.json
Things_EEG2_cross_subject_linear_downsample,biot,seed_42_downsample_t40,Things_EEG2,cross_subject,42,0.1648373578128118,0.5,balanced_chance,Unknown,Unknown,Unknown,,/benchmark-eeg/5.0_version/result_5/linear_downsample/Things_EEG2_cross_subject_linear_downsample/seed_42_downsample_t40/ratio_full/biot/summary.json
Things_EEG2_cross_subject_linear_downsample,biot,seed_5_downsample_t40,Things_EEG2,cross_subject,5,0.1732471328577631,0.5,balanced_chance,Unknown,Unknown,Unknown,,/benchmark-eeg/5.0_version/result_5/linear_downsample/Things_EEG2_cross_subject_linear_downsample/seed_5_downsample_t40/ratio_full/biot/summary.json
Things_EEG2_cross_subject_linear_downsample,brainomni,seed_10_downsample_t40,Things_EEG2,cross_subject,10,0.19642913620080898,0.5,balanced_chance,Unknown,Unknown,Unknown,,/benchmark-eeg/5.0_version/result_5/linear_downsample/Things_EEG2_cross_subject_linear_downsample/seed_10_downsample_t40/ratio_full/brainomni/summary.json
Things_EEG2_cross_subject_linear_downsample,brainomni,seed_42_downsample_t40,Things_EEG2,cross_subject,42,0.4456798751083155,0.5,balanced_chance,Unknown,Unknown,Unknown,,/benchmark-eeg/5.0_version/result_5/linear_downsample/Things_EEG2_cross_subject_linear_downsample/seed_42_downsample_t40/ratio_full/brainomni/summary.json
Things_EEG2_cross_subject_linear_downsample,brainomni,seed_5_downsample_t40,Things_EEG2,cross_subject,5,0.44525450689289503,0.5,balanced_chance,Unknown,Unknown,Unknown,,/benchmark-eeg/5.0_version/result_5/linear_downsample/Things_EEG2_cross_subject_linear_downsample/seed_5_downsample_t40/ratio_full/brainomni/summary.json
Things_EEG2_cross_subject_linear_downsample,cbramod,seed_10_downsample_t40,Things_EEG2,cross_subject,10,0.1732471328577631,0.5,balanced_chance,Unknown,Unknown,Unknown,,/benchmark-eeg/5.0_version/result_5/linear_downsample/Things_EEG2_cross_subject_linear_downsample/seed_10_downsample_t40/ratio_full/cbramod/summary.json
Things_EEG2_cross_subject_linear_downsample,cbramod,seed_42_downsample_t40,Things_EEG2,cross_subject,42,0.46195312414315015,0.5,balanced_chance,Unknown,Unknown,Unknown,,/benchmark-eeg/5.0_version/result_5/linear_downsample/Things_EEG2_cross_subject_linear_downsample/seed_42_downsample_t40/ratio_full/cbramod/summary.json
Things_EEG2_cross_subject_linear_downsample,cbramod,seed_5_downsample_t40,Things_EEG2,cross_subject,5,0.44525450689289503,0.5,balanced_chance,Unknown,Unknown,Unknown,,/benchmark-eeg/5.0_version/result_5/linear_downsample/Things_EEG2_cross_subject_linear_downsample/seed_5_downsample_t40/ratio_full/cbramod/summary.json
Things_EEG2_cross_subject_linear_downsample,eegmamba,seed_10_downsample_t40,Things_EEG2,cross_subject,10,0.1648373578128118,0.5,balanced_chance,Unknown,Unknown,Unknown,,/benchmark-eeg/5.0_version/result_5/linear_downsample/Things_EEG2_cross_subject_linear_downsample/seed_10_downsample_t40/ratio_full/eegmamba/summary.json
Things_EEG2_cross_subject_linear_downsample,eegmamba,seed_42_downsample_t40,Things_EEG2,cross_subject,42,0.44525450689289503,0.5,balanced_chance,Unknown,Unknown,Unknown,,/benchmark-eeg/5.0_version/result_5/linear_downsample/Things_EEG2_cross_subject_linear_downsample/seed_42_downsample_t40/ratio_full/eegmamba/summary.json
Things_EEG2_cross_subject_linear_downsample,eegmamba,seed_5_downsample_t40,Things_EEG2,cross_subject,5,0.1732471328577631,0.5,balanced_chance,Unknown,Unknown,Unknown,,/benchmark-eeg/5.0_version/result_5/linear_downsample/Things_EEG2_cross_subject_linear_downsample/seed_5_downsample_t40/ratio_full/eegmamba/summary.json
Things_EEG2_cross_subject_linear_downsample,femba,seed_10_downsample_t40,Things_EEG2,cross_subject,10,0.44525450689289503,0.5,balanced_chance,Unknown,Unknown,Unknown,,/benchmark-eeg/5.0_version/result_5/linear_downsample/Things_EEG2_cross_subject_linear_downsample/seed_10_downsample_t40/ratio_full/femba/summary.json
Things_EEG2_cross_subject_linear_downsample,femba,seed_42_downsample_t40,Things_EEG2,cross_subject,42,0.1732471328577631,0.5,balanced_chance,Unknown,Unknown,Unknown,,/benchmark-eeg/5.0_version/result_5/linear_downsample/Things_EEG2_cross_subject_linear_downsample/seed_42_downsample_t40/ratio_full/femba/summary.json
Things_EEG2_cross_subject_linear_downsample,femba,seed_5_downsample_t40,Things_EEG2,cross_subject,5,0.44525450689289503,0.5,balanced_chance,Unknown,Unknown,Unknown,,/benchmark-eeg/5.0_version/result_5/linear_downsample/Things_EEG2_cross_subject_linear_downsample/seed_5_downsample_t40/ratio_full/femba/summary.json
Things_EEG2_cross_subject_linear_downsample,labram,seed_10_downsample_t40,Things_EEG2,cross_subject,10,0.44525450689289503,0.5,balanced_chance,Unknown,Unknown,Unknown,,/benchmark-eeg/5.0_version/result_5/linear_downsample/Things_EEG2_cross_subject_linear_downsample/seed_10_downsample_t40/ratio_full/labram/summary.json
Things_EEG2_cross_subject_linear_downsample,labram,seed_42_downsample_t40,Things_EEG2,cross_subject,42,0.1648373578128118,0.5,balanced_chance,Unknown,Unknown,Unknown,,/benchmark-eeg/5.0_version/result_5/linear_downsample/Things_EEG2_cross_subject_linear_downsample/seed_42_downsample_t40/ratio_full/labram/summary.json
Things_EEG2_cross_subject_linear_downsample,labram,seed_5_downsample_t40,Things_EEG2,cross_subject,5,0.1648373578128118,0.5,balanced_chance,Unknown,Unknown,Unknown,,/benchmark-eeg/5.0_version/result_5/linear_downsample/Things_EEG2_cross_subject_linear_downsample/seed_5_downsample_t40/ratio_full/labram/summary.json
Things_EEG2_cross_subject_linear_downsample,neurogpt,seed_10_downsample_t40,Things_EEG2,cross_subject,10,0.44525450689289503,0.5,balanced_chance,Unknown,Unknown,Unknown,,/benchmark-eeg/5.0_version/result_5/linear_downsample/Things_EEG2_cross_subject_linear_downsample/seed_10_downsample_t40/ratio_full/neurogpt/summary.json
Things_EEG2_cross_subject_linear_downsample,neurogpt,seed_42_downsample_t40,Things_EEG2,cross_subject,42,0.1648373578128118,0.5,balanced_chance,Unknown,Unknown,Unknown,,/benchmark-eeg/5.0_version/result_5/linear_downsample/Things_EEG2_cross_subject_linear_downsample/seed_42_downsample_t40/ratio_full/neurogpt/summary.json
Things_EEG2_cross_subject_linear_downsample,neurogpt,seed_5_downsample_t40,Things_EEG2,cross_subject,5,0.1648373578128118,0.5,balanced_chance,Unknown,Unknown,Unknown,,/benchmark-eeg/5.0_version/result_5/linear_downsample/Things_EEG2_cross_subject_linear_downsample/seed_5_downsample_t40/ratio_full/neurogpt/summary.json
Things_EEG2_cross_subject_linear_downsample,neurolm,seed_10_downsample_t40,Things_EEG2,cross_subject,10,0.46195312414315015,0.5,balanced_chance,Unknown,Unknown,Unknown,,/benchmark-eeg/5.0_version/result_5/linear_downsample/Things_EEG2_cross_subject_linear_downsample/seed_10_downsample_t40/ratio_full/neurolm/summary.json
Things_EEG2_cross_subject_linear_downsample,neurolm,seed_42_downsample_t40,Things_EEG2,cross_subject,42,0.44525450689289503,0.5,balanced_chance,Unknown,Unknown,Unknown,,/benchmark-eeg/5.0_version/result_5/linear_downsample/Things_EEG2_cross_subject_linear_downsample/seed_42_downsample_t40/ratio_full/neurolm/summary.json
Things_EEG2_cross_subject_linear_downsample,neurolm,seed_5_downsample_t40,Things_EEG2,cross_subject,5,0.1732471328577631,0.5,balanced_chance,Unknown,Unknown,Unknown,,/benchmark-eeg/5.0_version/result_5/linear_downsample/Things_EEG2_cross_subject_linear_downsample/seed_5_downsample_t40/ratio_full/neurolm/summary.json
Things_EEG2_cross_subject_linear_downsample,reve,seed_10_downsample_t40,Things_EEG2,cross_subject,10,0.1648373578128118,0.5,balanced_chance,Unknown,Unknown,Unknown,,/benchmark-eeg/5.0_version/result_5/linear_downsample/Things_EEG2_cross_subject_linear_downsample/seed_10_downsample_t40/ratio_full/reve/summary.json
Things_EEG2_cross_subject_linear_downsample,reve,seed_42_downsample_t40,Things_EEG2,cross_subject,42,0.1648373578128118,0.5,balanced_chance,Unknown,Unknown,Unknown,,/benchmark-eeg/5.0_version/result_5/linear_downsample/Things_EEG2_cross_subject_linear_downsample/seed_42_downsample_t40/ratio_full/reve/summary.json
Things_EEG2_cross_subject_linear_downsample,reve,seed_5_downsample_t40,Things_EEG2,cross_subject,5,0.1648373578128118,0.5,balanced_chance,Unknown,Unknown,Unknown,,/benchmark-eeg/5.0_version/result_5/linear_downsample/Things_EEG2_cross_subject_linear_downsample/seed_5_downsample_t40/ratio_full/reve/summary.json
Workload_cross_subject_linear_downsample,bendr,seed_10_downsample_t40,Workload,cross_subject,10,0.36452454853511723,0.3333333333333333,balanced_chance,Unknown,Unknown,Unknown,,/benchmark-eeg/5.0_version/result_5/linear_downsample/Workload_cross_subject_linear_downsample/seed_10_downsample_t40/ratio_full/bendr/summary.json
Workload_cross_subject_linear_downsample,bendr,seed_42_downsample_t40,Workload,cross_subject,42,0.3026923534531305,0.3333333333333333,balanced_chance,Unknown,Unknown,Unknown,,/benchmark-eeg/5.0_version/result_5/linear_downsample/Workload_cross_subject_linear_downsample/seed_42_downsample_t40/ratio_full/bendr/summary.json
Workload_cross_subject_linear_downsample,bendr,seed_5_downsample_t40,Workload,cross_subject,5,0.3588304070355479,0.3333333333333333,balanced_chance,Unknown,Unknown,Unknown,,/benchmark-eeg/5.0_version/result_5/linear_downsample/Workload_cross_subject_linear_downsample/seed_5_downsample_t40/ratio_full/bendr/summary.json
Workload_cross_subject_linear_downsample,biot,seed_10_downsample_t40,Workload,cross_subject,10,0.4335501468000129,0.3333333333333333,balanced_chance,Unknown,Unknown,Unknown,,/benchmark-eeg/5.0_version/result_5/linear_downsample/Workload_cross_subject_linear_downsample/seed_10_downsample_t40/ratio_full/biot/summary.json
Workload_cross_subject_linear_downsample,biot,seed_42_downsample_t40,Workload,cross_subject,42,0.41853839997655307,0.3333333333333333,balanced_chance,Unknown,Unknown,Unknown,,/benchmark-eeg/5.0_version/result_5/linear_downsample/Workload_cross_subject_linear_downsample/seed_42_downsample_t40/ratio_full/biot/summary.json
Workload_cross_subject_linear_downsample,biot,seed_5_downsample_t40,Workload,cross_subject,5,0.4704420867533891,0.3333333333333333,balanced_chance,Unknown,Unknown,Unknown,,/benchmark-eeg/5.0_version/result_5/linear_downsample/Workload_cross_subject_linear_downsample/seed_5_downsample_t40/ratio_full/biot/summary.json
Workload_cross_subject_linear_downsample,brainomni,seed_10_downsample_t40,Workload,cross_subject,10,0.40124615442354566,0.3333333333333333,balanced_chance,Unknown,Unknown,Unknown,,/benchmark-eeg/5.0_version/result_5/linear_downsample/Workload_cross_subject_linear_downsample/seed_10_downsample_t40/ratio_full/brainomni/summary.json
Workload_cross_subject_linear_downsample,brainomni,seed_42_downsample_t40,Workload,cross_subject,42,0.4060294187633479,0.3333333333333333,balanced_chance,Unknown,Unknown,Unknown,,/benchmark-eeg/5.0_version/result_5/linear_downsample/Workload_cross_subject_linear_downsample/seed_42_downsample_t40/ratio_full/brainomni/summary.json
Workload_cross_subject_linear_downsample,brainomni,seed_5_downsample_t40,Workload,cross_subject,5,0.4177196315819686,0.3333333333333333,balanced_chance,Unknown,Unknown,Unknown,,/benchmark-eeg/5.0_version/result_5/linear_downsample/Workload_cross_subject_linear_downsample/seed_5_downsample_t40/ratio_full/brainomni/summary.json
Workload_cross_subject_linear_downsample,cbramod,seed_10_downsample_t40,Workload,cross_subject,10,0.4503740948875525,0.3333333333333333,balanced_chance,Unknown,Unknown,Unknown,,/benchmark-eeg/5.0_version/result_5/linear_downsample/Workload_cross_subject_linear_downsample/seed_10_downsample_t40/ratio_full/cbramod/summary.json
Workload_cross_subject_linear_downsample,cbramod,seed_42_downsample_t40,Workload,cross_subject,42,0.448248487615323,0.3333333333333333,balanced_chance,Unknown,Unknown,Unknown,,/benchmark-eeg/5.0_version/result_5/linear_downsample/Workload_cross_subject_linear_downsample/seed_42_downsample_t40/ratio_full/cbramod/summary.json
Workload_cross_subject_linear_downsample,cbramod,seed_5_downsample_t40,Workload,cross_subject,5,0.4740447221637006,0.3333333333333333,balanced_chance,Unknown,Unknown,Unknown,,/benchmark-eeg/5.0_version/result_5/linear_downsample/Workload_cross_subject_linear_downsample/seed_5_downsample_t40/ratio_full/cbramod/summary.json
Workload_cross_subject_linear_downsample,eegmamba,seed_10_downsample_t40,Workload,cross_subject,10,0.37897252897397565,0.3333333333333333,balanced_chance,Unknown,Unknown,Unknown,,/benchmark-eeg/5.0_version/result_5/linear_downsample/Workload_cross_subject_linear_downsample/seed_10_downsample_t40/ratio_full/eegmamba/summary.json
Workload_cross_subject_linear_downsample,eegmamba,seed_42_downsample_t40,Workload,cross_subject,42,0.3758539495089572,0.3333333333333333,balanced_chance,Unknown,Unknown,Unknown,,/benchmark-eeg/5.0_version/result_5/linear_downsample/Workload_cross_subject_linear_downsample/seed_42_downsample_t40/ratio_full/eegmamba/summary.json
Workload_cross_subject_linear_downsample,eegmamba,seed_5_downsample_t40,Workload,cross_subject,5,0.36797838411203565,0.3333333333333333,balanced_chance,Unknown,Unknown,Unknown,,/benchmark-eeg/5.0_version/result_5/linear_downsample/Workload_cross_subject_linear_downsample/seed_5_downsample_t40/ratio_full/eegmamba/summary.json
Workload_cross_subject_linear_downsample,femba,seed_10_downsample_t40,Workload,cross_subject,10,0.3489574421438719,0.3333333333333333,balanced_chance,Unknown,Unknown,Unknown,,/benchmark-eeg/5.0_version/result_5/linear_downsample/Workload_cross_subject_linear_downsample/seed_10_downsample_t40/ratio_full/femba/summary.json
Workload_cross_subject_linear_downsample,femba,seed_42_downsample_t40,Workload,cross_subject,42,0.3292386764158611,0.3333333333333333,balanced_chance,Unknown,Unknown,Unknown,,/benchmark-eeg/5.0_version/result_5/linear_downsample/Workload_cross_subject_linear_downsample/seed_42_downsample_t40/ratio_full/femba/summary.json
Workload_cross_subject_linear_downsample,femba,seed_5_downsample_t40,Workload,cross_subject,5,0.3422259662534262,0.3333333333333333,balanced_chance,Unknown,Unknown,Unknown,,/benchmark-eeg/5.0_version/result_5/linear_downsample/Workload_cross_subject_linear_downsample/seed_5_downsample_t40/ratio_full/femba/summary.json
Workload_cross_subject_linear_downsample,labram,seed_10_downsample_t40,Workload,cross_subject,10,0.4025522418649392,0.3333333333333333,balanced_chance,Unknown,Unknown,Unknown,,/benchmark-eeg/5.0_version/result_5/linear_downsample/Workload_cross_subject_linear_downsample/seed_10_downsample_t40/ratio_full/labram/summary.json
Workload_cross_subject_linear_downsample,labram,seed_42_downsample_t40,Workload,cross_subject,42,0.4254531561274983,0.3333333333333333,balanced_chance,Unknown,Unknown,Unknown,,/benchmark-eeg/5.0_version/result_5/linear_downsample/Workload_cross_subject_linear_downsample/seed_42_downsample_t40/ratio_full/labram/summary.json
Workload_cross_subject_linear_downsample,labram,seed_5_downsample_t40,Workload,cross_subject,5,0.4577364757929628,0.3333333333333333,balanced_chance,Unknown,Unknown,Unknown,,/benchmark-eeg/5.0_version/result_5/linear_downsample/Workload_cross_subject_linear_downsample/seed_5_downsample_t40/ratio_full/labram/summary.json
Workload_cross_subject_linear_downsample,neurogpt,seed_10_downsample_t40,Workload,cross_subject,10,0.3176225637303482,0.3333333333333333,balanced_chance,Unknown,Unknown,Unknown,,/benchmark-eeg/5.0_version/result_5/linear_downsample/Workload_cross_subject_linear_downsample/seed_10_downsample_t40/ratio_full/neurogpt/summary.json
Workload_cross_subject_linear_downsample,neurogpt,seed_42_downsample_t40,Workload,cross_subject,42,0.31863364138389416,0.3333333333333333,balanced_chance,Unknown,Unknown,Unknown,,/benchmark-eeg/5.0_version/result_5/linear_downsample/Workload_cross_subject_linear_downsample/seed_42_downsample_t40/ratio_full/neurogpt/summary.json
Workload_cross_subject_linear_downsample,neurogpt,seed_5_downsample_t40,Workload,cross_subject,5,0.3218627236876082,0.3333333333333333,balanced_chance,Unknown,Unknown,Unknown,,/benchmark-eeg/5.0_version/result_5/linear_downsample/Workload_cross_subject_linear_downsample/seed_5_downsample_t40/ratio_full/neurogpt/summary.json
Workload_cross_subject_linear_downsample,neurolm,seed_10_downsample_t40,Workload,cross_subject,10,0.42642620537357384,0.3333333333333333,balanced_chance,Unknown,Unknown,Unknown,,/benchmark-eeg/5.0_version/result_5/linear_downsample/Workload_cross_subject_linear_downsample/seed_10_downsample_t40/ratio_full/neurolm/summary.json
Workload_cross_subject_linear_downsample,neurolm,seed_42_downsample_t40,Workload,cross_subject,42,0.3997048642465726,0.3333333333333333,balanced_chance,Unknown,Unknown,Unknown,,/benchmark-eeg/5.0_version/result_5/linear_downsample/Workload_cross_subject_linear_downsample/seed_42_downsample_t40/ratio_full/neurolm/summary.json
Workload_cross_subject_linear_downsample,neurolm,seed_5_downsample_t40,Workload,cross_subject,5,0.4127017224768564,0.3333333333333333,balanced_chance,Unknown,Unknown,Unknown,,/benchmark-eeg/5.0_version/result_5/linear_downsample/Workload_cross_subject_linear_downsample/seed_5_downsample_t40/ratio_full/neurolm/summary.json
Workload_cross_subject_linear_downsample,reve,seed_10_downsample_t40,Workload,cross_subject,10,0.31432699225824995,0.3333333333333333,balanced_chance,Unknown,Unknown,Unknown,,/benchmark-eeg/5.0_version/result_5/linear_downsample/Workload_cross_subject_linear_downsample/seed_10_downsample_t40/ratio_full/reve/summary.json
Workload_cross_subject_linear_downsample,reve,seed_42_downsample_t40,Workload,cross_subject,42,0.3560261735264339,0.3333333333333333,balanced_chance,Unknown,Unknown,Unknown,,/benchmark-eeg/5.0_version/result_5/linear_downsample/Workload_cross_subject_linear_downsample/seed_42_downsample_t40/ratio_full/reve/summary.json
Workload_cross_subject_linear_downsample,reve,seed_5_downsample_t40,Workload,cross_subject,5,0.35082538315136597,0.3333333333333333,balanced_chance,Unknown,Unknown,Unknown,,/benchmark-eeg/5.0_version/result_5/linear_downsample/Workload_cross_subject_linear_downsample/seed_5_downsample_t40/ratio_full/reve/summary.json
