dataset_folder,model,seed_folder,dataset_exp_name,participation_method,seed_num,score,chance_level,chance_source,category_en,category_ch,subtype,dataset_name,path
Awakening_balanced_within_subject_linear_downsample,bendr,seed_10_downsample_t40,Awakening_balanced,within_subject,10,0.5092427581697968,0.5,balanced_chance,Unknown,Unknown,Unknown,,/benchmark-eeg/5.0_version/result_5/linear_downsample/Awakening_balanced_within_subject_linear_downsample/seed_10_downsample_t40/ratio_full/bendr/summary.json
Awakening_balanced_within_subject_linear_downsample,bendr,seed_42_downsample_t40,Awakening_balanced,within_subject,42,0.5312156670328849,0.5,balanced_chance,Unknown,Unknown,Unknown,,/benchmark-eeg/5.0_version/result_5/linear_downsample/Awakening_balanced_within_subject_linear_downsample/seed_42_downsample_t40/ratio_full/bendr/summary.json
Awakening_balanced_within_subject_linear_downsample,bendr,seed_5_downsample_t40,Awakening_balanced,within_subject,5,0.5560606060606061,0.5,balanced_chance,Unknown,Unknown,Unknown,,/benchmark-eeg/5.0_version/result_5/linear_downsample/Awakening_balanced_within_subject_linear_downsample/seed_5_downsample_t40/ratio_full/bendr/summary.json
Awakening_balanced_within_subject_linear_downsample,biot,seed_10_downsample_t40,Awakening_balanced,within_subject,10,0.9849627231601481,0.5,balanced_chance,Unknown,Unknown,Unknown,,/benchmark-eeg/5.0_version/result_5/linear_downsample/Awakening_balanced_within_subject_linear_downsample/seed_10_downsample_t40/ratio_full/biot/summary.json
Awakening_balanced_within_subject_linear_downsample,biot,seed_42_downsample_t40,Awakening_balanced,within_subject,42,0.9784268967797677,0.5,balanced_chance,Unknown,Unknown,Unknown,,/benchmark-eeg/5.0_version/result_5/linear_downsample/Awakening_balanced_within_subject_linear_downsample/seed_42_downsample_t40/ratio_full/biot/summary.json
Awakening_balanced_within_subject_linear_downsample,biot,seed_5_downsample_t40,Awakening_balanced,within_subject,5,0.978030303030303,0.5,balanced_chance,Unknown,Unknown,Unknown,,/benchmark-eeg/5.0_version/result_5/linear_downsample/Awakening_balanced_within_subject_linear_downsample/seed_5_downsample_t40/ratio_full/biot/summary.json
Awakening_balanced_within_subject_linear_downsample,brainomni,seed_10_downsample_t40,Awakening_balanced,within_subject,10,0.9889434889434889,0.5,balanced_chance,Unknown,Unknown,Unknown,,/benchmark-eeg/5.0_version/result_5/linear_downsample/Awakening_balanced_within_subject_linear_downsample/seed_10_downsample_t40/ratio_full/brainomni/summary.json
Awakening_balanced_within_subject_linear_downsample,brainomni,seed_42_downsample_t40,Awakening_balanced,within_subject,42,0.990533434310034,0.5,balanced_chance,Unknown,Unknown,Unknown,,/benchmark-eeg/5.0_version/result_5/linear_downsample/Awakening_balanced_within_subject_linear_downsample/seed_42_downsample_t40/ratio_full/brainomni/summary.json
Awakening_balanced_within_subject_linear_downsample,brainomni,seed_5_downsample_t40,Awakening_balanced,within_subject,5,0.9774891774891775,0.5,balanced_chance,Unknown,Unknown,Unknown,,/benchmark-eeg/5.0_version/result_5/linear_downsample/Awakening_balanced_within_subject_linear_downsample/seed_5_downsample_t40/ratio_full/brainomni/summary.json
Awakening_balanced_within_subject_linear_downsample,cbramod,seed_10_downsample_t40,Awakening_balanced,within_subject,10,0.818387447142812,0.5,balanced_chance,Unknown,Unknown,Unknown,,/benchmark-eeg/5.0_version/result_5/linear_downsample/Awakening_balanced_within_subject_linear_downsample/seed_10_downsample_t40/ratio_full/cbramod/summary.json
Awakening_balanced_within_subject_linear_downsample,cbramod,seed_42_downsample_t40,Awakening_balanced,within_subject,42,0.8164712909728964,0.5,balanced_chance,Unknown,Unknown,Unknown,,/benchmark-eeg/5.0_version/result_5/linear_downsample/Awakening_balanced_within_subject_linear_downsample/seed_42_downsample_t40/ratio_full/cbramod/summary.json
Awakening_balanced_within_subject_linear_downsample,cbramod,seed_5_downsample_t40,Awakening_balanced,within_subject,5,0.8098484848484848,0.5,balanced_chance,Unknown,Unknown,Unknown,,/benchmark-eeg/5.0_version/result_5/linear_downsample/Awakening_balanced_within_subject_linear_downsample/seed_5_downsample_t40/ratio_full/cbramod/summary.json
Awakening_balanced_within_subject_linear_downsample,eegmamba,seed_10_downsample_t40,Awakening_balanced,within_subject,10,0.8010618890447216,0.5,balanced_chance,Unknown,Unknown,Unknown,,/benchmark-eeg/5.0_version/result_5/linear_downsample/Awakening_balanced_within_subject_linear_downsample/seed_10_downsample_t40/ratio_full/eegmamba/summary.json
Awakening_balanced_within_subject_linear_downsample,eegmamba,seed_42_downsample_t40,Awakening_balanced,within_subject,42,0.8124180008746573,0.5,balanced_chance,Unknown,Unknown,Unknown,,/benchmark-eeg/5.0_version/result_5/linear_downsample/Awakening_balanced_within_subject_linear_downsample/seed_42_downsample_t40/ratio_full/eegmamba/summary.json
Awakening_balanced_within_subject_linear_downsample,eegmamba,seed_5_downsample_t40,Awakening_balanced,within_subject,5,0.7586580086580086,0.5,balanced_chance,Unknown,Unknown,Unknown,,/benchmark-eeg/5.0_version/result_5/linear_downsample/Awakening_balanced_within_subject_linear_downsample/seed_5_downsample_t40/ratio_full/eegmamba/summary.json
Awakening_balanced_within_subject_linear_downsample,femba,seed_10_downsample_t40,Awakening_balanced,within_subject,10,0.9613259377207874,0.5,balanced_chance,Unknown,Unknown,Unknown,,/benchmark-eeg/5.0_version/result_5/linear_downsample/Awakening_balanced_within_subject_linear_downsample/seed_10_downsample_t40/ratio_full/femba/summary.json
Awakening_balanced_within_subject_linear_downsample,femba,seed_42_downsample_t40,Awakening_balanced,within_subject,42,0.9607044191528624,0.5,balanced_chance,Unknown,Unknown,Unknown,,/benchmark-eeg/5.0_version/result_5/linear_downsample/Awakening_balanced_within_subject_linear_downsample/seed_42_downsample_t40/ratio_full/femba/summary.json
Awakening_balanced_within_subject_linear_downsample,femba,seed_5_downsample_t40,Awakening_balanced,within_subject,5,0.9510822510822511,0.5,balanced_chance,Unknown,Unknown,Unknown,,/benchmark-eeg/5.0_version/result_5/linear_downsample/Awakening_balanced_within_subject_linear_downsample/seed_5_downsample_t40/ratio_full/femba/summary.json
Awakening_balanced_within_subject_linear_downsample,labram,seed_10_downsample_t40,Awakening_balanced,within_subject,10,0.9413746559669307,0.5,balanced_chance,Unknown,Unknown,Unknown,,/benchmark-eeg/5.0_version/result_5/linear_downsample/Awakening_balanced_within_subject_linear_downsample/seed_10_downsample_t40/ratio_full/labram/summary.json
Awakening_balanced_within_subject_linear_downsample,labram,seed_42_downsample_t40,Awakening_balanced,within_subject,42,0.9348273618414737,0.5,balanced_chance,Unknown,Unknown,Unknown,,/benchmark-eeg/5.0_version/result_5/linear_downsample/Awakening_balanced_within_subject_linear_downsample/seed_42_downsample_t40/ratio_full/labram/summary.json
Awakening_balanced_within_subject_linear_downsample,labram,seed_5_downsample_t40,Awakening_balanced,within_subject,5,0.9378787878787879,0.5,balanced_chance,Unknown,Unknown,Unknown,,/benchmark-eeg/5.0_version/result_5/linear_downsample/Awakening_balanced_within_subject_linear_downsample/seed_5_downsample_t40/ratio_full/labram/summary.json
Awakening_balanced_within_subject_linear_downsample,neurogpt,seed_10_downsample_t40,Awakening_balanced,within_subject,10,0.807626198184138,0.5,balanced_chance,Unknown,Unknown,Unknown,,/benchmark-eeg/5.0_version/result_5/linear_downsample/Awakening_balanced_within_subject_linear_downsample/seed_10_downsample_t40/ratio_full/neurogpt/summary.json
Awakening_balanced_within_subject_linear_downsample,neurogpt,seed_42_downsample_t40,Awakening_balanced,within_subject,42,0.810300690125972,0.5,balanced_chance,Unknown,Unknown,Unknown,,/benchmark-eeg/5.0_version/result_5/linear_downsample/Awakening_balanced_within_subject_linear_downsample/seed_42_downsample_t40/ratio_full/neurogpt/summary.json
Awakening_balanced_within_subject_linear_downsample,neurogpt,seed_5_downsample_t40,Awakening_balanced,within_subject,5,0.830952380952381,0.5,balanced_chance,Unknown,Unknown,Unknown,,/benchmark-eeg/5.0_version/result_5/linear_downsample/Awakening_balanced_within_subject_linear_downsample/seed_5_downsample_t40/ratio_full/neurogpt/summary.json
Awakening_balanced_within_subject_linear_downsample,neurolm,seed_10_downsample_t40,Awakening_balanced,within_subject,10,0.9303339625228038,0.5,balanced_chance,Unknown,Unknown,Unknown,,/benchmark-eeg/5.0_version/result_5/linear_downsample/Awakening_balanced_within_subject_linear_downsample/seed_10_downsample_t40/ratio_full/neurolm/summary.json
Awakening_balanced_within_subject_linear_downsample,neurolm,seed_42_downsample_t40,Awakening_balanced,within_subject,42,0.9110356156201,0.5,balanced_chance,Unknown,Unknown,Unknown,,/benchmark-eeg/5.0_version/result_5/linear_downsample/Awakening_balanced_within_subject_linear_downsample/seed_42_downsample_t40/ratio_full/neurolm/summary.json
Awakening_balanced_within_subject_linear_downsample,neurolm,seed_5_downsample_t40,Awakening_balanced,within_subject,5,0.9337662337662338,0.5,balanced_chance,Unknown,Unknown,Unknown,,/benchmark-eeg/5.0_version/result_5/linear_downsample/Awakening_balanced_within_subject_linear_downsample/seed_5_downsample_t40/ratio_full/neurolm/summary.json
Awakening_balanced_within_subject_linear_downsample,reve,seed_10_downsample_t40,Awakening_balanced,within_subject,10,0.6074437683879744,0.5,balanced_chance,Unknown,Unknown,Unknown,,/benchmark-eeg/5.0_version/result_5/linear_downsample/Awakening_balanced_within_subject_linear_downsample/seed_10_downsample_t40/ratio_full/reve/summary.json
Awakening_balanced_within_subject_linear_downsample,reve,seed_42_downsample_t40,Awakening_balanced,within_subject,42,0.5879137289202248,0.5,balanced_chance,Unknown,Unknown,Unknown,,/benchmark-eeg/5.0_version/result_5/linear_downsample/Awakening_balanced_within_subject_linear_downsample/seed_42_downsample_t40/ratio_full/reve/summary.json
Awakening_balanced_within_subject_linear_downsample,reve,seed_5_downsample_t40,Awakening_balanced,within_subject,5,0.6391774891774892,0.5,balanced_chance,Unknown,Unknown,Unknown,,/benchmark-eeg/5.0_version/result_5/linear_downsample/Awakening_balanced_within_subject_linear_downsample/seed_5_downsample_t40/ratio_full/reve/summary.json
BCIC2A_wsn_within_subject_linear_downsample,bendr,seed_10_downsample_t40,BCIC2A_wsn,within_subject,10,0.2443614554777709,0.25,balanced_chance,Unknown,Unknown,Unknown,,/benchmark-eeg/5.0_version/result_5/linear_downsample/BCIC2A_wsn_within_subject_linear_downsample/seed_10_downsample_t40/ratio_full/bendr/summary.json
BCIC2A_wsn_within_subject_linear_downsample,bendr,seed_42_downsample_t40,BCIC2A_wsn,within_subject,42,0.2446373885706951,0.25,balanced_chance,Unknown,Unknown,Unknown,,/benchmark-eeg/5.0_version/result_5/linear_downsample/BCIC2A_wsn_within_subject_linear_downsample/seed_42_downsample_t40/ratio_full/bendr/summary.json
BCIC2A_wsn_within_subject_linear_downsample,bendr,seed_5_downsample_t40,BCIC2A_wsn,within_subject,5,0.2299636414055821,0.25,balanced_chance,Unknown,Unknown,Unknown,,/benchmark-eeg/5.0_version/result_5/linear_downsample/BCIC2A_wsn_within_subject_linear_downsample/seed_5_downsample_t40/ratio_full/bendr/summary.json
BCIC2A_wsn_within_subject_linear_downsample,biot,seed_10_downsample_t40,BCIC2A_wsn,within_subject,10,0.25,0.25,balanced_chance,Unknown,Unknown,Unknown,,/benchmark-eeg/5.0_version/result_5/linear_downsample/BCIC2A_wsn_within_subject_linear_downsample/seed_10_downsample_t40/ratio_full/biot/summary.json
BCIC2A_wsn_within_subject_linear_downsample,biot,seed_42_downsample_t40,BCIC2A_wsn,within_subject,42,0.25,0.25,balanced_chance,Unknown,Unknown,Unknown,,/benchmark-eeg/5.0_version/result_5/linear_downsample/BCIC2A_wsn_within_subject_linear_downsample/seed_42_downsample_t40/ratio_full/biot/summary.json
BCIC2A_wsn_within_subject_linear_downsample,biot,seed_5_downsample_t40,BCIC2A_wsn,within_subject,5,0.25,0.25,balanced_chance,Unknown,Unknown,Unknown,,/benchmark-eeg/5.0_version/result_5/linear_downsample/BCIC2A_wsn_within_subject_linear_downsample/seed_5_downsample_t40/ratio_full/biot/summary.json
BCIC2A_wsn_within_subject_linear_downsample,brainomni,seed_10_downsample_t40,BCIC2A_wsn,within_subject,10,0.3078844448059257,0.25,balanced_chance,Unknown,Unknown,Unknown,,/benchmark-eeg/5.0_version/result_5/linear_downsample/BCIC2A_wsn_within_subject_linear_downsample/seed_10_downsample_t40/ratio_full/brainomni/summary.json
BCIC2A_wsn_within_subject_linear_downsample,brainomni,seed_42_downsample_t40,BCIC2A_wsn,within_subject,42,0.3201590463040844,0.25,balanced_chance,Unknown,Unknown,Unknown,,/benchmark-eeg/5.0_version/result_5/linear_downsample/BCIC2A_wsn_within_subject_linear_downsample/seed_42_downsample_t40/ratio_full/brainomni/summary.json
BCIC2A_wsn_within_subject_linear_downsample,brainomni,seed_5_downsample_t40,BCIC2A_wsn,within_subject,5,0.3147518902223248,0.25,balanced_chance,Unknown,Unknown,Unknown,,/benchmark-eeg/5.0_version/result_5/linear_downsample/BCIC2A_wsn_within_subject_linear_downsample/seed_5_downsample_t40/ratio_full/brainomni/summary.json
BCIC2A_wsn_within_subject_linear_downsample,cbramod,seed_10_downsample_t40,BCIC2A_wsn,within_subject,10,0.2628113188701888,0.25,balanced_chance,Unknown,Unknown,Unknown,,/benchmark-eeg/5.0_version/result_5/linear_downsample/BCIC2A_wsn_within_subject_linear_downsample/seed_10_downsample_t40/ratio_full/cbramod/summary.json
BCIC2A_wsn_within_subject_linear_downsample,cbramod,seed_42_downsample_t40,BCIC2A_wsn,within_subject,42,0.2825843900271381,0.25,balanced_chance,Unknown,Unknown,Unknown,,/benchmark-eeg/5.0_version/result_5/linear_downsample/BCIC2A_wsn_within_subject_linear_downsample/seed_42_downsample_t40/ratio_full/cbramod/summary.json
BCIC2A_wsn_within_subject_linear_downsample,cbramod,seed_5_downsample_t40,BCIC2A_wsn,within_subject,5,0.2782408667026627,0.25,balanced_chance,Unknown,Unknown,Unknown,,/benchmark-eeg/5.0_version/result_5/linear_downsample/BCIC2A_wsn_within_subject_linear_downsample/seed_5_downsample_t40/ratio_full/cbramod/summary.json
BCIC2A_wsn_within_subject_linear_downsample,eegmamba,seed_10_downsample_t40,BCIC2A_wsn,within_subject,10,0.281305847505544,0.25,balanced_chance,Unknown,Unknown,Unknown,,/benchmark-eeg/5.0_version/result_5/linear_downsample/BCIC2A_wsn_within_subject_linear_downsample/seed_10_downsample_t40/ratio_full/eegmamba/summary.json
BCIC2A_wsn_within_subject_linear_downsample,eegmamba,seed_42_downsample_t40,BCIC2A_wsn,within_subject,42,0.2911672864414929,0.25,balanced_chance,Unknown,Unknown,Unknown,,/benchmark-eeg/5.0_version/result_5/linear_downsample/BCIC2A_wsn_within_subject_linear_downsample/seed_42_downsample_t40/ratio_full/eegmamba/summary.json
BCIC2A_wsn_within_subject_linear_downsample,eegmamba,seed_5_downsample_t40,BCIC2A_wsn,within_subject,5,0.2898469515818676,0.25,balanced_chance,Unknown,Unknown,Unknown,,/benchmark-eeg/5.0_version/result_5/linear_downsample/BCIC2A_wsn_within_subject_linear_downsample/seed_5_downsample_t40/ratio_full/eegmamba/summary.json
BCIC2A_wsn_within_subject_linear_downsample,femba,seed_10_downsample_t40,BCIC2A_wsn,within_subject,10,0.3030081743349941,0.25,balanced_chance,Unknown,Unknown,Unknown,,/benchmark-eeg/5.0_version/result_5/linear_downsample/BCIC2A_wsn_within_subject_linear_downsample/seed_10_downsample_t40/ratio_full/femba/summary.json
BCIC2A_wsn_within_subject_linear_downsample,femba,seed_42_downsample_t40,BCIC2A_wsn,within_subject,42,0.3308805869874572,0.25,balanced_chance,Unknown,Unknown,Unknown,,/benchmark-eeg/5.0_version/result_5/linear_downsample/BCIC2A_wsn_within_subject_linear_downsample/seed_42_downsample_t40/ratio_full/femba/summary.json
BCIC2A_wsn_within_subject_linear_downsample,femba,seed_5_downsample_t40,BCIC2A_wsn,within_subject,5,0.3244938600652456,0.25,balanced_chance,Unknown,Unknown,Unknown,,/benchmark-eeg/5.0_version/result_5/linear_downsample/BCIC2A_wsn_within_subject_linear_downsample/seed_5_downsample_t40/ratio_full/femba/summary.json
BCIC2A_wsn_within_subject_linear_downsample,labram,seed_10_downsample_t40,BCIC2A_wsn,within_subject,10,0.28521290347390094,0.25,balanced_chance,Unknown,Unknown,Unknown,,/benchmark-eeg/5.0_version/result_5/linear_downsample/BCIC2A_wsn_within_subject_linear_downsample/seed_10_downsample_t40/ratio_full/labram/summary.json
BCIC2A_wsn_within_subject_linear_downsample,labram,seed_42_downsample_t40,BCIC2A_wsn,within_subject,42,0.2615873530296994,0.25,balanced_chance,Unknown,Unknown,Unknown,,/benchmark-eeg/5.0_version/result_5/linear_downsample/BCIC2A_wsn_within_subject_linear_downsample/seed_42_downsample_t40/ratio_full/labram/summary.json
BCIC2A_wsn_within_subject_linear_downsample,labram,seed_5_downsample_t40,BCIC2A_wsn,within_subject,5,0.27095757710001334,0.25,balanced_chance,Unknown,Unknown,Unknown,,/benchmark-eeg/5.0_version/result_5/linear_downsample/BCIC2A_wsn_within_subject_linear_downsample/seed_5_downsample_t40/ratio_full/labram/summary.json
BCIC2A_wsn_within_subject_linear_downsample,neurogpt,seed_10_downsample_t40,BCIC2A_wsn,within_subject,10,0.31414411270410525,0.25,balanced_chance,Unknown,Unknown,Unknown,,/benchmark-eeg/5.0_version/result_5/linear_downsample/BCIC2A_wsn_within_subject_linear_downsample/seed_10_downsample_t40/ratio_full/neurogpt/summary.json
BCIC2A_wsn_within_subject_linear_downsample,neurogpt,seed_42_downsample_t40,BCIC2A_wsn,within_subject,42,0.2829511040539566,0.25,balanced_chance,Unknown,Unknown,Unknown,,/benchmark-eeg/5.0_version/result_5/linear_downsample/BCIC2A_wsn_within_subject_linear_downsample/seed_42_downsample_t40/ratio_full/neurogpt/summary.json
BCIC2A_wsn_within_subject_linear_downsample,neurogpt,seed_5_downsample_t40,BCIC2A_wsn,within_subject,5,0.3029882055153267,0.25,balanced_chance,Unknown,Unknown,Unknown,,/benchmark-eeg/5.0_version/result_5/linear_downsample/BCIC2A_wsn_within_subject_linear_downsample/seed_5_downsample_t40/ratio_full/neurogpt/summary.json
BCIC2A_wsn_within_subject_linear_downsample,neurolm,seed_10_downsample_t40,BCIC2A_wsn,within_subject,10,0.32027973458806647,0.25,balanced_chance,Unknown,Unknown,Unknown,,/benchmark-eeg/5.0_version/result_5/linear_downsample/BCIC2A_wsn_within_subject_linear_downsample/seed_10_downsample_t40/ratio_full/neurolm/summary.json
BCIC2A_wsn_within_subject_linear_downsample,neurolm,seed_42_downsample_t40,BCIC2A_wsn,within_subject,42,0.2773899788313207,0.25,balanced_chance,Unknown,Unknown,Unknown,,/benchmark-eeg/5.0_version/result_5/linear_downsample/BCIC2A_wsn_within_subject_linear_downsample/seed_42_downsample_t40/ratio_full/neurolm/summary.json
BCIC2A_wsn_within_subject_linear_downsample,neurolm,seed_5_downsample_t40,BCIC2A_wsn,within_subject,5,0.2927755922842309,0.25,balanced_chance,Unknown,Unknown,Unknown,,/benchmark-eeg/5.0_version/result_5/linear_downsample/BCIC2A_wsn_within_subject_linear_downsample/seed_5_downsample_t40/ratio_full/neurolm/summary.json
BCIC2A_wsn_within_subject_linear_downsample,reve,seed_10_downsample_t40,BCIC2A_wsn,within_subject,10,0.2486244083556844,0.25,balanced_chance,Unknown,Unknown,Unknown,,/benchmark-eeg/5.0_version/result_5/linear_downsample/BCIC2A_wsn_within_subject_linear_downsample/seed_10_downsample_t40/ratio_full/reve/summary.json
BCIC2A_wsn_within_subject_linear_downsample,reve,seed_42_downsample_t40,BCIC2A_wsn,within_subject,42,0.2740001815333274,0.25,balanced_chance,Unknown,Unknown,Unknown,,/benchmark-eeg/5.0_version/result_5/linear_downsample/BCIC2A_wsn_within_subject_linear_downsample/seed_42_downsample_t40/ratio_full/reve/summary.json
BCIC2A_wsn_within_subject_linear_downsample,reve,seed_5_downsample_t40,BCIC2A_wsn,within_subject,5,0.2343422512552962,0.25,balanced_chance,Unknown,Unknown,Unknown,,/benchmark-eeg/5.0_version/result_5/linear_downsample/BCIC2A_wsn_within_subject_linear_downsample/seed_5_downsample_t40/ratio_full/reve/summary.json
BCI_Speech_within_subject_linear_downsample,bendr,seed_10_downsample_t40,BCI_Speech,within_subject,10,0.21386173476892548,0.2,balanced_chance,Unknown,Unknown,Unknown,,/benchmark-eeg/5.0_version/result_5/linear_downsample/BCI_Speech_within_subject_linear_downsample/seed_10_downsample_t40/ratio_full/bendr/summary.json
BCI_Speech_within_subject_linear_downsample,bendr,seed_42_downsample_t40,BCI_Speech,within_subject,42,0.1947073489914544,0.2,balanced_chance,Unknown,Unknown,Unknown,,/benchmark-eeg/5.0_version/result_5/linear_downsample/BCI_Speech_within_subject_linear_downsample/seed_42_downsample_t40/ratio_full/bendr/summary.json
BCI_Speech_within_subject_linear_downsample,bendr,seed_5_downsample_t40,BCI_Speech,within_subject,5,0.1956978516978517,0.2,balanced_chance,Unknown,Unknown,Unknown,,/benchmark-eeg/5.0_version/result_5/linear_downsample/BCI_Speech_within_subject_linear_downsample/seed_5_downsample_t40/ratio_full/bendr/summary.json
BCI_Speech_within_subject_linear_downsample,biot,seed_10_downsample_t40,BCI_Speech,within_subject,10,0.2102602154023078,0.2,balanced_chance,Unknown,Unknown,Unknown,,/benchmark-eeg/5.0_version/result_5/linear_downsample/BCI_Speech_within_subject_linear_downsample/seed_10_downsample_t40/ratio_full/biot/summary.json
BCI_Speech_within_subject_linear_downsample,biot,seed_42_downsample_t40,BCI_Speech,within_subject,42,0.19469776951143997,0.2,balanced_chance,Unknown,Unknown,Unknown,,/benchmark-eeg/5.0_version/result_5/linear_downsample/BCI_Speech_within_subject_linear_downsample/seed_42_downsample_t40/ratio_full/biot/summary.json
BCI_Speech_within_subject_linear_downsample,biot,seed_5_downsample_t40,BCI_Speech,within_subject,5,0.22159778239778238,0.2,balanced_chance,Unknown,Unknown,Unknown,,/benchmark-eeg/5.0_version/result_5/linear_downsample/BCI_Speech_within_subject_linear_downsample/seed_5_downsample_t40/ratio_full/biot/summary.json
BCI_Speech_within_subject_linear_downsample,brainomni,seed_10_downsample_t40,BCI_Speech,within_subject,10,0.22139949879647797,0.2,balanced_chance,Unknown,Unknown,Unknown,,/benchmark-eeg/5.0_version/result_5/linear_downsample/BCI_Speech_within_subject_linear_downsample/seed_10_downsample_t40/ratio_full/brainomni/summary.json
BCI_Speech_within_subject_linear_downsample,brainomni,seed_42_downsample_t40,BCI_Speech,within_subject,42,0.19356974791163903,0.2,balanced_chance,Unknown,Unknown,Unknown,,/benchmark-eeg/5.0_version/result_5/linear_downsample/BCI_Speech_within_subject_linear_downsample/seed_42_downsample_t40/ratio_full/brainomni/summary.json
BCI_Speech_within_subject_linear_downsample,brainomni,seed_5_downsample_t40,BCI_Speech,within_subject,5,0.1810914298914299,0.2,balanced_chance,Unknown,Unknown,Unknown,,/benchmark-eeg/5.0_version/result_5/linear_downsample/BCI_Speech_within_subject_linear_downsample/seed_5_downsample_t40/ratio_full/brainomni/summary.json
BCI_Speech_within_subject_linear_downsample,cbramod,seed_10_downsample_t40,BCI_Speech,within_subject,10,0.21532667658067303,0.2,balanced_chance,Unknown,Unknown,Unknown,,/benchmark-eeg/5.0_version/result_5/linear_downsample/BCI_Speech_within_subject_linear_downsample/seed_10_downsample_t40/ratio_full/cbramod/summary.json
BCI_Speech_within_subject_linear_downsample,cbramod,seed_42_downsample_t40,BCI_Speech,within_subject,42,0.24356608404521923,0.2,balanced_chance,Unknown,Unknown,Unknown,,/benchmark-eeg/5.0_version/result_5/linear_downsample/BCI_Speech_within_subject_linear_downsample/seed_42_downsample_t40/ratio_full/cbramod/summary.json
BCI_Speech_within_subject_linear_downsample,cbramod,seed_5_downsample_t40,BCI_Speech,within_subject,5,0.21390436590436587,0.2,balanced_chance,Unknown,Unknown,Unknown,,/benchmark-eeg/5.0_version/result_5/linear_downsample/BCI_Speech_within_subject_linear_downsample/seed_5_downsample_t40/ratio_full/cbramod/summary.json
BCI_Speech_within_subject_linear_downsample,eegmamba,seed_10_downsample_t40,BCI_Speech,within_subject,10,0.20554246992560876,0.2,balanced_chance,Unknown,Unknown,Unknown,,/benchmark-eeg/5.0_version/result_5/linear_downsample/BCI_Speech_within_subject_linear_downsample/seed_10_downsample_t40/ratio_full/eegmamba/summary.json
BCI_Speech_within_subject_linear_downsample,eegmamba,seed_42_downsample_t40,BCI_Speech,within_subject,42,0.2130790570260003,0.2,balanced_chance,Unknown,Unknown,Unknown,,/benchmark-eeg/5.0_version/result_5/linear_downsample/BCI_Speech_within_subject_linear_downsample/seed_42_downsample_t40/ratio_full/eegmamba/summary.json
BCI_Speech_within_subject_linear_downsample,eegmamba,seed_5_downsample_t40,BCI_Speech,within_subject,5,0.21848020328020326,0.2,balanced_chance,Unknown,Unknown,Unknown,,/benchmark-eeg/5.0_version/result_5/linear_downsample/BCI_Speech_within_subject_linear_downsample/seed_5_downsample_t40/ratio_full/eegmamba/summary.json
BCI_Speech_within_subject_linear_downsample,femba,seed_10_downsample_t40,BCI_Speech,within_subject,10,0.20053664900461038,0.2,balanced_chance,Unknown,Unknown,Unknown,,/benchmark-eeg/5.0_version/result_5/linear_downsample/BCI_Speech_within_subject_linear_downsample/seed_10_downsample_t40/ratio_full/femba/summary.json
BCI_Speech_within_subject_linear_downsample,femba,seed_42_downsample_t40,BCI_Speech,within_subject,42,0.1949438834497534,0.2,balanced_chance,Unknown,Unknown,Unknown,,/benchmark-eeg/5.0_version/result_5/linear_downsample/BCI_Speech_within_subject_linear_downsample/seed_42_downsample_t40/ratio_full/femba/summary.json
BCI_Speech_within_subject_linear_downsample,femba,seed_5_downsample_t40,BCI_Speech,within_subject,5,0.21693970893970893,0.2,balanced_chance,Unknown,Unknown,Unknown,,/benchmark-eeg/5.0_version/result_5/linear_downsample/BCI_Speech_within_subject_linear_downsample/seed_5_downsample_t40/ratio_full/femba/summary.json
BCI_Speech_within_subject_linear_downsample,labram,seed_10_downsample_t40,BCI_Speech,within_subject,10,0.23173231644219242,0.2,balanced_chance,Unknown,Unknown,Unknown,,/benchmark-eeg/5.0_version/result_5/linear_downsample/BCI_Speech_within_subject_linear_downsample/seed_10_downsample_t40/ratio_full/labram/summary.json
BCI_Speech_within_subject_linear_downsample,labram,seed_42_downsample_t40,BCI_Speech,within_subject,42,0.2198040883242721,0.2,balanced_chance,Unknown,Unknown,Unknown,,/benchmark-eeg/5.0_version/result_5/linear_downsample/BCI_Speech_within_subject_linear_downsample/seed_42_downsample_t40/ratio_full/labram/summary.json
BCI_Speech_within_subject_linear_downsample,labram,seed_5_downsample_t40,BCI_Speech,within_subject,5,0.2021028413028413,0.2,balanced_chance,Unknown,Unknown,Unknown,,/benchmark-eeg/5.0_version/result_5/linear_downsample/BCI_Speech_within_subject_linear_downsample/seed_5_downsample_t40/ratio_full/labram/summary.json
BCI_Speech_within_subject_linear_downsample,neurogpt,seed_10_downsample_t40,BCI_Speech,within_subject,10,0.1899545850951721,0.2,balanced_chance,Unknown,Unknown,Unknown,,/benchmark-eeg/5.0_version/result_5/linear_downsample/BCI_Speech_within_subject_linear_downsample/seed_10_downsample_t40/ratio_full/neurogpt/summary.json
BCI_Speech_within_subject_linear_downsample,neurogpt,seed_42_downsample_t40,BCI_Speech,within_subject,42,0.21482421256393494,0.2,balanced_chance,Unknown,Unknown,Unknown,,/benchmark-eeg/5.0_version/result_5/linear_downsample/BCI_Speech_within_subject_linear_downsample/seed_42_downsample_t40/ratio_full/neurogpt/summary.json
BCI_Speech_within_subject_linear_downsample,neurogpt,seed_5_downsample_t40,BCI_Speech,within_subject,5,0.21251300531300532,0.2,balanced_chance,Unknown,Unknown,Unknown,,/benchmark-eeg/5.0_version/result_5/linear_downsample/BCI_Speech_within_subject_linear_downsample/seed_5_downsample_t40/ratio_full/neurogpt/summary.json
BCI_Speech_within_subject_linear_downsample,neurolm,seed_10_downsample_t40,BCI_Speech,within_subject,10,0.23451995643309806,0.2,balanced_chance,Unknown,Unknown,Unknown,,/benchmark-eeg/5.0_version/result_5/linear_downsample/BCI_Speech_within_subject_linear_downsample/seed_10_downsample_t40/ratio_full/neurolm/summary.json
BCI_Speech_within_subject_linear_downsample,neurolm,seed_42_downsample_t40,BCI_Speech,within_subject,42,0.2526760463050942,0.2,balanced_chance,Unknown,Unknown,Unknown,,/benchmark-eeg/5.0_version/result_5/linear_downsample/BCI_Speech_within_subject_linear_downsample/seed_42_downsample_t40/ratio_full/neurolm/summary.json
BCI_Speech_within_subject_linear_downsample,neurolm,seed_5_downsample_t40,BCI_Speech,within_subject,5,0.21471323631323633,0.2,balanced_chance,Unknown,Unknown,Unknown,,/benchmark-eeg/5.0_version/result_5/linear_downsample/BCI_Speech_within_subject_linear_downsample/seed_5_downsample_t40/ratio_full/neurolm/summary.json
BCI_Speech_within_subject_linear_downsample,reve,seed_10_downsample_t40,BCI_Speech,within_subject,10,0.2032085230326584,0.2,balanced_chance,Unknown,Unknown,Unknown,,/benchmark-eeg/5.0_version/result_5/linear_downsample/BCI_Speech_within_subject_linear_downsample/seed_10_downsample_t40/ratio_full/reve/summary.json
BCI_Speech_within_subject_linear_downsample,reve,seed_42_downsample_t40,BCI_Speech,within_subject,42,0.17296607290113766,0.2,balanced_chance,Unknown,Unknown,Unknown,,/benchmark-eeg/5.0_version/result_5/linear_downsample/BCI_Speech_within_subject_linear_downsample/seed_42_downsample_t40/ratio_full/reve/summary.json
BCI_Speech_within_subject_linear_downsample,reve,seed_5_downsample_t40,BCI_Speech,within_subject,5,0.22124518364518364,0.2,balanced_chance,Unknown,Unknown,Unknown,,/benchmark-eeg/5.0_version/result_5/linear_downsample/BCI_Speech_within_subject_linear_downsample/seed_5_downsample_t40/ratio_full/reve/summary.json
BETA_SSVEP_within_subject_linear_downsample,reve,seed_10_downsample_t40,BETA_SSVEP,within_subject,10,0.04484842893312308,,unknown,Unknown,Unknown,Unknown,,/benchmark-eeg/5.0_version/result_5/linear_downsample/BETA_SSVEP_within_subject_linear_downsample/seed_10_downsample_t40/ratio_full/reve/summary.json
BETA_SSVEP_within_subject_linear_downsample,reve,seed_42_downsample_t40,BETA_SSVEP,within_subject,42,0.0373343401547502,,unknown,Unknown,Unknown,Unknown,,/benchmark-eeg/5.0_version/result_5/linear_downsample/BETA_SSVEP_within_subject_linear_downsample/seed_42_downsample_t40/ratio_full/reve/summary.json
BETA_SSVEP_within_subject_linear_downsample,reve,seed_5_downsample_t40,BETA_SSVEP,within_subject,5,0.03578173148407436,,unknown,Unknown,Unknown,Unknown,,/benchmark-eeg/5.0_version/result_5/linear_downsample/BETA_SSVEP_within_subject_linear_downsample/seed_5_downsample_t40/ratio_full/reve/summary.json
BETA_SSVEP_wsn_within_subject_linear_downsample,bendr,seed_10_downsample_t40,BETA_SSVEP_wsn,within_subject,10,0.03949373220840199,0.025,balanced_chance,Unknown,Unknown,Unknown,,/benchmark-eeg/5.0_version/result_5/linear_downsample/BETA_SSVEP_wsn_within_subject_linear_downsample/seed_10_downsample_t40/ratio_full/bendr/summary.json
BETA_SSVEP_wsn_within_subject_linear_downsample,bendr,seed_42_downsample_t40,BETA_SSVEP_wsn,within_subject,42,0.028016388420000947,0.025,balanced_chance,Unknown,Unknown,Unknown,,/benchmark-eeg/5.0_version/result_5/linear_downsample/BETA_SSVEP_wsn_within_subject_linear_downsample/seed_42_downsample_t40/ratio_full/bendr/summary.json
BETA_SSVEP_wsn_within_subject_linear_downsample,bendr,seed_5_downsample_t40,BETA_SSVEP_wsn,within_subject,5,0.03414507200063846,0.025,balanced_chance,Unknown,Unknown,Unknown,,/benchmark-eeg/5.0_version/result_5/linear_downsample/BETA_SSVEP_wsn_within_subject_linear_downsample/seed_5_downsample_t40/ratio_full/bendr/summary.json
BETA_SSVEP_wsn_within_subject_linear_downsample,biot,seed_10_downsample_t40,BETA_SSVEP_wsn,within_subject,10,0.027759859906451884,0.025,balanced_chance,Unknown,Unknown,Unknown,,/benchmark-eeg/5.0_version/result_5/linear_downsample/BETA_SSVEP_wsn_within_subject_linear_downsample/seed_10_downsample_t40/ratio_full/biot/summary.json
BETA_SSVEP_wsn_within_subject_linear_downsample,biot,seed_42_downsample_t40,BETA_SSVEP_wsn,within_subject,42,0.0284478701248151,0.025,balanced_chance,Unknown,Unknown,Unknown,,/benchmark-eeg/5.0_version/result_5/linear_downsample/BETA_SSVEP_wsn_within_subject_linear_downsample/seed_42_downsample_t40/ratio_full/biot/summary.json
BETA_SSVEP_wsn_within_subject_linear_downsample,biot,seed_5_downsample_t40,BETA_SSVEP_wsn,within_subject,5,0.03523394885416283,0.025,balanced_chance,Unknown,Unknown,Unknown,,/benchmark-eeg/5.0_version/result_5/linear_downsample/BETA_SSVEP_wsn_within_subject_linear_downsample/seed_5_downsample_t40/ratio_full/biot/summary.json
BETA_SSVEP_wsn_within_subject_linear_downsample,brainomni,seed_10_downsample_t40,BETA_SSVEP_wsn,within_subject,10,0.03623736783630269,0.025,balanced_chance,Unknown,Unknown,Unknown,,/benchmark-eeg/5.0_version/result_5/linear_downsample/BETA_SSVEP_wsn_within_subject_linear_downsample/seed_10_downsample_t40/ratio_full/brainomni/summary.json
BETA_SSVEP_wsn_within_subject_linear_downsample,brainomni,seed_42_downsample_t40,BETA_SSVEP_wsn,within_subject,42,0.0354777238201409,0.025,balanced_chance,Unknown,Unknown,Unknown,,/benchmark-eeg/5.0_version/result_5/linear_downsample/BETA_SSVEP_wsn_within_subject_linear_downsample/seed_42_downsample_t40/ratio_full/brainomni/summary.json
BETA_SSVEP_wsn_within_subject_linear_downsample,brainomni,seed_5_downsample_t40,BETA_SSVEP_wsn,within_subject,5,0.03580314829407388,0.025,balanced_chance,Unknown,Unknown,Unknown,,/benchmark-eeg/5.0_version/result_5/linear_downsample/BETA_SSVEP_wsn_within_subject_linear_downsample/seed_5_downsample_t40/ratio_full/brainomni/summary.json
BETA_SSVEP_wsn_within_subject_linear_downsample,cbramod,seed_10_downsample_t40,BETA_SSVEP_wsn,within_subject,10,0.027701075634073348,0.025,balanced_chance,Unknown,Unknown,Unknown,,/benchmark-eeg/5.0_version/result_5/linear_downsample/BETA_SSVEP_wsn_within_subject_linear_downsample/seed_10_downsample_t40/ratio_full/cbramod/summary.json
BETA_SSVEP_wsn_within_subject_linear_downsample,cbramod,seed_42_downsample_t40,BETA_SSVEP_wsn,within_subject,42,0.030532212885154064,0.025,balanced_chance,Unknown,Unknown,Unknown,,/benchmark-eeg/5.0_version/result_5/linear_downsample/BETA_SSVEP_wsn_within_subject_linear_downsample/seed_42_downsample_t40/ratio_full/cbramod/summary.json
BETA_SSVEP_wsn_within_subject_linear_downsample,cbramod,seed_5_downsample_t40,BETA_SSVEP_wsn,within_subject,5,0.0276047278175326,0.025,balanced_chance,Unknown,Unknown,Unknown,,/benchmark-eeg/5.0_version/result_5/linear_downsample/BETA_SSVEP_wsn_within_subject_linear_downsample/seed_5_downsample_t40/ratio_full/cbramod/summary.json
BETA_SSVEP_wsn_within_subject_linear_downsample,eegmamba,seed_10_downsample_t40,BETA_SSVEP_wsn,within_subject,10,0.025564445244355288,0.025,balanced_chance,Unknown,Unknown,Unknown,,/benchmark-eeg/5.0_version/result_5/linear_downsample/BETA_SSVEP_wsn_within_subject_linear_downsample/seed_10_downsample_t40/ratio_full/eegmamba/summary.json
BETA_SSVEP_wsn_within_subject_linear_downsample,eegmamba,seed_42_downsample_t40,BETA_SSVEP_wsn,within_subject,42,0.022782854972855798,0.025,balanced_chance,Unknown,Unknown,Unknown,,/benchmark-eeg/5.0_version/result_5/linear_downsample/BETA_SSVEP_wsn_within_subject_linear_downsample/seed_42_downsample_t40/ratio_full/eegmamba/summary.json
BETA_SSVEP_wsn_within_subject_linear_downsample,eegmamba,seed_5_downsample_t40,BETA_SSVEP_wsn,within_subject,5,0.023132947307521204,0.025,balanced_chance,Unknown,Unknown,Unknown,,/benchmark-eeg/5.0_version/result_5/linear_downsample/BETA_SSVEP_wsn_within_subject_linear_downsample/seed_5_downsample_t40/ratio_full/eegmamba/summary.json
BETA_SSVEP_wsn_within_subject_linear_downsample,femba,seed_10_downsample_t40,BETA_SSVEP_wsn,within_subject,10,0.04061827901361271,0.025,balanced_chance,Unknown,Unknown,Unknown,,/benchmark-eeg/5.0_version/result_5/linear_downsample/BETA_SSVEP_wsn_within_subject_linear_downsample/seed_10_downsample_t40/ratio_full/femba/summary.json
BETA_SSVEP_wsn_within_subject_linear_downsample,femba,seed_42_downsample_t40,BETA_SSVEP_wsn,within_subject,42,0.05072149162164889,0.025,balanced_chance,Unknown,Unknown,Unknown,,/benchmark-eeg/5.0_version/result_5/linear_downsample/BETA_SSVEP_wsn_within_subject_linear_downsample/seed_42_downsample_t40/ratio_full/femba/summary.json
BETA_SSVEP_wsn_within_subject_linear_downsample,femba,seed_5_downsample_t40,BETA_SSVEP_wsn,within_subject,5,0.03640071998318861,0.025,balanced_chance,Unknown,Unknown,Unknown,,/benchmark-eeg/5.0_version/result_5/linear_downsample/BETA_SSVEP_wsn_within_subject_linear_downsample/seed_5_downsample_t40/ratio_full/femba/summary.json
BETA_SSVEP_wsn_within_subject_linear_downsample,labram,seed_10_downsample_t40,BETA_SSVEP_wsn,within_subject,10,0.024001043512808583,0.025,balanced_chance,Unknown,Unknown,Unknown,,/benchmark-eeg/5.0_version/result_5/linear_downsample/BETA_SSVEP_wsn_within_subject_linear_downsample/seed_10_downsample_t40/ratio_full/labram/summary.json
BETA_SSVEP_wsn_within_subject_linear_downsample,labram,seed_42_downsample_t40,BETA_SSVEP_wsn,within_subject,42,0.02363035198603731,0.025,balanced_chance,Unknown,Unknown,Unknown,,/benchmark-eeg/5.0_version/result_5/linear_downsample/BETA_SSVEP_wsn_within_subject_linear_downsample/seed_42_downsample_t40/ratio_full/labram/summary.json
BETA_SSVEP_wsn_within_subject_linear_downsample,labram,seed_5_downsample_t40,BETA_SSVEP_wsn,within_subject,5,0.026582507775152375,0.025,balanced_chance,Unknown,Unknown,Unknown,,/benchmark-eeg/5.0_version/result_5/linear_downsample/BETA_SSVEP_wsn_within_subject_linear_downsample/seed_5_downsample_t40/ratio_full/labram/summary.json
BETA_SSVEP_wsn_within_subject_linear_downsample,neurogpt,seed_10_downsample_t40,BETA_SSVEP_wsn,within_subject,10,0.0248015709336036,0.025,balanced_chance,Unknown,Unknown,Unknown,,/benchmark-eeg/5.0_version/result_5/linear_downsample/BETA_SSVEP_wsn_within_subject_linear_downsample/seed_10_downsample_t40/ratio_full/neurogpt/summary.json
BETA_SSVEP_wsn_within_subject_linear_downsample,neurogpt,seed_42_downsample_t40,BETA_SSVEP_wsn,within_subject,42,0.030488239313418753,0.025,balanced_chance,Unknown,Unknown,Unknown,,/benchmark-eeg/5.0_version/result_5/linear_downsample/BETA_SSVEP_wsn_within_subject_linear_downsample/seed_42_downsample_t40/ratio_full/neurogpt/summary.json
BETA_SSVEP_wsn_within_subject_linear_downsample,neurogpt,seed_5_downsample_t40,BETA_SSVEP_wsn,within_subject,5,0.030202175697865354,0.025,balanced_chance,Unknown,Unknown,Unknown,,/benchmark-eeg/5.0_version/result_5/linear_downsample/BETA_SSVEP_wsn_within_subject_linear_downsample/seed_5_downsample_t40/ratio_full/neurogpt/summary.json
BETA_SSVEP_wsn_within_subject_linear_downsample,neurolm,seed_10_downsample_t40,BETA_SSVEP_wsn,within_subject,10,0.03361634166188386,0.025,balanced_chance,Unknown,Unknown,Unknown,,/benchmark-eeg/5.0_version/result_5/linear_downsample/BETA_SSVEP_wsn_within_subject_linear_downsample/seed_10_downsample_t40/ratio_full/neurolm/summary.json
BETA_SSVEP_wsn_within_subject_linear_downsample,neurolm,seed_42_downsample_t40,BETA_SSVEP_wsn,within_subject,42,0.028525387631064787,0.025,balanced_chance,Unknown,Unknown,Unknown,,/benchmark-eeg/5.0_version/result_5/linear_downsample/BETA_SSVEP_wsn_within_subject_linear_downsample/seed_42_downsample_t40/ratio_full/neurolm/summary.json
BETA_SSVEP_wsn_within_subject_linear_downsample,neurolm,seed_5_downsample_t40,BETA_SSVEP_wsn,within_subject,5,0.01888983968608259,0.025,balanced_chance,Unknown,Unknown,Unknown,,/benchmark-eeg/5.0_version/result_5/linear_downsample/BETA_SSVEP_wsn_within_subject_linear_downsample/seed_5_downsample_t40/ratio_full/neurolm/summary.json
BETA_SSVEP_wsn_within_subject_linear_downsample,reve,seed_10_downsample_t40,BETA_SSVEP_wsn,within_subject,10,0.028712091551309278,0.025,balanced_chance,Unknown,Unknown,Unknown,,/benchmark-eeg/5.0_version/result_5/linear_downsample/BETA_SSVEP_wsn_within_subject_linear_downsample/seed_10_downsample_t40/ratio_full/reve/summary.json
BETA_SSVEP_wsn_within_subject_linear_downsample,reve,seed_42_downsample_t40,BETA_SSVEP_wsn,within_subject,42,0.019823502545794153,0.025,balanced_chance,Unknown,Unknown,Unknown,,/benchmark-eeg/5.0_version/result_5/linear_downsample/BETA_SSVEP_wsn_within_subject_linear_downsample/seed_42_downsample_t40/ratio_full/reve/summary.json
BETA_SSVEP_wsn_within_subject_linear_downsample,reve,seed_5_downsample_t40,BETA_SSVEP_wsn,within_subject,5,0.023047865865753796,0.025,balanced_chance,Unknown,Unknown,Unknown,,/benchmark-eeg/5.0_version/result_5/linear_downsample/BETA_SSVEP_wsn_within_subject_linear_downsample/seed_5_downsample_t40/ratio_full/reve/summary.json
Broderick_CP_within_subject_linear_downsample,bendr,seed_10_downsample_t40,Broderick_CP,within_subject,10,0.5021553270639776,0.5,balanced_chance,Unknown,Unknown,Unknown,,/benchmark-eeg/5.0_version/result_5/linear_downsample/Broderick_CP_within_subject_linear_downsample/seed_10_downsample_t40/ratio_full/bendr/summary.json
Broderick_CP_within_subject_linear_downsample,bendr,seed_42_downsample_t40,Broderick_CP,within_subject,42,0.49769785293451163,0.5,balanced_chance,Unknown,Unknown,Unknown,,/benchmark-eeg/5.0_version/result_5/linear_downsample/Broderick_CP_within_subject_linear_downsample/seed_42_downsample_t40/ratio_full/bendr/summary.json
Broderick_CP_within_subject_linear_downsample,bendr,seed_5_downsample_t40,Broderick_CP,within_subject,5,0.5031627672029609,0.5,balanced_chance,Unknown,Unknown,Unknown,,/benchmark-eeg/5.0_version/result_5/linear_downsample/Broderick_CP_within_subject_linear_downsample/seed_5_downsample_t40/ratio_full/bendr/summary.json
Broderick_CP_within_subject_linear_downsample,biot,seed_10_downsample_t40,Broderick_CP,within_subject,10,0.6014207549663871,0.5,balanced_chance,Unknown,Unknown,Unknown,,/benchmark-eeg/5.0_version/result_5/linear_downsample/Broderick_CP_within_subject_linear_downsample/seed_10_downsample_t40/ratio_full/biot/summary.json
Broderick_CP_within_subject_linear_downsample,biot,seed_42_downsample_t40,Broderick_CP,within_subject,42,0.6026347344965632,0.5,balanced_chance,Unknown,Unknown,Unknown,,/benchmark-eeg/5.0_version/result_5/linear_downsample/Broderick_CP_within_subject_linear_downsample/seed_42_downsample_t40/ratio_full/biot/summary.json
Broderick_CP_within_subject_linear_downsample,biot,seed_5_downsample_t40,Broderick_CP,within_subject,5,0.621646862489614,0.5,balanced_chance,Unknown,Unknown,Unknown,,/benchmark-eeg/5.0_version/result_5/linear_downsample/Broderick_CP_within_subject_linear_downsample/seed_5_downsample_t40/ratio_full/biot/summary.json
Broderick_CP_within_subject_linear_downsample,brainomni,seed_10_downsample_t40,Broderick_CP,within_subject,10,0.5772275568396404,0.5,balanced_chance,Unknown,Unknown,Unknown,,/benchmark-eeg/5.0_version/result_5/linear_downsample/Broderick_CP_within_subject_linear_downsample/seed_10_downsample_t40/ratio_full/brainomni/summary.json
Broderick_CP_within_subject_linear_downsample,brainomni,seed_42_downsample_t40,Broderick_CP,within_subject,42,0.5977632374046378,0.5,balanced_chance,Unknown,Unknown,Unknown,,/benchmark-eeg/5.0_version/result_5/linear_downsample/Broderick_CP_within_subject_linear_downsample/seed_42_downsample_t40/ratio_full/brainomni/summary.json
Broderick_CP_within_subject_linear_downsample,brainomni,seed_5_downsample_t40,Broderick_CP,within_subject,5,0.5693169801344512,0.5,balanced_chance,Unknown,Unknown,Unknown,,/benchmark-eeg/5.0_version/result_5/linear_downsample/Broderick_CP_within_subject_linear_downsample/seed_5_downsample_t40/ratio_full/brainomni/summary.json
Broderick_CP_within_subject_linear_downsample,cbramod,seed_10_downsample_t40,Broderick_CP,within_subject,10,0.541142882770602,0.5,balanced_chance,Unknown,Unknown,Unknown,,/benchmark-eeg/5.0_version/result_5/linear_downsample/Broderick_CP_within_subject_linear_downsample/seed_10_downsample_t40/ratio_full/cbramod/summary.json
Broderick_CP_within_subject_linear_downsample,cbramod,seed_42_downsample_t40,Broderick_CP,within_subject,42,0.5285056225923408,0.5,balanced_chance,Unknown,Unknown,Unknown,,/benchmark-eeg/5.0_version/result_5/linear_downsample/Broderick_CP_within_subject_linear_downsample/seed_42_downsample_t40/ratio_full/cbramod/summary.json
Broderick_CP_within_subject_linear_downsample,cbramod,seed_5_downsample_t40,Broderick_CP,within_subject,5,0.5657132808369212,0.5,balanced_chance,Unknown,Unknown,Unknown,,/benchmark-eeg/5.0_version/result_5/linear_downsample/Broderick_CP_within_subject_linear_downsample/seed_5_downsample_t40/ratio_full/cbramod/summary.json
Broderick_CP_within_subject_linear_downsample,eegmamba,seed_10_downsample_t40,Broderick_CP,within_subject,10,0.5183596995619004,0.5,balanced_chance,Unknown,Unknown,Unknown,,/benchmark-eeg/5.0_version/result_5/linear_downsample/Broderick_CP_within_subject_linear_downsample/seed_10_downsample_t40/ratio_full/eegmamba/summary.json
Broderick_CP_within_subject_linear_downsample,eegmamba,seed_42_downsample_t40,Broderick_CP,within_subject,42,0.5059138718936476,0.5,balanced_chance,Unknown,Unknown,Unknown,,/benchmark-eeg/5.0_version/result_5/linear_downsample/Broderick_CP_within_subject_linear_downsample/seed_42_downsample_t40/ratio_full/eegmamba/summary.json
Broderick_CP_within_subject_linear_downsample,eegmamba,seed_5_downsample_t40,Broderick_CP,within_subject,5,0.5092624065261726,0.5,balanced_chance,Unknown,Unknown,Unknown,,/benchmark-eeg/5.0_version/result_5/linear_downsample/Broderick_CP_within_subject_linear_downsample/seed_5_downsample_t40/ratio_full/eegmamba/summary.json
Broderick_CP_within_subject_linear_downsample,femba,seed_10_downsample_t40,Broderick_CP,within_subject,10,0.5741831662134602,0.5,balanced_chance,Unknown,Unknown,Unknown,,/benchmark-eeg/5.0_version/result_5/linear_downsample/Broderick_CP_within_subject_linear_downsample/seed_10_downsample_t40/ratio_full/femba/summary.json
Broderick_CP_within_subject_linear_downsample,femba,seed_42_downsample_t40,Broderick_CP,within_subject,42,0.5913595720975904,0.5,balanced_chance,Unknown,Unknown,Unknown,,/benchmark-eeg/5.0_version/result_5/linear_downsample/Broderick_CP_within_subject_linear_downsample/seed_42_downsample_t40/ratio_full/femba/summary.json
Broderick_CP_within_subject_linear_downsample,femba,seed_5_downsample_t40,Broderick_CP,within_subject,5,0.5826973100309691,0.5,balanced_chance,Unknown,Unknown,Unknown,,/benchmark-eeg/5.0_version/result_5/linear_downsample/Broderick_CP_within_subject_linear_downsample/seed_5_downsample_t40/ratio_full/femba/summary.json
Broderick_CP_within_subject_linear_downsample,labram,seed_10_downsample_t40,Broderick_CP,within_subject,10,0.5972121903089357,0.5,balanced_chance,Unknown,Unknown,Unknown,,/benchmark-eeg/5.0_version/result_5/linear_downsample/Broderick_CP_within_subject_linear_downsample/seed_10_downsample_t40/ratio_full/labram/summary.json
Broderick_CP_within_subject_linear_downsample,labram,seed_42_downsample_t40,Broderick_CP,within_subject,42,0.6067564345872045,0.5,balanced_chance,Unknown,Unknown,Unknown,,/benchmark-eeg/5.0_version/result_5/linear_downsample/Broderick_CP_within_subject_linear_downsample/seed_42_downsample_t40/ratio_full/labram/summary.json
Broderick_CP_within_subject_linear_downsample,labram,seed_5_downsample_t40,Broderick_CP,within_subject,5,0.5978969569076215,0.5,balanced_chance,Unknown,Unknown,Unknown,,/benchmark-eeg/5.0_version/result_5/linear_downsample/Broderick_CP_within_subject_linear_downsample/seed_5_downsample_t40/ratio_full/labram/summary.json
Broderick_CP_within_subject_linear_downsample,neurogpt,seed_10_downsample_t40,Broderick_CP,within_subject,10,0.5067596211949543,0.5,balanced_chance,Unknown,Unknown,Unknown,,/benchmark-eeg/5.0_version/result_5/linear_downsample/Broderick_CP_within_subject_linear_downsample/seed_10_downsample_t40/ratio_full/neurogpt/summary.json
Broderick_CP_within_subject_linear_downsample,neurogpt,seed_42_downsample_t40,Broderick_CP,within_subject,42,0.5321014143817508,0.5,balanced_chance,Unknown,Unknown,Unknown,,/benchmark-eeg/5.0_version/result_5/linear_downsample/Broderick_CP_within_subject_linear_downsample/seed_42_downsample_t40/ratio_full/neurogpt/summary.json
Broderick_CP_within_subject_linear_downsample,neurogpt,seed_5_downsample_t40,Broderick_CP,within_subject,5,0.5127932859354936,0.5,balanced_chance,Unknown,Unknown,Unknown,,/benchmark-eeg/5.0_version/result_5/linear_downsample/Broderick_CP_within_subject_linear_downsample/seed_5_downsample_t40/ratio_full/neurogpt/summary.json
Broderick_CP_within_subject_linear_downsample,neurolm,seed_10_downsample_t40,Broderick_CP,within_subject,10,0.5347643562580255,0.5,balanced_chance,Unknown,Unknown,Unknown,,/benchmark-eeg/5.0_version/result_5/linear_downsample/Broderick_CP_within_subject_linear_downsample/seed_10_downsample_t40/ratio_full/neurolm/summary.json
Broderick_CP_within_subject_linear_downsample,neurolm,seed_42_downsample_t40,Broderick_CP,within_subject,42,0.5293811135659794,0.5,balanced_chance,Unknown,Unknown,Unknown,,/benchmark-eeg/5.0_version/result_5/linear_downsample/Broderick_CP_within_subject_linear_downsample/seed_42_downsample_t40/ratio_full/neurolm/summary.json
Broderick_CP_within_subject_linear_downsample,neurolm,seed_5_downsample_t40,Broderick_CP,within_subject,5,0.5558414060729662,0.5,balanced_chance,Unknown,Unknown,Unknown,,/benchmark-eeg/5.0_version/result_5/linear_downsample/Broderick_CP_within_subject_linear_downsample/seed_5_downsample_t40/ratio_full/neurolm/summary.json
Broderick_CP_within_subject_linear_downsample,reve,seed_10_downsample_t40,Broderick_CP,within_subject,10,0.4951045443386963,0.5,balanced_chance,Unknown,Unknown,Unknown,,/benchmark-eeg/5.0_version/result_5/linear_downsample/Broderick_CP_within_subject_linear_downsample/seed_10_downsample_t40/ratio_full/reve/summary.json
Broderick_CP_within_subject_linear_downsample,reve,seed_42_downsample_t40,Broderick_CP,within_subject,42,0.4949349459928998,0.5,balanced_chance,Unknown,Unknown,Unknown,,/benchmark-eeg/5.0_version/result_5/linear_downsample/Broderick_CP_within_subject_linear_downsample/seed_42_downsample_t40/ratio_full/reve/summary.json
Broderick_CP_within_subject_linear_downsample,reve,seed_5_downsample_t40,Broderick_CP,within_subject,5,0.5080333201148123,0.5,balanced_chance,Unknown,Unknown,Unknown,,/benchmark-eeg/5.0_version/result_5/linear_downsample/Broderick_CP_within_subject_linear_downsample/seed_5_downsample_t40/ratio_full/reve/summary.json
Broderick_Rev_128_within_subject_linear_downsample,bendr,seed_42_downsample_t40,Broderick_Rev_128,within_subject,42,0.5,,unknown,Unknown,Unknown,Unknown,,/benchmark-eeg/5.0_version/result_5/linear_downsample/Broderick_Rev_128_within_subject_linear_downsample/seed_42_downsample_t40/ratio_full/bendr/summary.json
Broderick_Rev_128_within_subject_linear_downsample,biot,seed_10_downsample_t40,Broderick_Rev_128,within_subject,10,0.5222474589502163,,unknown,Unknown,Unknown,Unknown,,/benchmark-eeg/5.0_version/result_5/linear_downsample/Broderick_Rev_128_within_subject_linear_downsample/seed_10_downsample_t40/ratio_full/biot/summary.json
Broderick_Rev_128_within_subject_linear_downsample,biot,seed_42_downsample_t40,Broderick_Rev_128,within_subject,42,0.5379166156296875,,unknown,Unknown,Unknown,Unknown,,/benchmark-eeg/5.0_version/result_5/linear_downsample/Broderick_Rev_128_within_subject_linear_downsample/seed_42_downsample_t40/ratio_full/biot/summary.json
Broderick_Rev_128_within_subject_linear_downsample,brainomni,seed_10_downsample_t40,Broderick_Rev_128,within_subject,10,0.5494599767950424,,unknown,Unknown,Unknown,Unknown,,/benchmark-eeg/5.0_version/result_5/linear_downsample/Broderick_Rev_128_within_subject_linear_downsample/seed_10_downsample_t40/ratio_full/brainomni/summary.json
Broderick_Rev_128_within_subject_linear_downsample,brainomni,seed_42_downsample_t40,Broderick_Rev_128,within_subject,42,0.5703023102363048,,unknown,Unknown,Unknown,Unknown,,/benchmark-eeg/5.0_version/result_5/linear_downsample/Broderick_Rev_128_within_subject_linear_downsample/seed_42_downsample_t40/ratio_full/brainomni/summary.json
Broderick_Rev_128_within_subject_linear_downsample,cbramod,seed_10_downsample_t40,Broderick_Rev_128,within_subject,10,0.8622291195483054,,unknown,Unknown,Unknown,Unknown,,/benchmark-eeg/5.0_version/result_5/linear_downsample/Broderick_Rev_128_within_subject_linear_downsample/seed_10_downsample_t40/ratio_full/cbramod/summary.json
Broderick_Rev_128_within_subject_linear_downsample,cbramod,seed_42_downsample_t40,Broderick_Rev_128,within_subject,42,0.8325559555076543,,unknown,Unknown,Unknown,Unknown,,/benchmark-eeg/5.0_version/result_5/linear_downsample/Broderick_Rev_128_within_subject_linear_downsample/seed_42_downsample_t40/ratio_full/cbramod/summary.json
Broderick_Rev_128_within_subject_linear_downsample,eegmamba,seed_42_downsample_t40,Broderick_Rev_128,within_subject,42,0.5,,unknown,Unknown,Unknown,Unknown,,/benchmark-eeg/5.0_version/result_5/linear_downsample/Broderick_Rev_128_within_subject_linear_downsample/seed_42_downsample_t40/ratio_full/eegmamba/summary.json
Broderick_Rev_128_within_subject_linear_downsample,femba,seed_10_downsample_t40,Broderick_Rev_128,within_subject,10,0.6002868539103562,,unknown,Unknown,Unknown,Unknown,,/benchmark-eeg/5.0_version/result_5/linear_downsample/Broderick_Rev_128_within_subject_linear_downsample/seed_10_downsample_t40/ratio_full/femba/summary.json
Broderick_Rev_128_within_subject_linear_downsample,femba,seed_42_downsample_t40,Broderick_Rev_128,within_subject,42,0.5682709358817559,,unknown,Unknown,Unknown,Unknown,,/benchmark-eeg/5.0_version/result_5/linear_downsample/Broderick_Rev_128_within_subject_linear_downsample/seed_42_downsample_t40/ratio_full/femba/summary.json
Broderick_Rev_128_within_subject_linear_downsample,labram,seed_10_downsample_t40,Broderick_Rev_128,within_subject,10,0.5869607387089703,,unknown,Unknown,Unknown,Unknown,,/benchmark-eeg/5.0_version/result_5/linear_downsample/Broderick_Rev_128_within_subject_linear_downsample/seed_10_downsample_t40/ratio_full/labram/summary.json
Broderick_Rev_128_within_subject_linear_downsample,labram,seed_42_downsample_t40,Broderick_Rev_128,within_subject,42,0.5724909118271813,,unknown,Unknown,Unknown,Unknown,,/benchmark-eeg/5.0_version/result_5/linear_downsample/Broderick_Rev_128_within_subject_linear_downsample/seed_42_downsample_t40/ratio_full/labram/summary.json
Broderick_Rev_128_within_subject_linear_downsample,neurogpt,seed_10_downsample_t40,Broderick_Rev_128,within_subject,10,0.5193972592485657,,unknown,Unknown,Unknown,Unknown,,/benchmark-eeg/5.0_version/result_5/linear_downsample/Broderick_Rev_128_within_subject_linear_downsample/seed_10_downsample_t40/ratio_full/neurogpt/summary.json
Broderick_Rev_128_within_subject_linear_downsample,neurogpt,seed_42_downsample_t40,Broderick_Rev_128,within_subject,42,0.5407269322600282,,unknown,Unknown,Unknown,Unknown,,/benchmark-eeg/5.0_version/result_5/linear_downsample/Broderick_Rev_128_within_subject_linear_downsample/seed_42_downsample_t40/ratio_full/neurogpt/summary.json
Broderick_Rev_128_within_subject_linear_downsample,neurolm,seed_42_downsample_t40,Broderick_Rev_128,within_subject,42,0.6535088333469774,,unknown,Unknown,Unknown,Unknown,,/benchmark-eeg/5.0_version/result_5/linear_downsample/Broderick_Rev_128_within_subject_linear_downsample/seed_42_downsample_t40/ratio_full/neurolm/summary.json
Broderick_Rev_128_within_subject_linear_downsample,reve,seed_42_downsample_t40,Broderick_Rev_128,within_subject,42,0.5358623131046343,,unknown,Unknown,Unknown,Unknown,,/benchmark-eeg/5.0_version/result_5/linear_downsample/Broderick_Rev_128_within_subject_linear_downsample/seed_42_downsample_t40/ratio_full/reve/summary.json
Broderick_Rev_wsn_within_subject_linear_downsample,bendr,seed_10_downsample_t40,Broderick_Rev_wsn,within_subject,10,0.5001025509412979,0.5,balanced_chance,Unknown,Unknown,Unknown,,/benchmark-eeg/5.0_version/result_5/linear_downsample/Broderick_Rev_wsn_within_subject_linear_downsample/seed_10_downsample_t40/ratio_full/bendr/summary.json
Broderick_Rev_wsn_within_subject_linear_downsample,bendr,seed_42_downsample_t40,Broderick_Rev_wsn,within_subject,42,0.49987043275459964,0.5,balanced_chance,Unknown,Unknown,Unknown,,/benchmark-eeg/5.0_version/result_5/linear_downsample/Broderick_Rev_wsn_within_subject_linear_downsample/seed_42_downsample_t40/ratio_full/bendr/summary.json
Broderick_Rev_wsn_within_subject_linear_downsample,bendr,seed_5_downsample_t40,Broderick_Rev_wsn,within_subject,5,0.5005334929247773,0.5,balanced_chance,Unknown,Unknown,Unknown,,/benchmark-eeg/5.0_version/result_5/linear_downsample/Broderick_Rev_wsn_within_subject_linear_downsample/seed_5_downsample_t40/ratio_full/bendr/summary.json
Broderick_Rev_wsn_within_subject_linear_downsample,biot,seed_10_downsample_t40,Broderick_Rev_wsn,within_subject,10,0.6045316501718985,0.5,balanced_chance,Unknown,Unknown,Unknown,,/benchmark-eeg/5.0_version/result_5/linear_downsample/Broderick_Rev_wsn_within_subject_linear_downsample/seed_10_downsample_t40/ratio_full/biot/summary.json
Broderick_Rev_wsn_within_subject_linear_downsample,biot,seed_42_downsample_t40,Broderick_Rev_wsn,within_subject,42,0.6150062029164632,0.5,balanced_chance,Unknown,Unknown,Unknown,,/benchmark-eeg/5.0_version/result_5/linear_downsample/Broderick_Rev_wsn_within_subject_linear_downsample/seed_42_downsample_t40/ratio_full/biot/summary.json
Broderick_Rev_wsn_within_subject_linear_downsample,biot,seed_5_downsample_t40,Broderick_Rev_wsn,within_subject,5,0.4468249861511925,0.5,balanced_chance,Unknown,Unknown,Unknown,,/benchmark-eeg/5.0_version/result_5/linear_downsample/Broderick_Rev_wsn_within_subject_linear_downsample/seed_5_downsample_t40/ratio_full/biot/summary.json
Broderick_Rev_wsn_within_subject_linear_downsample,brainomni,seed_10_downsample_t40,Broderick_Rev_wsn,within_subject,10,0.5152758663095028,0.5,balanced_chance,Unknown,Unknown,Unknown,,/benchmark-eeg/5.0_version/result_5/linear_downsample/Broderick_Rev_wsn_within_subject_linear_downsample/seed_10_downsample_t40/ratio_full/brainomni/summary.json
Broderick_Rev_wsn_within_subject_linear_downsample,brainomni,seed_42_downsample_t40,Broderick_Rev_wsn,within_subject,42,0.5210373658394265,0.5,balanced_chance,Unknown,Unknown,Unknown,,/benchmark-eeg/5.0_version/result_5/linear_downsample/Broderick_Rev_wsn_within_subject_linear_downsample/seed_42_downsample_t40/ratio_full/brainomni/summary.json
Broderick_Rev_wsn_within_subject_linear_downsample,brainomni,seed_5_downsample_t40,Broderick_Rev_wsn,within_subject,5,0.504482455239105,0.5,balanced_chance,Unknown,Unknown,Unknown,,/benchmark-eeg/5.0_version/result_5/linear_downsample/Broderick_Rev_wsn_within_subject_linear_downsample/seed_5_downsample_t40/ratio_full/brainomni/summary.json
Broderick_Rev_wsn_within_subject_linear_downsample,cbramod,seed_10_downsample_t40,Broderick_Rev_wsn,within_subject,10,0.5,0.5,balanced_chance,Unknown,Unknown,Unknown,,/benchmark-eeg/5.0_version/result_5/linear_downsample/Broderick_Rev_wsn_within_subject_linear_downsample/seed_10_downsample_t40/ratio_full/cbramod/summary.json
Broderick_Rev_wsn_within_subject_linear_downsample,cbramod,seed_42_downsample_t40,Broderick_Rev_wsn,within_subject,42,0.5,0.5,balanced_chance,Unknown,Unknown,Unknown,,/benchmark-eeg/5.0_version/result_5/linear_downsample/Broderick_Rev_wsn_within_subject_linear_downsample/seed_42_downsample_t40/ratio_full/cbramod/summary.json
Broderick_Rev_wsn_within_subject_linear_downsample,cbramod,seed_5_downsample_t40,Broderick_Rev_wsn,within_subject,5,0.5,0.5,balanced_chance,Unknown,Unknown,Unknown,,/benchmark-eeg/5.0_version/result_5/linear_downsample/Broderick_Rev_wsn_within_subject_linear_downsample/seed_5_downsample_t40/ratio_full/cbramod/summary.json
Broderick_Rev_wsn_within_subject_linear_downsample,eegmamba,seed_10_downsample_t40,Broderick_Rev_wsn,within_subject,10,0.4982683434119842,0.5,balanced_chance,Unknown,Unknown,Unknown,,/benchmark-eeg/5.0_version/result_5/linear_downsample/Broderick_Rev_wsn_within_subject_linear_downsample/seed_10_downsample_t40/ratio_full/eegmamba/summary.json
Broderick_Rev_wsn_within_subject_linear_downsample,eegmamba,seed_42_downsample_t40,Broderick_Rev_wsn,within_subject,42,0.49988885992518955,0.5,balanced_chance,Unknown,Unknown,Unknown,,/benchmark-eeg/5.0_version/result_5/linear_downsample/Broderick_Rev_wsn_within_subject_linear_downsample/seed_42_downsample_t40/ratio_full/eegmamba/summary.json
Broderick_Rev_wsn_within_subject_linear_downsample,eegmamba,seed_5_downsample_t40,Broderick_Rev_wsn,within_subject,5,0.4974378949313988,0.5,balanced_chance,Unknown,Unknown,Unknown,,/benchmark-eeg/5.0_version/result_5/linear_downsample/Broderick_Rev_wsn_within_subject_linear_downsample/seed_5_downsample_t40/ratio_full/eegmamba/summary.json
Broderick_Rev_wsn_within_subject_linear_downsample,femba,seed_10_downsample_t40,Broderick_Rev_wsn,within_subject,10,0.5881496452421817,0.5,balanced_chance,Unknown,Unknown,Unknown,,/benchmark-eeg/5.0_version/result_5/linear_downsample/Broderick_Rev_wsn_within_subject_linear_downsample/seed_10_downsample_t40/ratio_full/femba/summary.json
Broderick_Rev_wsn_within_subject_linear_downsample,femba,seed_42_downsample_t40,Broderick_Rev_wsn,within_subject,42,0.5827603085977869,0.5,balanced_chance,Unknown,Unknown,Unknown,,/benchmark-eeg/5.0_version/result_5/linear_downsample/Broderick_Rev_wsn_within_subject_linear_downsample/seed_42_downsample_t40/ratio_full/femba/summary.json
Broderick_Rev_wsn_within_subject_linear_downsample,femba,seed_5_downsample_t40,Broderick_Rev_wsn,within_subject,5,0.5514887712924859,0.5,balanced_chance,Unknown,Unknown,Unknown,,/benchmark-eeg/5.0_version/result_5/linear_downsample/Broderick_Rev_wsn_within_subject_linear_downsample/seed_5_downsample_t40/ratio_full/femba/summary.json
Broderick_Rev_wsn_within_subject_linear_downsample,labram,seed_10_downsample_t40,Broderick_Rev_wsn,within_subject,10,0.6003528329831203,0.5,balanced_chance,Unknown,Unknown,Unknown,,/benchmark-eeg/5.0_version/result_5/linear_downsample/Broderick_Rev_wsn_within_subject_linear_downsample/seed_10_downsample_t40/ratio_full/labram/summary.json
Broderick_Rev_wsn_within_subject_linear_downsample,labram,seed_42_downsample_t40,Broderick_Rev_wsn,within_subject,42,0.5709685736338965,0.5,balanced_chance,Unknown,Unknown,Unknown,,/benchmark-eeg/5.0_version/result_5/linear_downsample/Broderick_Rev_wsn_within_subject_linear_downsample/seed_42_downsample_t40/ratio_full/labram/summary.json
Broderick_Rev_wsn_within_subject_linear_downsample,labram,seed_5_downsample_t40,Broderick_Rev_wsn,within_subject,5,0.5953070215190259,0.5,balanced_chance,Unknown,Unknown,Unknown,,/benchmark-eeg/5.0_version/result_5/linear_downsample/Broderick_Rev_wsn_within_subject_linear_downsample/seed_5_downsample_t40/ratio_full/labram/summary.json
Broderick_Rev_wsn_within_subject_linear_downsample,neurogpt,seed_10_downsample_t40,Broderick_Rev_wsn,within_subject,10,0.5,0.5,balanced_chance,Unknown,Unknown,Unknown,,/benchmark-eeg/5.0_version/result_5/linear_downsample/Broderick_Rev_wsn_within_subject_linear_downsample/seed_10_downsample_t40/ratio_full/neurogpt/summary.json
Broderick_Rev_wsn_within_subject_linear_downsample,neurogpt,seed_42_downsample_t40,Broderick_Rev_wsn,within_subject,42,0.5,0.5,balanced_chance,Unknown,Unknown,Unknown,,/benchmark-eeg/5.0_version/result_5/linear_downsample/Broderick_Rev_wsn_within_subject_linear_downsample/seed_42_downsample_t40/ratio_full/neurogpt/summary.json
Broderick_Rev_wsn_within_subject_linear_downsample,neurogpt,seed_5_downsample_t40,Broderick_Rev_wsn,within_subject,5,0.5,0.5,balanced_chance,Unknown,Unknown,Unknown,,/benchmark-eeg/5.0_version/result_5/linear_downsample/Broderick_Rev_wsn_within_subject_linear_downsample/seed_5_downsample_t40/ratio_full/neurogpt/summary.json
Broderick_Rev_wsn_within_subject_linear_downsample,neurolm,seed_10_downsample_t40,Broderick_Rev_wsn,within_subject,10,0.5818022873458126,0.5,balanced_chance,Unknown,Unknown,Unknown,,/benchmark-eeg/5.0_version/result_5/linear_downsample/Broderick_Rev_wsn_within_subject_linear_downsample/seed_10_downsample_t40/ratio_full/neurolm/summary.json
Broderick_Rev_wsn_within_subject_linear_downsample,neurolm,seed_42_downsample_t40,Broderick_Rev_wsn,within_subject,42,0.5915645721911145,0.5,balanced_chance,Unknown,Unknown,Unknown,,/benchmark-eeg/5.0_version/result_5/linear_downsample/Broderick_Rev_wsn_within_subject_linear_downsample/seed_42_downsample_t40/ratio_full/neurolm/summary.json
Broderick_Rev_wsn_within_subject_linear_downsample,neurolm,seed_5_downsample_t40,Broderick_Rev_wsn,within_subject,5,0.5578352911597154,0.5,balanced_chance,Unknown,Unknown,Unknown,,/benchmark-eeg/5.0_version/result_5/linear_downsample/Broderick_Rev_wsn_within_subject_linear_downsample/seed_5_downsample_t40/ratio_full/neurolm/summary.json
Broderick_Rev_wsn_within_subject_linear_downsample,reve,seed_10_downsample_t40,Broderick_Rev_wsn,within_subject,10,0.6634003817589785,0.5,balanced_chance,Unknown,Unknown,Unknown,,/benchmark-eeg/5.0_version/result_5/linear_downsample/Broderick_Rev_wsn_within_subject_linear_downsample/seed_10_downsample_t40/ratio_full/reve/summary.json
Broderick_Rev_wsn_within_subject_linear_downsample,reve,seed_42_downsample_t40,Broderick_Rev_wsn,within_subject,42,0.5158016257765571,0.5,balanced_chance,Unknown,Unknown,Unknown,,/benchmark-eeg/5.0_version/result_5/linear_downsample/Broderick_Rev_wsn_within_subject_linear_downsample/seed_42_downsample_t40/ratio_full/reve/summary.json
Broderick_Rev_wsn_within_subject_linear_downsample,reve,seed_5_downsample_t40,Broderick_Rev_wsn,within_subject,5,0.7793305617318497,0.5,balanced_chance,Unknown,Unknown,Unknown,,/benchmark-eeg/5.0_version/result_5/linear_downsample/Broderick_Rev_wsn_within_subject_linear_downsample/seed_5_downsample_t40/ratio_full/reve/summary.json
CIRE_wsn_within_subject_linear_downsample,bendr,seed_10_downsample_t40,CIRE_wsn,within_subject,10,0.499946625096673,0.5,balanced_chance,Unknown,Unknown,Unknown,,/benchmark-eeg/5.0_version/result_5/linear_downsample/CIRE_wsn_within_subject_linear_downsample/seed_10_downsample_t40/ratio_full/bendr/summary.json
CIRE_wsn_within_subject_linear_downsample,bendr,seed_42_downsample_t40,CIRE_wsn,within_subject,42,0.5139007371186517,0.5,balanced_chance,Unknown,Unknown,Unknown,,/benchmark-eeg/5.0_version/result_5/linear_downsample/CIRE_wsn_within_subject_linear_downsample/seed_42_downsample_t40/ratio_full/bendr/summary.json
CIRE_wsn_within_subject_linear_downsample,bendr,seed_5_downsample_t40,CIRE_wsn,within_subject,5,0.5150731201647465,0.5,balanced_chance,Unknown,Unknown,Unknown,,/benchmark-eeg/5.0_version/result_5/linear_downsample/CIRE_wsn_within_subject_linear_downsample/seed_5_downsample_t40/ratio_full/bendr/summary.json
CIRE_wsn_within_subject_linear_downsample,biot,seed_10_downsample_t40,CIRE_wsn,within_subject,10,0.552627832715433,0.5,balanced_chance,Unknown,Unknown,Unknown,,/benchmark-eeg/5.0_version/result_5/linear_downsample/CIRE_wsn_within_subject_linear_downsample/seed_10_downsample_t40/ratio_full/biot/summary.json
CIRE_wsn_within_subject_linear_downsample,biot,seed_42_downsample_t40,CIRE_wsn,within_subject,42,0.49411331141263826,0.5,balanced_chance,Unknown,Unknown,Unknown,,/benchmark-eeg/5.0_version/result_5/linear_downsample/CIRE_wsn_within_subject_linear_downsample/seed_42_downsample_t40/ratio_full/biot/summary.json
CIRE_wsn_within_subject_linear_downsample,biot,seed_5_downsample_t40,CIRE_wsn,within_subject,5,0.5338784298992597,0.5,balanced_chance,Unknown,Unknown,Unknown,,/benchmark-eeg/5.0_version/result_5/linear_downsample/CIRE_wsn_within_subject_linear_downsample/seed_5_downsample_t40/ratio_full/biot/summary.json
CIRE_wsn_within_subject_linear_downsample,brainomni,seed_10_downsample_t40,CIRE_wsn,within_subject,10,0.5566422734931471,0.5,balanced_chance,Unknown,Unknown,Unknown,,/benchmark-eeg/5.0_version/result_5/linear_downsample/CIRE_wsn_within_subject_linear_downsample/seed_10_downsample_t40/ratio_full/brainomni/summary.json
CIRE_wsn_within_subject_linear_downsample,brainomni,seed_42_downsample_t40,CIRE_wsn,within_subject,42,0.49726888013942694,0.5,balanced_chance,Unknown,Unknown,Unknown,,/benchmark-eeg/5.0_version/result_5/linear_downsample/CIRE_wsn_within_subject_linear_downsample/seed_42_downsample_t40/ratio_full/brainomni/summary.json
CIRE_wsn_within_subject_linear_downsample,brainomni,seed_5_downsample_t40,CIRE_wsn,within_subject,5,0.5684988451049146,0.5,balanced_chance,Unknown,Unknown,Unknown,,/benchmark-eeg/5.0_version/result_5/linear_downsample/CIRE_wsn_within_subject_linear_downsample/seed_5_downsample_t40/ratio_full/brainomni/summary.json
CIRE_wsn_within_subject_linear_downsample,cbramod,seed_10_downsample_t40,CIRE_wsn,within_subject,10,0.6104717714770783,0.5,balanced_chance,Unknown,Unknown,Unknown,,/benchmark-eeg/5.0_version/result_5/linear_downsample/CIRE_wsn_within_subject_linear_downsample/seed_10_downsample_t40/ratio_full/cbramod/summary.json
CIRE_wsn_within_subject_linear_downsample,cbramod,seed_42_downsample_t40,CIRE_wsn,within_subject,42,0.3684633639799703,0.5,balanced_chance,Unknown,Unknown,Unknown,,/benchmark-eeg/5.0_version/result_5/linear_downsample/CIRE_wsn_within_subject_linear_downsample/seed_42_downsample_t40/ratio_full/cbramod/summary.json
CIRE_wsn_within_subject_linear_downsample,cbramod,seed_5_downsample_t40,CIRE_wsn,within_subject,5,0.6338708929333408,0.5,balanced_chance,Unknown,Unknown,Unknown,,/benchmark-eeg/5.0_version/result_5/linear_downsample/CIRE_wsn_within_subject_linear_downsample/seed_5_downsample_t40/ratio_full/cbramod/summary.json
CIRE_wsn_within_subject_linear_downsample,eegmamba,seed_10_downsample_t40,CIRE_wsn,within_subject,10,0.5489098914840858,0.5,balanced_chance,Unknown,Unknown,Unknown,,/benchmark-eeg/5.0_version/result_5/linear_downsample/CIRE_wsn_within_subject_linear_downsample/seed_10_downsample_t40/ratio_full/eegmamba/summary.json
CIRE_wsn_within_subject_linear_downsample,eegmamba,seed_42_downsample_t40,CIRE_wsn,within_subject,42,0.4814232987353264,0.5,balanced_chance,Unknown,Unknown,Unknown,,/benchmark-eeg/5.0_version/result_5/linear_downsample/CIRE_wsn_within_subject_linear_downsample/seed_42_downsample_t40/ratio_full/eegmamba/summary.json
CIRE_wsn_within_subject_linear_downsample,eegmamba,seed_5_downsample_t40,CIRE_wsn,within_subject,5,0.5764234429787944,0.5,balanced_chance,Unknown,Unknown,Unknown,,/benchmark-eeg/5.0_version/result_5/linear_downsample/CIRE_wsn_within_subject_linear_downsample/seed_5_downsample_t40/ratio_full/eegmamba/summary.json
CIRE_wsn_within_subject_linear_downsample,femba,seed_10_downsample_t40,CIRE_wsn,within_subject,10,0.5254991390225734,0.5,balanced_chance,Unknown,Unknown,Unknown,,/benchmark-eeg/5.0_version/result_5/linear_downsample/CIRE_wsn_within_subject_linear_downsample/seed_10_downsample_t40/ratio_full/femba/summary.json
CIRE_wsn_within_subject_linear_downsample,femba,seed_42_downsample_t40,CIRE_wsn,within_subject,42,0.5527709863607178,0.5,balanced_chance,Unknown,Unknown,Unknown,,/benchmark-eeg/5.0_version/result_5/linear_downsample/CIRE_wsn_within_subject_linear_downsample/seed_42_downsample_t40/ratio_full/femba/summary.json
CIRE_wsn_within_subject_linear_downsample,femba,seed_5_downsample_t40,CIRE_wsn,within_subject,5,0.5774644719021911,0.5,balanced_chance,Unknown,Unknown,Unknown,,/benchmark-eeg/5.0_version/result_5/linear_downsample/CIRE_wsn_within_subject_linear_downsample/seed_5_downsample_t40/ratio_full/femba/summary.json
CIRE_wsn_within_subject_linear_downsample,labram,seed_10_downsample_t40,CIRE_wsn,within_subject,10,0.5475433301666836,0.5,balanced_chance,Unknown,Unknown,Unknown,,/benchmark-eeg/5.0_version/result_5/linear_downsample/CIRE_wsn_within_subject_linear_downsample/seed_10_downsample_t40/ratio_full/labram/summary.json
CIRE_wsn_within_subject_linear_downsample,labram,seed_42_downsample_t40,CIRE_wsn,within_subject,42,0.4068975219265751,0.5,balanced_chance,Unknown,Unknown,Unknown,,/benchmark-eeg/5.0_version/result_5/linear_downsample/CIRE_wsn_within_subject_linear_downsample/seed_42_downsample_t40/ratio_full/labram/summary.json
CIRE_wsn_within_subject_linear_downsample,labram,seed_5_downsample_t40,CIRE_wsn,within_subject,5,0.5646284391755254,0.5,balanced_chance,Unknown,Unknown,Unknown,,/benchmark-eeg/5.0_version/result_5/linear_downsample/CIRE_wsn_within_subject_linear_downsample/seed_5_downsample_t40/ratio_full/labram/summary.json
CIRE_wsn_within_subject_linear_downsample,neurogpt,seed_10_downsample_t40,CIRE_wsn,within_subject,10,0.5326020247568397,0.5,balanced_chance,Unknown,Unknown,Unknown,,/benchmark-eeg/5.0_version/result_5/linear_downsample/CIRE_wsn_within_subject_linear_downsample/seed_10_downsample_t40/ratio_full/neurogpt/summary.json
CIRE_wsn_within_subject_linear_downsample,neurogpt,seed_42_downsample_t40,CIRE_wsn,within_subject,42,0.545506845513196,0.5,balanced_chance,Unknown,Unknown,Unknown,,/benchmark-eeg/5.0_version/result_5/linear_downsample/CIRE_wsn_within_subject_linear_downsample/seed_42_downsample_t40/ratio_full/neurogpt/summary.json
CIRE_wsn_within_subject_linear_downsample,neurogpt,seed_5_downsample_t40,CIRE_wsn,within_subject,5,0.556714509007254,0.5,balanced_chance,Unknown,Unknown,Unknown,,/benchmark-eeg/5.0_version/result_5/linear_downsample/CIRE_wsn_within_subject_linear_downsample/seed_5_downsample_t40/ratio_full/neurogpt/summary.json
CIRE_wsn_within_subject_linear_downsample,neurolm,seed_10_downsample_t40,CIRE_wsn,within_subject,10,0.4990217330927249,0.5,balanced_chance,Unknown,Unknown,Unknown,,/benchmark-eeg/5.0_version/result_5/linear_downsample/CIRE_wsn_within_subject_linear_downsample/seed_10_downsample_t40/ratio_full/neurolm/summary.json
CIRE_wsn_within_subject_linear_downsample,neurolm,seed_42_downsample_t40,CIRE_wsn,within_subject,42,0.49159842909525386,0.5,balanced_chance,Unknown,Unknown,Unknown,,/benchmark-eeg/5.0_version/result_5/linear_downsample/CIRE_wsn_within_subject_linear_downsample/seed_42_downsample_t40/ratio_full/neurolm/summary.json
CIRE_wsn_within_subject_linear_downsample,neurolm,seed_5_downsample_t40,CIRE_wsn,within_subject,5,0.5282727825086733,0.5,balanced_chance,Unknown,Unknown,Unknown,,/benchmark-eeg/5.0_version/result_5/linear_downsample/CIRE_wsn_within_subject_linear_downsample/seed_5_downsample_t40/ratio_full/neurolm/summary.json
CIRE_wsn_within_subject_linear_downsample,reve,seed_10_downsample_t40,CIRE_wsn,within_subject,10,0.5264879456038878,0.5,balanced_chance,Unknown,Unknown,Unknown,,/benchmark-eeg/5.0_version/result_5/linear_downsample/CIRE_wsn_within_subject_linear_downsample/seed_10_downsample_t40/ratio_full/reve/summary.json
CIRE_wsn_within_subject_linear_downsample,reve,seed_42_downsample_t40,CIRE_wsn,within_subject,42,0.5004527905374099,0.5,balanced_chance,Unknown,Unknown,Unknown,,/benchmark-eeg/5.0_version/result_5/linear_downsample/CIRE_wsn_within_subject_linear_downsample/seed_42_downsample_t40/ratio_full/reve/summary.json
CIRE_wsn_within_subject_linear_downsample,reve,seed_5_downsample_t40,CIRE_wsn,within_subject,5,0.5107895725496744,0.5,balanced_chance,Unknown,Unknown,Unknown,,/benchmark-eeg/5.0_version/result_5/linear_downsample/CIRE_wsn_within_subject_linear_downsample/seed_5_downsample_t40/ratio_full/reve/summary.json
ChineseEEG2_RA_Tone_within_subject_linear_downsample,bendr,seed_10_downsample_t40,ChineseEEG2_RA_Tone,within_subject,10,0.2510588066322738,0.25,balanced_chance,Unknown,Unknown,Unknown,,/benchmark-eeg/5.0_version/result_5/linear_downsample/ChineseEEG2_RA_Tone_within_subject_linear_downsample/seed_10_downsample_t40/ratio_full/bendr/summary.json
ChineseEEG2_RA_Tone_within_subject_linear_downsample,bendr,seed_42_downsample_t40,ChineseEEG2_RA_Tone,within_subject,42,0.23759835484968683,0.25,balanced_chance,Unknown,Unknown,Unknown,,/benchmark-eeg/5.0_version/result_5/linear_downsample/ChineseEEG2_RA_Tone_within_subject_linear_downsample/seed_42_downsample_t40/ratio_full/bendr/summary.json
ChineseEEG2_RA_Tone_within_subject_linear_downsample,bendr,seed_5_downsample_t40,ChineseEEG2_RA_Tone,within_subject,5,0.25042524091077956,0.25,balanced_chance,Unknown,Unknown,Unknown,,/benchmark-eeg/5.0_version/result_5/linear_downsample/ChineseEEG2_RA_Tone_within_subject_linear_downsample/seed_5_downsample_t40/ratio_full/bendr/summary.json
ChineseEEG2_RA_Tone_within_subject_linear_downsample,biot,seed_10_downsample_t40,ChineseEEG2_RA_Tone,within_subject,10,0.22088404291513966,0.25,balanced_chance,Unknown,Unknown,Unknown,,/benchmark-eeg/5.0_version/result_5/linear_downsample/ChineseEEG2_RA_Tone_within_subject_linear_downsample/seed_10_downsample_t40/ratio_full/biot/summary.json
ChineseEEG2_RA_Tone_within_subject_linear_downsample,biot,seed_42_downsample_t40,ChineseEEG2_RA_Tone,within_subject,42,0.25475398462293586,0.25,balanced_chance,Unknown,Unknown,Unknown,,/benchmark-eeg/5.0_version/result_5/linear_downsample/ChineseEEG2_RA_Tone_within_subject_linear_downsample/seed_42_downsample_t40/ratio_full/biot/summary.json
ChineseEEG2_RA_Tone_within_subject_linear_downsample,biot,seed_5_downsample_t40,ChineseEEG2_RA_Tone,within_subject,5,0.1094621221537873,0.25,balanced_chance,Unknown,Unknown,Unknown,,/benchmark-eeg/5.0_version/result_5/linear_downsample/ChineseEEG2_RA_Tone_within_subject_linear_downsample/seed_5_downsample_t40/ratio_full/biot/summary.json
ChineseEEG2_RA_Tone_within_subject_linear_downsample,brainomni,seed_10_downsample_t40,ChineseEEG2_RA_Tone,within_subject,10,0.2475870779240984,0.25,balanced_chance,Unknown,Unknown,Unknown,,/benchmark-eeg/5.0_version/result_5/linear_downsample/ChineseEEG2_RA_Tone_within_subject_linear_downsample/seed_10_downsample_t40/ratio_full/brainomni/summary.json
ChineseEEG2_RA_Tone_within_subject_linear_downsample,brainomni,seed_42_downsample_t40,ChineseEEG2_RA_Tone,within_subject,42,0.2526719415899286,0.25,balanced_chance,Unknown,Unknown,Unknown,,/benchmark-eeg/5.0_version/result_5/linear_downsample/ChineseEEG2_RA_Tone_within_subject_linear_downsample/seed_42_downsample_t40/ratio_full/brainomni/summary.json
ChineseEEG2_RA_Tone_within_subject_linear_downsample,brainomni,seed_5_downsample_t40,ChineseEEG2_RA_Tone,within_subject,5,0.23696678136915098,0.25,balanced_chance,Unknown,Unknown,Unknown,,/benchmark-eeg/5.0_version/result_5/linear_downsample/ChineseEEG2_RA_Tone_within_subject_linear_downsample/seed_5_downsample_t40/ratio_full/brainomni/summary.json
ChineseEEG2_RA_Tone_within_subject_linear_downsample,cbramod,seed_10_downsample_t40,ChineseEEG2_RA_Tone,within_subject,10,0.24664705638029527,0.25,balanced_chance,Unknown,Unknown,Unknown,,/benchmark-eeg/5.0_version/result_5/linear_downsample/ChineseEEG2_RA_Tone_within_subject_linear_downsample/seed_10_downsample_t40/ratio_full/cbramod/summary.json
ChineseEEG2_RA_Tone_within_subject_linear_downsample,cbramod,seed_42_downsample_t40,ChineseEEG2_RA_Tone,within_subject,42,0.25169978982293045,0.25,balanced_chance,Unknown,Unknown,Unknown,,/benchmark-eeg/5.0_version/result_5/linear_downsample/ChineseEEG2_RA_Tone_within_subject_linear_downsample/seed_42_downsample_t40/ratio_full/cbramod/summary.json
ChineseEEG2_RA_Tone_within_subject_linear_downsample,cbramod,seed_5_downsample_t40,ChineseEEG2_RA_Tone,within_subject,5,0.25070196144747575,0.25,balanced_chance,Unknown,Unknown,Unknown,,/benchmark-eeg/5.0_version/result_5/linear_downsample/ChineseEEG2_RA_Tone_within_subject_linear_downsample/seed_5_downsample_t40/ratio_full/cbramod/summary.json
ChineseEEG2_RA_Tone_within_subject_linear_downsample,eegmamba,seed_10_downsample_t40,ChineseEEG2_RA_Tone,within_subject,10,0.24952451325699326,0.25,balanced_chance,Unknown,Unknown,Unknown,,/benchmark-eeg/5.0_version/result_5/linear_downsample/ChineseEEG2_RA_Tone_within_subject_linear_downsample/seed_10_downsample_t40/ratio_full/eegmamba/summary.json
ChineseEEG2_RA_Tone_within_subject_linear_downsample,eegmamba,seed_42_downsample_t40,ChineseEEG2_RA_Tone,within_subject,42,0.2469142370881512,0.25,balanced_chance,Unknown,Unknown,Unknown,,/benchmark-eeg/5.0_version/result_5/linear_downsample/ChineseEEG2_RA_Tone_within_subject_linear_downsample/seed_42_downsample_t40/ratio_full/eegmamba/summary.json
ChineseEEG2_RA_Tone_within_subject_linear_downsample,eegmamba,seed_5_downsample_t40,ChineseEEG2_RA_Tone,within_subject,5,0.24923906320357522,0.25,balanced_chance,Unknown,Unknown,Unknown,,/benchmark-eeg/5.0_version/result_5/linear_downsample/ChineseEEG2_RA_Tone_within_subject_linear_downsample/seed_5_downsample_t40/ratio_full/eegmamba/summary.json
ChineseEEG2_RA_Tone_within_subject_linear_downsample,femba,seed_10_downsample_t40,ChineseEEG2_RA_Tone,within_subject,10,0.24055810045894752,0.25,balanced_chance,Unknown,Unknown,Unknown,,/benchmark-eeg/5.0_version/result_5/linear_downsample/ChineseEEG2_RA_Tone_within_subject_linear_downsample/seed_10_downsample_t40/ratio_full/femba/summary.json
ChineseEEG2_RA_Tone_within_subject_linear_downsample,femba,seed_42_downsample_t40,ChineseEEG2_RA_Tone,within_subject,42,0.25715157238779807,0.25,balanced_chance,Unknown,Unknown,Unknown,,/benchmark-eeg/5.0_version/result_5/linear_downsample/ChineseEEG2_RA_Tone_within_subject_linear_downsample/seed_42_downsample_t40/ratio_full/femba/summary.json
ChineseEEG2_RA_Tone_within_subject_linear_downsample,femba,seed_5_downsample_t40,ChineseEEG2_RA_Tone,within_subject,5,0.249743161824593,0.25,balanced_chance,Unknown,Unknown,Unknown,,/benchmark-eeg/5.0_version/result_5/linear_downsample/ChineseEEG2_RA_Tone_within_subject_linear_downsample/seed_5_downsample_t40/ratio_full/femba/summary.json
ChineseEEG2_RA_Tone_within_subject_linear_downsample,labram,seed_10_downsample_t40,ChineseEEG2_RA_Tone,within_subject,10,0.24815314661047955,0.25,balanced_chance,Unknown,Unknown,Unknown,,/benchmark-eeg/5.0_version/result_5/linear_downsample/ChineseEEG2_RA_Tone_within_subject_linear_downsample/seed_10_downsample_t40/ratio_full/labram/summary.json
ChineseEEG2_RA_Tone_within_subject_linear_downsample,labram,seed_42_downsample_t40,ChineseEEG2_RA_Tone,within_subject,42,0.24983681850202494,0.25,balanced_chance,Unknown,Unknown,Unknown,,/benchmark-eeg/5.0_version/result_5/linear_downsample/ChineseEEG2_RA_Tone_within_subject_linear_downsample/seed_42_downsample_t40/ratio_full/labram/summary.json
ChineseEEG2_RA_Tone_within_subject_linear_downsample,labram,seed_5_downsample_t40,ChineseEEG2_RA_Tone,within_subject,5,0.24783987193755136,0.25,balanced_chance,Unknown,Unknown,Unknown,,/benchmark-eeg/5.0_version/result_5/linear_downsample/ChineseEEG2_RA_Tone_within_subject_linear_downsample/seed_5_downsample_t40/ratio_full/labram/summary.json
ChineseEEG2_RA_Tone_within_subject_linear_downsample,neurogpt,seed_10_downsample_t40,ChineseEEG2_RA_Tone,within_subject,10,0.25550462532667423,0.25,balanced_chance,Unknown,Unknown,Unknown,,/benchmark-eeg/5.0_version/result_5/linear_downsample/ChineseEEG2_RA_Tone_within_subject_linear_downsample/seed_10_downsample_t40/ratio_full/neurogpt/summary.json
ChineseEEG2_RA_Tone_within_subject_linear_downsample,neurogpt,seed_42_downsample_t40,ChineseEEG2_RA_Tone,within_subject,42,0.25163178297328126,0.25,balanced_chance,Unknown,Unknown,Unknown,,/benchmark-eeg/5.0_version/result_5/linear_downsample/ChineseEEG2_RA_Tone_within_subject_linear_downsample/seed_42_downsample_t40/ratio_full/neurogpt/summary.json
ChineseEEG2_RA_Tone_within_subject_linear_downsample,neurogpt,seed_5_downsample_t40,ChineseEEG2_RA_Tone,within_subject,5,0.24112806144088011,0.25,balanced_chance,Unknown,Unknown,Unknown,,/benchmark-eeg/5.0_version/result_5/linear_downsample/ChineseEEG2_RA_Tone_within_subject_linear_downsample/seed_5_downsample_t40/ratio_full/neurogpt/summary.json
ChineseEEG2_RA_Tone_within_subject_linear_downsample,neurolm,seed_10_downsample_t40,ChineseEEG2_RA_Tone,within_subject,10,0.2485047749599732,0.25,balanced_chance,Unknown,Unknown,Unknown,,/benchmark-eeg/5.0_version/result_5/linear_downsample/ChineseEEG2_RA_Tone_within_subject_linear_downsample/seed_10_downsample_t40/ratio_full/neurolm/summary.json
ChineseEEG2_RA_Tone_within_subject_linear_downsample,neurolm,seed_42_downsample_t40,ChineseEEG2_RA_Tone,within_subject,42,0.2497883671956526,0.25,balanced_chance,Unknown,Unknown,Unknown,,/benchmark-eeg/5.0_version/result_5/linear_downsample/ChineseEEG2_RA_Tone_within_subject_linear_downsample/seed_42_downsample_t40/ratio_full/neurolm/summary.json
ChineseEEG2_RA_Tone_within_subject_linear_downsample,neurolm,seed_5_downsample_t40,ChineseEEG2_RA_Tone,within_subject,5,0.2400863159835984,0.25,balanced_chance,Unknown,Unknown,Unknown,,/benchmark-eeg/5.0_version/result_5/linear_downsample/ChineseEEG2_RA_Tone_within_subject_linear_downsample/seed_5_downsample_t40/ratio_full/neurolm/summary.json
ChineseEEG2_RA_Tone_within_subject_linear_downsample,reve,seed_10_downsample_t40,ChineseEEG2_RA_Tone,within_subject,10,0.2549971286995055,0.25,balanced_chance,Unknown,Unknown,Unknown,,/benchmark-eeg/5.0_version/result_5/linear_downsample/ChineseEEG2_RA_Tone_within_subject_linear_downsample/seed_10_downsample_t40/ratio_full/reve/summary.json
ChineseEEG2_RA_Tone_within_subject_linear_downsample,reve,seed_42_downsample_t40,ChineseEEG2_RA_Tone,within_subject,42,0.2529536793957436,0.25,balanced_chance,Unknown,Unknown,Unknown,,/benchmark-eeg/5.0_version/result_5/linear_downsample/ChineseEEG2_RA_Tone_within_subject_linear_downsample/seed_42_downsample_t40/ratio_full/reve/summary.json
ChineseEEG2_RA_Tone_within_subject_linear_downsample,reve,seed_5_downsample_t40,ChineseEEG2_RA_Tone,within_subject,5,0.337148674912367,0.25,balanced_chance,Unknown,Unknown,Unknown,,/benchmark-eeg/5.0_version/result_5/linear_downsample/ChineseEEG2_RA_Tone_within_subject_linear_downsample/seed_5_downsample_t40/ratio_full/reve/summary.json
DUAL_FREQ_SSVEP_wsn_within_subject_linear_downsample,bendr,seed_10_downsample_t40,DUAL_FREQ_SSVEP_wsn,within_subject,10,0.01583333333333333,0.025,balanced_chance,Unknown,Unknown,Unknown,,/benchmark-eeg/5.0_version/result_5/linear_downsample/DUAL_FREQ_SSVEP_wsn_within_subject_linear_downsample/seed_10_downsample_t40/ratio_full/bendr/summary.json
DUAL_FREQ_SSVEP_wsn_within_subject_linear_downsample,bendr,seed_42_downsample_t40,DUAL_FREQ_SSVEP_wsn,within_subject,42,0.027976190476190477,0.025,balanced_chance,Unknown,Unknown,Unknown,,/benchmark-eeg/5.0_version/result_5/linear_downsample/DUAL_FREQ_SSVEP_wsn_within_subject_linear_downsample/seed_42_downsample_t40/ratio_full/bendr/summary.json
DUAL_FREQ_SSVEP_wsn_within_subject_linear_downsample,bendr,seed_5_downsample_t40,DUAL_FREQ_SSVEP_wsn,within_subject,5,0.029712301587301586,0.025,balanced_chance,Unknown,Unknown,Unknown,,/benchmark-eeg/5.0_version/result_5/linear_downsample/DUAL_FREQ_SSVEP_wsn_within_subject_linear_downsample/seed_5_downsample_t40/ratio_full/bendr/summary.json
DUAL_FREQ_SSVEP_wsn_within_subject_linear_downsample,biot,seed_10_downsample_t40,DUAL_FREQ_SSVEP_wsn,within_subject,10,0.0291025641025641,0.025,balanced_chance,Unknown,Unknown,Unknown,,/benchmark-eeg/5.0_version/result_5/linear_downsample/DUAL_FREQ_SSVEP_wsn_within_subject_linear_downsample/seed_10_downsample_t40/ratio_full/biot/summary.json
DUAL_FREQ_SSVEP_wsn_within_subject_linear_downsample,biot,seed_42_downsample_t40,DUAL_FREQ_SSVEP_wsn,within_subject,42,0.026914231601731602,0.025,balanced_chance,Unknown,Unknown,Unknown,,/benchmark-eeg/5.0_version/result_5/linear_downsample/DUAL_FREQ_SSVEP_wsn_within_subject_linear_downsample/seed_42_downsample_t40/ratio_full/biot/summary.json
DUAL_FREQ_SSVEP_wsn_within_subject_linear_downsample,biot,seed_5_downsample_t40,DUAL_FREQ_SSVEP_wsn,within_subject,5,0.02907793595293595,0.025,balanced_chance,Unknown,Unknown,Unknown,,/benchmark-eeg/5.0_version/result_5/linear_downsample/DUAL_FREQ_SSVEP_wsn_within_subject_linear_downsample/seed_5_downsample_t40/ratio_full/biot/summary.json
DUAL_FREQ_SSVEP_wsn_within_subject_linear_downsample,brainomni,seed_10_downsample_t40,DUAL_FREQ_SSVEP_wsn,within_subject,10,0.06091353091353091,0.025,balanced_chance,Unknown,Unknown,Unknown,,/benchmark-eeg/5.0_version/result_5/linear_downsample/DUAL_FREQ_SSVEP_wsn_within_subject_linear_downsample/seed_10_downsample_t40/ratio_full/brainomni/summary.json
DUAL_FREQ_SSVEP_wsn_within_subject_linear_downsample,brainomni,seed_42_downsample_t40,DUAL_FREQ_SSVEP_wsn,within_subject,42,0.05535308441558442,0.025,balanced_chance,Unknown,Unknown,Unknown,,/benchmark-eeg/5.0_version/result_5/linear_downsample/DUAL_FREQ_SSVEP_wsn_within_subject_linear_downsample/seed_42_downsample_t40/ratio_full/brainomni/summary.json
DUAL_FREQ_SSVEP_wsn_within_subject_linear_downsample,brainomni,seed_5_downsample_t40,DUAL_FREQ_SSVEP_wsn,within_subject,5,0.0461547929194988,0.025,balanced_chance,Unknown,Unknown,Unknown,,/benchmark-eeg/5.0_version/result_5/linear_downsample/DUAL_FREQ_SSVEP_wsn_within_subject_linear_downsample/seed_5_downsample_t40/ratio_full/brainomni/summary.json
DUAL_FREQ_SSVEP_wsn_within_subject_linear_downsample,cbramod,seed_10_downsample_t40,DUAL_FREQ_SSVEP_wsn,within_subject,10,0.025555555555555554,0.025,balanced_chance,Unknown,Unknown,Unknown,,/benchmark-eeg/5.0_version/result_5/linear_downsample/DUAL_FREQ_SSVEP_wsn_within_subject_linear_downsample/seed_10_downsample_t40/ratio_full/cbramod/summary.json
DUAL_FREQ_SSVEP_wsn_within_subject_linear_downsample,cbramod,seed_42_downsample_t40,DUAL_FREQ_SSVEP_wsn,within_subject,42,0.034345238095238095,0.025,balanced_chance,Unknown,Unknown,Unknown,,/benchmark-eeg/5.0_version/result_5/linear_downsample/DUAL_FREQ_SSVEP_wsn_within_subject_linear_downsample/seed_42_downsample_t40/ratio_full/cbramod/summary.json
DUAL_FREQ_SSVEP_wsn_within_subject_linear_downsample,cbramod,seed_5_downsample_t40,DUAL_FREQ_SSVEP_wsn,within_subject,5,0.02767857142857143,0.025,balanced_chance,Unknown,Unknown,Unknown,,/benchmark-eeg/5.0_version/result_5/linear_downsample/DUAL_FREQ_SSVEP_wsn_within_subject_linear_downsample/seed_5_downsample_t40/ratio_full/cbramod/summary.json
DUAL_FREQ_SSVEP_wsn_within_subject_linear_downsample,eegmamba,seed_10_downsample_t40,DUAL_FREQ_SSVEP_wsn,within_subject,10,0.03111111111111111,0.025,balanced_chance,Unknown,Unknown,Unknown,,/benchmark-eeg/5.0_version/result_5/linear_downsample/DUAL_FREQ_SSVEP_wsn_within_subject_linear_downsample/seed_10_downsample_t40/ratio_full/eegmamba/summary.json
DUAL_FREQ_SSVEP_wsn_within_subject_linear_downsample,eegmamba,seed_42_downsample_t40,DUAL_FREQ_SSVEP_wsn,within_subject,42,0.03412698412698413,0.025,balanced_chance,Unknown,Unknown,Unknown,,/benchmark-eeg/5.0_version/result_5/linear_downsample/DUAL_FREQ_SSVEP_wsn_within_subject_linear_downsample/seed_42_downsample_t40/ratio_full/eegmamba/summary.json
DUAL_FREQ_SSVEP_wsn_within_subject_linear_downsample,eegmamba,seed_5_downsample_t40,DUAL_FREQ_SSVEP_wsn,within_subject,5,0.010515873015873017,0.025,balanced_chance,Unknown,Unknown,Unknown,,/benchmark-eeg/5.0_version/result_5/linear_downsample/DUAL_FREQ_SSVEP_wsn_within_subject_linear_downsample/seed_5_downsample_t40/ratio_full/eegmamba/summary.json
DUAL_FREQ_SSVEP_wsn_within_subject_linear_downsample,femba,seed_10_downsample_t40,DUAL_FREQ_SSVEP_wsn,within_subject,10,0.026022727272727274,0.025,balanced_chance,Unknown,Unknown,Unknown,,/benchmark-eeg/5.0_version/result_5/linear_downsample/DUAL_FREQ_SSVEP_wsn_within_subject_linear_downsample/seed_10_downsample_t40/ratio_full/femba/summary.json
DUAL_FREQ_SSVEP_wsn_within_subject_linear_downsample,femba,seed_42_downsample_t40,DUAL_FREQ_SSVEP_wsn,within_subject,42,0.036106428293928294,0.025,balanced_chance,Unknown,Unknown,Unknown,,/benchmark-eeg/5.0_version/result_5/linear_downsample/DUAL_FREQ_SSVEP_wsn_within_subject_linear_downsample/seed_42_downsample_t40/ratio_full/femba/summary.json
DUAL_FREQ_SSVEP_wsn_within_subject_linear_downsample,femba,seed_5_downsample_t40,DUAL_FREQ_SSVEP_wsn,within_subject,5,0.044387532402238285,0.025,balanced_chance,Unknown,Unknown,Unknown,,/benchmark-eeg/5.0_version/result_5/linear_downsample/DUAL_FREQ_SSVEP_wsn_within_subject_linear_downsample/seed_5_downsample_t40/ratio_full/femba/summary.json
DUAL_FREQ_SSVEP_wsn_within_subject_linear_downsample,labram,seed_10_downsample_t40,DUAL_FREQ_SSVEP_wsn,within_subject,10,0.02334911616161616,0.025,balanced_chance,Unknown,Unknown,Unknown,,/benchmark-eeg/5.0_version/result_5/linear_downsample/DUAL_FREQ_SSVEP_wsn_within_subject_linear_downsample/seed_10_downsample_t40/ratio_full/labram/summary.json
DUAL_FREQ_SSVEP_wsn_within_subject_linear_downsample,labram,seed_42_downsample_t40,DUAL_FREQ_SSVEP_wsn,within_subject,42,0.02335813492063492,0.025,balanced_chance,Unknown,Unknown,Unknown,,/benchmark-eeg/5.0_version/result_5/linear_downsample/DUAL_FREQ_SSVEP_wsn_within_subject_linear_downsample/seed_42_downsample_t40/ratio_full/labram/summary.json
DUAL_FREQ_SSVEP_wsn_within_subject_linear_downsample,labram,seed_5_downsample_t40,DUAL_FREQ_SSVEP_wsn,within_subject,5,0.021281843156843155,0.025,balanced_chance,Unknown,Unknown,Unknown,,/benchmark-eeg/5.0_version/result_5/linear_downsample/DUAL_FREQ_SSVEP_wsn_within_subject_linear_downsample/seed_5_downsample_t40/ratio_full/labram/summary.json
DUAL_FREQ_SSVEP_wsn_within_subject_linear_downsample,neurogpt,seed_10_downsample_t40,DUAL_FREQ_SSVEP_wsn,within_subject,10,0.01125,0.025,balanced_chance,Unknown,Unknown,Unknown,,/benchmark-eeg/5.0_version/result_5/linear_downsample/DUAL_FREQ_SSVEP_wsn_within_subject_linear_downsample/seed_10_downsample_t40/ratio_full/neurogpt/summary.json
DUAL_FREQ_SSVEP_wsn_within_subject_linear_downsample,neurogpt,seed_42_downsample_t40,DUAL_FREQ_SSVEP_wsn,within_subject,42,0.025555555555555554,0.025,balanced_chance,Unknown,Unknown,Unknown,,/benchmark-eeg/5.0_version/result_5/linear_downsample/DUAL_FREQ_SSVEP_wsn_within_subject_linear_downsample/seed_42_downsample_t40/ratio_full/neurogpt/summary.json
DUAL_FREQ_SSVEP_wsn_within_subject_linear_downsample,neurogpt,seed_5_downsample_t40,DUAL_FREQ_SSVEP_wsn,within_subject,5,0.026207022144522148,0.025,balanced_chance,Unknown,Unknown,Unknown,,/benchmark-eeg/5.0_version/result_5/linear_downsample/DUAL_FREQ_SSVEP_wsn_within_subject_linear_downsample/seed_5_downsample_t40/ratio_full/neurogpt/summary.json
DUAL_FREQ_SSVEP_wsn_within_subject_linear_downsample,neurolm,seed_10_downsample_t40,DUAL_FREQ_SSVEP_wsn,within_subject,10,0.03766802641802642,0.025,balanced_chance,Unknown,Unknown,Unknown,,/benchmark-eeg/5.0_version/result_5/linear_downsample/DUAL_FREQ_SSVEP_wsn_within_subject_linear_downsample/seed_10_downsample_t40/ratio_full/neurolm/summary.json
DUAL_FREQ_SSVEP_wsn_within_subject_linear_downsample,neurolm,seed_42_downsample_t40,DUAL_FREQ_SSVEP_wsn,within_subject,42,0.033303571428571425,0.025,balanced_chance,Unknown,Unknown,Unknown,,/benchmark-eeg/5.0_version/result_5/linear_downsample/DUAL_FREQ_SSVEP_wsn_within_subject_linear_downsample/seed_42_downsample_t40/ratio_full/neurolm/summary.json
DUAL_FREQ_SSVEP_wsn_within_subject_linear_downsample,neurolm,seed_5_downsample_t40,DUAL_FREQ_SSVEP_wsn,within_subject,5,0.04020493395493395,0.025,balanced_chance,Unknown,Unknown,Unknown,,/benchmark-eeg/5.0_version/result_5/linear_downsample/DUAL_FREQ_SSVEP_wsn_within_subject_linear_downsample/seed_5_downsample_t40/ratio_full/neurolm/summary.json
DUAL_FREQ_SSVEP_wsn_within_subject_linear_downsample,reve,seed_10_downsample_t40,DUAL_FREQ_SSVEP_wsn,within_subject,10,0.03653554778554778,0.025,balanced_chance,Unknown,Unknown,Unknown,,/benchmark-eeg/5.0_version/result_5/linear_downsample/DUAL_FREQ_SSVEP_wsn_within_subject_linear_downsample/seed_10_downsample_t40/ratio_full/reve/summary.json
DUAL_FREQ_SSVEP_wsn_within_subject_linear_downsample,reve,seed_42_downsample_t40,DUAL_FREQ_SSVEP_wsn,within_subject,42,0.030252976190476188,0.025,balanced_chance,Unknown,Unknown,Unknown,,/benchmark-eeg/5.0_version/result_5/linear_downsample/DUAL_FREQ_SSVEP_wsn_within_subject_linear_downsample/seed_42_downsample_t40/ratio_full/reve/summary.json
DUAL_FREQ_SSVEP_wsn_within_subject_linear_downsample,reve,seed_5_downsample_t40,DUAL_FREQ_SSVEP_wsn,within_subject,5,0.02965558746808747,0.025,balanced_chance,Unknown,Unknown,Unknown,,/benchmark-eeg/5.0_version/result_5/linear_downsample/DUAL_FREQ_SSVEP_wsn_within_subject_linear_downsample/seed_5_downsample_t40/ratio_full/reve/summary.json
EEGDenoiseNet_singleCOz_within_subject_linear_downsample,bendr,seed_10_downsample_t40,EEGDenoiseNet_singleCOz,within_subject,10,0.5071574642126789,0.5,balanced_chance,Unknown,Unknown,Unknown,,/benchmark-eeg/5.0_version/result_5/linear_downsample/EEGDenoiseNet_singleCOz_within_subject_linear_downsample/seed_10_downsample_t40/ratio_full/bendr/summary.json
EEGDenoiseNet_singleCOz_within_subject_linear_downsample,bendr,seed_42_downsample_t40,EEGDenoiseNet_singleCOz,within_subject,42,0.5122699386503067,0.5,balanced_chance,Unknown,Unknown,Unknown,,/benchmark-eeg/5.0_version/result_5/linear_downsample/EEGDenoiseNet_singleCOz_within_subject_linear_downsample/seed_42_downsample_t40/ratio_full/bendr/summary.json
EEGDenoiseNet_singleCOz_within_subject_linear_downsample,bendr,seed_5_downsample_t40,EEGDenoiseNet_singleCOz,within_subject,5,0.5030674846625767,0.5,balanced_chance,Unknown,Unknown,Unknown,,/benchmark-eeg/5.0_version/result_5/linear_downsample/EEGDenoiseNet_singleCOz_within_subject_linear_downsample/seed_5_downsample_t40/ratio_full/bendr/summary.json
EEGDenoiseNet_singleCOz_within_subject_linear_downsample,biot,seed_10_downsample_t40,EEGDenoiseNet_singleCOz,within_subject,10,0.5,0.5,balanced_chance,Unknown,Unknown,Unknown,,/benchmark-eeg/5.0_version/result_5/linear_downsample/EEGDenoiseNet_singleCOz_within_subject_linear_downsample/seed_10_downsample_t40/ratio_full/biot/summary.json
EEGDenoiseNet_singleCOz_within_subject_linear_downsample,biot,seed_42_downsample_t40,EEGDenoiseNet_singleCOz,within_subject,42,0.5,0.5,balanced_chance,Unknown,Unknown,Unknown,,/benchmark-eeg/5.0_version/result_5/linear_downsample/EEGDenoiseNet_singleCOz_within_subject_linear_downsample/seed_42_downsample_t40/ratio_full/biot/summary.json
EEGDenoiseNet_singleCOz_within_subject_linear_downsample,biot,seed_5_downsample_t40,EEGDenoiseNet_singleCOz,within_subject,5,0.5,0.5,balanced_chance,Unknown,Unknown,Unknown,,/benchmark-eeg/5.0_version/result_5/linear_downsample/EEGDenoiseNet_singleCOz_within_subject_linear_downsample/seed_5_downsample_t40/ratio_full/biot/summary.json
EEGDenoiseNet_singleCOz_within_subject_linear_downsample,brainomni,seed_10_downsample_t40,EEGDenoiseNet_singleCOz,within_subject,10,0.6441717791411044,0.5,balanced_chance,Unknown,Unknown,Unknown,,/benchmark-eeg/5.0_version/result_5/linear_downsample/EEGDenoiseNet_singleCOz_within_subject_linear_downsample/seed_10_downsample_t40/ratio_full/brainomni/summary.json
EEGDenoiseNet_singleCOz_within_subject_linear_downsample,brainomni,seed_42_downsample_t40,EEGDenoiseNet_singleCOz,within_subject,42,0.6114519427402862,0.5,balanced_chance,Unknown,Unknown,Unknown,,/benchmark-eeg/5.0_version/result_5/linear_downsample/EEGDenoiseNet_singleCOz_within_subject_linear_downsample/seed_42_downsample_t40/ratio_full/brainomni/summary.json
EEGDenoiseNet_singleCOz_within_subject_linear_downsample,brainomni,seed_5_downsample_t40,EEGDenoiseNet_singleCOz,within_subject,5,0.5674846625766872,0.5,balanced_chance,Unknown,Unknown,Unknown,,/benchmark-eeg/5.0_version/result_5/linear_downsample/EEGDenoiseNet_singleCOz_within_subject_linear_downsample/seed_5_downsample_t40/ratio_full/brainomni/summary.json
EEGDenoiseNet_singleCOz_within_subject_linear_downsample,cbramod,seed_10_downsample_t40,EEGDenoiseNet_singleCOz,within_subject,10,0.9959100204498977,0.5,balanced_chance,Unknown,Unknown,Unknown,,/benchmark-eeg/5.0_version/result_5/linear_downsample/EEGDenoiseNet_singleCOz_within_subject_linear_downsample/seed_10_downsample_t40/ratio_full/cbramod/summary.json
EEGDenoiseNet_singleCOz_within_subject_linear_downsample,cbramod,seed_42_downsample_t40,EEGDenoiseNet_singleCOz,within_subject,42,1.0,0.5,balanced_chance,Unknown,Unknown,Unknown,,/benchmark-eeg/5.0_version/result_5/linear_downsample/EEGDenoiseNet_singleCOz_within_subject_linear_downsample/seed_42_downsample_t40/ratio_full/cbramod/summary.json
EEGDenoiseNet_singleCOz_within_subject_linear_downsample,cbramod,seed_5_downsample_t40,EEGDenoiseNet_singleCOz,within_subject,5,1.0,0.5,balanced_chance,Unknown,Unknown,Unknown,,/benchmark-eeg/5.0_version/result_5/linear_downsample/EEGDenoiseNet_singleCOz_within_subject_linear_downsample/seed_5_downsample_t40/ratio_full/cbramod/summary.json
EEGDenoiseNet_singleCOz_within_subject_linear_downsample,eegmamba,seed_10_downsample_t40,EEGDenoiseNet_singleCOz,within_subject,10,0.5,0.5,balanced_chance,Unknown,Unknown,Unknown,,/benchmark-eeg/5.0_version/result_5/linear_downsample/EEGDenoiseNet_singleCOz_within_subject_linear_downsample/seed_10_downsample_t40/ratio_full/eegmamba/summary.json
EEGDenoiseNet_singleCOz_within_subject_linear_downsample,eegmamba,seed_42_downsample_t40,EEGDenoiseNet_singleCOz,within_subject,42,0.5,0.5,balanced_chance,Unknown,Unknown,Unknown,,/benchmark-eeg/5.0_version/result_5/linear_downsample/EEGDenoiseNet_singleCOz_within_subject_linear_downsample/seed_42_downsample_t40/ratio_full/eegmamba/summary.json
EEGDenoiseNet_singleCOz_within_subject_linear_downsample,eegmamba,seed_5_downsample_t40,EEGDenoiseNet_singleCOz,within_subject,5,0.5,0.5,balanced_chance,Unknown,Unknown,Unknown,,/benchmark-eeg/5.0_version/result_5/linear_downsample/EEGDenoiseNet_singleCOz_within_subject_linear_downsample/seed_5_downsample_t40/ratio_full/eegmamba/summary.json
EEGDenoiseNet_singleCOz_within_subject_linear_downsample,femba,seed_10_downsample_t40,EEGDenoiseNet_singleCOz,within_subject,10,0.5,0.5,balanced_chance,Unknown,Unknown,Unknown,,/benchmark-eeg/5.0_version/result_5/linear_downsample/EEGDenoiseNet_singleCOz_within_subject_linear_downsample/seed_10_downsample_t40/ratio_full/femba/summary.json
EEGDenoiseNet_singleCOz_within_subject_linear_downsample,femba,seed_42_downsample_t40,EEGDenoiseNet_singleCOz,within_subject,42,0.5,0.5,balanced_chance,Unknown,Unknown,Unknown,,/benchmark-eeg/5.0_version/result_5/linear_downsample/EEGDenoiseNet_singleCOz_within_subject_linear_downsample/seed_42_downsample_t40/ratio_full/femba/summary.json
EEGDenoiseNet_singleCOz_within_subject_linear_downsample,femba,seed_5_downsample_t40,EEGDenoiseNet_singleCOz,within_subject,5,0.5,0.5,balanced_chance,Unknown,Unknown,Unknown,,/benchmark-eeg/5.0_version/result_5/linear_downsample/EEGDenoiseNet_singleCOz_within_subject_linear_downsample/seed_5_downsample_t40/ratio_full/femba/summary.json
EEGDenoiseNet_singleCOz_within_subject_linear_downsample,labram,seed_10_downsample_t40,EEGDenoiseNet_singleCOz,within_subject,10,0.770961145194274,0.5,balanced_chance,Unknown,Unknown,Unknown,,/benchmark-eeg/5.0_version/result_5/linear_downsample/EEGDenoiseNet_singleCOz_within_subject_linear_downsample/seed_10_downsample_t40/ratio_full/labram/summary.json
EEGDenoiseNet_singleCOz_within_subject_linear_downsample,labram,seed_42_downsample_t40,EEGDenoiseNet_singleCOz,within_subject,42,0.7607361963190185,0.5,balanced_chance,Unknown,Unknown,Unknown,,/benchmark-eeg/5.0_version/result_5/linear_downsample/EEGDenoiseNet_singleCOz_within_subject_linear_downsample/seed_42_downsample_t40/ratio_full/labram/summary.json
EEGDenoiseNet_singleCOz_within_subject_linear_downsample,labram,seed_5_downsample_t40,EEGDenoiseNet_singleCOz,within_subject,5,0.7515337423312884,0.5,balanced_chance,Unknown,Unknown,Unknown,,/benchmark-eeg/5.0_version/result_5/linear_downsample/EEGDenoiseNet_singleCOz_within_subject_linear_downsample/seed_5_downsample_t40/ratio_full/labram/summary.json
EEGDenoiseNet_singleCOz_within_subject_linear_downsample,neurogpt,seed_10_downsample_t40,EEGDenoiseNet_singleCOz,within_subject,10,0.7300613496932515,0.5,balanced_chance,Unknown,Unknown,Unknown,,/benchmark-eeg/5.0_version/result_5/linear_downsample/EEGDenoiseNet_singleCOz_within_subject_linear_downsample/seed_10_downsample_t40/ratio_full/neurogpt/summary.json
EEGDenoiseNet_singleCOz_within_subject_linear_downsample,neurogpt,seed_42_downsample_t40,EEGDenoiseNet_singleCOz,within_subject,42,0.6983640081799591,0.5,balanced_chance,Unknown,Unknown,Unknown,,/benchmark-eeg/5.0_version/result_5/linear_downsample/EEGDenoiseNet_singleCOz_within_subject_linear_downsample/seed_42_downsample_t40/ratio_full/neurogpt/summary.json
EEGDenoiseNet_singleCOz_within_subject_linear_downsample,neurogpt,seed_5_downsample_t40,EEGDenoiseNet_singleCOz,within_subject,5,0.7055214723926381,0.5,balanced_chance,Unknown,Unknown,Unknown,,/benchmark-eeg/5.0_version/result_5/linear_downsample/EEGDenoiseNet_singleCOz_within_subject_linear_downsample/seed_5_downsample_t40/ratio_full/neurogpt/summary.json
EEGDenoiseNet_singleCOz_within_subject_linear_downsample,neurolm,seed_10_downsample_t40,EEGDenoiseNet_singleCOz,within_subject,10,0.5,0.5,balanced_chance,Unknown,Unknown,Unknown,,/benchmark-eeg/5.0_version/result_5/linear_downsample/EEGDenoiseNet_singleCOz_within_subject_linear_downsample/seed_10_downsample_t40/ratio_full/neurolm/summary.json
EEGDenoiseNet_singleCOz_within_subject_linear_downsample,neurolm,seed_42_downsample_t40,EEGDenoiseNet_singleCOz,within_subject,42,0.5,0.5,balanced_chance,Unknown,Unknown,Unknown,,/benchmark-eeg/5.0_version/result_5/linear_downsample/EEGDenoiseNet_singleCOz_within_subject_linear_downsample/seed_42_downsample_t40/ratio_full/neurolm/summary.json
EEGDenoiseNet_singleCOz_within_subject_linear_downsample,neurolm,seed_5_downsample_t40,EEGDenoiseNet_singleCOz,within_subject,5,0.5,0.5,balanced_chance,Unknown,Unknown,Unknown,,/benchmark-eeg/5.0_version/result_5/linear_downsample/EEGDenoiseNet_singleCOz_within_subject_linear_downsample/seed_5_downsample_t40/ratio_full/neurolm/summary.json
EEGDenoiseNet_singleCOz_within_subject_linear_downsample,reve,seed_10_downsample_t40,EEGDenoiseNet_singleCOz,within_subject,10,0.6114519427402862,0.5,balanced_chance,Unknown,Unknown,Unknown,,/benchmark-eeg/5.0_version/result_5/linear_downsample/EEGDenoiseNet_singleCOz_within_subject_linear_downsample/seed_10_downsample_t40/ratio_full/reve/summary.json
EEGDenoiseNet_singleCOz_within_subject_linear_downsample,reve,seed_42_downsample_t40,EEGDenoiseNet_singleCOz,within_subject,42,0.6186094069529653,0.5,balanced_chance,Unknown,Unknown,Unknown,,/benchmark-eeg/5.0_version/result_5/linear_downsample/EEGDenoiseNet_singleCOz_within_subject_linear_downsample/seed_42_downsample_t40/ratio_full/reve/summary.json
EEGDenoiseNet_singleCOz_within_subject_linear_downsample,reve,seed_5_downsample_t40,EEGDenoiseNet_singleCOz,within_subject,5,0.556237218813906,0.5,balanced_chance,Unknown,Unknown,Unknown,,/benchmark-eeg/5.0_version/result_5/linear_downsample/EEGDenoiseNet_singleCOz_within_subject_linear_downsample/seed_5_downsample_t40/ratio_full/reve/summary.json
EEGDenoiseNet_singleCOz_within_subject_linear_downsample,reve_new,seed_10_downsample_t40,EEGDenoiseNet_singleCOz,within_subject,10,0.6145194274028629,0.5,balanced_chance,Unknown,Unknown,Unknown,,/benchmark-eeg/5.0_version/result_5/linear_downsample/EEGDenoiseNet_singleCOz_within_subject_linear_downsample/seed_10_downsample_t40/ratio_full/reve_new/summary.json
EEGDenoiseNet_singleCOz_within_subject_linear_downsample,reve_new,seed_42_downsample_t40,EEGDenoiseNet_singleCOz,within_subject,42,0.6134969325153374,0.5,balanced_chance,Unknown,Unknown,Unknown,,/benchmark-eeg/5.0_version/result_5/linear_downsample/EEGDenoiseNet_singleCOz_within_subject_linear_downsample/seed_42_downsample_t40/ratio_full/reve_new/summary.json
EEGDenoiseNet_singleCOz_within_subject_linear_downsample,reve_new,seed_5_downsample_t40,EEGDenoiseNet_singleCOz,within_subject,5,0.6349693251533742,0.5,balanced_chance,Unknown,Unknown,Unknown,,/benchmark-eeg/5.0_version/result_5/linear_downsample/EEGDenoiseNet_singleCOz_within_subject_linear_downsample/seed_5_downsample_t40/ratio_full/reve_new/summary.json
ExoEEG_WalkStop_within_subject_linear_downsample,reve,seed_42_downsample_t40,ExoEEG_WalkStop,within_subject,42,0.500183232353339,,unknown,Unknown,Unknown,Unknown,,/benchmark-eeg/5.0_version/result_5/linear_downsample/ExoEEG_WalkStop_within_subject_linear_downsample/seed_42_downsample_t40/ratio_full/reve/summary.json
HBN_EEG_within_subject_linear_downsample,bendr,seed_10_downsample_t40,HBN_EEG,within_subject,10,0.07828548794872955,0.0769230769230769,balanced_chance,Consciousness & State,意识与状态,静息态/多任务,HBN-EEG,/benchmark-eeg/5.0_version/result_5/linear_downsample/HBN_EEG_within_subject_linear_downsample/seed_10_downsample_t40/ratio_full/bendr/summary.json
HBN_EEG_within_subject_linear_downsample,bendr,seed_42_downsample_t40,HBN_EEG,within_subject,42,0.08514282100646188,0.0769230769230769,balanced_chance,Consciousness & State,意识与状态,静息态/多任务,HBN-EEG,/benchmark-eeg/5.0_version/result_5/linear_downsample/HBN_EEG_within_subject_linear_downsample/seed_42_downsample_t40/ratio_full/bendr/summary.json
HBN_EEG_within_subject_linear_downsample,bendr,seed_5_downsample_t40,HBN_EEG,within_subject,5,0.07600101598244059,0.0769230769230769,balanced_chance,Consciousness & State,意识与状态,静息态/多任务,HBN-EEG,/benchmark-eeg/5.0_version/result_5/linear_downsample/HBN_EEG_within_subject_linear_downsample/seed_5_downsample_t40/ratio_full/bendr/summary.json
HBN_EEG_within_subject_linear_downsample,biot,seed_10_downsample_t40,HBN_EEG,within_subject,10,0.12219081581133133,0.0769230769230769,balanced_chance,Consciousness & State,意识与状态,静息态/多任务,HBN-EEG,/benchmark-eeg/5.0_version/result_5/linear_downsample/HBN_EEG_within_subject_linear_downsample/seed_10_downsample_t40/ratio_full/biot/summary.json
HBN_EEG_within_subject_linear_downsample,biot,seed_42_downsample_t40,HBN_EEG,within_subject,42,0.11829974148831218,0.0769230769230769,balanced_chance,Consciousness & State,意识与状态,静息态/多任务,HBN-EEG,/benchmark-eeg/5.0_version/result_5/linear_downsample/HBN_EEG_within_subject_linear_downsample/seed_42_downsample_t40/ratio_full/biot/summary.json
HBN_EEG_within_subject_linear_downsample,biot,seed_5_downsample_t40,HBN_EEG,within_subject,5,0.12311507562908633,0.0769230769230769,balanced_chance,Consciousness & State,意识与状态,静息态/多任务,HBN-EEG,/benchmark-eeg/5.0_version/result_5/linear_downsample/HBN_EEG_within_subject_linear_downsample/seed_5_downsample_t40/ratio_full/biot/summary.json
HBN_EEG_within_subject_linear_downsample,brainomni,seed_10_downsample_t40,HBN_EEG,within_subject,10,0.15098544393780017,0.0769230769230769,balanced_chance,Consciousness & State,意识与状态,静息态/多任务,HBN-EEG,/benchmark-eeg/5.0_version/result_5/linear_downsample/HBN_EEG_within_subject_linear_downsample/seed_10_downsample_t40/ratio_full/brainomni/summary.json
HBN_EEG_within_subject_linear_downsample,brainomni,seed_42_downsample_t40,HBN_EEG,within_subject,42,0.12004201439582224,0.0769230769230769,balanced_chance,Consciousness & State,意识与状态,静息态/多任务,HBN-EEG,/benchmark-eeg/5.0_version/result_5/linear_downsample/HBN_EEG_within_subject_linear_downsample/seed_42_downsample_t40/ratio_full/brainomni/summary.json
HBN_EEG_within_subject_linear_downsample,brainomni,seed_5_downsample_t40,HBN_EEG,within_subject,5,0.1178845992712369,0.0769230769230769,balanced_chance,Consciousness & State,意识与状态,静息态/多任务,HBN-EEG,/benchmark-eeg/5.0_version/result_5/linear_downsample/HBN_EEG_within_subject_linear_downsample/seed_5_downsample_t40/ratio_full/brainomni/summary.json
HBN_EEG_within_subject_linear_downsample,cbramod,seed_10_downsample_t40,HBN_EEG,within_subject,10,0.10620629297937138,0.0769230769230769,balanced_chance,Consciousness & State,意识与状态,静息态/多任务,HBN-EEG,/benchmark-eeg/5.0_version/result_5/linear_downsample/HBN_EEG_within_subject_linear_downsample/seed_10_downsample_t40/ratio_full/cbramod/summary.json
HBN_EEG_within_subject_linear_downsample,cbramod,seed_42_downsample_t40,HBN_EEG,within_subject,42,0.09735744073634583,0.0769230769230769,balanced_chance,Consciousness & State,意识与状态,静息态/多任务,HBN-EEG,/benchmark-eeg/5.0_version/result_5/linear_downsample/HBN_EEG_within_subject_linear_downsample/seed_42_downsample_t40/ratio_full/cbramod/summary.json
HBN_EEG_within_subject_linear_downsample,cbramod,seed_5_downsample_t40,HBN_EEG,within_subject,5,0.11846115518106543,0.0769230769230769,balanced_chance,Consciousness & State,意识与状态,静息态/多任务,HBN-EEG,/benchmark-eeg/5.0_version/result_5/linear_downsample/HBN_EEG_within_subject_linear_downsample/seed_5_downsample_t40/ratio_full/cbramod/summary.json
HBN_EEG_within_subject_linear_downsample,eegmamba,seed_10_downsample_t40,HBN_EEG,within_subject,10,0.10765241915097416,0.0769230769230769,balanced_chance,Consciousness & State,意识与状态,静息态/多任务,HBN-EEG,/benchmark-eeg/5.0_version/result_5/linear_downsample/HBN_EEG_within_subject_linear_downsample/seed_10_downsample_t40/ratio_full/eegmamba/summary.json
HBN_EEG_within_subject_linear_downsample,eegmamba,seed_42_downsample_t40,HBN_EEG,within_subject,42,0.10378577163124242,0.0769230769230769,balanced_chance,Consciousness & State,意识与状态,静息态/多任务,HBN-EEG,/benchmark-eeg/5.0_version/result_5/linear_downsample/HBN_EEG_within_subject_linear_downsample/seed_42_downsample_t40/ratio_full/eegmamba/summary.json
HBN_EEG_within_subject_linear_downsample,eegmamba,seed_5_downsample_t40,HBN_EEG,within_subject,5,0.11933339844992458,0.0769230769230769,balanced_chance,Consciousness & State,意识与状态,静息态/多任务,HBN-EEG,/benchmark-eeg/5.0_version/result_5/linear_downsample/HBN_EEG_within_subject_linear_downsample/seed_5_downsample_t40/ratio_full/eegmamba/summary.json
HBN_EEG_within_subject_linear_downsample,femba,seed_10_downsample_t40,HBN_EEG,within_subject,10,0.11078602469755164,0.0769230769230769,balanced_chance,Consciousness & State,意识与状态,静息态/多任务,HBN-EEG,/benchmark-eeg/5.0_version/result_5/linear_downsample/HBN_EEG_within_subject_linear_downsample/seed_10_downsample_t40/ratio_full/femba/summary.json
HBN_EEG_within_subject_linear_downsample,femba,seed_42_downsample_t40,HBN_EEG,within_subject,42,0.112374070190228,0.0769230769230769,balanced_chance,Consciousness & State,意识与状态,静息态/多任务,HBN-EEG,/benchmark-eeg/5.0_version/result_5/linear_downsample/HBN_EEG_within_subject_linear_downsample/seed_42_downsample_t40/ratio_full/femba/summary.json
HBN_EEG_within_subject_linear_downsample,femba,seed_5_downsample_t40,HBN_EEG,within_subject,5,0.1181779302794867,0.0769230769230769,balanced_chance,Consciousness & State,意识与状态,静息态/多任务,HBN-EEG,/benchmark-eeg/5.0_version/result_5/linear_downsample/HBN_EEG_within_subject_linear_downsample/seed_5_downsample_t40/ratio_full/femba/summary.json
HBN_EEG_within_subject_linear_downsample,labram,seed_10_downsample_t40,HBN_EEG,within_subject,10,0.1355032392088696,0.0769230769230769,balanced_chance,Consciousness & State,意识与状态,静息态/多任务,HBN-EEG,/benchmark-eeg/5.0_version/result_5/linear_downsample/HBN_EEG_within_subject_linear_downsample/seed_10_downsample_t40/ratio_full/labram/summary.json
HBN_EEG_within_subject_linear_downsample,labram,seed_42_downsample_t40,HBN_EEG,within_subject,42,0.12123882960078632,0.0769230769230769,balanced_chance,Consciousness & State,意识与状态,静息态/多任务,HBN-EEG,/benchmark-eeg/5.0_version/result_5/linear_downsample/HBN_EEG_within_subject_linear_downsample/seed_42_downsample_t40/ratio_full/labram/summary.json
HBN_EEG_within_subject_linear_downsample,labram,seed_5_downsample_t40,HBN_EEG,within_subject,5,0.13197458993304065,0.0769230769230769,balanced_chance,Consciousness & State,意识与状态,静息态/多任务,HBN-EEG,/benchmark-eeg/5.0_version/result_5/linear_downsample/HBN_EEG_within_subject_linear_downsample/seed_5_downsample_t40/ratio_full/labram/summary.json
HBN_EEG_within_subject_linear_downsample,neurogpt,seed_10_downsample_t40,HBN_EEG,within_subject,10,0.10906086892593492,0.0769230769230769,balanced_chance,Consciousness & State,意识与状态,静息态/多任务,HBN-EEG,/benchmark-eeg/5.0_version/result_5/linear_downsample/HBN_EEG_within_subject_linear_downsample/seed_10_downsample_t40/ratio_full/neurogpt/summary.json
HBN_EEG_within_subject_linear_downsample,neurogpt,seed_42_downsample_t40,HBN_EEG,within_subject,42,0.09963296189236275,0.0769230769230769,balanced_chance,Consciousness & State,意识与状态,静息态/多任务,HBN-EEG,/benchmark-eeg/5.0_version/result_5/linear_downsample/HBN_EEG_within_subject_linear_downsample/seed_42_downsample_t40/ratio_full/neurogpt/summary.json
HBN_EEG_within_subject_linear_downsample,neurogpt,seed_5_downsample_t40,HBN_EEG,within_subject,5,0.1051827033908619,0.0769230769230769,balanced_chance,Consciousness & State,意识与状态,静息态/多任务,HBN-EEG,/benchmark-eeg/5.0_version/result_5/linear_downsample/HBN_EEG_within_subject_linear_downsample/seed_5_downsample_t40/ratio_full/neurogpt/summary.json
HBN_EEG_within_subject_linear_downsample,neurolm,seed_10_downsample_t40,HBN_EEG,within_subject,10,0.07919036307456251,0.0769230769230769,balanced_chance,Consciousness & State,意识与状态,静息态/多任务,HBN-EEG,/benchmark-eeg/5.0_version/result_5/linear_downsample/HBN_EEG_within_subject_linear_downsample/seed_10_downsample_t40/ratio_full/neurolm/summary.json
HBN_EEG_within_subject_linear_downsample,neurolm,seed_42_downsample_t40,HBN_EEG,within_subject,42,0.0883662374050586,0.0769230769230769,balanced_chance,Consciousness & State,意识与状态,静息态/多任务,HBN-EEG,/benchmark-eeg/5.0_version/result_5/linear_downsample/HBN_EEG_within_subject_linear_downsample/seed_42_downsample_t40/ratio_full/neurolm/summary.json
HBN_EEG_within_subject_linear_downsample,neurolm,seed_5_downsample_t40,HBN_EEG,within_subject,5,0.09242587670551063,0.0769230769230769,balanced_chance,Consciousness & State,意识与状态,静息态/多任务,HBN-EEG,/benchmark-eeg/5.0_version/result_5/linear_downsample/HBN_EEG_within_subject_linear_downsample/seed_5_downsample_t40/ratio_full/neurolm/summary.json
HBN_EEG_within_subject_linear_downsample,reve,seed_10_downsample_t40,HBN_EEG,within_subject,10,0.08742478815175957,0.0769230769230769,balanced_chance,Consciousness & State,意识与状态,静息态/多任务,HBN-EEG,/benchmark-eeg/5.0_version/result_5/linear_downsample/HBN_EEG_within_subject_linear_downsample/seed_10_downsample_t40/ratio_full/reve/summary.json
HBN_EEG_within_subject_linear_downsample,reve,seed_42_downsample_t40,HBN_EEG,within_subject,42,0.09903938668988738,0.0769230769230769,balanced_chance,Consciousness & State,意识与状态,静息态/多任务,HBN-EEG,/benchmark-eeg/5.0_version/result_5/linear_downsample/HBN_EEG_within_subject_linear_downsample/seed_42_downsample_t40/ratio_full/reve/summary.json
HBN_EEG_within_subject_linear_downsample,reve,seed_5_downsample_t40,HBN_EEG,within_subject,5,0.08616602876655752,0.0769230769230769,balanced_chance,Consciousness & State,意识与状态,静息态/多任务,HBN-EEG,/benchmark-eeg/5.0_version/result_5/linear_downsample/HBN_EEG_within_subject_linear_downsample/seed_5_downsample_t40/ratio_full/reve/summary.json
HFO_within_subject_linear_downsample,bendr,seed_10_downsample_t40,HFO,within_subject,10,0.5068775790921596,0.5,balanced_chance,Biometrics & Disease,个体与疾病,癫痫/发作,HFO,/benchmark-eeg/5.0_version/result_5/linear_downsample/HFO_within_subject_linear_downsample/seed_10_downsample_t40/ratio_full/bendr/summary.json
HFO_within_subject_linear_downsample,bendr,seed_42_downsample_t40,HFO,within_subject,42,0.505251312828207,0.5,balanced_chance,Biometrics & Disease,个体与疾病,癫痫/发作,HFO,/benchmark-eeg/5.0_version/result_5/linear_downsample/HFO_within_subject_linear_downsample/seed_42_downsample_t40/ratio_full/bendr/summary.json
HFO_within_subject_linear_downsample,bendr,seed_5_downsample_t40,HFO,within_subject,5,0.48567193675889325,0.5,balanced_chance,Biometrics & Disease,个体与疾病,癫痫/发作,HFO,/benchmark-eeg/5.0_version/result_5/linear_downsample/HFO_within_subject_linear_downsample/seed_5_downsample_t40/ratio_full/bendr/summary.json
HFO_within_subject_linear_downsample,biot,seed_10_downsample_t40,HFO,within_subject,10,0.6389270976616231,0.5,balanced_chance,Biometrics & Disease,个体与疾病,癫痫/发作,HFO,/benchmark-eeg/5.0_version/result_5/linear_downsample/HFO_within_subject_linear_downsample/seed_10_downsample_t40/ratio_full/biot/summary.json
HFO_within_subject_linear_downsample,biot,seed_42_downsample_t40,HFO,within_subject,42,0.6361590397599399,0.5,balanced_chance,Biometrics & Disease,个体与疾病,癫痫/发作,HFO,/benchmark-eeg/5.0_version/result_5/linear_downsample/HFO_within_subject_linear_downsample/seed_42_downsample_t40/ratio_full/biot/summary.json
HFO_within_subject_linear_downsample,biot,seed_5_downsample_t40,HFO,within_subject,5,0.6403162055335969,0.5,balanced_chance,Biometrics & Disease,个体与疾病,癫痫/发作,HFO,/benchmark-eeg/5.0_version/result_5/linear_downsample/HFO_within_subject_linear_downsample/seed_5_downsample_t40/ratio_full/biot/summary.json
HFO_within_subject_linear_downsample,brainomni,seed_10_downsample_t40,HFO,within_subject,10,0.6088376891334251,0.5,balanced_chance,Biometrics & Disease,个体与疾病,癫痫/发作,HFO,/benchmark-eeg/5.0_version/result_5/linear_downsample/HFO_within_subject_linear_downsample/seed_10_downsample_t40/ratio_full/brainomni/summary.json
HFO_within_subject_linear_downsample,brainomni,seed_42_downsample_t40,HFO,within_subject,42,0.5875843960990248,0.5,balanced_chance,Biometrics & Disease,个体与疾病,癫痫/发作,HFO,/benchmark-eeg/5.0_version/result_5/linear_downsample/HFO_within_subject_linear_downsample/seed_42_downsample_t40/ratio_full/brainomni/summary.json
HFO_within_subject_linear_downsample,brainomni,seed_5_downsample_t40,HFO,within_subject,5,0.5854743083003953,0.5,balanced_chance,Biometrics & Disease,个体与疾病,癫痫/发作,HFO,/benchmark-eeg/5.0_version/result_5/linear_downsample/HFO_within_subject_linear_downsample/seed_5_downsample_t40/ratio_full/brainomni/summary.json
HFO_within_subject_linear_downsample,cbramod,seed_10_downsample_t40,HFO,within_subject,10,0.6234525447042641,0.5,balanced_chance,Biometrics & Disease,个体与疾病,癫痫/发作,HFO,/benchmark-eeg/5.0_version/result_5/linear_downsample/HFO_within_subject_linear_downsample/seed_10_downsample_t40/ratio_full/cbramod/summary.json
HFO_within_subject_linear_downsample,cbramod,seed_42_downsample_t40,HFO,within_subject,42,0.6134658664666166,0.5,balanced_chance,Biometrics & Disease,个体与疾病,癫痫/发作,HFO,/benchmark-eeg/5.0_version/result_5/linear_downsample/HFO_within_subject_linear_downsample/seed_42_downsample_t40/ratio_full/cbramod/summary.json
HFO_within_subject_linear_downsample,cbramod,seed_5_downsample_t40,HFO,within_subject,5,0.6245059288537549,0.5,balanced_chance,Biometrics & Disease,个体与疾病,癫痫/发作,HFO,/benchmark-eeg/5.0_version/result_5/linear_downsample/HFO_within_subject_linear_downsample/seed_5_downsample_t40/ratio_full/cbramod/summary.json
HFO_within_subject_linear_downsample,eegmamba,seed_10_downsample_t40,HFO,within_subject,10,0.6224209078404401,0.5,balanced_chance,Biometrics & Disease,个体与疾病,癫痫/发作,HFO,/benchmark-eeg/5.0_version/result_5/linear_downsample/HFO_within_subject_linear_downsample/seed_10_downsample_t40/ratio_full/eegmamba/summary.json
HFO_within_subject_linear_downsample,eegmamba,seed_42_downsample_t40,HFO,within_subject,42,0.5723930982745686,0.5,balanced_chance,Biometrics & Disease,个体与疾病,癫痫/发作,HFO,/benchmark-eeg/5.0_version/result_5/linear_downsample/HFO_within_subject_linear_downsample/seed_42_downsample_t40/ratio_full/eegmamba/summary.json
HFO_within_subject_linear_downsample,eegmamba,seed_5_downsample_t40,HFO,within_subject,5,0.6001317523056654,0.5,balanced_chance,Biometrics & Disease,个体与疾病,癫痫/发作,HFO,/benchmark-eeg/5.0_version/result_5/linear_downsample/HFO_within_subject_linear_downsample/seed_5_downsample_t40/ratio_full/eegmamba/summary.json
HFO_within_subject_linear_downsample,femba,seed_10_downsample_t40,HFO,within_subject,10,0.5515818431911967,0.5,balanced_chance,Biometrics & Disease,个体与疾病,癫痫/发作,HFO,/benchmark-eeg/5.0_version/result_5/linear_downsample/HFO_within_subject_linear_downsample/seed_10_downsample_t40/ratio_full/femba/summary.json
HFO_within_subject_linear_downsample,femba,seed_42_downsample_t40,HFO,within_subject,42,0.5465116279069768,0.5,balanced_chance,Biometrics & Disease,个体与疾病,癫痫/发作,HFO,/benchmark-eeg/5.0_version/result_5/linear_downsample/HFO_within_subject_linear_downsample/seed_42_downsample_t40/ratio_full/femba/summary.json
HFO_within_subject_linear_downsample,femba,seed_5_downsample_t40,HFO,within_subject,5,0.5604413702239789,0.5,balanced_chance,Biometrics & Disease,个体与疾病,癫痫/发作,HFO,/benchmark-eeg/5.0_version/result_5/linear_downsample/HFO_within_subject_linear_downsample/seed_5_downsample_t40/ratio_full/femba/summary.json
HFO_within_subject_linear_downsample,labram,seed_10_downsample_t40,HFO,within_subject,10,0.5713548830811555,0.5,balanced_chance,Biometrics & Disease,个体与疾病,癫痫/发作,HFO,/benchmark-eeg/5.0_version/result_5/linear_downsample/HFO_within_subject_linear_downsample/seed_10_downsample_t40/ratio_full/labram/summary.json
HFO_within_subject_linear_downsample,labram,seed_42_downsample_t40,HFO,within_subject,42,0.5740810202550638,0.5,balanced_chance,Biometrics & Disease,个体与疾病,癫痫/发作,HFO,/benchmark-eeg/5.0_version/result_5/linear_downsample/HFO_within_subject_linear_downsample/seed_42_downsample_t40/ratio_full/labram/summary.json
HFO_within_subject_linear_downsample,labram,seed_5_downsample_t40,HFO,within_subject,5,0.6124835309617919,0.5,balanced_chance,Biometrics & Disease,个体与疾病,癫痫/发作,HFO,/benchmark-eeg/5.0_version/result_5/linear_downsample/HFO_within_subject_linear_downsample/seed_5_downsample_t40/ratio_full/labram/summary.json
HFO_within_subject_linear_downsample,neurogpt,seed_10_downsample_t40,HFO,within_subject,10,0.5873452544704264,0.5,balanced_chance,Biometrics & Disease,个体与疾病,癫痫/发作,HFO,/benchmark-eeg/5.0_version/result_5/linear_downsample/HFO_within_subject_linear_downsample/seed_10_downsample_t40/ratio_full/neurogpt/summary.json
HFO_within_subject_linear_downsample,neurogpt,seed_42_downsample_t40,HFO,within_subject,42,0.5819579894973743,0.5,balanced_chance,Biometrics & Disease,个体与疾病,癫痫/发作,HFO,/benchmark-eeg/5.0_version/result_5/linear_downsample/HFO_within_subject_linear_downsample/seed_42_downsample_t40/ratio_full/neurogpt/summary.json
HFO_within_subject_linear_downsample,neurogpt,seed_5_downsample_t40,HFO,within_subject,5,0.5970026350461133,0.5,balanced_chance,Biometrics & Disease,个体与疾病,癫痫/发作,HFO,/benchmark-eeg/5.0_version/result_5/linear_downsample/HFO_within_subject_linear_downsample/seed_5_downsample_t40/ratio_full/neurogpt/summary.json
HFO_within_subject_linear_downsample,neurolm,seed_10_downsample_t40,HFO,within_subject,10,0.6299862448418156,0.5,balanced_chance,Biometrics & Disease,个体与疾病,癫痫/发作,HFO,/benchmark-eeg/5.0_version/result_5/linear_downsample/HFO_within_subject_linear_downsample/seed_10_downsample_t40/ratio_full/neurolm/summary.json
HFO_within_subject_linear_downsample,neurolm,seed_42_downsample_t40,HFO,within_subject,42,0.6310952738184545,0.5,balanced_chance,Biometrics & Disease,个体与疾病,癫痫/发作,HFO,/benchmark-eeg/5.0_version/result_5/linear_downsample/HFO_within_subject_linear_downsample/seed_42_downsample_t40/ratio_full/neurolm/summary.json
HFO_within_subject_linear_downsample,neurolm,seed_5_downsample_t40,HFO,within_subject,5,0.6345520421607378,0.5,balanced_chance,Biometrics & Disease,个体与疾病,癫痫/发作,HFO,/benchmark-eeg/5.0_version/result_5/linear_downsample/HFO_within_subject_linear_downsample/seed_5_downsample_t40/ratio_full/neurolm/summary.json
HFO_within_subject_linear_downsample,reve,seed_10_downsample_t40,HFO,within_subject,10,0.5354195323246218,0.5,balanced_chance,Biometrics & Disease,个体与疾病,癫痫/发作,HFO,/benchmark-eeg/5.0_version/result_5/linear_downsample/HFO_within_subject_linear_downsample/seed_10_downsample_t40/ratio_full/reve/summary.json
HFO_within_subject_linear_downsample,reve,seed_42_downsample_t40,HFO,within_subject,42,0.5228807201800449,0.5,balanced_chance,Biometrics & Disease,个体与疾病,癫痫/发作,HFO,/benchmark-eeg/5.0_version/result_5/linear_downsample/HFO_within_subject_linear_downsample/seed_42_downsample_t40/ratio_full/reve/summary.json
HFO_within_subject_linear_downsample,reve,seed_5_downsample_t40,HFO,within_subject,5,0.519927536231884,0.5,balanced_chance,Biometrics & Disease,个体与疾病,癫痫/发作,HFO,/benchmark-eeg/5.0_version/result_5/linear_downsample/HFO_within_subject_linear_downsample/seed_5_downsample_t40/ratio_full/reve/summary.json
HMC_within_subject_linear_downsample,bendr,seed_10_downsample_t40,HMC,within_subject,10,0.20655095295847695,0.2,balanced_chance,Unknown,Unknown,Unknown,,/benchmark-eeg/5.0_version/result_5/linear_downsample/HMC_within_subject_linear_downsample/seed_10_downsample_t40/ratio_full/bendr/summary.json
HMC_within_subject_linear_downsample,bendr,seed_42_downsample_t40,HMC,within_subject,42,0.21781559509792286,0.2,balanced_chance,Unknown,Unknown,Unknown,,/benchmark-eeg/5.0_version/result_5/linear_downsample/HMC_within_subject_linear_downsample/seed_42_downsample_t40/ratio_full/bendr/summary.json
HMC_within_subject_linear_downsample,bendr,seed_5_downsample_t40,HMC,within_subject,5,0.200211549176817,0.2,balanced_chance,Unknown,Unknown,Unknown,,/benchmark-eeg/5.0_version/result_5/linear_downsample/HMC_within_subject_linear_downsample/seed_5_downsample_t40/ratio_full/bendr/summary.json
HMC_within_subject_linear_downsample,biot,seed_10_downsample_t40,HMC,within_subject,10,0.5784220024755851,0.2,balanced_chance,Unknown,Unknown,Unknown,,/benchmark-eeg/5.0_version/result_5/linear_downsample/HMC_within_subject_linear_downsample/seed_10_downsample_t40/ratio_full/biot/summary.json
HMC_within_subject_linear_downsample,biot,seed_42_downsample_t40,HMC,within_subject,42,0.5785563833983952,0.2,balanced_chance,Unknown,Unknown,Unknown,,/benchmark-eeg/5.0_version/result_5/linear_downsample/HMC_within_subject_linear_downsample/seed_42_downsample_t40/ratio_full/biot/summary.json
HMC_within_subject_linear_downsample,biot,seed_5_downsample_t40,HMC,within_subject,5,0.5710884944969473,0.2,balanced_chance,Unknown,Unknown,Unknown,,/benchmark-eeg/5.0_version/result_5/linear_downsample/HMC_within_subject_linear_downsample/seed_5_downsample_t40/ratio_full/biot/summary.json
HMC_within_subject_linear_downsample,brainomni,seed_10_downsample_t40,HMC,within_subject,10,0.6547224092430282,0.2,balanced_chance,Unknown,Unknown,Unknown,,/benchmark-eeg/5.0_version/result_5/linear_downsample/HMC_within_subject_linear_downsample/seed_10_downsample_t40/ratio_full/brainomni/summary.json
HMC_within_subject_linear_downsample,brainomni,seed_42_downsample_t40,HMC,within_subject,42,0.6585457200521725,0.2,balanced_chance,Unknown,Unknown,Unknown,,/benchmark-eeg/5.0_version/result_5/linear_downsample/HMC_within_subject_linear_downsample/seed_42_downsample_t40/ratio_full/brainomni/summary.json
HMC_within_subject_linear_downsample,brainomni,seed_5_downsample_t40,HMC,within_subject,5,0.6555210613954874,0.2,balanced_chance,Unknown,Unknown,Unknown,,/benchmark-eeg/5.0_version/result_5/linear_downsample/HMC_within_subject_linear_downsample/seed_5_downsample_t40/ratio_full/brainomni/summary.json
HMC_within_subject_linear_downsample,cbramod,seed_10_downsample_t40,HMC,within_subject,10,0.5054868791371927,0.2,balanced_chance,Unknown,Unknown,Unknown,,/benchmark-eeg/5.0_version/result_5/linear_downsample/HMC_within_subject_linear_downsample/seed_10_downsample_t40/ratio_full/cbramod/summary.json
HMC_within_subject_linear_downsample,cbramod,seed_42_downsample_t40,HMC,within_subject,42,0.5107553008058945,0.2,balanced_chance,Unknown,Unknown,Unknown,,/benchmark-eeg/5.0_version/result_5/linear_downsample/HMC_within_subject_linear_downsample/seed_42_downsample_t40/ratio_full/cbramod/summary.json
HMC_within_subject_linear_downsample,cbramod,seed_5_downsample_t40,HMC,within_subject,5,0.5046042123526732,0.2,balanced_chance,Unknown,Unknown,Unknown,,/benchmark-eeg/5.0_version/result_5/linear_downsample/HMC_within_subject_linear_downsample/seed_5_downsample_t40/ratio_full/cbramod/summary.json
HMC_within_subject_linear_downsample,eegmamba,seed_10_downsample_t40,HMC,within_subject,10,0.5675086356749259,0.2,balanced_chance,Unknown,Unknown,Unknown,,/benchmark-eeg/5.0_version/result_5/linear_downsample/HMC_within_subject_linear_downsample/seed_10_downsample_t40/ratio_full/eegmamba/summary.json
HMC_within_subject_linear_downsample,eegmamba,seed_42_downsample_t40,HMC,within_subject,42,0.576364412816527,0.2,balanced_chance,Unknown,Unknown,Unknown,,/benchmark-eeg/5.0_version/result_5/linear_downsample/HMC_within_subject_linear_downsample/seed_42_downsample_t40/ratio_full/eegmamba/summary.json
HMC_within_subject_linear_downsample,eegmamba,seed_5_downsample_t40,HMC,within_subject,5,0.5724308354675021,0.2,balanced_chance,Unknown,Unknown,Unknown,,/benchmark-eeg/5.0_version/result_5/linear_downsample/HMC_within_subject_linear_downsample/seed_5_downsample_t40/ratio_full/eegmamba/summary.json
HMC_within_subject_linear_downsample,femba,seed_10_downsample_t40,HMC,within_subject,10,0.5980906003188592,0.2,balanced_chance,Unknown,Unknown,Unknown,,/benchmark-eeg/5.0_version/result_5/linear_downsample/HMC_within_subject_linear_downsample/seed_10_downsample_t40/ratio_full/femba/summary.json
HMC_within_subject_linear_downsample,femba,seed_42_downsample_t40,HMC,within_subject,42,0.6014365051687676,0.2,balanced_chance,Unknown,Unknown,Unknown,,/benchmark-eeg/5.0_version/result_5/linear_downsample/HMC_within_subject_linear_downsample/seed_42_downsample_t40/ratio_full/femba/summary.json
HMC_within_subject_linear_downsample,femba,seed_5_downsample_t40,HMC,within_subject,5,0.605980552235069,0.2,balanced_chance,Unknown,Unknown,Unknown,,/benchmark-eeg/5.0_version/result_5/linear_downsample/HMC_within_subject_linear_downsample/seed_5_downsample_t40/ratio_full/femba/summary.json
HMC_within_subject_linear_downsample,labram,seed_10_downsample_t40,HMC,within_subject,10,0.6470368972609057,0.2,balanced_chance,Unknown,Unknown,Unknown,,/benchmark-eeg/5.0_version/result_5/linear_downsample/HMC_within_subject_linear_downsample/seed_10_downsample_t40/ratio_full/labram/summary.json
HMC_within_subject_linear_downsample,labram,seed_42_downsample_t40,HMC,within_subject,42,0.646848266900377,0.2,balanced_chance,Unknown,Unknown,Unknown,,/benchmark-eeg/5.0_version/result_5/linear_downsample/HMC_within_subject_linear_downsample/seed_42_downsample_t40/ratio_full/labram/summary.json
HMC_within_subject_linear_downsample,labram,seed_5_downsample_t40,HMC,within_subject,5,0.6391030329924539,0.2,balanced_chance,Unknown,Unknown,Unknown,,/benchmark-eeg/5.0_version/result_5/linear_downsample/HMC_within_subject_linear_downsample/seed_5_downsample_t40/ratio_full/labram/summary.json
HMC_within_subject_linear_downsample,neurogpt,seed_10_downsample_t40,HMC,within_subject,10,0.5753785834167112,0.2,balanced_chance,Unknown,Unknown,Unknown,,/benchmark-eeg/5.0_version/result_5/linear_downsample/HMC_within_subject_linear_downsample/seed_10_downsample_t40/ratio_full/neurogpt/summary.json
HMC_within_subject_linear_downsample,neurogpt,seed_42_downsample_t40,HMC,within_subject,42,0.5719200818361923,0.2,balanced_chance,Unknown,Unknown,Unknown,,/benchmark-eeg/5.0_version/result_5/linear_downsample/HMC_within_subject_linear_downsample/seed_42_downsample_t40/ratio_full/neurogpt/summary.json
HMC_within_subject_linear_downsample,neurogpt,seed_5_downsample_t40,HMC,within_subject,5,0.5666609257135492,0.2,balanced_chance,Unknown,Unknown,Unknown,,/benchmark-eeg/5.0_version/result_5/linear_downsample/HMC_within_subject_linear_downsample/seed_5_downsample_t40/ratio_full/neurogpt/summary.json
HMC_within_subject_linear_downsample,neurolm,seed_10_downsample_t40,HMC,within_subject,10,0.6652768789335191,0.2,balanced_chance,Unknown,Unknown,Unknown,,/benchmark-eeg/5.0_version/result_5/linear_downsample/HMC_within_subject_linear_downsample/seed_10_downsample_t40/ratio_full/neurolm/summary.json
HMC_within_subject_linear_downsample,neurolm,seed_42_downsample_t40,HMC,within_subject,42,0.6585039011126457,0.2,balanced_chance,Unknown,Unknown,Unknown,,/benchmark-eeg/5.0_version/result_5/linear_downsample/HMC_within_subject_linear_downsample/seed_42_downsample_t40/ratio_full/neurolm/summary.json
HMC_within_subject_linear_downsample,neurolm,seed_5_downsample_t40,HMC,within_subject,5,0.6534671808751135,0.2,balanced_chance,Unknown,Unknown,Unknown,,/benchmark-eeg/5.0_version/result_5/linear_downsample/HMC_within_subject_linear_downsample/seed_5_downsample_t40/ratio_full/neurolm/summary.json
HMC_within_subject_linear_downsample,reve,seed_10_downsample_t40,HMC,within_subject,10,0.4872292019003429,0.2,balanced_chance,Unknown,Unknown,Unknown,,/benchmark-eeg/5.0_version/result_5/linear_downsample/HMC_within_subject_linear_downsample/seed_10_downsample_t40/ratio_full/reve/summary.json
HMC_within_subject_linear_downsample,reve,seed_42_downsample_t40,HMC,within_subject,42,0.4977571289474385,0.2,balanced_chance,Unknown,Unknown,Unknown,,/benchmark-eeg/5.0_version/result_5/linear_downsample/HMC_within_subject_linear_downsample/seed_42_downsample_t40/ratio_full/reve/summary.json
HMC_within_subject_linear_downsample,reve,seed_5_downsample_t40,HMC,within_subject,5,0.49437901099647324,0.2,balanced_chance,Unknown,Unknown,Unknown,,/benchmark-eeg/5.0_version/result_5/linear_downsample/HMC_within_subject_linear_downsample/seed_5_downsample_t40/ratio_full/reve/summary.json
ISRUC_S1_within_subject_linear_downsample,biot,seed_42_downsample_t40,ISRUC_S1,within_subject,42,0.2,,unknown,Unknown,Unknown,Unknown,,/benchmark-eeg/5.0_version/result_5/linear_downsample/ISRUC_S1_within_subject_linear_downsample/seed_42_downsample_t40/ratio_full/biot/summary.json
ISRUC_S1_within_subject_linear_downsample,brainomni,seed_42_downsample_t40,ISRUC_S1,within_subject,42,0.6130029502260135,,unknown,Unknown,Unknown,Unknown,,/benchmark-eeg/5.0_version/result_5/linear_downsample/ISRUC_S1_within_subject_linear_downsample/seed_42_downsample_t40/ratio_full/brainomni/summary.json
ISRUC_S1_within_subject_linear_downsample,cbramod,seed_42_downsample_t40,ISRUC_S1,within_subject,42,0.2,,unknown,Unknown,Unknown,Unknown,,/benchmark-eeg/5.0_version/result_5/linear_downsample/ISRUC_S1_within_subject_linear_downsample/seed_42_downsample_t40/ratio_full/cbramod/summary.json
ISRUC_S1_within_subject_linear_downsample,reve,seed_42_downsample_t40,ISRUC_S1,within_subject,42,0.40691433136173716,,unknown,Unknown,Unknown,Unknown,,/benchmark-eeg/5.0_version/result_5/linear_downsample/ISRUC_S1_within_subject_linear_downsample/seed_42_downsample_t40/ratio_full/reve/summary.json
Longitudinal_EEG_Reliability_wsn_within_subject_linear_downsample,bendr,seed_10_downsample_t40,Longitudinal_EEG_Reliability_wsn,within_subject,10,0.493395812508048,0.5,balanced_chance,Unknown,Unknown,Unknown,,/benchmark-eeg/5.0_version/result_5/linear_downsample/Longitudinal_EEG_Reliability_wsn_within_subject_linear_downsample/seed_10_downsample_t40/ratio_full/bendr/summary.json
Longitudinal_EEG_Reliability_wsn_within_subject_linear_downsample,bendr,seed_42_downsample_t40,Longitudinal_EEG_Reliability_wsn,within_subject,42,0.5209636915732647,0.5,balanced_chance,Unknown,Unknown,Unknown,,/benchmark-eeg/5.0_version/result_5/linear_downsample/Longitudinal_EEG_Reliability_wsn_within_subject_linear_downsample/seed_42_downsample_t40/ratio_full/bendr/summary.json
Longitudinal_EEG_Reliability_wsn_within_subject_linear_downsample,bendr,seed_5_downsample_t40,Longitudinal_EEG_Reliability_wsn,within_subject,5,0.5192199070866627,0.5,balanced_chance,Unknown,Unknown,Unknown,,/benchmark-eeg/5.0_version/result_5/linear_downsample/Longitudinal_EEG_Reliability_wsn_within_subject_linear_downsample/seed_5_downsample_t40/ratio_full/bendr/summary.json
Longitudinal_EEG_Reliability_wsn_within_subject_linear_downsample,biot,seed_10_downsample_t40,Longitudinal_EEG_Reliability_wsn,within_subject,10,0.7118548807831236,0.5,balanced_chance,Unknown,Unknown,Unknown,,/benchmark-eeg/5.0_version/result_5/linear_downsample/Longitudinal_EEG_Reliability_wsn_within_subject_linear_downsample/seed_10_downsample_t40/ratio_full/biot/summary.json
Longitudinal_EEG_Reliability_wsn_within_subject_linear_downsample,biot,seed_42_downsample_t40,Longitudinal_EEG_Reliability_wsn,within_subject,42,0.6948826108991535,0.5,balanced_chance,Unknown,Unknown,Unknown,,/benchmark-eeg/5.0_version/result_5/linear_downsample/Longitudinal_EEG_Reliability_wsn_within_subject_linear_downsample/seed_42_downsample_t40/ratio_full/biot/summary.json
Longitudinal_EEG_Reliability_wsn_within_subject_linear_downsample,biot,seed_5_downsample_t40,Longitudinal_EEG_Reliability_wsn,within_subject,5,0.7184422053253892,0.5,balanced_chance,Unknown,Unknown,Unknown,,/benchmark-eeg/5.0_version/result_5/linear_downsample/Longitudinal_EEG_Reliability_wsn_within_subject_linear_downsample/seed_5_downsample_t40/ratio_full/biot/summary.json
Longitudinal_EEG_Reliability_wsn_within_subject_linear_downsample,brainomni,seed_10_downsample_t40,Longitudinal_EEG_Reliability_wsn,within_subject,10,0.7075710117338452,0.5,balanced_chance,Unknown,Unknown,Unknown,,/benchmark-eeg/5.0_version/result_5/linear_downsample/Longitudinal_EEG_Reliability_wsn_within_subject_linear_downsample/seed_10_downsample_t40/ratio_full/brainomni/summary.json
Longitudinal_EEG_Reliability_wsn_within_subject_linear_downsample,brainomni,seed_42_downsample_t40,Longitudinal_EEG_Reliability_wsn,within_subject,42,0.7115652926994223,0.5,balanced_chance,Unknown,Unknown,Unknown,,/benchmark-eeg/5.0_version/result_5/linear_downsample/Longitudinal_EEG_Reliability_wsn_within_subject_linear_downsample/seed_42_downsample_t40/ratio_full/brainomni/summary.json
Longitudinal_EEG_Reliability_wsn_within_subject_linear_downsample,brainomni,seed_5_downsample_t40,Longitudinal_EEG_Reliability_wsn,within_subject,5,0.7599682655150648,0.5,balanced_chance,Unknown,Unknown,Unknown,,/benchmark-eeg/5.0_version/result_5/linear_downsample/Longitudinal_EEG_Reliability_wsn_within_subject_linear_downsample/seed_5_downsample_t40/ratio_full/brainomni/summary.json
Longitudinal_EEG_Reliability_wsn_within_subject_linear_downsample,cbramod,seed_10_downsample_t40,Longitudinal_EEG_Reliability_wsn,within_subject,10,0.6864483645762395,0.5,balanced_chance,Unknown,Unknown,Unknown,,/benchmark-eeg/5.0_version/result_5/linear_downsample/Longitudinal_EEG_Reliability_wsn_within_subject_linear_downsample/seed_10_downsample_t40/ratio_full/cbramod/summary.json
Longitudinal_EEG_Reliability_wsn_within_subject_linear_downsample,cbramod,seed_42_downsample_t40,Longitudinal_EEG_Reliability_wsn,within_subject,42,0.6855598456179841,0.5,balanced_chance,Unknown,Unknown,Unknown,,/benchmark-eeg/5.0_version/result_5/linear_downsample/Longitudinal_EEG_Reliability_wsn_within_subject_linear_downsample/seed_42_downsample_t40/ratio_full/cbramod/summary.json
Longitudinal_EEG_Reliability_wsn_within_subject_linear_downsample,cbramod,seed_5_downsample_t40,Longitudinal_EEG_Reliability_wsn,within_subject,5,0.633114882107062,0.5,balanced_chance,Unknown,Unknown,Unknown,,/benchmark-eeg/5.0_version/result_5/linear_downsample/Longitudinal_EEG_Reliability_wsn_within_subject_linear_downsample/seed_5_downsample_t40/ratio_full/cbramod/summary.json
Longitudinal_EEG_Reliability_wsn_within_subject_linear_downsample,eegmamba,seed_10_downsample_t40,Longitudinal_EEG_Reliability_wsn,within_subject,10,0.6580825006537978,0.5,balanced_chance,Unknown,Unknown,Unknown,,/benchmark-eeg/5.0_version/result_5/linear_downsample/Longitudinal_EEG_Reliability_wsn_within_subject_linear_downsample/seed_10_downsample_t40/ratio_full/eegmamba/summary.json
Longitudinal_EEG_Reliability_wsn_within_subject_linear_downsample,eegmamba,seed_42_downsample_t40,Longitudinal_EEG_Reliability_wsn,within_subject,42,0.6362218331552201,0.5,balanced_chance,Unknown,Unknown,Unknown,,/benchmark-eeg/5.0_version/result_5/linear_downsample/Longitudinal_EEG_Reliability_wsn_within_subject_linear_downsample/seed_42_downsample_t40/ratio_full/eegmamba/summary.json
Longitudinal_EEG_Reliability_wsn_within_subject_linear_downsample,eegmamba,seed_5_downsample_t40,Longitudinal_EEG_Reliability_wsn,within_subject,5,0.6272178296229581,0.5,balanced_chance,Unknown,Unknown,Unknown,,/benchmark-eeg/5.0_version/result_5/linear_downsample/Longitudinal_EEG_Reliability_wsn_within_subject_linear_downsample/seed_5_downsample_t40/ratio_full/eegmamba/summary.json
Longitudinal_EEG_Reliability_wsn_within_subject_linear_downsample,femba,seed_10_downsample_t40,Longitudinal_EEG_Reliability_wsn,within_subject,10,0.6389516136526256,0.5,balanced_chance,Unknown,Unknown,Unknown,,/benchmark-eeg/5.0_version/result_5/linear_downsample/Longitudinal_EEG_Reliability_wsn_within_subject_linear_downsample/seed_10_downsample_t40/ratio_full/femba/summary.json
Longitudinal_EEG_Reliability_wsn_within_subject_linear_downsample,femba,seed_42_downsample_t40,Longitudinal_EEG_Reliability_wsn,within_subject,42,0.6730024320631364,0.5,balanced_chance,Unknown,Unknown,Unknown,,/benchmark-eeg/5.0_version/result_5/linear_downsample/Longitudinal_EEG_Reliability_wsn_within_subject_linear_downsample/seed_42_downsample_t40/ratio_full/femba/summary.json
Longitudinal_EEG_Reliability_wsn_within_subject_linear_downsample,femba,seed_5_downsample_t40,Longitudinal_EEG_Reliability_wsn,within_subject,5,0.7313989298030883,0.5,balanced_chance,Unknown,Unknown,Unknown,,/benchmark-eeg/5.0_version/result_5/linear_downsample/Longitudinal_EEG_Reliability_wsn_within_subject_linear_downsample/seed_5_downsample_t40/ratio_full/femba/summary.json
Longitudinal_EEG_Reliability_wsn_within_subject_linear_downsample,labram,seed_10_downsample_t40,Longitudinal_EEG_Reliability_wsn,within_subject,10,0.6707270165181849,0.5,balanced_chance,Unknown,Unknown,Unknown,,/benchmark-eeg/5.0_version/result_5/linear_downsample/Longitudinal_EEG_Reliability_wsn_within_subject_linear_downsample/seed_10_downsample_t40/ratio_full/labram/summary.json
Longitudinal_EEG_Reliability_wsn_within_subject_linear_downsample,labram,seed_42_downsample_t40,Longitudinal_EEG_Reliability_wsn,within_subject,42,0.6810439866561349,0.5,balanced_chance,Unknown,Unknown,Unknown,,/benchmark-eeg/5.0_version/result_5/linear_downsample/Longitudinal_EEG_Reliability_wsn_within_subject_linear_downsample/seed_42_downsample_t40/ratio_full/labram/summary.json
Longitudinal_EEG_Reliability_wsn_within_subject_linear_downsample,labram,seed_5_downsample_t40,Longitudinal_EEG_Reliability_wsn,within_subject,5,0.680541963997044,0.5,balanced_chance,Unknown,Unknown,Unknown,,/benchmark-eeg/5.0_version/result_5/linear_downsample/Longitudinal_EEG_Reliability_wsn_within_subject_linear_downsample/seed_5_downsample_t40/ratio_full/labram/summary.json
Longitudinal_EEG_Reliability_wsn_within_subject_linear_downsample,neurogpt,seed_10_downsample_t40,Longitudinal_EEG_Reliability_wsn,within_subject,10,0.6839498281540599,0.5,balanced_chance,Unknown,Unknown,Unknown,,/benchmark-eeg/5.0_version/result_5/linear_downsample/Longitudinal_EEG_Reliability_wsn_within_subject_linear_downsample/seed_10_downsample_t40/ratio_full/neurogpt/summary.json
Longitudinal_EEG_Reliability_wsn_within_subject_linear_downsample,neurogpt,seed_42_downsample_t40,Longitudinal_EEG_Reliability_wsn,within_subject,42,0.6853504872730777,0.5,balanced_chance,Unknown,Unknown,Unknown,,/benchmark-eeg/5.0_version/result_5/linear_downsample/Longitudinal_EEG_Reliability_wsn_within_subject_linear_downsample/seed_42_downsample_t40/ratio_full/neurogpt/summary.json
Longitudinal_EEG_Reliability_wsn_within_subject_linear_downsample,neurogpt,seed_5_downsample_t40,Longitudinal_EEG_Reliability_wsn,within_subject,5,0.7248473174834111,0.5,balanced_chance,Unknown,Unknown,Unknown,,/benchmark-eeg/5.0_version/result_5/linear_downsample/Longitudinal_EEG_Reliability_wsn_within_subject_linear_downsample/seed_5_downsample_t40/ratio_full/neurogpt/summary.json
Longitudinal_EEG_Reliability_wsn_within_subject_linear_downsample,neurolm,seed_10_downsample_t40,Longitudinal_EEG_Reliability_wsn,within_subject,10,0.6753165244241602,0.5,balanced_chance,Unknown,Unknown,Unknown,,/benchmark-eeg/5.0_version/result_5/linear_downsample/Longitudinal_EEG_Reliability_wsn_within_subject_linear_downsample/seed_10_downsample_t40/ratio_full/neurolm/summary.json
Longitudinal_EEG_Reliability_wsn_within_subject_linear_downsample,neurolm,seed_42_downsample_t40,Longitudinal_EEG_Reliability_wsn,within_subject,42,0.645865410925311,0.5,balanced_chance,Unknown,Unknown,Unknown,,/benchmark-eeg/5.0_version/result_5/linear_downsample/Longitudinal_EEG_Reliability_wsn_within_subject_linear_downsample/seed_42_downsample_t40/ratio_full/neurolm/summary.json
Longitudinal_EEG_Reliability_wsn_within_subject_linear_downsample,neurolm,seed_5_downsample_t40,Longitudinal_EEG_Reliability_wsn,within_subject,5,0.6701239261465983,0.5,balanced_chance,Unknown,Unknown,Unknown,,/benchmark-eeg/5.0_version/result_5/linear_downsample/Longitudinal_EEG_Reliability_wsn_within_subject_linear_downsample/seed_5_downsample_t40/ratio_full/neurolm/summary.json
Longitudinal_EEG_Reliability_wsn_within_subject_linear_downsample,reve,seed_10_downsample_t40,Longitudinal_EEG_Reliability_wsn,within_subject,10,0.7788588274650832,0.5,balanced_chance,Unknown,Unknown,Unknown,,/benchmark-eeg/5.0_version/result_5/linear_downsample/Longitudinal_EEG_Reliability_wsn_within_subject_linear_downsample/seed_10_downsample_t40/ratio_full/reve/summary.json
Longitudinal_EEG_Reliability_wsn_within_subject_linear_downsample,reve,seed_42_downsample_t40,Longitudinal_EEG_Reliability_wsn,within_subject,42,0.6853276638254594,0.5,balanced_chance,Unknown,Unknown,Unknown,,/benchmark-eeg/5.0_version/result_5/linear_downsample/Longitudinal_EEG_Reliability_wsn_within_subject_linear_downsample/seed_42_downsample_t40/ratio_full/reve/summary.json
Longitudinal_EEG_Reliability_wsn_within_subject_linear_downsample,reve,seed_5_downsample_t40,Longitudinal_EEG_Reliability_wsn,within_subject,5,0.6942072970070667,0.5,balanced_chance,Unknown,Unknown,Unknown,,/benchmark-eeg/5.0_version/result_5/linear_downsample/Longitudinal_EEG_Reliability_wsn_within_subject_linear_downsample/seed_5_downsample_t40/ratio_full/reve/summary.json
MonitoringErrP_within_subject_linear_downsample,bendr,seed_10_downsample_t40,MonitoringErrP,within_subject,10,0.48140432098765434,0.5,balanced_chance,Interaction & Control,交互与控制,ErrP/错误相关反馈,Monitoring ErrP,/benchmark-eeg/5.0_version/result_5/linear_downsample/MonitoringErrP_within_subject_linear_downsample/seed_10_downsample_t40/ratio_full/bendr/summary.json
MonitoringErrP_within_subject_linear_downsample,bendr,seed_42_downsample_t40,MonitoringErrP,within_subject,42,0.5335687000810279,0.5,balanced_chance,Interaction & Control,交互与控制,ErrP/错误相关反馈,Monitoring ErrP,/benchmark-eeg/5.0_version/result_5/linear_downsample/MonitoringErrP_within_subject_linear_downsample/seed_42_downsample_t40/ratio_full/bendr/summary.json
MonitoringErrP_within_subject_linear_downsample,bendr,seed_5_downsample_t40,MonitoringErrP,within_subject,5,0.5125141163865912,0.5,balanced_chance,Interaction & Control,交互与控制,ErrP/错误相关反馈,Monitoring ErrP,/benchmark-eeg/5.0_version/result_5/linear_downsample/MonitoringErrP_within_subject_linear_downsample/seed_5_downsample_t40/ratio_full/bendr/summary.json
MonitoringErrP_within_subject_linear_downsample,biot,seed_10_downsample_t40,MonitoringErrP,within_subject,10,0.5031057098765432,0.5,balanced_chance,Interaction & Control,交互与控制,ErrP/错误相关反馈,Monitoring ErrP,/benchmark-eeg/5.0_version/result_5/linear_downsample/MonitoringErrP_within_subject_linear_downsample/seed_10_downsample_t40/ratio_full/biot/summary.json
MonitoringErrP_within_subject_linear_downsample,biot,seed_42_downsample_t40,MonitoringErrP,within_subject,42,0.506163907859706,0.5,balanced_chance,Interaction & Control,交互与控制,ErrP/错误相关反馈,Monitoring ErrP,/benchmark-eeg/5.0_version/result_5/linear_downsample/MonitoringErrP_within_subject_linear_downsample/seed_42_downsample_t40/ratio_full/biot/summary.json
MonitoringErrP_within_subject_linear_downsample,biot,seed_5_downsample_t40,MonitoringErrP,within_subject,5,0.49077246797872653,0.5,balanced_chance,Interaction & Control,交互与控制,ErrP/错误相关反馈,Monitoring ErrP,/benchmark-eeg/5.0_version/result_5/linear_downsample/MonitoringErrP_within_subject_linear_downsample/seed_5_downsample_t40/ratio_full/biot/summary.json
MonitoringErrP_within_subject_linear_downsample,brainomni,seed_10_downsample_t40,MonitoringErrP,within_subject,10,0.5083333333333333,0.5,balanced_chance,Interaction & Control,交互与控制,ErrP/错误相关反馈,Monitoring ErrP,/benchmark-eeg/5.0_version/result_5/linear_downsample/MonitoringErrP_within_subject_linear_downsample/seed_10_downsample_t40/ratio_full/brainomni/summary.json
MonitoringErrP_within_subject_linear_downsample,brainomni,seed_42_downsample_t40,MonitoringErrP,within_subject,42,0.49034417563761235,0.5,balanced_chance,Interaction & Control,交互与控制,ErrP/错误相关反馈,Monitoring ErrP,/benchmark-eeg/5.0_version/result_5/linear_downsample/MonitoringErrP_within_subject_linear_downsample/seed_42_downsample_t40/ratio_full/brainomni/summary.json
MonitoringErrP_within_subject_linear_downsample,brainomni,seed_5_downsample_t40,MonitoringErrP,within_subject,5,0.5365771261449959,0.5,balanced_chance,Interaction & Control,交互与控制,ErrP/错误相关反馈,Monitoring ErrP,/benchmark-eeg/5.0_version/result_5/linear_downsample/MonitoringErrP_within_subject_linear_downsample/seed_5_downsample_t40/ratio_full/brainomni/summary.json
MonitoringErrP_within_subject_linear_downsample,cbramod,seed_10_downsample_t40,MonitoringErrP,within_subject,10,0.5234375,0.5,balanced_chance,Interaction & Control,交互与控制,ErrP/错误相关反馈,Monitoring ErrP,/benchmark-eeg/5.0_version/result_5/linear_downsample/MonitoringErrP_within_subject_linear_downsample/seed_10_downsample_t40/ratio_full/cbramod/summary.json
MonitoringErrP_within_subject_linear_downsample,cbramod,seed_42_downsample_t40,MonitoringErrP,within_subject,42,0.5212505305398001,0.5,balanced_chance,Interaction & Control,交互与控制,ErrP/错误相关反馈,Monitoring ErrP,/benchmark-eeg/5.0_version/result_5/linear_downsample/MonitoringErrP_within_subject_linear_downsample/seed_42_downsample_t40/ratio_full/cbramod/summary.json
MonitoringErrP_within_subject_linear_downsample,cbramod,seed_5_downsample_t40,MonitoringErrP,within_subject,5,0.4714293987625841,0.5,balanced_chance,Interaction & Control,交互与控制,ErrP/错误相关反馈,Monitoring ErrP,/benchmark-eeg/5.0_version/result_5/linear_downsample/MonitoringErrP_within_subject_linear_downsample/seed_5_downsample_t40/ratio_full/cbramod/summary.json
MonitoringErrP_within_subject_linear_downsample,eegmamba,seed_10_downsample_t40,MonitoringErrP,within_subject,10,0.49745370370370373,0.5,balanced_chance,Interaction & Control,交互与控制,ErrP/错误相关反馈,Monitoring ErrP,/benchmark-eeg/5.0_version/result_5/linear_downsample/MonitoringErrP_within_subject_linear_downsample/seed_10_downsample_t40/ratio_full/eegmamba/summary.json
MonitoringErrP_within_subject_linear_downsample,eegmamba,seed_42_downsample_t40,MonitoringErrP,within_subject,42,0.5136396959524636,0.5,balanced_chance,Interaction & Control,交互与控制,ErrP/错误相关反馈,Monitoring ErrP,/benchmark-eeg/5.0_version/result_5/linear_downsample/MonitoringErrP_within_subject_linear_downsample/seed_42_downsample_t40/ratio_full/eegmamba/summary.json
MonitoringErrP_within_subject_linear_downsample,eegmamba,seed_5_downsample_t40,MonitoringErrP,within_subject,5,0.5187108481414631,0.5,balanced_chance,Interaction & Control,交互与控制,ErrP/错误相关反馈,Monitoring ErrP,/benchmark-eeg/5.0_version/result_5/linear_downsample/MonitoringErrP_within_subject_linear_downsample/seed_5_downsample_t40/ratio_full/eegmamba/summary.json
MonitoringErrP_within_subject_linear_downsample,femba,seed_10_downsample_t40,MonitoringErrP,within_subject,10,0.49625771604938274,0.5,balanced_chance,Interaction & Control,交互与控制,ErrP/错误相关反馈,Monitoring ErrP,/benchmark-eeg/5.0_version/result_5/linear_downsample/MonitoringErrP_within_subject_linear_downsample/seed_10_downsample_t40/ratio_full/femba/summary.json
MonitoringErrP_within_subject_linear_downsample,femba,seed_42_downsample_t40,MonitoringErrP,within_subject,42,0.4923795192344793,0.5,balanced_chance,Interaction & Control,交互与控制,ErrP/错误相关反馈,Monitoring ErrP,/benchmark-eeg/5.0_version/result_5/linear_downsample/MonitoringErrP_within_subject_linear_downsample/seed_42_downsample_t40/ratio_full/femba/summary.json
MonitoringErrP_within_subject_linear_downsample,femba,seed_5_downsample_t40,MonitoringErrP,within_subject,5,0.4943293147881818,0.5,balanced_chance,Interaction & Control,交互与控制,ErrP/错误相关反馈,Monitoring ErrP,/benchmark-eeg/5.0_version/result_5/linear_downsample/MonitoringErrP_within_subject_linear_downsample/seed_5_downsample_t40/ratio_full/femba/summary.json
MonitoringErrP_within_subject_linear_downsample,labram,seed_10_downsample_t40,MonitoringErrP,within_subject,10,0.4814429012345679,0.5,balanced_chance,Interaction & Control,交互与控制,ErrP/错误相关反馈,Monitoring ErrP,/benchmark-eeg/5.0_version/result_5/linear_downsample/MonitoringErrP_within_subject_linear_downsample/seed_10_downsample_t40/ratio_full/labram/summary.json
MonitoringErrP_within_subject_linear_downsample,labram,seed_42_downsample_t40,MonitoringErrP,within_subject,42,0.4990836130725007,0.5,balanced_chance,Interaction & Control,交互与控制,ErrP/错误相关反馈,Monitoring ErrP,/benchmark-eeg/5.0_version/result_5/linear_downsample/MonitoringErrP_within_subject_linear_downsample/seed_42_downsample_t40/ratio_full/labram/summary.json
MonitoringErrP_within_subject_linear_downsample,labram,seed_5_downsample_t40,MonitoringErrP,within_subject,5,0.4939625300425663,0.5,balanced_chance,Interaction & Control,交互与控制,ErrP/错误相关反馈,Monitoring ErrP,/benchmark-eeg/5.0_version/result_5/linear_downsample/MonitoringErrP_within_subject_linear_downsample/seed_5_downsample_t40/ratio_full/labram/summary.json
MonitoringErrP_within_subject_linear_downsample,neurogpt,seed_10_downsample_t40,MonitoringErrP,within_subject,10,0.5053433641975309,0.5,balanced_chance,Interaction & Control,交互与控制,ErrP/错误相关反馈,Monitoring ErrP,/benchmark-eeg/5.0_version/result_5/linear_downsample/MonitoringErrP_within_subject_linear_downsample/seed_10_downsample_t40/ratio_full/neurogpt/summary.json
MonitoringErrP_within_subject_linear_downsample,neurogpt,seed_42_downsample_t40,MonitoringErrP,within_subject,42,0.49867847358876416,0.5,balanced_chance,Interaction & Control,交互与控制,ErrP/错误相关反馈,Monitoring ErrP,/benchmark-eeg/5.0_version/result_5/linear_downsample/MonitoringErrP_within_subject_linear_downsample/seed_42_downsample_t40/ratio_full/neurogpt/summary.json
MonitoringErrP_within_subject_linear_downsample,neurogpt,seed_5_downsample_t40,MonitoringErrP,within_subject,5,0.5058444253544782,0.5,balanced_chance,Interaction & Control,交互与控制,ErrP/错误相关反馈,Monitoring ErrP,/benchmark-eeg/5.0_version/result_5/linear_downsample/MonitoringErrP_within_subject_linear_downsample/seed_5_downsample_t40/ratio_full/neurogpt/summary.json
MonitoringErrP_within_subject_linear_downsample,neurolm,seed_10_downsample_t40,MonitoringErrP,within_subject,10,0.4795717592592592,0.5,balanced_chance,Interaction & Control,交互与控制,ErrP/错误相关反馈,Monitoring ErrP,/benchmark-eeg/5.0_version/result_5/linear_downsample/MonitoringErrP_within_subject_linear_downsample/seed_10_downsample_t40/ratio_full/neurolm/summary.json
MonitoringErrP_within_subject_linear_downsample,neurolm,seed_42_downsample_t40,MonitoringErrP,within_subject,42,0.5311957402477139,0.5,balanced_chance,Interaction & Control,交互与控制,ErrP/错误相关反馈,Monitoring ErrP,/benchmark-eeg/5.0_version/result_5/linear_downsample/MonitoringErrP_within_subject_linear_downsample/seed_42_downsample_t40/ratio_full/neurolm/summary.json
MonitoringErrP_within_subject_linear_downsample,neurolm,seed_5_downsample_t40,MonitoringErrP,within_subject,5,0.5253564085982066,0.5,balanced_chance,Interaction & Control,交互与控制,ErrP/错误相关反馈,Monitoring ErrP,/benchmark-eeg/5.0_version/result_5/linear_downsample/MonitoringErrP_within_subject_linear_downsample/seed_5_downsample_t40/ratio_full/neurolm/summary.json
MonitoringErrP_within_subject_linear_downsample,reve,seed_10_downsample_t40,MonitoringErrP,within_subject,10,0.481520061728395,0.5,balanced_chance,Interaction & Control,交互与控制,ErrP/错误相关反馈,Monitoring ErrP,/benchmark-eeg/5.0_version/result_5/linear_downsample/MonitoringErrP_within_subject_linear_downsample/seed_10_downsample_t40/ratio_full/reve/summary.json
MonitoringErrP_within_subject_linear_downsample,reve,seed_42_downsample_t40,MonitoringErrP,within_subject,42,0.5025658833969981,0.5,balanced_chance,Interaction & Control,交互与控制,ErrP/错误相关反馈,Monitoring ErrP,/benchmark-eeg/5.0_version/result_5/linear_downsample/MonitoringErrP_within_subject_linear_downsample/seed_42_downsample_t40/ratio_full/reve/summary.json
MonitoringErrP_within_subject_linear_downsample,reve,seed_5_downsample_t40,MonitoringErrP,within_subject,5,0.49585919326660427,0.5,balanced_chance,Interaction & Control,交互与控制,ErrP/错误相关反馈,Monitoring ErrP,/benchmark-eeg/5.0_version/result_5/linear_downsample/MonitoringErrP_within_subject_linear_downsample/seed_5_downsample_t40/ratio_full/reve/summary.json
PEARL_Neuro_wsn_within_subject_linear_downsample,bendr,seed_10_downsample_t40,PEARL_Neuro_wsn,within_subject,10,0.3389065448763678,0.3333333333333333,balanced_chance,Unknown,Unknown,Unknown,,/benchmark-eeg/5.0_version/result_5/linear_downsample/PEARL_Neuro_wsn_within_subject_linear_downsample/seed_10_downsample_t40/ratio_full/bendr/summary.json
PEARL_Neuro_wsn_within_subject_linear_downsample,bendr,seed_42_downsample_t40,PEARL_Neuro_wsn,within_subject,42,0.3333589244677526,0.3333333333333333,balanced_chance,Unknown,Unknown,Unknown,,/benchmark-eeg/5.0_version/result_5/linear_downsample/PEARL_Neuro_wsn_within_subject_linear_downsample/seed_42_downsample_t40/ratio_full/bendr/summary.json
PEARL_Neuro_wsn_within_subject_linear_downsample,bendr,seed_5_downsample_t40,PEARL_Neuro_wsn,within_subject,5,0.3332452093486299,0.3333333333333333,balanced_chance,Unknown,Unknown,Unknown,,/benchmark-eeg/5.0_version/result_5/linear_downsample/PEARL_Neuro_wsn_within_subject_linear_downsample/seed_5_downsample_t40/ratio_full/bendr/summary.json
PEARL_Neuro_wsn_within_subject_linear_downsample,biot,seed_10_downsample_t40,PEARL_Neuro_wsn,within_subject,10,0.42313459745994253,0.3333333333333333,balanced_chance,Unknown,Unknown,Unknown,,/benchmark-eeg/5.0_version/result_5/linear_downsample/PEARL_Neuro_wsn_within_subject_linear_downsample/seed_10_downsample_t40/ratio_full/biot/summary.json
PEARL_Neuro_wsn_within_subject_linear_downsample,biot,seed_42_downsample_t40,PEARL_Neuro_wsn,within_subject,42,0.4275287417516351,0.3333333333333333,balanced_chance,Unknown,Unknown,Unknown,,/benchmark-eeg/5.0_version/result_5/linear_downsample/PEARL_Neuro_wsn_within_subject_linear_downsample/seed_42_downsample_t40/ratio_full/biot/summary.json
PEARL_Neuro_wsn_within_subject_linear_downsample,biot,seed_5_downsample_t40,PEARL_Neuro_wsn,within_subject,5,0.4129711989372669,0.3333333333333333,balanced_chance,Unknown,Unknown,Unknown,,/benchmark-eeg/5.0_version/result_5/linear_downsample/PEARL_Neuro_wsn_within_subject_linear_downsample/seed_5_downsample_t40/ratio_full/biot/summary.json
PEARL_Neuro_wsn_within_subject_linear_downsample,brainomni,seed_10_downsample_t40,PEARL_Neuro_wsn,within_subject,10,0.4476273063695903,0.3333333333333333,balanced_chance,Unknown,Unknown,Unknown,,/benchmark-eeg/5.0_version/result_5/linear_downsample/PEARL_Neuro_wsn_within_subject_linear_downsample/seed_10_downsample_t40/ratio_full/brainomni/summary.json
PEARL_Neuro_wsn_within_subject_linear_downsample,brainomni,seed_42_downsample_t40,PEARL_Neuro_wsn,within_subject,42,0.43475911803944456,0.3333333333333333,balanced_chance,Unknown,Unknown,Unknown,,/benchmark-eeg/5.0_version/result_5/linear_downsample/PEARL_Neuro_wsn_within_subject_linear_downsample/seed_42_downsample_t40/ratio_full/brainomni/summary.json
PEARL_Neuro_wsn_within_subject_linear_downsample,brainomni,seed_5_downsample_t40,PEARL_Neuro_wsn,within_subject,5,0.42133857921514406,0.3333333333333333,balanced_chance,Unknown,Unknown,Unknown,,/benchmark-eeg/5.0_version/result_5/linear_downsample/PEARL_Neuro_wsn_within_subject_linear_downsample/seed_5_downsample_t40/ratio_full/brainomni/summary.json
PEARL_Neuro_wsn_within_subject_linear_downsample,cbramod,seed_10_downsample_t40,PEARL_Neuro_wsn,within_subject,10,0.3644961143753329,0.3333333333333333,balanced_chance,Unknown,Unknown,Unknown,,/benchmark-eeg/5.0_version/result_5/linear_downsample/PEARL_Neuro_wsn_within_subject_linear_downsample/seed_10_downsample_t40/ratio_full/cbramod/summary.json
PEARL_Neuro_wsn_within_subject_linear_downsample,cbramod,seed_42_downsample_t40,PEARL_Neuro_wsn,within_subject,42,0.3469063942891975,0.3333333333333333,balanced_chance,Unknown,Unknown,Unknown,,/benchmark-eeg/5.0_version/result_5/linear_downsample/PEARL_Neuro_wsn_within_subject_linear_downsample/seed_42_downsample_t40/ratio_full/cbramod/summary.json
PEARL_Neuro_wsn_within_subject_linear_downsample,cbramod,seed_5_downsample_t40,PEARL_Neuro_wsn,within_subject,5,0.43719847962966013,0.3333333333333333,balanced_chance,Unknown,Unknown,Unknown,,/benchmark-eeg/5.0_version/result_5/linear_downsample/PEARL_Neuro_wsn_within_subject_linear_downsample/seed_5_downsample_t40/ratio_full/cbramod/summary.json
PEARL_Neuro_wsn_within_subject_linear_downsample,eegmamba,seed_10_downsample_t40,PEARL_Neuro_wsn,within_subject,10,0.3664692079887959,0.3333333333333333,balanced_chance,Unknown,Unknown,Unknown,,/benchmark-eeg/5.0_version/result_5/linear_downsample/PEARL_Neuro_wsn_within_subject_linear_downsample/seed_10_downsample_t40/ratio_full/eegmamba/summary.json
PEARL_Neuro_wsn_within_subject_linear_downsample,eegmamba,seed_42_downsample_t40,PEARL_Neuro_wsn,within_subject,42,0.3533493564178775,0.3333333333333333,balanced_chance,Unknown,Unknown,Unknown,,/benchmark-eeg/5.0_version/result_5/linear_downsample/PEARL_Neuro_wsn_within_subject_linear_downsample/seed_42_downsample_t40/ratio_full/eegmamba/summary.json
PEARL_Neuro_wsn_within_subject_linear_downsample,eegmamba,seed_5_downsample_t40,PEARL_Neuro_wsn,within_subject,5,0.39916307087221375,0.3333333333333333,balanced_chance,Unknown,Unknown,Unknown,,/benchmark-eeg/5.0_version/result_5/linear_downsample/PEARL_Neuro_wsn_within_subject_linear_downsample/seed_5_downsample_t40/ratio_full/eegmamba/summary.json
PEARL_Neuro_wsn_within_subject_linear_downsample,femba,seed_10_downsample_t40,PEARL_Neuro_wsn,within_subject,10,0.45760360015520624,0.3333333333333333,balanced_chance,Unknown,Unknown,Unknown,,/benchmark-eeg/5.0_version/result_5/linear_downsample/PEARL_Neuro_wsn_within_subject_linear_downsample/seed_10_downsample_t40/ratio_full/femba/summary.json
PEARL_Neuro_wsn_within_subject_linear_downsample,femba,seed_42_downsample_t40,PEARL_Neuro_wsn,within_subject,42,0.4294676737700683,0.3333333333333333,balanced_chance,Unknown,Unknown,Unknown,,/benchmark-eeg/5.0_version/result_5/linear_downsample/PEARL_Neuro_wsn_within_subject_linear_downsample/seed_42_downsample_t40/ratio_full/femba/summary.json
PEARL_Neuro_wsn_within_subject_linear_downsample,femba,seed_5_downsample_t40,PEARL_Neuro_wsn,within_subject,5,0.42299112513764453,0.3333333333333333,balanced_chance,Unknown,Unknown,Unknown,,/benchmark-eeg/5.0_version/result_5/linear_downsample/PEARL_Neuro_wsn_within_subject_linear_downsample/seed_5_downsample_t40/ratio_full/femba/summary.json
PEARL_Neuro_wsn_within_subject_linear_downsample,labram,seed_10_downsample_t40,PEARL_Neuro_wsn,within_subject,10,0.4302594370559431,0.3333333333333333,balanced_chance,Unknown,Unknown,Unknown,,/benchmark-eeg/5.0_version/result_5/linear_downsample/PEARL_Neuro_wsn_within_subject_linear_downsample/seed_10_downsample_t40/ratio_full/labram/summary.json
PEARL_Neuro_wsn_within_subject_linear_downsample,labram,seed_42_downsample_t40,PEARL_Neuro_wsn,within_subject,42,0.4172534508132389,0.3333333333333333,balanced_chance,Unknown,Unknown,Unknown,,/benchmark-eeg/5.0_version/result_5/linear_downsample/PEARL_Neuro_wsn_within_subject_linear_downsample/seed_42_downsample_t40/ratio_full/labram/summary.json
PEARL_Neuro_wsn_within_subject_linear_downsample,labram,seed_5_downsample_t40,PEARL_Neuro_wsn,within_subject,5,0.4116486652511407,0.3333333333333333,balanced_chance,Unknown,Unknown,Unknown,,/benchmark-eeg/5.0_version/result_5/linear_downsample/PEARL_Neuro_wsn_within_subject_linear_downsample/seed_5_downsample_t40/ratio_full/labram/summary.json
PEARL_Neuro_wsn_within_subject_linear_downsample,neurogpt,seed_10_downsample_t40,PEARL_Neuro_wsn,within_subject,10,0.400571064820291,0.3333333333333333,balanced_chance,Unknown,Unknown,Unknown,,/benchmark-eeg/5.0_version/result_5/linear_downsample/PEARL_Neuro_wsn_within_subject_linear_downsample/seed_10_downsample_t40/ratio_full/neurogpt/summary.json
PEARL_Neuro_wsn_within_subject_linear_downsample,neurogpt,seed_42_downsample_t40,PEARL_Neuro_wsn,within_subject,42,0.421986725732218,0.3333333333333333,balanced_chance,Unknown,Unknown,Unknown,,/benchmark-eeg/5.0_version/result_5/linear_downsample/PEARL_Neuro_wsn_within_subject_linear_downsample/seed_42_downsample_t40/ratio_full/neurogpt/summary.json
PEARL_Neuro_wsn_within_subject_linear_downsample,neurogpt,seed_5_downsample_t40,PEARL_Neuro_wsn,within_subject,5,0.4274092518909931,0.3333333333333333,balanced_chance,Unknown,Unknown,Unknown,,/benchmark-eeg/5.0_version/result_5/linear_downsample/PEARL_Neuro_wsn_within_subject_linear_downsample/seed_5_downsample_t40/ratio_full/neurogpt/summary.json
PEARL_Neuro_wsn_within_subject_linear_downsample,neurolm,seed_10_downsample_t40,PEARL_Neuro_wsn,within_subject,10,0.4276458873681175,0.3333333333333333,balanced_chance,Unknown,Unknown,Unknown,,/benchmark-eeg/5.0_version/result_5/linear_downsample/PEARL_Neuro_wsn_within_subject_linear_downsample/seed_10_downsample_t40/ratio_full/neurolm/summary.json
PEARL_Neuro_wsn_within_subject_linear_downsample,neurolm,seed_42_downsample_t40,PEARL_Neuro_wsn,within_subject,42,0.430558836321282,0.3333333333333333,balanced_chance,Unknown,Unknown,Unknown,,/benchmark-eeg/5.0_version/result_5/linear_downsample/PEARL_Neuro_wsn_within_subject_linear_downsample/seed_42_downsample_t40/ratio_full/neurolm/summary.json
PEARL_Neuro_wsn_within_subject_linear_downsample,neurolm,seed_5_downsample_t40,PEARL_Neuro_wsn,within_subject,5,0.42789686913406716,0.3333333333333333,balanced_chance,Unknown,Unknown,Unknown,,/benchmark-eeg/5.0_version/result_5/linear_downsample/PEARL_Neuro_wsn_within_subject_linear_downsample/seed_5_downsample_t40/ratio_full/neurolm/summary.json
PEARL_Neuro_wsn_within_subject_linear_downsample,reve,seed_10_downsample_t40,PEARL_Neuro_wsn,within_subject,10,0.36100285822895745,0.3333333333333333,balanced_chance,Unknown,Unknown,Unknown,,/benchmark-eeg/5.0_version/result_5/linear_downsample/PEARL_Neuro_wsn_within_subject_linear_downsample/seed_10_downsample_t40/ratio_full/reve/summary.json
PEARL_Neuro_wsn_within_subject_linear_downsample,reve,seed_42_downsample_t40,PEARL_Neuro_wsn,within_subject,42,0.3640189947746994,0.3333333333333333,balanced_chance,Unknown,Unknown,Unknown,,/benchmark-eeg/5.0_version/result_5/linear_downsample/PEARL_Neuro_wsn_within_subject_linear_downsample/seed_42_downsample_t40/ratio_full/reve/summary.json
PEARL_Neuro_wsn_within_subject_linear_downsample,reve,seed_5_downsample_t40,PEARL_Neuro_wsn,within_subject,5,0.37981450814695555,0.3333333333333333,balanced_chance,Unknown,Unknown,Unknown,,/benchmark-eeg/5.0_version/result_5/linear_downsample/PEARL_Neuro_wsn_within_subject_linear_downsample/seed_5_downsample_t40/ratio_full/reve/summary.json
Physionet_MI_wsn_within_subject_linear_downsample,bendr,seed_10_downsample_t40,Physionet_MI_wsn,within_subject,10,0.2754247892957802,0.25,balanced_chance,Unknown,Unknown,Unknown,,/benchmark-eeg/5.0_version/result_5/linear_downsample/Physionet_MI_wsn_within_subject_linear_downsample/seed_10_downsample_t40/ratio_full/bendr/summary.json
Physionet_MI_wsn_within_subject_linear_downsample,bendr,seed_42_downsample_t40,Physionet_MI_wsn,within_subject,42,0.2800716075278402,0.25,balanced_chance,Unknown,Unknown,Unknown,,/benchmark-eeg/5.0_version/result_5/linear_downsample/Physionet_MI_wsn_within_subject_linear_downsample/seed_42_downsample_t40/ratio_full/bendr/summary.json
Physionet_MI_wsn_within_subject_linear_downsample,bendr,seed_5_downsample_t40,Physionet_MI_wsn,within_subject,5,0.27449222382298366,0.25,balanced_chance,Unknown,Unknown,Unknown,,/benchmark-eeg/5.0_version/result_5/linear_downsample/Physionet_MI_wsn_within_subject_linear_downsample/seed_5_downsample_t40/ratio_full/bendr/summary.json
Physionet_MI_wsn_within_subject_linear_downsample,biot,seed_10_downsample_t40,Physionet_MI_wsn,within_subject,10,0.2605010250036242,0.25,balanced_chance,Unknown,Unknown,Unknown,,/benchmark-eeg/5.0_version/result_5/linear_downsample/Physionet_MI_wsn_within_subject_linear_downsample/seed_10_downsample_t40/ratio_full/biot/summary.json
Physionet_MI_wsn_within_subject_linear_downsample,biot,seed_42_downsample_t40,Physionet_MI_wsn,within_subject,42,0.2326626670943339,0.25,balanced_chance,Unknown,Unknown,Unknown,,/benchmark-eeg/5.0_version/result_5/linear_downsample/Physionet_MI_wsn_within_subject_linear_downsample/seed_42_downsample_t40/ratio_full/biot/summary.json
Physionet_MI_wsn_within_subject_linear_downsample,biot,seed_5_downsample_t40,Physionet_MI_wsn,within_subject,5,0.26127179992864596,0.25,balanced_chance,Unknown,Unknown,Unknown,,/benchmark-eeg/5.0_version/result_5/linear_downsample/Physionet_MI_wsn_within_subject_linear_downsample/seed_5_downsample_t40/ratio_full/biot/summary.json
Physionet_MI_wsn_within_subject_linear_downsample,brainomni,seed_10_downsample_t40,Physionet_MI_wsn,within_subject,10,0.3707014207737237,0.25,balanced_chance,Unknown,Unknown,Unknown,,/benchmark-eeg/5.0_version/result_5/linear_downsample/Physionet_MI_wsn_within_subject_linear_downsample/seed_10_downsample_t40/ratio_full/brainomni/summary.json
Physionet_MI_wsn_within_subject_linear_downsample,brainomni,seed_42_downsample_t40,Physionet_MI_wsn,within_subject,42,0.31398011049745544,0.25,balanced_chance,Unknown,Unknown,Unknown,,/benchmark-eeg/5.0_version/result_5/linear_downsample/Physionet_MI_wsn_within_subject_linear_downsample/seed_42_downsample_t40/ratio_full/brainomni/summary.json
Physionet_MI_wsn_within_subject_linear_downsample,brainomni,seed_5_downsample_t40,Physionet_MI_wsn,within_subject,5,0.3502866735675747,0.25,balanced_chance,Unknown,Unknown,Unknown,,/benchmark-eeg/5.0_version/result_5/linear_downsample/Physionet_MI_wsn_within_subject_linear_downsample/seed_5_downsample_t40/ratio_full/brainomni/summary.json
Physionet_MI_wsn_within_subject_linear_downsample,cbramod,seed_10_downsample_t40,Physionet_MI_wsn,within_subject,10,0.28322832588198715,0.25,balanced_chance,Unknown,Unknown,Unknown,,/benchmark-eeg/5.0_version/result_5/linear_downsample/Physionet_MI_wsn_within_subject_linear_downsample/seed_10_downsample_t40/ratio_full/cbramod/summary.json
Physionet_MI_wsn_within_subject_linear_downsample,cbramod,seed_42_downsample_t40,Physionet_MI_wsn,within_subject,42,0.25287808807675166,0.25,balanced_chance,Unknown,Unknown,Unknown,,/benchmark-eeg/5.0_version/result_5/linear_downsample/Physionet_MI_wsn_within_subject_linear_downsample/seed_42_downsample_t40/ratio_full/cbramod/summary.json
Physionet_MI_wsn_within_subject_linear_downsample,cbramod,seed_5_downsample_t40,Physionet_MI_wsn,within_subject,5,0.22638715949595453,0.25,balanced_chance,Unknown,Unknown,Unknown,,/benchmark-eeg/5.0_version/result_5/linear_downsample/Physionet_MI_wsn_within_subject_linear_downsample/seed_5_downsample_t40/ratio_full/cbramod/summary.json
Physionet_MI_wsn_within_subject_linear_downsample,eegmamba,seed_10_downsample_t40,Physionet_MI_wsn,within_subject,10,0.2675386557116738,0.25,balanced_chance,Unknown,Unknown,Unknown,,/benchmark-eeg/5.0_version/result_5/linear_downsample/Physionet_MI_wsn_within_subject_linear_downsample/seed_10_downsample_t40/ratio_full/eegmamba/summary.json
Physionet_MI_wsn_within_subject_linear_downsample,eegmamba,seed_42_downsample_t40,Physionet_MI_wsn,within_subject,42,0.2541360863228251,0.25,balanced_chance,Unknown,Unknown,Unknown,,/benchmark-eeg/5.0_version/result_5/linear_downsample/Physionet_MI_wsn_within_subject_linear_downsample/seed_42_downsample_t40/ratio_full/eegmamba/summary.json
Physionet_MI_wsn_within_subject_linear_downsample,eegmamba,seed_5_downsample_t40,Physionet_MI_wsn,within_subject,5,0.2731030243334185,0.25,balanced_chance,Unknown,Unknown,Unknown,,/benchmark-eeg/5.0_version/result_5/linear_downsample/Physionet_MI_wsn_within_subject_linear_downsample/seed_5_downsample_t40/ratio_full/eegmamba/summary.json
Physionet_MI_wsn_within_subject_linear_downsample,femba,seed_10_downsample_t40,Physionet_MI_wsn,within_subject,10,0.2785255258741176,0.25,balanced_chance,Unknown,Unknown,Unknown,,/benchmark-eeg/5.0_version/result_5/linear_downsample/Physionet_MI_wsn_within_subject_linear_downsample/seed_10_downsample_t40/ratio_full/femba/summary.json
Physionet_MI_wsn_within_subject_linear_downsample,femba,seed_42_downsample_t40,Physionet_MI_wsn,within_subject,42,0.2294185179372466,0.25,balanced_chance,Unknown,Unknown,Unknown,,/benchmark-eeg/5.0_version/result_5/linear_downsample/Physionet_MI_wsn_within_subject_linear_downsample/seed_42_downsample_t40/ratio_full/femba/summary.json
Physionet_MI_wsn_within_subject_linear_downsample,femba,seed_5_downsample_t40,Physionet_MI_wsn,within_subject,5,0.26301625814991964,0.25,balanced_chance,Unknown,Unknown,Unknown,,/benchmark-eeg/5.0_version/result_5/linear_downsample/Physionet_MI_wsn_within_subject_linear_downsample/seed_5_downsample_t40/ratio_full/femba/summary.json
Physionet_MI_wsn_within_subject_linear_downsample,labram,seed_10_downsample_t40,Physionet_MI_wsn,within_subject,10,0.27485778397514893,0.25,balanced_chance,Unknown,Unknown,Unknown,,/benchmark-eeg/5.0_version/result_5/linear_downsample/Physionet_MI_wsn_within_subject_linear_downsample/seed_10_downsample_t40/ratio_full/labram/summary.json
Physionet_MI_wsn_within_subject_linear_downsample,labram,seed_42_downsample_t40,Physionet_MI_wsn,within_subject,42,0.23732067530080972,0.25,balanced_chance,Unknown,Unknown,Unknown,,/benchmark-eeg/5.0_version/result_5/linear_downsample/Physionet_MI_wsn_within_subject_linear_downsample/seed_42_downsample_t40/ratio_full/labram/summary.json
Physionet_MI_wsn_within_subject_linear_downsample,labram,seed_5_downsample_t40,Physionet_MI_wsn,within_subject,5,0.29047980033003884,0.25,balanced_chance,Unknown,Unknown,Unknown,,/benchmark-eeg/5.0_version/result_5/linear_downsample/Physionet_MI_wsn_within_subject_linear_downsample/seed_5_downsample_t40/ratio_full/labram/summary.json
Physionet_MI_wsn_within_subject_linear_downsample,neurogpt,seed_10_downsample_t40,Physionet_MI_wsn,within_subject,10,0.28650566154381174,0.25,balanced_chance,Unknown,Unknown,Unknown,,/benchmark-eeg/5.0_version/result_5/linear_downsample/Physionet_MI_wsn_within_subject_linear_downsample/seed_10_downsample_t40/ratio_full/neurogpt/summary.json
Physionet_MI_wsn_within_subject_linear_downsample,neurogpt,seed_42_downsample_t40,Physionet_MI_wsn,within_subject,42,0.2585241816353935,0.25,balanced_chance,Unknown,Unknown,Unknown,,/benchmark-eeg/5.0_version/result_5/linear_downsample/Physionet_MI_wsn_within_subject_linear_downsample/seed_42_downsample_t40/ratio_full/neurogpt/summary.json
Physionet_MI_wsn_within_subject_linear_downsample,neurogpt,seed_5_downsample_t40,Physionet_MI_wsn,within_subject,5,0.2866589988976027,0.25,balanced_chance,Unknown,Unknown,Unknown,,/benchmark-eeg/5.0_version/result_5/linear_downsample/Physionet_MI_wsn_within_subject_linear_downsample/seed_5_downsample_t40/ratio_full/neurogpt/summary.json
Physionet_MI_wsn_within_subject_linear_downsample,neurolm,seed_10_downsample_t40,Physionet_MI_wsn,within_subject,10,0.28572368136956705,0.25,balanced_chance,Unknown,Unknown,Unknown,,/benchmark-eeg/5.0_version/result_5/linear_downsample/Physionet_MI_wsn_within_subject_linear_downsample/seed_10_downsample_t40/ratio_full/neurolm/summary.json
Physionet_MI_wsn_within_subject_linear_downsample,neurolm,seed_42_downsample_t40,Physionet_MI_wsn,within_subject,42,0.2818831466502475,0.25,balanced_chance,Unknown,Unknown,Unknown,,/benchmark-eeg/5.0_version/result_5/linear_downsample/Physionet_MI_wsn_within_subject_linear_downsample/seed_42_downsample_t40/ratio_full/neurolm/summary.json
Physionet_MI_wsn_within_subject_linear_downsample,neurolm,seed_5_downsample_t40,Physionet_MI_wsn,within_subject,5,0.28379220060030663,0.25,balanced_chance,Unknown,Unknown,Unknown,,/benchmark-eeg/5.0_version/result_5/linear_downsample/Physionet_MI_wsn_within_subject_linear_downsample/seed_5_downsample_t40/ratio_full/neurolm/summary.json
Physionet_MI_wsn_within_subject_linear_downsample,reve,seed_10_downsample_t40,Physionet_MI_wsn,within_subject,10,0.259171087218743,0.25,balanced_chance,Unknown,Unknown,Unknown,,/benchmark-eeg/5.0_version/result_5/linear_downsample/Physionet_MI_wsn_within_subject_linear_downsample/seed_10_downsample_t40/ratio_full/reve/summary.json
Physionet_MI_wsn_within_subject_linear_downsample,reve,seed_42_downsample_t40,Physionet_MI_wsn,within_subject,42,0.26235886660149466,0.25,balanced_chance,Unknown,Unknown,Unknown,,/benchmark-eeg/5.0_version/result_5/linear_downsample/Physionet_MI_wsn_within_subject_linear_downsample/seed_42_downsample_t40/ratio_full/reve/summary.json
Physionet_MI_wsn_within_subject_linear_downsample,reve,seed_5_downsample_t40,Physionet_MI_wsn,within_subject,5,0.26379846541473184,0.25,balanced_chance,Unknown,Unknown,Unknown,,/benchmark-eeg/5.0_version/result_5/linear_downsample/Physionet_MI_wsn_within_subject_linear_downsample/seed_5_downsample_t40/ratio_full/reve/summary.json
RestCog_wsn_within_subject_linear_downsample,bendr,seed_10_downsample_t40,RestCog_wsn,within_subject,10,0.20202404628085563,0.2,balanced_chance,Unknown,Unknown,Unknown,,/benchmark-eeg/5.0_version/result_5/linear_downsample/RestCog_wsn_within_subject_linear_downsample/seed_10_downsample_t40/ratio_full/bendr/summary.json
RestCog_wsn_within_subject_linear_downsample,bendr,seed_42_downsample_t40,RestCog_wsn,within_subject,42,0.20928830116385527,0.2,balanced_chance,Unknown,Unknown,Unknown,,/benchmark-eeg/5.0_version/result_5/linear_downsample/RestCog_wsn_within_subject_linear_downsample/seed_42_downsample_t40/ratio_full/bendr/summary.json
RestCog_wsn_within_subject_linear_downsample,bendr,seed_5_downsample_t40,RestCog_wsn,within_subject,5,0.20615345121459833,0.2,balanced_chance,Unknown,Unknown,Unknown,,/benchmark-eeg/5.0_version/result_5/linear_downsample/RestCog_wsn_within_subject_linear_downsample/seed_5_downsample_t40/ratio_full/bendr/summary.json
RestCog_wsn_within_subject_linear_downsample,biot,seed_10_downsample_t40,RestCog_wsn,within_subject,10,0.3707304057809895,0.2,balanced_chance,Unknown,Unknown,Unknown,,/benchmark-eeg/5.0_version/result_5/linear_downsample/RestCog_wsn_within_subject_linear_downsample/seed_10_downsample_t40/ratio_full/biot/summary.json
RestCog_wsn_within_subject_linear_downsample,biot,seed_42_downsample_t40,RestCog_wsn,within_subject,42,0.3713050181236882,0.2,balanced_chance,Unknown,Unknown,Unknown,,/benchmark-eeg/5.0_version/result_5/linear_downsample/RestCog_wsn_within_subject_linear_downsample/seed_42_downsample_t40/ratio_full/biot/summary.json
RestCog_wsn_within_subject_linear_downsample,biot,seed_5_downsample_t40,RestCog_wsn,within_subject,5,0.3610913780790422,0.2,balanced_chance,Unknown,Unknown,Unknown,,/benchmark-eeg/5.0_version/result_5/linear_downsample/RestCog_wsn_within_subject_linear_downsample/seed_5_downsample_t40/ratio_full/biot/summary.json
RestCog_wsn_within_subject_linear_downsample,brainomni,seed_10_downsample_t40,RestCog_wsn,within_subject,10,0.35073962901200256,0.2,balanced_chance,Unknown,Unknown,Unknown,,/benchmark-eeg/5.0_version/result_5/linear_downsample/RestCog_wsn_within_subject_linear_downsample/seed_10_downsample_t40/ratio_full/brainomni/summary.json
RestCog_wsn_within_subject_linear_downsample,brainomni,seed_42_downsample_t40,RestCog_wsn,within_subject,42,0.3511364379308464,0.2,balanced_chance,Unknown,Unknown,Unknown,,/benchmark-eeg/5.0_version/result_5/linear_downsample/RestCog_wsn_within_subject_linear_downsample/seed_42_downsample_t40/ratio_full/brainomni/summary.json
RestCog_wsn_within_subject_linear_downsample,brainomni,seed_5_downsample_t40,RestCog_wsn,within_subject,5,0.34725365840265765,0.2,balanced_chance,Unknown,Unknown,Unknown,,/benchmark-eeg/5.0_version/result_5/linear_downsample/RestCog_wsn_within_subject_linear_downsample/seed_5_downsample_t40/ratio_full/brainomni/summary.json
RestCog_wsn_within_subject_linear_downsample,cbramod,seed_10_downsample_t40,RestCog_wsn,within_subject,10,0.3061029172585593,0.2,balanced_chance,Unknown,Unknown,Unknown,,/benchmark-eeg/5.0_version/result_5/linear_downsample/RestCog_wsn_within_subject_linear_downsample/seed_10_downsample_t40/ratio_full/cbramod/summary.json
RestCog_wsn_within_subject_linear_downsample,cbramod,seed_42_downsample_t40,RestCog_wsn,within_subject,42,0.3057973122384752,0.2,balanced_chance,Unknown,Unknown,Unknown,,/benchmark-eeg/5.0_version/result_5/linear_downsample/RestCog_wsn_within_subject_linear_downsample/seed_42_downsample_t40/ratio_full/cbramod/summary.json
RestCog_wsn_within_subject_linear_downsample,cbramod,seed_5_downsample_t40,RestCog_wsn,within_subject,5,0.303145499342107,0.2,balanced_chance,Unknown,Unknown,Unknown,,/benchmark-eeg/5.0_version/result_5/linear_downsample/RestCog_wsn_within_subject_linear_downsample/seed_5_downsample_t40/ratio_full/cbramod/summary.json
RestCog_wsn_within_subject_linear_downsample,eegmamba,seed_10_downsample_t40,RestCog_wsn,within_subject,10,0.23817237971712676,0.2,balanced_chance,Unknown,Unknown,Unknown,,/benchmark-eeg/5.0_version/result_5/linear_downsample/RestCog_wsn_within_subject_linear_downsample/seed_10_downsample_t40/ratio_full/eegmamba/summary.json
RestCog_wsn_within_subject_linear_downsample,eegmamba,seed_42_downsample_t40,RestCog_wsn,within_subject,42,0.23265696813786022,0.2,balanced_chance,Unknown,Unknown,Unknown,,/benchmark-eeg/5.0_version/result_5/linear_downsample/RestCog_wsn_within_subject_linear_downsample/seed_42_downsample_t40/ratio_full/eegmamba/summary.json
RestCog_wsn_within_subject_linear_downsample,eegmamba,seed_5_downsample_t40,RestCog_wsn,within_subject,5,0.23204367734031456,0.2,balanced_chance,Unknown,Unknown,Unknown,,/benchmark-eeg/5.0_version/result_5/linear_downsample/RestCog_wsn_within_subject_linear_downsample/seed_5_downsample_t40/ratio_full/eegmamba/summary.json
RestCog_wsn_within_subject_linear_downsample,femba,seed_10_downsample_t40,RestCog_wsn,within_subject,10,0.3228154324418916,0.2,balanced_chance,Unknown,Unknown,Unknown,,/benchmark-eeg/5.0_version/result_5/linear_downsample/RestCog_wsn_within_subject_linear_downsample/seed_10_downsample_t40/ratio_full/femba/summary.json
RestCog_wsn_within_subject_linear_downsample,femba,seed_42_downsample_t40,RestCog_wsn,within_subject,42,0.32658617801531065,0.2,balanced_chance,Unknown,Unknown,Unknown,,/benchmark-eeg/5.0_version/result_5/linear_downsample/RestCog_wsn_within_subject_linear_downsample/seed_42_downsample_t40/ratio_full/femba/summary.json
RestCog_wsn_within_subject_linear_downsample,femba,seed_5_downsample_t40,RestCog_wsn,within_subject,5,0.3227281798815687,0.2,balanced_chance,Unknown,Unknown,Unknown,,/benchmark-eeg/5.0_version/result_5/linear_downsample/RestCog_wsn_within_subject_linear_downsample/seed_5_downsample_t40/ratio_full/femba/summary.json
RestCog_wsn_within_subject_linear_downsample,labram,seed_10_downsample_t40,RestCog_wsn,within_subject,10,0.3408151648034917,0.2,balanced_chance,Unknown,Unknown,Unknown,,/benchmark-eeg/5.0_version/result_5/linear_downsample/RestCog_wsn_within_subject_linear_downsample/seed_10_downsample_t40/ratio_full/labram/summary.json
RestCog_wsn_within_subject_linear_downsample,labram,seed_42_downsample_t40,RestCog_wsn,within_subject,42,0.3387311719080335,0.2,balanced_chance,Unknown,Unknown,Unknown,,/benchmark-eeg/5.0_version/result_5/linear_downsample/RestCog_wsn_within_subject_linear_downsample/seed_42_downsample_t40/ratio_full/labram/summary.json
RestCog_wsn_within_subject_linear_downsample,labram,seed_5_downsample_t40,RestCog_wsn,within_subject,5,0.3426650302646372,0.2,balanced_chance,Unknown,Unknown,Unknown,,/benchmark-eeg/5.0_version/result_5/linear_downsample/RestCog_wsn_within_subject_linear_downsample/seed_5_downsample_t40/ratio_full/labram/summary.json
RestCog_wsn_within_subject_linear_downsample,neurogpt,seed_10_downsample_t40,RestCog_wsn,within_subject,10,0.2938791715562144,0.2,balanced_chance,Unknown,Unknown,Unknown,,/benchmark-eeg/5.0_version/result_5/linear_downsample/RestCog_wsn_within_subject_linear_downsample/seed_10_downsample_t40/ratio_full/neurogpt/summary.json
RestCog_wsn_within_subject_linear_downsample,neurogpt,seed_42_downsample_t40,RestCog_wsn,within_subject,42,0.2840667004603983,0.2,balanced_chance,Unknown,Unknown,Unknown,,/benchmark-eeg/5.0_version/result_5/linear_downsample/RestCog_wsn_within_subject_linear_downsample/seed_42_downsample_t40/ratio_full/neurogpt/summary.json
RestCog_wsn_within_subject_linear_downsample,neurogpt,seed_5_downsample_t40,RestCog_wsn,within_subject,5,0.2987782663332994,0.2,balanced_chance,Unknown,Unknown,Unknown,,/benchmark-eeg/5.0_version/result_5/linear_downsample/RestCog_wsn_within_subject_linear_downsample/seed_5_downsample_t40/ratio_full/neurogpt/summary.json
RestCog_wsn_within_subject_linear_downsample,neurolm,seed_10_downsample_t40,RestCog_wsn,within_subject,10,0.3352152430362547,0.2,balanced_chance,Unknown,Unknown,Unknown,,/benchmark-eeg/5.0_version/result_5/linear_downsample/RestCog_wsn_within_subject_linear_downsample/seed_10_downsample_t40/ratio_full/neurolm/summary.json
RestCog_wsn_within_subject_linear_downsample,neurolm,seed_42_downsample_t40,RestCog_wsn,within_subject,42,0.33017533190621834,0.2,balanced_chance,Unknown,Unknown,Unknown,,/benchmark-eeg/5.0_version/result_5/linear_downsample/RestCog_wsn_within_subject_linear_downsample/seed_42_downsample_t40/ratio_full/neurolm/summary.json
RestCog_wsn_within_subject_linear_downsample,neurolm,seed_5_downsample_t40,RestCog_wsn,within_subject,5,0.3401225897595298,0.2,balanced_chance,Unknown,Unknown,Unknown,,/benchmark-eeg/5.0_version/result_5/linear_downsample/RestCog_wsn_within_subject_linear_downsample/seed_5_downsample_t40/ratio_full/neurolm/summary.json
RestCog_wsn_within_subject_linear_downsample,reve,seed_10_downsample_t40,RestCog_wsn,within_subject,10,0.23801200255285856,0.2,balanced_chance,Unknown,Unknown,Unknown,,/benchmark-eeg/5.0_version/result_5/linear_downsample/RestCog_wsn_within_subject_linear_downsample/seed_10_downsample_t40/ratio_full/reve/summary.json
RestCog_wsn_within_subject_linear_downsample,reve,seed_42_downsample_t40,RestCog_wsn,within_subject,42,0.2350267567834538,0.2,balanced_chance,Unknown,Unknown,Unknown,,/benchmark-eeg/5.0_version/result_5/linear_downsample/RestCog_wsn_within_subject_linear_downsample/seed_42_downsample_t40/ratio_full/reve/summary.json
RestCog_wsn_within_subject_linear_downsample,reve,seed_5_downsample_t40,RestCog_wsn,within_subject,5,0.23654266633427107,0.2,balanced_chance,Unknown,Unknown,Unknown,,/benchmark-eeg/5.0_version/result_5/linear_downsample/RestCog_wsn_within_subject_linear_downsample/seed_5_downsample_t40/ratio_full/reve/summary.json
SEED_FRA_within_subject_linear_downsample,bendr,seed_10_downsample_t40,SEED_FRA,within_subject,10,0.3333333333333333,0.3333333333333333,balanced_chance,Cognition & Emotion,认知与情绪,情绪识别,SEED-FRA,/benchmark-eeg/5.0_version/result_5/linear_downsample/SEED_FRA_within_subject_linear_downsample/seed_10_downsample_t40/ratio_full/bendr/summary.json
SEED_FRA_within_subject_linear_downsample,bendr,seed_42_downsample_t40,SEED_FRA,within_subject,42,0.3333333333333333,0.3333333333333333,balanced_chance,Cognition & Emotion,认知与情绪,情绪识别,SEED-FRA,/benchmark-eeg/5.0_version/result_5/linear_downsample/SEED_FRA_within_subject_linear_downsample/seed_42_downsample_t40/ratio_full/bendr/summary.json
SEED_FRA_within_subject_linear_downsample,bendr,seed_5_downsample_t40,SEED_FRA,within_subject,5,0.3333333333333333,0.3333333333333333,balanced_chance,Cognition & Emotion,认知与情绪,情绪识别,SEED-FRA,/benchmark-eeg/5.0_version/result_5/linear_downsample/SEED_FRA_within_subject_linear_downsample/seed_5_downsample_t40/ratio_full/bendr/summary.json
SEED_FRA_within_subject_linear_downsample,biot,seed_10_downsample_t40,SEED_FRA,within_subject,10,0.46077064541798546,0.3333333333333333,balanced_chance,Cognition & Emotion,认知与情绪,情绪识别,SEED-FRA,/benchmark-eeg/5.0_version/result_5/linear_downsample/SEED_FRA_within_subject_linear_downsample/seed_10_downsample_t40/ratio_full/biot/summary.json
SEED_FRA_within_subject_linear_downsample,biot,seed_42_downsample_t40,SEED_FRA,within_subject,42,0.40052635507703305,0.3333333333333333,balanced_chance,Cognition & Emotion,认知与情绪,情绪识别,SEED-FRA,/benchmark-eeg/5.0_version/result_5/linear_downsample/SEED_FRA_within_subject_linear_downsample/seed_42_downsample_t40/ratio_full/biot/summary.json
SEED_FRA_within_subject_linear_downsample,biot,seed_5_downsample_t40,SEED_FRA,within_subject,5,0.43145510583830404,0.3333333333333333,balanced_chance,Cognition & Emotion,认知与情绪,情绪识别,SEED-FRA,/benchmark-eeg/5.0_version/result_5/linear_downsample/SEED_FRA_within_subject_linear_downsample/seed_5_downsample_t40/ratio_full/biot/summary.json
SEED_FRA_within_subject_linear_downsample,brainomni,seed_10_downsample_t40,SEED_FRA,within_subject,10,0.4226497207157232,0.3333333333333333,balanced_chance,Cognition & Emotion,认知与情绪,情绪识别,SEED-FRA,/benchmark-eeg/5.0_version/result_5/linear_downsample/SEED_FRA_within_subject_linear_downsample/seed_10_downsample_t40/ratio_full/brainomni/summary.json
SEED_FRA_within_subject_linear_downsample,brainomni,seed_42_downsample_t40,SEED_FRA,within_subject,42,0.4345474171376263,0.3333333333333333,balanced_chance,Cognition & Emotion,认知与情绪,情绪识别,SEED-FRA,/benchmark-eeg/5.0_version/result_5/linear_downsample/SEED_FRA_within_subject_linear_downsample/seed_42_downsample_t40/ratio_full/brainomni/summary.json
SEED_FRA_within_subject_linear_downsample,brainomni,seed_5_downsample_t40,SEED_FRA,within_subject,5,0.4214865505401206,0.3333333333333333,balanced_chance,Cognition & Emotion,认知与情绪,情绪识别,SEED-FRA,/benchmark-eeg/5.0_version/result_5/linear_downsample/SEED_FRA_within_subject_linear_downsample/seed_5_downsample_t40/ratio_full/brainomni/summary.json
SEED_FRA_within_subject_linear_downsample,cbramod,seed_10_downsample_t40,SEED_FRA,within_subject,10,0.4222877482499783,0.3333333333333333,balanced_chance,Cognition & Emotion,认知与情绪,情绪识别,SEED-FRA,/benchmark-eeg/5.0_version/result_5/linear_downsample/SEED_FRA_within_subject_linear_downsample/seed_10_downsample_t40/ratio_full/cbramod/summary.json
SEED_FRA_within_subject_linear_downsample,cbramod,seed_42_downsample_t40,SEED_FRA,within_subject,42,0.43440941958524126,0.3333333333333333,balanced_chance,Cognition & Emotion,认知与情绪,情绪识别,SEED-FRA,/benchmark-eeg/5.0_version/result_5/linear_downsample/SEED_FRA_within_subject_linear_downsample/seed_42_downsample_t40/ratio_full/cbramod/summary.json
SEED_FRA_within_subject_linear_downsample,cbramod,seed_5_downsample_t40,SEED_FRA,within_subject,5,0.4079326465601946,0.3333333333333333,balanced_chance,Cognition & Emotion,认知与情绪,情绪识别,SEED-FRA,/benchmark-eeg/5.0_version/result_5/linear_downsample/SEED_FRA_within_subject_linear_downsample/seed_5_downsample_t40/ratio_full/cbramod/summary.json
SEED_FRA_within_subject_linear_downsample,eegmamba,seed_10_downsample_t40,SEED_FRA,within_subject,10,0.37828162712606367,0.3333333333333333,balanced_chance,Cognition & Emotion,认知与情绪,情绪识别,SEED-FRA,/benchmark-eeg/5.0_version/result_5/linear_downsample/SEED_FRA_within_subject_linear_downsample/seed_10_downsample_t40/ratio_full/eegmamba/summary.json
SEED_FRA_within_subject_linear_downsample,eegmamba,seed_42_downsample_t40,SEED_FRA,within_subject,42,0.38814709065800773,0.3333333333333333,balanced_chance,Cognition & Emotion,认知与情绪,情绪识别,SEED-FRA,/benchmark-eeg/5.0_version/result_5/linear_downsample/SEED_FRA_within_subject_linear_downsample/seed_42_downsample_t40/ratio_full/eegmamba/summary.json
SEED_FRA_within_subject_linear_downsample,eegmamba,seed_5_downsample_t40,SEED_FRA,within_subject,5,0.40259921220230205,0.3333333333333333,balanced_chance,Cognition & Emotion,认知与情绪,情绪识别,SEED-FRA,/benchmark-eeg/5.0_version/result_5/linear_downsample/SEED_FRA_within_subject_linear_downsample/seed_5_downsample_t40/ratio_full/eegmamba/summary.json
SEED_FRA_within_subject_linear_downsample,femba,seed_10_downsample_t40,SEED_FRA,within_subject,10,0.4239697513116481,0.3333333333333333,balanced_chance,Cognition & Emotion,认知与情绪,情绪识别,SEED-FRA,/benchmark-eeg/5.0_version/result_5/linear_downsample/SEED_FRA_within_subject_linear_downsample/seed_10_downsample_t40/ratio_full/femba/summary.json
SEED_FRA_within_subject_linear_downsample,femba,seed_42_downsample_t40,SEED_FRA,within_subject,42,0.44266700977801876,0.3333333333333333,balanced_chance,Cognition & Emotion,认知与情绪,情绪识别,SEED-FRA,/benchmark-eeg/5.0_version/result_5/linear_downsample/SEED_FRA_within_subject_linear_downsample/seed_42_downsample_t40/ratio_full/femba/summary.json
SEED_FRA_within_subject_linear_downsample,femba,seed_5_downsample_t40,SEED_FRA,within_subject,5,0.3672287154016464,0.3333333333333333,balanced_chance,Cognition & Emotion,认知与情绪,情绪识别,SEED-FRA,/benchmark-eeg/5.0_version/result_5/linear_downsample/SEED_FRA_within_subject_linear_downsample/seed_5_downsample_t40/ratio_full/femba/summary.json
SEED_FRA_within_subject_linear_downsample,labram,seed_10_downsample_t40,SEED_FRA,within_subject,10,0.3303816428771842,0.3333333333333333,balanced_chance,Cognition & Emotion,认知与情绪,情绪识别,SEED-FRA,/benchmark-eeg/5.0_version/result_5/linear_downsample/SEED_FRA_within_subject_linear_downsample/seed_10_downsample_t40/ratio_full/labram/summary.json
SEED_FRA_within_subject_linear_downsample,labram,seed_42_downsample_t40,SEED_FRA,within_subject,42,0.397917742982096,0.3333333333333333,balanced_chance,Cognition & Emotion,认知与情绪,情绪识别,SEED-FRA,/benchmark-eeg/5.0_version/result_5/linear_downsample/SEED_FRA_within_subject_linear_downsample/seed_42_downsample_t40/ratio_full/labram/summary.json
SEED_FRA_within_subject_linear_downsample,labram,seed_5_downsample_t40,SEED_FRA,within_subject,5,0.35189869627698656,0.3333333333333333,balanced_chance,Cognition & Emotion,认知与情绪,情绪识别,SEED-FRA,/benchmark-eeg/5.0_version/result_5/linear_downsample/SEED_FRA_within_subject_linear_downsample/seed_5_downsample_t40/ratio_full/labram/summary.json
SEED_FRA_within_subject_linear_downsample,neurogpt,seed_10_downsample_t40,SEED_FRA,within_subject,10,0.37612400199450485,0.3333333333333333,balanced_chance,Cognition & Emotion,认知与情绪,情绪识别,SEED-FRA,/benchmark-eeg/5.0_version/result_5/linear_downsample/SEED_FRA_within_subject_linear_downsample/seed_10_downsample_t40/ratio_full/neurogpt/summary.json
SEED_FRA_within_subject_linear_downsample,neurogpt,seed_42_downsample_t40,SEED_FRA,within_subject,42,0.3739504492205021,0.3333333333333333,balanced_chance,Cognition & Emotion,认知与情绪,情绪识别,SEED-FRA,/benchmark-eeg/5.0_version/result_5/linear_downsample/SEED_FRA_within_subject_linear_downsample/seed_42_downsample_t40/ratio_full/neurogpt/summary.json
SEED_FRA_within_subject_linear_downsample,neurogpt,seed_5_downsample_t40,SEED_FRA,within_subject,5,0.36996004037105096,0.3333333333333333,balanced_chance,Cognition & Emotion,认知与情绪,情绪识别,SEED-FRA,/benchmark-eeg/5.0_version/result_5/linear_downsample/SEED_FRA_within_subject_linear_downsample/seed_5_downsample_t40/ratio_full/neurogpt/summary.json
SEED_FRA_within_subject_linear_downsample,neurolm,seed_10_downsample_t40,SEED_FRA,within_subject,10,0.3575042469372394,0.3333333333333333,balanced_chance,Cognition & Emotion,认知与情绪,情绪识别,SEED-FRA,/benchmark-eeg/5.0_version/result_5/linear_downsample/SEED_FRA_within_subject_linear_downsample/seed_10_downsample_t40/ratio_full/neurolm/summary.json
SEED_FRA_within_subject_linear_downsample,neurolm,seed_42_downsample_t40,SEED_FRA,within_subject,42,0.3327255220498153,0.3333333333333333,balanced_chance,Cognition & Emotion,认知与情绪,情绪识别,SEED-FRA,/benchmark-eeg/5.0_version/result_5/linear_downsample/SEED_FRA_within_subject_linear_downsample/seed_42_downsample_t40/ratio_full/neurolm/summary.json
SEED_FRA_within_subject_linear_downsample,neurolm,seed_5_downsample_t40,SEED_FRA,within_subject,5,0.3334786503765103,0.3333333333333333,balanced_chance,Cognition & Emotion,认知与情绪,情绪识别,SEED-FRA,/benchmark-eeg/5.0_version/result_5/linear_downsample/SEED_FRA_within_subject_linear_downsample/seed_5_downsample_t40/ratio_full/neurolm/summary.json
SEED_FRA_within_subject_linear_downsample,reve,seed_10_downsample_t40,SEED_FRA,within_subject,10,0.34738693924511815,0.3333333333333333,balanced_chance,Cognition & Emotion,认知与情绪,情绪识别,SEED-FRA,/benchmark-eeg/5.0_version/result_5/linear_downsample/SEED_FRA_within_subject_linear_downsample/seed_10_downsample_t40/ratio_full/reve/summary.json
SEED_FRA_within_subject_linear_downsample,reve,seed_42_downsample_t40,SEED_FRA,within_subject,42,0.35191888625007445,0.3333333333333333,balanced_chance,Cognition & Emotion,认知与情绪,情绪识别,SEED-FRA,/benchmark-eeg/5.0_version/result_5/linear_downsample/SEED_FRA_within_subject_linear_downsample/seed_42_downsample_t40/ratio_full/reve/summary.json
SEED_FRA_within_subject_linear_downsample,reve,seed_5_downsample_t40,SEED_FRA,within_subject,5,0.34032010245484295,0.3333333333333333,balanced_chance,Cognition & Emotion,认知与情绪,情绪识别,SEED-FRA,/benchmark-eeg/5.0_version/result_5/linear_downsample/SEED_FRA_within_subject_linear_downsample/seed_5_downsample_t40/ratio_full/reve/summary.json
SEED_VII_within_subject_linear_downsample,bendr,seed_10_downsample_t40,SEED_VII,within_subject,10,0.1404841144583758,0.1428571428571428,balanced_chance,Unknown,Unknown,Unknown,,/benchmark-eeg/5.0_version/result_5/linear_downsample/SEED_VII_within_subject_linear_downsample/seed_10_downsample_t40/ratio_full/bendr/summary.json
SEED_VII_within_subject_linear_downsample,bendr,seed_42_downsample_t40,SEED_VII,within_subject,42,0.14009130202030878,0.1428571428571428,balanced_chance,Unknown,Unknown,Unknown,,/benchmark-eeg/5.0_version/result_5/linear_downsample/SEED_VII_within_subject_linear_downsample/seed_42_downsample_t40/ratio_full/bendr/summary.json
SEED_VII_within_subject_linear_downsample,bendr,seed_5_downsample_t40,SEED_VII,within_subject,5,0.16715146106582032,0.1428571428571428,balanced_chance,Unknown,Unknown,Unknown,,/benchmark-eeg/5.0_version/result_5/linear_downsample/SEED_VII_within_subject_linear_downsample/seed_5_downsample_t40/ratio_full/bendr/summary.json
SEED_VII_within_subject_linear_downsample,biot,seed_10_downsample_t40,SEED_VII,within_subject,10,0.15733164238418565,0.1428571428571428,balanced_chance,Unknown,Unknown,Unknown,,/benchmark-eeg/5.0_version/result_5/linear_downsample/SEED_VII_within_subject_linear_downsample/seed_10_downsample_t40/ratio_full/biot/summary.json
SEED_VII_within_subject_linear_downsample,biot,seed_42_downsample_t40,SEED_VII,within_subject,42,0.16370723025337283,0.1428571428571428,balanced_chance,Unknown,Unknown,Unknown,,/benchmark-eeg/5.0_version/result_5/linear_downsample/SEED_VII_within_subject_linear_downsample/seed_42_downsample_t40/ratio_full/biot/summary.json
SEED_VII_within_subject_linear_downsample,biot,seed_5_downsample_t40,SEED_VII,within_subject,5,0.17330690276043456,0.1428571428571428,balanced_chance,Unknown,Unknown,Unknown,,/benchmark-eeg/5.0_version/result_5/linear_downsample/SEED_VII_within_subject_linear_downsample/seed_5_downsample_t40/ratio_full/biot/summary.json
SEED_VII_within_subject_linear_downsample,brainomni,seed_10_downsample_t40,SEED_VII,within_subject,10,0.20549205609526888,0.1428571428571428,balanced_chance,Unknown,Unknown,Unknown,,/benchmark-eeg/5.0_version/result_5/linear_downsample/SEED_VII_within_subject_linear_downsample/seed_10_downsample_t40/ratio_full/brainomni/summary.json
SEED_VII_within_subject_linear_downsample,brainomni,seed_42_downsample_t40,SEED_VII,within_subject,42,0.21542243477247253,0.1428571428571428,balanced_chance,Unknown,Unknown,Unknown,,/benchmark-eeg/5.0_version/result_5/linear_downsample/SEED_VII_within_subject_linear_downsample/seed_42_downsample_t40/ratio_full/brainomni/summary.json
SEED_VII_within_subject_linear_downsample,brainomni,seed_5_downsample_t40,SEED_VII,within_subject,5,0.1955114521413331,0.1428571428571428,balanced_chance,Unknown,Unknown,Unknown,,/benchmark-eeg/5.0_version/result_5/linear_downsample/SEED_VII_within_subject_linear_downsample/seed_5_downsample_t40/ratio_full/brainomni/summary.json
SEED_VII_within_subject_linear_downsample,cbramod,seed_10_downsample_t40,SEED_VII,within_subject,10,0.17696997967022782,0.1428571428571428,balanced_chance,Unknown,Unknown,Unknown,,/benchmark-eeg/5.0_version/result_5/linear_downsample/SEED_VII_within_subject_linear_downsample/seed_10_downsample_t40/ratio_full/cbramod/summary.json
SEED_VII_within_subject_linear_downsample,cbramod,seed_42_downsample_t40,SEED_VII,within_subject,42,0.17038516841410364,0.1428571428571428,balanced_chance,Unknown,Unknown,Unknown,,/benchmark-eeg/5.0_version/result_5/linear_downsample/SEED_VII_within_subject_linear_downsample/seed_42_downsample_t40/ratio_full/cbramod/summary.json
SEED_VII_within_subject_linear_downsample,cbramod,seed_5_downsample_t40,SEED_VII,within_subject,5,0.1993997838143166,0.1428571428571428,balanced_chance,Unknown,Unknown,Unknown,,/benchmark-eeg/5.0_version/result_5/linear_downsample/SEED_VII_within_subject_linear_downsample/seed_5_downsample_t40/ratio_full/cbramod/summary.json
SEED_VII_within_subject_linear_downsample,eegmamba,seed_10_downsample_t40,SEED_VII,within_subject,10,0.17796011763885652,0.1428571428571428,balanced_chance,Unknown,Unknown,Unknown,,/benchmark-eeg/5.0_version/result_5/linear_downsample/SEED_VII_within_subject_linear_downsample/seed_10_downsample_t40/ratio_full/eegmamba/summary.json
SEED_VII_within_subject_linear_downsample,eegmamba,seed_42_downsample_t40,SEED_VII,within_subject,42,0.16244805499297993,0.1428571428571428,balanced_chance,Unknown,Unknown,Unknown,,/benchmark-eeg/5.0_version/result_5/linear_downsample/SEED_VII_within_subject_linear_downsample/seed_42_downsample_t40/ratio_full/eegmamba/summary.json
SEED_VII_within_subject_linear_downsample,eegmamba,seed_5_downsample_t40,SEED_VII,within_subject,5,0.1790831815150528,0.1428571428571428,balanced_chance,Unknown,Unknown,Unknown,,/benchmark-eeg/5.0_version/result_5/linear_downsample/SEED_VII_within_subject_linear_downsample/seed_5_downsample_t40/ratio_full/eegmamba/summary.json
SEED_VII_within_subject_linear_downsample,femba,seed_10_downsample_t40,SEED_VII,within_subject,10,0.19015094356234957,0.1428571428571428,balanced_chance,Unknown,Unknown,Unknown,,/benchmark-eeg/5.0_version/result_5/linear_downsample/SEED_VII_within_subject_linear_downsample/seed_10_downsample_t40/ratio_full/femba/summary.json
SEED_VII_within_subject_linear_downsample,femba,seed_42_downsample_t40,SEED_VII,within_subject,42,0.19678667090108126,0.1428571428571428,balanced_chance,Unknown,Unknown,Unknown,,/benchmark-eeg/5.0_version/result_5/linear_downsample/SEED_VII_within_subject_linear_downsample/seed_42_downsample_t40/ratio_full/femba/summary.json
SEED_VII_within_subject_linear_downsample,femba,seed_5_downsample_t40,SEED_VII,within_subject,5,0.1841715985730475,0.1428571428571428,balanced_chance,Unknown,Unknown,Unknown,,/benchmark-eeg/5.0_version/result_5/linear_downsample/SEED_VII_within_subject_linear_downsample/seed_5_downsample_t40/ratio_full/femba/summary.json
SEED_VII_within_subject_linear_downsample,labram,seed_10_downsample_t40,SEED_VII,within_subject,10,0.20257994686767092,0.1428571428571428,balanced_chance,Unknown,Unknown,Unknown,,/benchmark-eeg/5.0_version/result_5/linear_downsample/SEED_VII_within_subject_linear_downsample/seed_10_downsample_t40/ratio_full/labram/summary.json
SEED_VII_within_subject_linear_downsample,labram,seed_42_downsample_t40,SEED_VII,within_subject,42,0.17887694683139682,0.1428571428571428,balanced_chance,Unknown,Unknown,Unknown,,/benchmark-eeg/5.0_version/result_5/linear_downsample/SEED_VII_within_subject_linear_downsample/seed_42_downsample_t40/ratio_full/labram/summary.json
SEED_VII_within_subject_linear_downsample,labram,seed_5_downsample_t40,SEED_VII,within_subject,5,0.20747110844138864,0.1428571428571428,balanced_chance,Unknown,Unknown,Unknown,,/benchmark-eeg/5.0_version/result_5/linear_downsample/SEED_VII_within_subject_linear_downsample/seed_5_downsample_t40/ratio_full/labram/summary.json
SEED_VII_within_subject_linear_downsample,neurogpt,seed_10_downsample_t40,SEED_VII,within_subject,10,0.16759592068818913,0.1428571428571428,balanced_chance,Unknown,Unknown,Unknown,,/benchmark-eeg/5.0_version/result_5/linear_downsample/SEED_VII_within_subject_linear_downsample/seed_10_downsample_t40/ratio_full/neurogpt/summary.json
SEED_VII_within_subject_linear_downsample,neurogpt,seed_42_downsample_t40,SEED_VII,within_subject,42,0.16741960862425748,0.1428571428571428,balanced_chance,Unknown,Unknown,Unknown,,/benchmark-eeg/5.0_version/result_5/linear_downsample/SEED_VII_within_subject_linear_downsample/seed_42_downsample_t40/ratio_full/neurogpt/summary.json
SEED_VII_within_subject_linear_downsample,neurogpt,seed_5_downsample_t40,SEED_VII,within_subject,5,0.20859952595797632,0.1428571428571428,balanced_chance,Unknown,Unknown,Unknown,,/benchmark-eeg/5.0_version/result_5/linear_downsample/SEED_VII_within_subject_linear_downsample/seed_5_downsample_t40/ratio_full/neurogpt/summary.json
SEED_VII_within_subject_linear_downsample,neurolm,seed_10_downsample_t40,SEED_VII,within_subject,10,0.20048450236341125,0.1428571428571428,balanced_chance,Unknown,Unknown,Unknown,,/benchmark-eeg/5.0_version/result_5/linear_downsample/SEED_VII_within_subject_linear_downsample/seed_10_downsample_t40/ratio_full/neurolm/summary.json
SEED_VII_within_subject_linear_downsample,neurolm,seed_42_downsample_t40,SEED_VII,within_subject,42,0.17754964734086773,0.1428571428571428,balanced_chance,Unknown,Unknown,Unknown,,/benchmark-eeg/5.0_version/result_5/linear_downsample/SEED_VII_within_subject_linear_downsample/seed_42_downsample_t40/ratio_full/neurolm/summary.json
SEED_VII_within_subject_linear_downsample,neurolm,seed_5_downsample_t40,SEED_VII,within_subject,5,0.17697974299305647,0.1428571428571428,balanced_chance,Unknown,Unknown,Unknown,,/benchmark-eeg/5.0_version/result_5/linear_downsample/SEED_VII_within_subject_linear_downsample/seed_5_downsample_t40/ratio_full/neurolm/summary.json
SEED_VII_within_subject_linear_downsample,reve,seed_10_downsample_t40,SEED_VII,within_subject,10,0.15019139634108783,0.1428571428571428,balanced_chance,Unknown,Unknown,Unknown,,/benchmark-eeg/5.0_version/result_5/linear_downsample/SEED_VII_within_subject_linear_downsample/seed_10_downsample_t40/ratio_full/reve/summary.json
SEED_VII_within_subject_linear_downsample,reve,seed_42_downsample_t40,SEED_VII,within_subject,42,0.15448529270762434,0.1428571428571428,balanced_chance,Unknown,Unknown,Unknown,,/benchmark-eeg/5.0_version/result_5/linear_downsample/SEED_VII_within_subject_linear_downsample/seed_42_downsample_t40/ratio_full/reve/summary.json
SEED_VII_within_subject_linear_downsample,reve,seed_5_downsample_t40,SEED_VII,within_subject,5,0.14589369430102408,0.1428571428571428,balanced_chance,Unknown,Unknown,Unknown,,/benchmark-eeg/5.0_version/result_5/linear_downsample/SEED_VII_within_subject_linear_downsample/seed_5_downsample_t40/ratio_full/reve/summary.json
SEED_within_subject_linear_downsample,bendr,seed_10_downsample_t40,SEED,within_subject,10,0.3333333333333333,0.3333333333333333,balanced_chance,Cognition & Emotion,认知与情绪,情绪识别,SEED,/benchmark-eeg/5.0_version/result_5/linear_downsample/SEED_within_subject_linear_downsample/seed_10_downsample_t40/ratio_full/bendr/summary.json
SEED_within_subject_linear_downsample,bendr,seed_42_downsample_t40,SEED,within_subject,42,0.3333333333333333,0.3333333333333333,balanced_chance,Cognition & Emotion,认知与情绪,情绪识别,SEED,/benchmark-eeg/5.0_version/result_5/linear_downsample/SEED_within_subject_linear_downsample/seed_42_downsample_t40/ratio_full/bendr/summary.json
SEED_within_subject_linear_downsample,bendr,seed_5_downsample_t40,SEED,within_subject,5,0.33372215676824585,0.3333333333333333,balanced_chance,Cognition & Emotion,认知与情绪,情绪识别,SEED,/benchmark-eeg/5.0_version/result_5/linear_downsample/SEED_within_subject_linear_downsample/seed_5_downsample_t40/ratio_full/bendr/summary.json
SEED_within_subject_linear_downsample,biot,seed_10_downsample_t40,SEED,within_subject,10,0.4215683101985663,0.3333333333333333,balanced_chance,Cognition & Emotion,认知与情绪,情绪识别,SEED,/benchmark-eeg/5.0_version/result_5/linear_downsample/SEED_within_subject_linear_downsample/seed_10_downsample_t40/ratio_full/biot/summary.json
SEED_within_subject_linear_downsample,biot,seed_42_downsample_t40,SEED,within_subject,42,0.6002010939340431,0.3333333333333333,balanced_chance,Cognition & Emotion,认知与情绪,情绪识别,SEED,/benchmark-eeg/5.0_version/result_5/linear_downsample/SEED_within_subject_linear_downsample/seed_42_downsample_t40/ratio_full/biot/summary.json
SEED_within_subject_linear_downsample,biot,seed_5_downsample_t40,SEED,within_subject,5,0.46680630181620764,0.3333333333333333,balanced_chance,Cognition & Emotion,认知与情绪,情绪识别,SEED,/benchmark-eeg/5.0_version/result_5/linear_downsample/SEED_within_subject_linear_downsample/seed_5_downsample_t40/ratio_full/biot/summary.json
SEED_within_subject_linear_downsample,brainomni,seed_10_downsample_t40,SEED,within_subject,10,0.45576863958155905,0.3333333333333333,balanced_chance,Cognition & Emotion,认知与情绪,情绪识别,SEED,/benchmark-eeg/5.0_version/result_5/linear_downsample/SEED_within_subject_linear_downsample/seed_10_downsample_t40/ratio_full/brainomni/summary.json
SEED_within_subject_linear_downsample,brainomni,seed_42_downsample_t40,SEED,within_subject,42,0.6273904635123323,0.3333333333333333,balanced_chance,Cognition & Emotion,认知与情绪,情绪识别,SEED,/benchmark-eeg/5.0_version/result_5/linear_downsample/SEED_within_subject_linear_downsample/seed_42_downsample_t40/ratio_full/brainomni/summary.json
SEED_within_subject_linear_downsample,brainomni,seed_5_downsample_t40,SEED,within_subject,5,0.4311646005393797,0.3333333333333333,balanced_chance,Cognition & Emotion,认知与情绪,情绪识别,SEED,/benchmark-eeg/5.0_version/result_5/linear_downsample/SEED_within_subject_linear_downsample/seed_5_downsample_t40/ratio_full/brainomni/summary.json
SEED_within_subject_linear_downsample,cbramod,seed_10_downsample_t40,SEED,within_subject,10,0.5586044810403756,0.3333333333333333,balanced_chance,Cognition & Emotion,认知与情绪,情绪识别,SEED,/benchmark-eeg/5.0_version/result_5/linear_downsample/SEED_within_subject_linear_downsample/seed_10_downsample_t40/ratio_full/cbramod/summary.json
SEED_within_subject_linear_downsample,cbramod,seed_42_downsample_t40,SEED,within_subject,42,0.5639543009442088,0.3333333333333333,balanced_chance,Cognition & Emotion,认知与情绪,情绪识别,SEED,/benchmark-eeg/5.0_version/result_5/linear_downsample/SEED_within_subject_linear_downsample/seed_42_downsample_t40/ratio_full/cbramod/summary.json
SEED_within_subject_linear_downsample,cbramod,seed_5_downsample_t40,SEED,within_subject,5,0.5001672306434796,0.3333333333333333,balanced_chance,Cognition & Emotion,认知与情绪,情绪识别,SEED,/benchmark-eeg/5.0_version/result_5/linear_downsample/SEED_within_subject_linear_downsample/seed_5_downsample_t40/ratio_full/cbramod/summary.json
SEED_within_subject_linear_downsample,eegmamba,seed_10_downsample_t40,SEED,within_subject,10,0.42846387794295954,0.3333333333333333,balanced_chance,Cognition & Emotion,认知与情绪,情绪识别,SEED,/benchmark-eeg/5.0_version/result_5/linear_downsample/SEED_within_subject_linear_downsample/seed_10_downsample_t40/ratio_full/eegmamba/summary.json
SEED_within_subject_linear_downsample,eegmamba,seed_42_downsample_t40,SEED,within_subject,42,0.49067202540312405,0.3333333333333333,balanced_chance,Cognition & Emotion,认知与情绪,情绪识别,SEED,/benchmark-eeg/5.0_version/result_5/linear_downsample/SEED_within_subject_linear_downsample/seed_42_downsample_t40/ratio_full/eegmamba/summary.json
SEED_within_subject_linear_downsample,eegmamba,seed_5_downsample_t40,SEED,within_subject,5,0.35930040059783735,0.3333333333333333,balanced_chance,Cognition & Emotion,认知与情绪,情绪识别,SEED,/benchmark-eeg/5.0_version/result_5/linear_downsample/SEED_within_subject_linear_downsample/seed_5_downsample_t40/ratio_full/eegmamba/summary.json
SEED_within_subject_linear_downsample,femba,seed_10_downsample_t40,SEED,within_subject,10,0.38938262016865305,0.3333333333333333,balanced_chance,Cognition & Emotion,认知与情绪,情绪识别,SEED,/benchmark-eeg/5.0_version/result_5/linear_downsample/SEED_within_subject_linear_downsample/seed_10_downsample_t40/ratio_full/femba/summary.json
SEED_within_subject_linear_downsample,femba,seed_42_downsample_t40,SEED,within_subject,42,0.5676809686424887,0.3333333333333333,balanced_chance,Cognition & Emotion,认知与情绪,情绪识别,SEED,/benchmark-eeg/5.0_version/result_5/linear_downsample/SEED_within_subject_linear_downsample/seed_42_downsample_t40/ratio_full/femba/summary.json
SEED_within_subject_linear_downsample,femba,seed_5_downsample_t40,SEED,within_subject,5,0.36419177503139233,0.3333333333333333,balanced_chance,Cognition & Emotion,认知与情绪,情绪识别,SEED,/benchmark-eeg/5.0_version/result_5/linear_downsample/SEED_within_subject_linear_downsample/seed_5_downsample_t40/ratio_full/femba/summary.json
SEED_within_subject_linear_downsample,labram,seed_10_downsample_t40,SEED,within_subject,10,0.470592345154937,0.3333333333333333,balanced_chance,Cognition & Emotion,认知与情绪,情绪识别,SEED,/benchmark-eeg/5.0_version/result_5/linear_downsample/SEED_within_subject_linear_downsample/seed_10_downsample_t40/ratio_full/labram/summary.json
SEED_within_subject_linear_downsample,labram,seed_42_downsample_t40,SEED,within_subject,42,0.5347320879075844,0.3333333333333333,balanced_chance,Cognition & Emotion,认知与情绪,情绪识别,SEED,/benchmark-eeg/5.0_version/result_5/linear_downsample/SEED_within_subject_linear_downsample/seed_42_downsample_t40/ratio_full/labram/summary.json
SEED_within_subject_linear_downsample,labram,seed_5_downsample_t40,SEED,within_subject,5,0.4448879956919825,0.3333333333333333,balanced_chance,Cognition & Emotion,认知与情绪,情绪识别,SEED,/benchmark-eeg/5.0_version/result_5/linear_downsample/SEED_within_subject_linear_downsample/seed_5_downsample_t40/ratio_full/labram/summary.json
SEED_within_subject_linear_downsample,neurogpt,seed_10_downsample_t40,SEED,within_subject,10,0.39622131320753234,0.3333333333333333,balanced_chance,Cognition & Emotion,认知与情绪,情绪识别,SEED,/benchmark-eeg/5.0_version/result_5/linear_downsample/SEED_within_subject_linear_downsample/seed_10_downsample_t40/ratio_full/neurogpt/summary.json
SEED_within_subject_linear_downsample,neurogpt,seed_42_downsample_t40,SEED,within_subject,42,0.454271479637296,0.3333333333333333,balanced_chance,Cognition & Emotion,认知与情绪,情绪识别,SEED,/benchmark-eeg/5.0_version/result_5/linear_downsample/SEED_within_subject_linear_downsample/seed_42_downsample_t40/ratio_full/neurogpt/summary.json
SEED_within_subject_linear_downsample,neurogpt,seed_5_downsample_t40,SEED,within_subject,5,0.48041865679664575,0.3333333333333333,balanced_chance,Cognition & Emotion,认知与情绪,情绪识别,SEED,/benchmark-eeg/5.0_version/result_5/linear_downsample/SEED_within_subject_linear_downsample/seed_5_downsample_t40/ratio_full/neurogpt/summary.json
SEED_within_subject_linear_downsample,neurolm,seed_10_downsample_t40,SEED,within_subject,10,0.4509602754696944,0.3333333333333333,balanced_chance,Cognition & Emotion,认知与情绪,情绪识别,SEED,/benchmark-eeg/5.0_version/result_5/linear_downsample/SEED_within_subject_linear_downsample/seed_10_downsample_t40/ratio_full/neurolm/summary.json
SEED_within_subject_linear_downsample,neurolm,seed_42_downsample_t40,SEED,within_subject,42,0.49520363410513557,0.3333333333333333,balanced_chance,Cognition & Emotion,认知与情绪,情绪识别,SEED,/benchmark-eeg/5.0_version/result_5/linear_downsample/SEED_within_subject_linear_downsample/seed_42_downsample_t40/ratio_full/neurolm/summary.json
SEED_within_subject_linear_downsample,neurolm,seed_5_downsample_t40,SEED,within_subject,5,0.49589712048821594,0.3333333333333333,balanced_chance,Cognition & Emotion,认知与情绪,情绪识别,SEED,/benchmark-eeg/5.0_version/result_5/linear_downsample/SEED_within_subject_linear_downsample/seed_5_downsample_t40/ratio_full/neurolm/summary.json
SEED_within_subject_linear_downsample,reve,seed_10_downsample_t40,SEED,within_subject,10,0.3742112924727798,0.3333333333333333,balanced_chance,Cognition & Emotion,认知与情绪,情绪识别,SEED,/benchmark-eeg/5.0_version/result_5/linear_downsample/SEED_within_subject_linear_downsample/seed_10_downsample_t40/ratio_full/reve/summary.json
SEED_within_subject_linear_downsample,reve,seed_42_downsample_t40,SEED,within_subject,42,0.4191047716354392,0.3333333333333333,balanced_chance,Cognition & Emotion,认知与情绪,情绪识别,SEED,/benchmark-eeg/5.0_version/result_5/linear_downsample/SEED_within_subject_linear_downsample/seed_42_downsample_t40/ratio_full/reve/summary.json
SEED_within_subject_linear_downsample,reve,seed_5_downsample_t40,SEED,within_subject,5,0.34115160969245406,0.3333333333333333,balanced_chance,Cognition & Emotion,认知与情绪,情绪识别,SEED,/benchmark-eeg/5.0_version/result_5/linear_downsample/SEED_within_subject_linear_downsample/seed_5_downsample_t40/ratio_full/reve/summary.json
SHU_MI_within_subject_linear_downsample,bendr,seed_10_downsample_t40,SHU_MI,within_subject,10,0.471404399323181,0.5,balanced_chance,Interaction & Control,交互与控制,运动想象（MI）控制,SHU-MI,/benchmark-eeg/5.0_version/result_5/linear_downsample/SHU_MI_within_subject_linear_downsample/seed_10_downsample_t40/ratio_full/bendr/summary.json
SHU_MI_within_subject_linear_downsample,bendr,seed_42_downsample_t40,SHU_MI,within_subject,42,0.4930628853952558,0.5,balanced_chance,Interaction & Control,交互与控制,运动想象（MI）控制,SHU-MI,/benchmark-eeg/5.0_version/result_5/linear_downsample/SHU_MI_within_subject_linear_downsample/seed_42_downsample_t40/ratio_full/bendr/summary.json
SHU_MI_within_subject_linear_downsample,bendr,seed_5_downsample_t40,SHU_MI,within_subject,5,0.5116373056994818,0.5,balanced_chance,Interaction & Control,交互与控制,运动想象（MI）控制,SHU-MI,/benchmark-eeg/5.0_version/result_5/linear_downsample/SHU_MI_within_subject_linear_downsample/seed_5_downsample_t40/ratio_full/bendr/summary.json
SHU_MI_within_subject_linear_downsample,biot,seed_10_downsample_t40,SHU_MI,within_subject,10,0.5226522842639594,0.5,balanced_chance,Interaction & Control,交互与控制,运动想象（MI）控制,SHU-MI,/benchmark-eeg/5.0_version/result_5/linear_downsample/SHU_MI_within_subject_linear_downsample/seed_10_downsample_t40/ratio_full/biot/summary.json
SHU_MI_within_subject_linear_downsample,biot,seed_42_downsample_t40,SHU_MI,within_subject,42,0.5129541414365869,0.5,balanced_chance,Interaction & Control,交互与控制,运动想象（MI）控制,SHU-MI,/benchmark-eeg/5.0_version/result_5/linear_downsample/SHU_MI_within_subject_linear_downsample/seed_42_downsample_t40/ratio_full/biot/summary.json
SHU_MI_within_subject_linear_downsample,biot,seed_5_downsample_t40,SHU_MI,within_subject,5,0.5264145077720208,0.5,balanced_chance,Interaction & Control,交互与控制,运动想象（MI）控制,SHU-MI,/benchmark-eeg/5.0_version/result_5/linear_downsample/SHU_MI_within_subject_linear_downsample/seed_5_downsample_t40/ratio_full/biot/summary.json
SHU_MI_within_subject_linear_downsample,brainomni,seed_10_downsample_t40,SHU_MI,within_subject,10,0.5739847715736041,0.5,balanced_chance,Interaction & Control,交互与控制,运动想象（MI）控制,SHU-MI,/benchmark-eeg/5.0_version/result_5/linear_downsample/SHU_MI_within_subject_linear_downsample/seed_10_downsample_t40/ratio_full/brainomni/summary.json
SHU_MI_within_subject_linear_downsample,brainomni,seed_42_downsample_t40,SHU_MI,within_subject,42,0.5447961224376423,0.5,balanced_chance,Interaction & Control,交互与控制,运动想象（MI）控制,SHU-MI,/benchmark-eeg/5.0_version/result_5/linear_downsample/SHU_MI_within_subject_linear_downsample/seed_42_downsample_t40/ratio_full/brainomni/summary.json
SHU_MI_within_subject_linear_downsample,brainomni,seed_5_downsample_t40,SHU_MI,within_subject,5,0.5798721934369603,0.5,balanced_chance,Interaction & Control,交互与控制,运动想象（MI）控制,SHU-MI,/benchmark-eeg/5.0_version/result_5/linear_downsample/SHU_MI_within_subject_linear_downsample/seed_5_downsample_t40/ratio_full/brainomni/summary.json
SHU_MI_within_subject_linear_downsample,cbramod,seed_10_downsample_t40,SHU_MI,within_subject,10,0.5035815002820079,0.5,balanced_chance,Interaction & Control,交互与控制,运动想象（MI）控制,SHU-MI,/benchmark-eeg/5.0_version/result_5/linear_downsample/SHU_MI_within_subject_linear_downsample/seed_10_downsample_t40/ratio_full/cbramod/summary.json
SHU_MI_within_subject_linear_downsample,cbramod,seed_42_downsample_t40,SHU_MI,within_subject,42,0.5162629853897005,0.5,balanced_chance,Interaction & Control,交互与控制,运动想象（MI）控制,SHU-MI,/benchmark-eeg/5.0_version/result_5/linear_downsample/SHU_MI_within_subject_linear_downsample/seed_42_downsample_t40/ratio_full/cbramod/summary.json
SHU_MI_within_subject_linear_downsample,cbramod,seed_5_downsample_t40,SHU_MI,within_subject,5,0.5038618307426598,0.5,balanced_chance,Interaction & Control,交互与控制,运动想象（MI）控制,SHU-MI,/benchmark-eeg/5.0_version/result_5/linear_downsample/SHU_MI_within_subject_linear_downsample/seed_5_downsample_t40/ratio_full/cbramod/summary.json
SHU_MI_within_subject_linear_downsample,eegmamba,seed_10_downsample_t40,SHU_MI,within_subject,10,0.5034968979131416,0.5,balanced_chance,Interaction & Control,交互与控制,运动想象（MI）控制,SHU-MI,/benchmark-eeg/5.0_version/result_5/linear_downsample/SHU_MI_within_subject_linear_downsample/seed_10_downsample_t40/ratio_full/eegmamba/summary.json
SHU_MI_within_subject_linear_downsample,eegmamba,seed_42_downsample_t40,SHU_MI,within_subject,42,0.5259186989611688,0.5,balanced_chance,Interaction & Control,交互与控制,运动想象（MI）控制,SHU-MI,/benchmark-eeg/5.0_version/result_5/linear_downsample/SHU_MI_within_subject_linear_downsample/seed_42_downsample_t40/ratio_full/eegmamba/summary.json
SHU_MI_within_subject_linear_downsample,eegmamba,seed_5_downsample_t40,SHU_MI,within_subject,5,0.4978894645941278,0.5,balanced_chance,Interaction & Control,交互与控制,运动想象（MI）控制,SHU-MI,/benchmark-eeg/5.0_version/result_5/linear_downsample/SHU_MI_within_subject_linear_downsample/seed_5_downsample_t40/ratio_full/eegmamba/summary.json
SHU_MI_within_subject_linear_downsample,femba,seed_10_downsample_t40,SHU_MI,within_subject,10,0.5391215454032713,0.5,balanced_chance,Interaction & Control,交互与控制,运动想象（MI）控制,SHU-MI,/benchmark-eeg/5.0_version/result_5/linear_downsample/SHU_MI_within_subject_linear_downsample/seed_10_downsample_t40/ratio_full/femba/summary.json
SHU_MI_within_subject_linear_downsample,femba,seed_42_downsample_t40,SHU_MI,within_subject,42,0.5232174601411033,0.5,balanced_chance,Interaction & Control,交互与控制,运动想象（MI）控制,SHU-MI,/benchmark-eeg/5.0_version/result_5/linear_downsample/SHU_MI_within_subject_linear_downsample/seed_42_downsample_t40/ratio_full/femba/summary.json
SHU_MI_within_subject_linear_downsample,femba,seed_5_downsample_t40,SHU_MI,within_subject,5,0.5121416234887737,0.5,balanced_chance,Interaction & Control,交互与控制,运动想象（MI）控制,SHU-MI,/benchmark-eeg/5.0_version/result_5/linear_downsample/SHU_MI_within_subject_linear_downsample/seed_5_downsample_t40/ratio_full/femba/summary.json
SHU_MI_within_subject_linear_downsample,labram,seed_10_downsample_t40,SHU_MI,within_subject,10,0.5049562887760857,0.5,balanced_chance,Interaction & Control,交互与控制,运动想象（MI）控制,SHU-MI,/benchmark-eeg/5.0_version/result_5/linear_downsample/SHU_MI_within_subject_linear_downsample/seed_10_downsample_t40/ratio_full/labram/summary.json
SHU_MI_within_subject_linear_downsample,labram,seed_42_downsample_t40,SHU_MI,within_subject,42,0.5022498750069441,0.5,balanced_chance,Interaction & Control,交互与控制,运动想象（MI）控制,SHU-MI,/benchmark-eeg/5.0_version/result_5/linear_downsample/SHU_MI_within_subject_linear_downsample/seed_42_downsample_t40/ratio_full/labram/summary.json
SHU_MI_within_subject_linear_downsample,labram,seed_5_downsample_t40,SHU_MI,within_subject,5,0.4801727115716753,0.5,balanced_chance,Interaction & Control,交互与控制,运动想象（MI）控制,SHU-MI,/benchmark-eeg/5.0_version/result_5/linear_downsample/SHU_MI_within_subject_linear_downsample/seed_5_downsample_t40/ratio_full/labram/summary.json
SHU_MI_within_subject_linear_downsample,neurogpt,seed_10_downsample_t40,SHU_MI,within_subject,10,0.5108220530174845,0.5,balanced_chance,Interaction & Control,交互与控制,运动想象（MI）控制,SHU-MI,/benchmark-eeg/5.0_version/result_5/linear_downsample/SHU_MI_within_subject_linear_downsample/seed_10_downsample_t40/ratio_full/neurogpt/summary.json
SHU_MI_within_subject_linear_downsample,neurogpt,seed_42_downsample_t40,SHU_MI,within_subject,42,0.5013054830287206,0.5,balanced_chance,Interaction & Control,交互与控制,运动想象（MI）控制,SHU-MI,/benchmark-eeg/5.0_version/result_5/linear_downsample/SHU_MI_within_subject_linear_downsample/seed_42_downsample_t40/ratio_full/neurogpt/summary.json
SHU_MI_within_subject_linear_downsample,neurogpt,seed_5_downsample_t40,SHU_MI,within_subject,5,0.49090155440414507,0.5,balanced_chance,Interaction & Control,交互与控制,运动想象（MI）控制,SHU-MI,/benchmark-eeg/5.0_version/result_5/linear_downsample/SHU_MI_within_subject_linear_downsample/seed_5_downsample_t40/ratio_full/neurogpt/summary.json
SHU_MI_within_subject_linear_downsample,neurolm,seed_10_downsample_t40,SHU_MI,within_subject,10,0.5231246474901298,0.5,balanced_chance,Interaction & Control,交互与控制,运动想象（MI）控制,SHU-MI,/benchmark-eeg/5.0_version/result_5/linear_downsample/SHU_MI_within_subject_linear_downsample/seed_10_downsample_t40/ratio_full/neurolm/summary.json
SHU_MI_within_subject_linear_downsample,neurolm,seed_42_downsample_t40,SHU_MI,within_subject,42,0.5155338592300428,0.5,balanced_chance,Interaction & Control,交互与控制,运动想象（MI）控制,SHU-MI,/benchmark-eeg/5.0_version/result_5/linear_downsample/SHU_MI_within_subject_linear_downsample/seed_42_downsample_t40/ratio_full/neurolm/summary.json
SHU_MI_within_subject_linear_downsample,neurolm,seed_5_downsample_t40,SHU_MI,within_subject,5,0.5095198618307426,0.5,balanced_chance,Interaction & Control,交互与控制,运动想象（MI）控制,SHU-MI,/benchmark-eeg/5.0_version/result_5/linear_downsample/SHU_MI_within_subject_linear_downsample/seed_5_downsample_t40/ratio_full/neurolm/summary.json
SHU_MI_within_subject_linear_downsample,reve,seed_10_downsample_t40,SHU_MI,within_subject,10,0.526684997179921,0.5,balanced_chance,Interaction & Control,交互与控制,运动想象（MI）控制,SHU-MI,/benchmark-eeg/5.0_version/result_5/linear_downsample/SHU_MI_within_subject_linear_downsample/seed_10_downsample_t40/ratio_full/reve/summary.json
SHU_MI_within_subject_linear_downsample,reve,seed_42_downsample_t40,SHU_MI,within_subject,42,0.5580037220154436,0.5,balanced_chance,Interaction & Control,交互与控制,运动想象（MI）控制,SHU-MI,/benchmark-eeg/5.0_version/result_5/linear_downsample/SHU_MI_within_subject_linear_downsample/seed_42_downsample_t40/ratio_full/reve/summary.json
SHU_MI_within_subject_linear_downsample,reve,seed_5_downsample_t40,SHU_MI,within_subject,5,0.5156269430051813,0.5,balanced_chance,Interaction & Control,交互与控制,运动想象（MI）控制,SHU-MI,/benchmark-eeg/5.0_version/result_5/linear_downsample/SHU_MI_within_subject_linear_downsample/seed_5_downsample_t40/ratio_full/reve/summary.json
SSVEP_wsn_within_subject_linear_downsample,bendr,seed_10_downsample_t40,SSVEP_wsn,within_subject,10,0.0125,0.00625,balanced_chance,Unknown,Unknown,Unknown,,/benchmark-eeg/5.0_version/result_5/linear_downsample/SSVEP_wsn_within_subject_linear_downsample/seed_10_downsample_t40/ratio_full/bendr/summary.json
SSVEP_wsn_within_subject_linear_downsample,bendr,seed_42_downsample_t40,SSVEP_wsn,within_subject,42,0.008928571428571428,0.00625,balanced_chance,Unknown,Unknown,Unknown,,/benchmark-eeg/5.0_version/result_5/linear_downsample/SSVEP_wsn_within_subject_linear_downsample/seed_42_downsample_t40/ratio_full/bendr/summary.json
SSVEP_wsn_within_subject_linear_downsample,bendr,seed_5_downsample_t40,SSVEP_wsn,within_subject,5,0.01339285714285714,0.00625,balanced_chance,Unknown,Unknown,Unknown,,/benchmark-eeg/5.0_version/result_5/linear_downsample/SSVEP_wsn_within_subject_linear_downsample/seed_5_downsample_t40/ratio_full/bendr/summary.json
SSVEP_wsn_within_subject_linear_downsample,biot,seed_10_downsample_t40,SSVEP_wsn,within_subject,10,0.00625,0.00625,balanced_chance,Unknown,Unknown,Unknown,,/benchmark-eeg/5.0_version/result_5/linear_downsample/SSVEP_wsn_within_subject_linear_downsample/seed_10_downsample_t40/ratio_full/biot/summary.json
SSVEP_wsn_within_subject_linear_downsample,biot,seed_42_downsample_t40,SSVEP_wsn,within_subject,42,0.00625,0.00625,balanced_chance,Unknown,Unknown,Unknown,,/benchmark-eeg/5.0_version/result_5/linear_downsample/SSVEP_wsn_within_subject_linear_downsample/seed_42_downsample_t40/ratio_full/biot/summary.json
SSVEP_wsn_within_subject_linear_downsample,biot,seed_5_downsample_t40,SSVEP_wsn,within_subject,5,0.00625,0.00625,balanced_chance,Unknown,Unknown,Unknown,,/benchmark-eeg/5.0_version/result_5/linear_downsample/SSVEP_wsn_within_subject_linear_downsample/seed_5_downsample_t40/ratio_full/biot/summary.json
SSVEP_wsn_within_subject_linear_downsample,brainomni,seed_10_downsample_t40,SSVEP_wsn,within_subject,10,0.013392857142857142,0.00625,balanced_chance,Unknown,Unknown,Unknown,,/benchmark-eeg/5.0_version/result_5/linear_downsample/SSVEP_wsn_within_subject_linear_downsample/seed_10_downsample_t40/ratio_full/brainomni/summary.json
SSVEP_wsn_within_subject_linear_downsample,brainomni,seed_42_downsample_t40,SSVEP_wsn,within_subject,42,0.024107142857142855,0.00625,balanced_chance,Unknown,Unknown,Unknown,,/benchmark-eeg/5.0_version/result_5/linear_downsample/SSVEP_wsn_within_subject_linear_downsample/seed_42_downsample_t40/ratio_full/brainomni/summary.json
SSVEP_wsn_within_subject_linear_downsample,brainomni,seed_5_downsample_t40,SSVEP_wsn,within_subject,5,0.02142857142857143,0.00625,balanced_chance,Unknown,Unknown,Unknown,,/benchmark-eeg/5.0_version/result_5/linear_downsample/SSVEP_wsn_within_subject_linear_downsample/seed_5_downsample_t40/ratio_full/brainomni/summary.json
SSVEP_wsn_within_subject_linear_downsample,cbramod,seed_10_downsample_t40,SSVEP_wsn,within_subject,10,0.010714285714285713,0.00625,balanced_chance,Unknown,Unknown,Unknown,,/benchmark-eeg/5.0_version/result_5/linear_downsample/SSVEP_wsn_within_subject_linear_downsample/seed_10_downsample_t40/ratio_full/cbramod/summary.json
SSVEP_wsn_within_subject_linear_downsample,cbramod,seed_42_downsample_t40,SSVEP_wsn,within_subject,42,0.005357142857142857,0.00625,balanced_chance,Unknown,Unknown,Unknown,,/benchmark-eeg/5.0_version/result_5/linear_downsample/SSVEP_wsn_within_subject_linear_downsample/seed_42_downsample_t40/ratio_full/cbramod/summary.json
SSVEP_wsn_within_subject_linear_downsample,cbramod,seed_5_downsample_t40,SSVEP_wsn,within_subject,5,0.004464285714285714,0.00625,balanced_chance,Unknown,Unknown,Unknown,,/benchmark-eeg/5.0_version/result_5/linear_downsample/SSVEP_wsn_within_subject_linear_downsample/seed_5_downsample_t40/ratio_full/cbramod/summary.json
SSVEP_wsn_within_subject_linear_downsample,eegmamba,seed_10_downsample_t40,SSVEP_wsn,within_subject,10,0.015178571428571427,0.00625,balanced_chance,Unknown,Unknown,Unknown,,/benchmark-eeg/5.0_version/result_5/linear_downsample/SSVEP_wsn_within_subject_linear_downsample/seed_10_downsample_t40/ratio_full/eegmamba/summary.json
SSVEP_wsn_within_subject_linear_downsample,eegmamba,seed_42_downsample_t40,SSVEP_wsn,within_subject,42,0.007142857142857143,0.00625,balanced_chance,Unknown,Unknown,Unknown,,/benchmark-eeg/5.0_version/result_5/linear_downsample/SSVEP_wsn_within_subject_linear_downsample/seed_42_downsample_t40/ratio_full/eegmamba/summary.json
SSVEP_wsn_within_subject_linear_downsample,eegmamba,seed_5_downsample_t40,SSVEP_wsn,within_subject,5,0.012499999999999999,0.00625,balanced_chance,Unknown,Unknown,Unknown,,/benchmark-eeg/5.0_version/result_5/linear_downsample/SSVEP_wsn_within_subject_linear_downsample/seed_5_downsample_t40/ratio_full/eegmamba/summary.json
SSVEP_wsn_within_subject_linear_downsample,femba,seed_10_downsample_t40,SSVEP_wsn,within_subject,10,0.008035714285714285,0.00625,balanced_chance,Unknown,Unknown,Unknown,,/benchmark-eeg/5.0_version/result_5/linear_downsample/SSVEP_wsn_within_subject_linear_downsample/seed_10_downsample_t40/ratio_full/femba/summary.json
SSVEP_wsn_within_subject_linear_downsample,femba,seed_42_downsample_t40,SSVEP_wsn,within_subject,42,0.008035714285714285,0.00625,balanced_chance,Unknown,Unknown,Unknown,,/benchmark-eeg/5.0_version/result_5/linear_downsample/SSVEP_wsn_within_subject_linear_downsample/seed_42_downsample_t40/ratio_full/femba/summary.json
SSVEP_wsn_within_subject_linear_downsample,femba,seed_5_downsample_t40,SSVEP_wsn,within_subject,5,0.00625,0.00625,balanced_chance,Unknown,Unknown,Unknown,,/benchmark-eeg/5.0_version/result_5/linear_downsample/SSVEP_wsn_within_subject_linear_downsample/seed_5_downsample_t40/ratio_full/femba/summary.json
SSVEP_wsn_within_subject_linear_downsample,labram,seed_10_downsample_t40,SSVEP_wsn,within_subject,10,0.005357142857142857,0.00625,balanced_chance,Unknown,Unknown,Unknown,,/benchmark-eeg/5.0_version/result_5/linear_downsample/SSVEP_wsn_within_subject_linear_downsample/seed_10_downsample_t40/ratio_full/labram/summary.json
SSVEP_wsn_within_subject_linear_downsample,labram,seed_42_downsample_t40,SSVEP_wsn,within_subject,42,0.010714285714285714,0.00625,balanced_chance,Unknown,Unknown,Unknown,,/benchmark-eeg/5.0_version/result_5/linear_downsample/SSVEP_wsn_within_subject_linear_downsample/seed_42_downsample_t40/ratio_full/labram/summary.json
SSVEP_wsn_within_subject_linear_downsample,labram,seed_5_downsample_t40,SSVEP_wsn,within_subject,5,0.005357142857142857,0.00625,balanced_chance,Unknown,Unknown,Unknown,,/benchmark-eeg/5.0_version/result_5/linear_downsample/SSVEP_wsn_within_subject_linear_downsample/seed_5_downsample_t40/ratio_full/labram/summary.json
SSVEP_wsn_within_subject_linear_downsample,neurogpt,seed_10_downsample_t40,SSVEP_wsn,within_subject,10,0.008928571428571428,0.00625,balanced_chance,Unknown,Unknown,Unknown,,/benchmark-eeg/5.0_version/result_5/linear_downsample/SSVEP_wsn_within_subject_linear_downsample/seed_10_downsample_t40/ratio_full/neurogpt/summary.json
SSVEP_wsn_within_subject_linear_downsample,neurogpt,seed_42_downsample_t40,SSVEP_wsn,within_subject,42,0.004464285714285714,0.00625,balanced_chance,Unknown,Unknown,Unknown,,/benchmark-eeg/5.0_version/result_5/linear_downsample/SSVEP_wsn_within_subject_linear_downsample/seed_42_downsample_t40/ratio_full/neurogpt/summary.json
SSVEP_wsn_within_subject_linear_downsample,neurogpt,seed_5_downsample_t40,SSVEP_wsn,within_subject,5,0.007142857142857143,0.00625,balanced_chance,Unknown,Unknown,Unknown,,/benchmark-eeg/5.0_version/result_5/linear_downsample/SSVEP_wsn_within_subject_linear_downsample/seed_5_downsample_t40/ratio_full/neurogpt/summary.json
SSVEP_wsn_within_subject_linear_downsample,neurolm,seed_10_downsample_t40,SSVEP_wsn,within_subject,10,0.02589285714285714,0.00625,balanced_chance,Unknown,Unknown,Unknown,,/benchmark-eeg/5.0_version/result_5/linear_downsample/SSVEP_wsn_within_subject_linear_downsample/seed_10_downsample_t40/ratio_full/neurolm/summary.json
SSVEP_wsn_within_subject_linear_downsample,neurolm,seed_42_downsample_t40,SSVEP_wsn,within_subject,42,0.024999999999999998,0.00625,balanced_chance,Unknown,Unknown,Unknown,,/benchmark-eeg/5.0_version/result_5/linear_downsample/SSVEP_wsn_within_subject_linear_downsample/seed_42_downsample_t40/ratio_full/neurolm/summary.json
SSVEP_wsn_within_subject_linear_downsample,neurolm,seed_5_downsample_t40,SSVEP_wsn,within_subject,5,0.02678571428571428,0.00625,balanced_chance,Unknown,Unknown,Unknown,,/benchmark-eeg/5.0_version/result_5/linear_downsample/SSVEP_wsn_within_subject_linear_downsample/seed_5_downsample_t40/ratio_full/neurolm/summary.json
SSVEP_wsn_within_subject_linear_downsample,reve,seed_10_downsample_t40,SSVEP_wsn,within_subject,10,0.0035714285714285713,0.00625,balanced_chance,Unknown,Unknown,Unknown,,/benchmark-eeg/5.0_version/result_5/linear_downsample/SSVEP_wsn_within_subject_linear_downsample/seed_10_downsample_t40/ratio_full/reve/summary.json
SSVEP_wsn_within_subject_linear_downsample,reve,seed_42_downsample_t40,SSVEP_wsn,within_subject,42,0.009821428571428571,0.00625,balanced_chance,Unknown,Unknown,Unknown,,/benchmark-eeg/5.0_version/result_5/linear_downsample/SSVEP_wsn_within_subject_linear_downsample/seed_42_downsample_t40/ratio_full/reve/summary.json
SSVEP_wsn_within_subject_linear_downsample,reve,seed_5_downsample_t40,SSVEP_wsn,within_subject,5,0.004464285714285714,0.00625,balanced_chance,Unknown,Unknown,Unknown,,/benchmark-eeg/5.0_version/result_5/linear_downsample/SSVEP_wsn_within_subject_linear_downsample/seed_5_downsample_t40/ratio_full/reve/summary.json
Siena_EEG_within_subject_linear_downsample,bendr,seed_10_downsample_t40,Siena_EEG,within_subject,10,0.49972110664881747,0.5,balanced_chance,Unknown,Unknown,Unknown,,/benchmark-eeg/5.0_version/result_5/linear_downsample/Siena_EEG_within_subject_linear_downsample/seed_10_downsample_t40/ratio_full/bendr/summary.json
Siena_EEG_within_subject_linear_downsample,bendr,seed_42_downsample_t40,Siena_EEG,within_subject,42,0.5104847535363168,0.5,balanced_chance,Unknown,Unknown,Unknown,,/benchmark-eeg/5.0_version/result_5/linear_downsample/Siena_EEG_within_subject_linear_downsample/seed_42_downsample_t40/ratio_full/bendr/summary.json
Siena_EEG_within_subject_linear_downsample,bendr,seed_5_downsample_t40,Siena_EEG,within_subject,5,0.4998261776464453,0.5,balanced_chance,Unknown,Unknown,Unknown,,/benchmark-eeg/5.0_version/result_5/linear_downsample/Siena_EEG_within_subject_linear_downsample/seed_5_downsample_t40/ratio_full/bendr/summary.json
Siena_EEG_within_subject_linear_downsample,biot,seed_10_downsample_t40,Siena_EEG,within_subject,10,0.574683054898437,0.5,balanced_chance,Unknown,Unknown,Unknown,,/benchmark-eeg/5.0_version/result_5/linear_downsample/Siena_EEG_within_subject_linear_downsample/seed_10_downsample_t40/ratio_full/biot/summary.json
Siena_EEG_within_subject_linear_downsample,biot,seed_42_downsample_t40,Siena_EEG,within_subject,42,0.8331539631723544,0.5,balanced_chance,Unknown,Unknown,Unknown,,/benchmark-eeg/5.0_version/result_5/linear_downsample/Siena_EEG_within_subject_linear_downsample/seed_42_downsample_t40/ratio_full/biot/summary.json
Siena_EEG_within_subject_linear_downsample,biot,seed_5_downsample_t40,Siena_EEG,within_subject,5,0.759172471887577,0.5,balanced_chance,Unknown,Unknown,Unknown,,/benchmark-eeg/5.0_version/result_5/linear_downsample/Siena_EEG_within_subject_linear_downsample/seed_5_downsample_t40/ratio_full/biot/summary.json
Siena_EEG_within_subject_linear_downsample,brainomni,seed_10_downsample_t40,Siena_EEG,within_subject,10,0.56087592378647,0.5,balanced_chance,Unknown,Unknown,Unknown,,/benchmark-eeg/5.0_version/result_5/linear_downsample/Siena_EEG_within_subject_linear_downsample/seed_10_downsample_t40/ratio_full/brainomni/summary.json
Siena_EEG_within_subject_linear_downsample,brainomni,seed_42_downsample_t40,Siena_EEG,within_subject,42,0.8162936221419976,0.5,balanced_chance,Unknown,Unknown,Unknown,,/benchmark-eeg/5.0_version/result_5/linear_downsample/Siena_EEG_within_subject_linear_downsample/seed_42_downsample_t40/ratio_full/brainomni/summary.json
Siena_EEG_within_subject_linear_downsample,brainomni,seed_5_downsample_t40,Siena_EEG,within_subject,5,0.6580412894944443,0.5,balanced_chance,Unknown,Unknown,Unknown,,/benchmark-eeg/5.0_version/result_5/linear_downsample/Siena_EEG_within_subject_linear_downsample/seed_5_downsample_t40/ratio_full/brainomni/summary.json
Siena_EEG_within_subject_linear_downsample,cbramod,seed_10_downsample_t40,Siena_EEG,within_subject,10,0.5125234576051543,0.5,balanced_chance,Unknown,Unknown,Unknown,,/benchmark-eeg/5.0_version/result_5/linear_downsample/Siena_EEG_within_subject_linear_downsample/seed_10_downsample_t40/ratio_full/cbramod/summary.json
Siena_EEG_within_subject_linear_downsample,cbramod,seed_42_downsample_t40,Siena_EEG,within_subject,42,0.497015189700974,0.5,balanced_chance,Unknown,Unknown,Unknown,,/benchmark-eeg/5.0_version/result_5/linear_downsample/Siena_EEG_within_subject_linear_downsample/seed_42_downsample_t40/ratio_full/cbramod/summary.json
Siena_EEG_within_subject_linear_downsample,cbramod,seed_5_downsample_t40,Siena_EEG,within_subject,5,0.5449375353773059,0.5,balanced_chance,Unknown,Unknown,Unknown,,/benchmark-eeg/5.0_version/result_5/linear_downsample/Siena_EEG_within_subject_linear_downsample/seed_5_downsample_t40/ratio_full/cbramod/summary.json
Siena_EEG_within_subject_linear_downsample,eegmamba,seed_10_downsample_t40,Siena_EEG,within_subject,10,0.6183936659881535,0.5,balanced_chance,Unknown,Unknown,Unknown,,/benchmark-eeg/5.0_version/result_5/linear_downsample/Siena_EEG_within_subject_linear_downsample/seed_10_downsample_t40/ratio_full/eegmamba/summary.json
Siena_EEG_within_subject_linear_downsample,eegmamba,seed_42_downsample_t40,Siena_EEG,within_subject,42,0.7631128669709148,0.5,balanced_chance,Unknown,Unknown,Unknown,,/benchmark-eeg/5.0_version/result_5/linear_downsample/Siena_EEG_within_subject_linear_downsample/seed_42_downsample_t40/ratio_full/eegmamba/summary.json
Siena_EEG_within_subject_linear_downsample,eegmamba,seed_5_downsample_t40,Siena_EEG,within_subject,5,0.7302650345193367,0.5,balanced_chance,Unknown,Unknown,Unknown,,/benchmark-eeg/5.0_version/result_5/linear_downsample/Siena_EEG_within_subject_linear_downsample/seed_5_downsample_t40/ratio_full/eegmamba/summary.json
Siena_EEG_within_subject_linear_downsample,femba,seed_10_downsample_t40,Siena_EEG,within_subject,10,0.5111473290421962,0.5,balanced_chance,Unknown,Unknown,Unknown,,/benchmark-eeg/5.0_version/result_5/linear_downsample/Siena_EEG_within_subject_linear_downsample/seed_10_downsample_t40/ratio_full/femba/summary.json
Siena_EEG_within_subject_linear_downsample,femba,seed_42_downsample_t40,Siena_EEG,within_subject,42,0.6209072951433826,0.5,balanced_chance,Unknown,Unknown,Unknown,,/benchmark-eeg/5.0_version/result_5/linear_downsample/Siena_EEG_within_subject_linear_downsample/seed_42_downsample_t40/ratio_full/femba/summary.json
Siena_EEG_within_subject_linear_downsample,femba,seed_5_downsample_t40,Siena_EEG,within_subject,5,0.6463400366364037,0.5,balanced_chance,Unknown,Unknown,Unknown,,/benchmark-eeg/5.0_version/result_5/linear_downsample/Siena_EEG_within_subject_linear_downsample/seed_5_downsample_t40/ratio_full/femba/summary.json
Siena_EEG_within_subject_linear_downsample,labram,seed_10_downsample_t40,Siena_EEG,within_subject,10,0.5837948445226874,0.5,balanced_chance,Unknown,Unknown,Unknown,,/benchmark-eeg/5.0_version/result_5/linear_downsample/Siena_EEG_within_subject_linear_downsample/seed_10_downsample_t40/ratio_full/labram/summary.json
Siena_EEG_within_subject_linear_downsample,labram,seed_42_downsample_t40,Siena_EEG,within_subject,42,0.70806666212565,0.5,balanced_chance,Unknown,Unknown,Unknown,,/benchmark-eeg/5.0_version/result_5/linear_downsample/Siena_EEG_within_subject_linear_downsample/seed_42_downsample_t40/ratio_full/labram/summary.json
Siena_EEG_within_subject_linear_downsample,labram,seed_5_downsample_t40,Siena_EEG,within_subject,5,0.6356817178996912,0.5,balanced_chance,Unknown,Unknown,Unknown,,/benchmark-eeg/5.0_version/result_5/linear_downsample/Siena_EEG_within_subject_linear_downsample/seed_5_downsample_t40/ratio_full/labram/summary.json
Siena_EEG_within_subject_linear_downsample,neurogpt,seed_10_downsample_t40,Siena_EEG,within_subject,10,0.5505010911224808,0.5,balanced_chance,Unknown,Unknown,Unknown,,/benchmark-eeg/5.0_version/result_5/linear_downsample/Siena_EEG_within_subject_linear_downsample/seed_10_downsample_t40/ratio_full/neurogpt/summary.json
Siena_EEG_within_subject_linear_downsample,neurogpt,seed_42_downsample_t40,Siena_EEG,within_subject,42,0.6886919601298731,0.5,balanced_chance,Unknown,Unknown,Unknown,,/benchmark-eeg/5.0_version/result_5/linear_downsample/Siena_EEG_within_subject_linear_downsample/seed_42_downsample_t40/ratio_full/neurogpt/summary.json
Siena_EEG_within_subject_linear_downsample,neurogpt,seed_5_downsample_t40,Siena_EEG,within_subject,5,0.6169428882143988,0.5,balanced_chance,Unknown,Unknown,Unknown,,/benchmark-eeg/5.0_version/result_5/linear_downsample/Siena_EEG_within_subject_linear_downsample/seed_5_downsample_t40/ratio_full/neurogpt/summary.json
Siena_EEG_within_subject_linear_downsample,neurolm,seed_10_downsample_t40,Siena_EEG,within_subject,10,0.5659449059556338,0.5,balanced_chance,Unknown,Unknown,Unknown,,/benchmark-eeg/5.0_version/result_5/linear_downsample/Siena_EEG_within_subject_linear_downsample/seed_10_downsample_t40/ratio_full/neurolm/summary.json
Siena_EEG_within_subject_linear_downsample,neurolm,seed_42_downsample_t40,Siena_EEG,within_subject,42,0.8014998978271235,0.5,balanced_chance,Unknown,Unknown,Unknown,,/benchmark-eeg/5.0_version/result_5/linear_downsample/Siena_EEG_within_subject_linear_downsample/seed_42_downsample_t40/ratio_full/neurolm/summary.json
Siena_EEG_within_subject_linear_downsample,neurolm,seed_5_downsample_t40,Siena_EEG,within_subject,5,0.775486702589953,0.5,balanced_chance,Unknown,Unknown,Unknown,,/benchmark-eeg/5.0_version/result_5/linear_downsample/Siena_EEG_within_subject_linear_downsample/seed_5_downsample_t40/ratio_full/neurolm/summary.json
Siena_EEG_within_subject_linear_downsample,reve,seed_10_downsample_t40,Siena_EEG,within_subject,10,0.5105918346139505,0.5,balanced_chance,Unknown,Unknown,Unknown,,/benchmark-eeg/5.0_version/result_5/linear_downsample/Siena_EEG_within_subject_linear_downsample/seed_10_downsample_t40/ratio_full/reve/summary.json
Siena_EEG_within_subject_linear_downsample,reve,seed_42_downsample_t40,Siena_EEG,within_subject,42,0.5448461730581478,0.5,balanced_chance,Unknown,Unknown,Unknown,,/benchmark-eeg/5.0_version/result_5/linear_downsample/Siena_EEG_within_subject_linear_downsample/seed_42_downsample_t40/ratio_full/reve/summary.json
Siena_EEG_within_subject_linear_downsample,reve,seed_5_downsample_t40,Siena_EEG,within_subject,5,0.514283517629598,0.5,balanced_chance,Unknown,Unknown,Unknown,,/benchmark-eeg/5.0_version/result_5/linear_downsample/Siena_EEG_within_subject_linear_downsample/seed_5_downsample_t40/ratio_full/reve/summary.json
TUAB_within_subject_linear_downsample,biot,seed_42_downsample_t40,TUAB,within_subject,42,0.8974739970282318,,unknown,Biometrics & Disease,个体与疾病,癫痫/发作,TUAB,/benchmark-eeg/5.0_version/result_5/linear_downsample/TUAB_within_subject_linear_downsample/seed_42_downsample_t40/ratio_full/biot/summary.json
TUAB_within_subject_linear_downsample,brainomni,seed_42_downsample_t40,TUAB,within_subject,42,0.9457652303120356,,unknown,Biometrics & Disease,个体与疾病,癫痫/发作,TUAB,/benchmark-eeg/5.0_version/result_5/linear_downsample/TUAB_within_subject_linear_downsample/seed_42_downsample_t40/ratio_full/brainomni/summary.json
TUAB_within_subject_linear_downsample,cbramod,seed_42_downsample_t40,TUAB,within_subject,42,0.9955423476968797,,unknown,Biometrics & Disease,个体与疾病,癫痫/发作,TUAB,/benchmark-eeg/5.0_version/result_5/linear_downsample/TUAB_within_subject_linear_downsample/seed_42_downsample_t40/ratio_full/cbramod/summary.json
TUAB_within_subject_linear_downsample,femba,seed_42_downsample_t40,TUAB,within_subject,42,0.9442793462109955,,unknown,Biometrics & Disease,个体与疾病,癫痫/发作,TUAB,/benchmark-eeg/5.0_version/result_5/linear_downsample/TUAB_within_subject_linear_downsample/seed_42_downsample_t40/ratio_full/femba/summary.json
TUAB_within_subject_linear_downsample,neurogpt,seed_42_downsample_t40,TUAB,within_subject,42,0.9063893016344725,,unknown,Biometrics & Disease,个体与疾病,癫痫/发作,TUAB,/benchmark-eeg/5.0_version/result_5/linear_downsample/TUAB_within_subject_linear_downsample/seed_42_downsample_t40/ratio_full/neurogpt/summary.json
TUAB_within_subject_linear_downsample,reve,seed_42_downsample_t40,TUAB,within_subject,42,0.8038632986627043,,unknown,Biometrics & Disease,个体与疾病,癫痫/发作,TUAB,/benchmark-eeg/5.0_version/result_5/linear_downsample/TUAB_within_subject_linear_downsample/seed_42_downsample_t40/ratio_full/reve/summary.json
Workload_within_subject_linear_downsample,bendr,seed_10_downsample_t40,Workload,within_subject,10,0.3308165548098434,0.3333333333333333,balanced_chance,Unknown,Unknown,Unknown,,/benchmark-eeg/5.0_version/result_5/linear_downsample/Workload_within_subject_linear_downsample/seed_10_downsample_t40/ratio_full/bendr/summary.json
Workload_within_subject_linear_downsample,bendr,seed_42_downsample_t40,Workload,within_subject,42,0.3333333333333333,0.3333333333333333,balanced_chance,Unknown,Unknown,Unknown,,/benchmark-eeg/5.0_version/result_5/linear_downsample/Workload_within_subject_linear_downsample/seed_42_downsample_t40/ratio_full/bendr/summary.json
Workload_within_subject_linear_downsample,bendr,seed_5_downsample_t40,Workload,within_subject,5,0.3333333333333333,0.3333333333333333,balanced_chance,Unknown,Unknown,Unknown,,/benchmark-eeg/5.0_version/result_5/linear_downsample/Workload_within_subject_linear_downsample/seed_5_downsample_t40/ratio_full/bendr/summary.json
Workload_within_subject_linear_downsample,biot,seed_10_downsample_t40,Workload,within_subject,10,0.22399328859060405,0.3333333333333333,balanced_chance,Unknown,Unknown,Unknown,,/benchmark-eeg/5.0_version/result_5/linear_downsample/Workload_within_subject_linear_downsample/seed_10_downsample_t40/ratio_full/biot/summary.json
Workload_within_subject_linear_downsample,biot,seed_42_downsample_t40,Workload,within_subject,42,0.3737509321401939,0.3333333333333333,balanced_chance,Unknown,Unknown,Unknown,,/benchmark-eeg/5.0_version/result_5/linear_downsample/Workload_within_subject_linear_downsample/seed_42_downsample_t40/ratio_full/biot/summary.json
Workload_within_subject_linear_downsample,biot,seed_5_downsample_t40,Workload,within_subject,5,0.30602162565249813,0.3333333333333333,balanced_chance,Unknown,Unknown,Unknown,,/benchmark-eeg/5.0_version/result_5/linear_downsample/Workload_within_subject_linear_downsample/seed_5_downsample_t40/ratio_full/biot/summary.json
Workload_within_subject_linear_downsample,brainomni,seed_10_downsample_t40,Workload,within_subject,10,0.2750745712155108,0.3333333333333333,balanced_chance,Unknown,Unknown,Unknown,,/benchmark-eeg/5.0_version/result_5/linear_downsample/Workload_within_subject_linear_downsample/seed_10_downsample_t40/ratio_full/brainomni/summary.json
Workload_within_subject_linear_downsample,brainomni,seed_42_downsample_t40,Workload,within_subject,42,0.3333333333333333,0.3333333333333333,balanced_chance,Unknown,Unknown,Unknown,,/benchmark-eeg/5.0_version/result_5/linear_downsample/Workload_within_subject_linear_downsample/seed_42_downsample_t40/ratio_full/brainomni/summary.json
Workload_within_subject_linear_downsample,brainomni,seed_5_downsample_t40,Workload,within_subject,5,0.3333333333333333,0.3333333333333333,balanced_chance,Unknown,Unknown,Unknown,,/benchmark-eeg/5.0_version/result_5/linear_downsample/Workload_within_subject_linear_downsample/seed_5_downsample_t40/ratio_full/brainomni/summary.json
Workload_within_subject_linear_downsample,cbramod,seed_10_downsample_t40,Workload,within_subject,10,0.3333333333333333,0.3333333333333333,balanced_chance,Unknown,Unknown,Unknown,,/benchmark-eeg/5.0_version/result_5/linear_downsample/Workload_within_subject_linear_downsample/seed_10_downsample_t40/ratio_full/cbramod/summary.json
Workload_within_subject_linear_downsample,cbramod,seed_42_downsample_t40,Workload,within_subject,42,0.3333333333333333,0.3333333333333333,balanced_chance,Unknown,Unknown,Unknown,,/benchmark-eeg/5.0_version/result_5/linear_downsample/Workload_within_subject_linear_downsample/seed_42_downsample_t40/ratio_full/cbramod/summary.json
Workload_within_subject_linear_downsample,cbramod,seed_5_downsample_t40,Workload,within_subject,5,0.3333333333333333,0.3333333333333333,balanced_chance,Unknown,Unknown,Unknown,,/benchmark-eeg/5.0_version/result_5/linear_downsample/Workload_within_subject_linear_downsample/seed_5_downsample_t40/ratio_full/cbramod/summary.json
Workload_within_subject_linear_downsample,eegmamba,seed_10_downsample_t40,Workload,within_subject,10,0.3338926174496644,0.3333333333333333,balanced_chance,Unknown,Unknown,Unknown,,/benchmark-eeg/5.0_version/result_5/linear_downsample/Workload_within_subject_linear_downsample/seed_10_downsample_t40/ratio_full/eegmamba/summary.json
Workload_within_subject_linear_downsample,eegmamba,seed_42_downsample_t40,Workload,within_subject,42,0.33501118568232663,0.3333333333333333,balanced_chance,Unknown,Unknown,Unknown,,/benchmark-eeg/5.0_version/result_5/linear_downsample/Workload_within_subject_linear_downsample/seed_42_downsample_t40/ratio_full/eegmamba/summary.json
Workload_within_subject_linear_downsample,eegmamba,seed_5_downsample_t40,Workload,within_subject,5,0.3333333333333333,0.3333333333333333,balanced_chance,Unknown,Unknown,Unknown,,/benchmark-eeg/5.0_version/result_5/linear_downsample/Workload_within_subject_linear_downsample/seed_5_downsample_t40/ratio_full/eegmamba/summary.json
Workload_within_subject_linear_downsample,femba,seed_10_downsample_t40,Workload,within_subject,10,0.30443698732289337,0.3333333333333333,balanced_chance,Unknown,Unknown,Unknown,,/benchmark-eeg/5.0_version/result_5/linear_downsample/Workload_within_subject_linear_downsample/seed_10_downsample_t40/ratio_full/femba/summary.json
Workload_within_subject_linear_downsample,femba,seed_42_downsample_t40,Workload,within_subject,42,0.3333333333333333,0.3333333333333333,balanced_chance,Unknown,Unknown,Unknown,,/benchmark-eeg/5.0_version/result_5/linear_downsample/Workload_within_subject_linear_downsample/seed_42_downsample_t40/ratio_full/femba/summary.json
Workload_within_subject_linear_downsample,femba,seed_5_downsample_t40,Workload,within_subject,5,0.3333333333333333,0.3333333333333333,balanced_chance,Unknown,Unknown,Unknown,,/benchmark-eeg/5.0_version/result_5/linear_downsample/Workload_within_subject_linear_downsample/seed_5_downsample_t40/ratio_full/femba/summary.json
Workload_within_subject_linear_downsample,labram,seed_10_downsample_t40,Workload,within_subject,10,0.33612975391498884,0.3333333333333333,balanced_chance,Unknown,Unknown,Unknown,,/benchmark-eeg/5.0_version/result_5/linear_downsample/Workload_within_subject_linear_downsample/seed_10_downsample_t40/ratio_full/labram/summary.json
Workload_within_subject_linear_downsample,labram,seed_42_downsample_t40,Workload,within_subject,42,0.33702460850111854,0.3333333333333333,balanced_chance,Unknown,Unknown,Unknown,,/benchmark-eeg/5.0_version/result_5/linear_downsample/Workload_within_subject_linear_downsample/seed_42_downsample_t40/ratio_full/labram/summary.json
Workload_within_subject_linear_downsample,labram,seed_5_downsample_t40,Workload,within_subject,5,0.3333333333333333,0.3333333333333333,balanced_chance,Unknown,Unknown,Unknown,,/benchmark-eeg/5.0_version/result_5/linear_downsample/Workload_within_subject_linear_downsample/seed_5_downsample_t40/ratio_full/labram/summary.json
Workload_within_subject_linear_downsample,neurogpt,seed_10_downsample_t40,Workload,within_subject,10,0.15725205070842654,0.3333333333333333,balanced_chance,Unknown,Unknown,Unknown,,/benchmark-eeg/5.0_version/result_5/linear_downsample/Workload_within_subject_linear_downsample/seed_10_downsample_t40/ratio_full/neurogpt/summary.json
Workload_within_subject_linear_downsample,neurogpt,seed_42_downsample_t40,Workload,within_subject,42,0.24384787472035793,0.3333333333333333,balanced_chance,Unknown,Unknown,Unknown,,/benchmark-eeg/5.0_version/result_5/linear_downsample/Workload_within_subject_linear_downsample/seed_42_downsample_t40/ratio_full/neurogpt/summary.json
Workload_within_subject_linear_downsample,neurogpt,seed_5_downsample_t40,Workload,within_subject,5,0.34386651752423564,0.3333333333333333,balanced_chance,Unknown,Unknown,Unknown,,/benchmark-eeg/5.0_version/result_5/linear_downsample/Workload_within_subject_linear_downsample/seed_5_downsample_t40/ratio_full/neurogpt/summary.json
Workload_within_subject_linear_downsample,neurolm,seed_10_downsample_t40,Workload,within_subject,10,0.3918717375093214,0.3333333333333333,balanced_chance,Unknown,Unknown,Unknown,,/benchmark-eeg/5.0_version/result_5/linear_downsample/Workload_within_subject_linear_downsample/seed_10_downsample_t40/ratio_full/neurolm/summary.json
Workload_within_subject_linear_downsample,neurolm,seed_42_downsample_t40,Workload,within_subject,42,0.36845637583892615,0.3333333333333333,balanced_chance,Unknown,Unknown,Unknown,,/benchmark-eeg/5.0_version/result_5/linear_downsample/Workload_within_subject_linear_downsample/seed_42_downsample_t40/ratio_full/neurolm/summary.json
Workload_within_subject_linear_downsample,neurolm,seed_5_downsample_t40,Workload,within_subject,5,0.30909768829231915,0.3333333333333333,balanced_chance,Unknown,Unknown,Unknown,,/benchmark-eeg/5.0_version/result_5/linear_downsample/Workload_within_subject_linear_downsample/seed_5_downsample_t40/ratio_full/neurolm/summary.json
Workload_within_subject_linear_downsample,reve,seed_10_downsample_t40,Workload,within_subject,10,0.3196308724832215,0.3333333333333333,balanced_chance,Unknown,Unknown,Unknown,,/benchmark-eeg/5.0_version/result_5/linear_downsample/Workload_within_subject_linear_downsample/seed_10_downsample_t40/ratio_full/reve/summary.json
Workload_within_subject_linear_downsample,reve,seed_42_downsample_t40,Workload,within_subject,42,0.32673378076062637,0.3333333333333333,balanced_chance,Unknown,Unknown,Unknown,,/benchmark-eeg/5.0_version/result_5/linear_downsample/Workload_within_subject_linear_downsample/seed_42_downsample_t40/ratio_full/reve/summary.json
Workload_within_subject_linear_downsample,reve,seed_5_downsample_t40,Workload,within_subject,5,0.3360365398956003,0.3333333333333333,balanced_chance,Unknown,Unknown,Unknown,,/benchmark-eeg/5.0_version/result_5/linear_downsample/Workload_within_subject_linear_downsample/seed_5_downsample_t40/ratio_full/reve/summary.json
