dataset_folder,dataset_exp_name,dataset_mod,seed_folder,seed_num,model,score,chance_level,chance_source,category_en,category_ch,subtype,dataset_name,path
AD65_cross_subject_linear_downsample,AD65,cross_subject,seed_10_downsample_t40,10,bendr,0.3493121902408362,0.3333333333333333,balanced_chance,Biometrics & Disease,个体与疾病,神经退行性（阿尔茨海默/帕金森等）,AD65,/benchmark-eeg/5.0_version/result_5/linear_downsample/AD65_cross_subject_linear_downsample/seed_10_downsample_t40/ratio_full/bendr/summary.json
AD65_cross_subject_linear_downsample,AD65,cross_subject,seed_10_downsample_t40,10,biot,0.42861849942266406,0.3333333333333333,balanced_chance,Biometrics & Disease,个体与疾病,神经退行性（阿尔茨海默/帕金森等）,AD65,/benchmark-eeg/5.0_version/result_5/linear_downsample/AD65_cross_subject_linear_downsample/seed_10_downsample_t40/ratio_full/biot/summary.json
AD65_cross_subject_linear_downsample,AD65,cross_subject,seed_10_downsample_t40,10,brainomni,0.43926027896193104,0.3333333333333333,balanced_chance,Biometrics & Disease,个体与疾病,神经退行性（阿尔茨海默/帕金森等）,AD65,/benchmark-eeg/5.0_version/result_5/linear_downsample/AD65_cross_subject_linear_downsample/seed_10_downsample_t40/ratio_full/brainomni/summary.json
AD65_cross_subject_linear_downsample,AD65,cross_subject,seed_10_downsample_t40,10,cbramod,0.37380525405065285,0.3333333333333333,balanced_chance,Biometrics & Disease,个体与疾病,神经退行性（阿尔茨海默/帕金森等）,AD65,/benchmark-eeg/5.0_version/result_5/linear_downsample/AD65_cross_subject_linear_downsample/seed_10_downsample_t40/ratio_full/cbramod/summary.json
AD65_cross_subject_linear_downsample,AD65,cross_subject,seed_10_downsample_t40,10,eegmamba,0.3543774726067321,0.3333333333333333,balanced_chance,Biometrics & Disease,个体与疾病,神经退行性（阿尔茨海默/帕金森等）,AD65,/benchmark-eeg/5.0_version/result_5/linear_downsample/AD65_cross_subject_linear_downsample/seed_10_downsample_t40/ratio_full/eegmamba/summary.json
AD65_cross_subject_linear_downsample,AD65,cross_subject,seed_10_downsample_t40,10,femba,0.540740073509974,0.3333333333333333,balanced_chance,Biometrics & Disease,个体与疾病,神经退行性（阿尔茨海默/帕金森等）,AD65,/benchmark-eeg/5.0_version/result_5/linear_downsample/AD65_cross_subject_linear_downsample/seed_10_downsample_t40/ratio_full/femba/summary.json
AD65_cross_subject_linear_downsample,AD65,cross_subject,seed_10_downsample_t40,10,labram,0.43185082344617004,0.3333333333333333,balanced_chance,Biometrics & Disease,个体与疾病,神经退行性（阿尔茨海默/帕金森等）,AD65,/benchmark-eeg/5.0_version/result_5/linear_downsample/AD65_cross_subject_linear_downsample/seed_10_downsample_t40/ratio_full/labram/summary.json
AD65_cross_subject_linear_downsample,AD65,cross_subject,seed_10_downsample_t40,10,neurogpt,0.3697026899480887,0.3333333333333333,balanced_chance,Biometrics & Disease,个体与疾病,神经退行性（阿尔茨海默/帕金森等）,AD65,/benchmark-eeg/5.0_version/result_5/linear_downsample/AD65_cross_subject_linear_downsample/seed_10_downsample_t40/ratio_full/neurogpt/summary.json
AD65_cross_subject_linear_downsample,AD65,cross_subject,seed_10_downsample_t40,10,neurolm,0.3383215940607179,0.3333333333333333,balanced_chance,Biometrics & Disease,个体与疾病,神经退行性（阿尔茨海默/帕金森等）,AD65,/benchmark-eeg/5.0_version/result_5/linear_downsample/AD65_cross_subject_linear_downsample/seed_10_downsample_t40/ratio_full/neurolm/summary.json
AD65_cross_subject_linear_downsample,AD65,cross_subject,seed_10_downsample_t40,10,reve,0.3435056986221612,0.3333333333333333,balanced_chance,Biometrics & Disease,个体与疾病,神经退行性（阿尔茨海默/帕金森等）,AD65,/benchmark-eeg/5.0_version/result_5/linear_downsample/AD65_cross_subject_linear_downsample/seed_10_downsample_t40/ratio_full/reve/summary.json
AD65_cross_subject_linear_downsample,AD65,cross_subject,seed_42_downsample_t40,42,bendr,0.33271534148827725,0.3333333333333333,balanced_chance,Biometrics & Disease,个体与疾病,神经退行性（阿尔茨海默/帕金森等）,AD65,/benchmark-eeg/5.0_version/result_5/linear_downsample/AD65_cross_subject_linear_downsample/seed_42_downsample_t40/ratio_full/bendr/summary.json
AD65_cross_subject_linear_downsample,AD65,cross_subject,seed_42_downsample_t40,42,biot,0.6458182603615027,0.3333333333333333,balanced_chance,Biometrics & Disease,个体与疾病,神经退行性（阿尔茨海默/帕金森等）,AD65,/benchmark-eeg/5.0_version/result_5/linear_downsample/AD65_cross_subject_linear_downsample/seed_42_downsample_t40/ratio_full/biot/summary.json
AD65_cross_subject_linear_downsample,AD65,cross_subject,seed_42_downsample_t40,42,brainomni,0.5833025658238233,0.3333333333333333,balanced_chance,Biometrics & Disease,个体与疾病,神经退行性（阿尔茨海默/帕金森等）,AD65,/benchmark-eeg/5.0_version/result_5/linear_downsample/AD65_cross_subject_linear_downsample/seed_42_downsample_t40/ratio_full/brainomni/summary.json
AD65_cross_subject_linear_downsample,AD65,cross_subject,seed_42_downsample_t40,42,cbramod,0.4041284403669725,0.3333333333333333,balanced_chance,Biometrics & Disease,个体与疾病,神经退行性（阿尔茨海默/帕金森等）,AD65,/benchmark-eeg/5.0_version/result_5/linear_downsample/AD65_cross_subject_linear_downsample/seed_42_downsample_t40/ratio_full/cbramod/summary.json
AD65_cross_subject_linear_downsample,AD65,cross_subject,seed_42_downsample_t40,42,eegmamba,0.44595702493722184,0.3333333333333333,balanced_chance,Biometrics & Disease,个体与疾病,神经退行性（阿尔茨海默/帕金森等）,AD65,/benchmark-eeg/5.0_version/result_5/linear_downsample/AD65_cross_subject_linear_downsample/seed_42_downsample_t40/ratio_full/eegmamba/summary.json
AD65_cross_subject_linear_downsample,AD65,cross_subject,seed_42_downsample_t40,42,femba,0.3318333395489918,0.3333333333333333,balanced_chance,Biometrics & Disease,个体与疾病,神经退行性（阿尔茨海默/帕金森等）,AD65,/benchmark-eeg/5.0_version/result_5/linear_downsample/AD65_cross_subject_linear_downsample/seed_42_downsample_t40/ratio_full/femba/summary.json
AD65_cross_subject_linear_downsample,AD65,cross_subject,seed_42_downsample_t40,42,labram,0.6040881939782702,0.3333333333333333,balanced_chance,Biometrics & Disease,个体与疾病,神经退行性（阿尔茨海默/帕金森等）,AD65,/benchmark-eeg/5.0_version/result_5/linear_downsample/AD65_cross_subject_linear_downsample/seed_42_downsample_t40/ratio_full/labram/summary.json
AD65_cross_subject_linear_downsample,AD65,cross_subject,seed_42_downsample_t40,42,neurogpt,0.5263049774993163,0.3333333333333333,balanced_chance,Biometrics & Disease,个体与疾病,神经退行性（阿尔茨海默/帕金森等）,AD65,/benchmark-eeg/5.0_version/result_5/linear_downsample/AD65_cross_subject_linear_downsample/seed_42_downsample_t40/ratio_full/neurogpt/summary.json
AD65_cross_subject_linear_downsample,AD65,cross_subject,seed_42_downsample_t40,42,neurolm,0.5651985281320703,0.3333333333333333,balanced_chance,Biometrics & Disease,个体与疾病,神经退行性（阿尔茨海默/帕金森等）,AD65,/benchmark-eeg/5.0_version/result_5/linear_downsample/AD65_cross_subject_linear_downsample/seed_42_downsample_t40/ratio_full/neurolm/summary.json
AD65_cross_subject_linear_downsample,AD65,cross_subject,seed_42_downsample_t40,42,reve,0.3854183759727505,0.3333333333333333,balanced_chance,Biometrics & Disease,个体与疾病,神经退行性（阿尔茨海默/帕金森等）,AD65,/benchmark-eeg/5.0_version/result_5/linear_downsample/AD65_cross_subject_linear_downsample/seed_42_downsample_t40/ratio_full/reve/summary.json
AD65_cross_subject_linear_downsample,AD65,cross_subject,seed_5_downsample_t40,5,bendr,0.33225402409124827,0.3333333333333333,balanced_chance,Biometrics & Disease,个体与疾病,神经退行性（阿尔茨海默/帕金森等）,AD65,/benchmark-eeg/5.0_version/result_5/linear_downsample/AD65_cross_subject_linear_downsample/seed_5_downsample_t40/ratio_full/bendr/summary.json
AD65_cross_subject_linear_downsample,AD65,cross_subject,seed_5_downsample_t40,5,biot,0.4506582453896173,0.3333333333333333,balanced_chance,Biometrics & Disease,个体与疾病,神经退行性（阿尔茨海默/帕金森等）,AD65,/benchmark-eeg/5.0_version/result_5/linear_downsample/AD65_cross_subject_linear_downsample/seed_5_downsample_t40/ratio_full/biot/summary.json
AD65_cross_subject_linear_downsample,AD65,cross_subject,seed_5_downsample_t40,5,brainomni,0.3355186014284192,0.3333333333333333,balanced_chance,Biometrics & Disease,个体与疾病,神经退行性（阿尔茨海默/帕金森等）,AD65,/benchmark-eeg/5.0_version/result_5/linear_downsample/AD65_cross_subject_linear_downsample/seed_5_downsample_t40/ratio_full/brainomni/summary.json
AD65_cross_subject_linear_downsample,AD65,cross_subject,seed_5_downsample_t40,5,cbramod,0.35268095085811746,0.3333333333333333,balanced_chance,Biometrics & Disease,个体与疾病,神经退行性（阿尔茨海默/帕金森等）,AD65,/benchmark-eeg/5.0_version/result_5/linear_downsample/AD65_cross_subject_linear_downsample/seed_5_downsample_t40/ratio_full/cbramod/summary.json
AD65_cross_subject_linear_downsample,AD65,cross_subject,seed_5_downsample_t40,5,eegmamba,0.32969566144334295,0.3333333333333333,balanced_chance,Biometrics & Disease,个体与疾病,神经退行性（阿尔茨海默/帕金森等）,AD65,/benchmark-eeg/5.0_version/result_5/linear_downsample/AD65_cross_subject_linear_downsample/seed_5_downsample_t40/ratio_full/eegmamba/summary.json
AD65_cross_subject_linear_downsample,AD65,cross_subject,seed_5_downsample_t40,5,femba,0.49472337703869523,0.3333333333333333,balanced_chance,Biometrics & Disease,个体与疾病,神经退行性（阿尔茨海默/帕金森等）,AD65,/benchmark-eeg/5.0_version/result_5/linear_downsample/AD65_cross_subject_linear_downsample/seed_5_downsample_t40/ratio_full/femba/summary.json
AD65_cross_subject_linear_downsample,AD65,cross_subject,seed_5_downsample_t40,5,labram,0.3860329389190918,0.3333333333333333,balanced_chance,Biometrics & Disease,个体与疾病,神经退行性（阿尔茨海默/帕金森等）,AD65,/benchmark-eeg/5.0_version/result_5/linear_downsample/AD65_cross_subject_linear_downsample/seed_5_downsample_t40/ratio_full/labram/summary.json
AD65_cross_subject_linear_downsample,AD65,cross_subject,seed_5_downsample_t40,5,neurogpt,0.36254870956661805,0.3333333333333333,balanced_chance,Biometrics & Disease,个体与疾病,神经退行性（阿尔茨海默/帕金森等）,AD65,/benchmark-eeg/5.0_version/result_5/linear_downsample/AD65_cross_subject_linear_downsample/seed_5_downsample_t40/ratio_full/neurogpt/summary.json
AD65_cross_subject_linear_downsample,AD65,cross_subject,seed_5_downsample_t40,5,neurolm,0.23893025923726274,0.3333333333333333,balanced_chance,Biometrics & Disease,个体与疾病,神经退行性（阿尔茨海默/帕金森等）,AD65,/benchmark-eeg/5.0_version/result_5/linear_downsample/AD65_cross_subject_linear_downsample/seed_5_downsample_t40/ratio_full/neurolm/summary.json
AD65_cross_subject_linear_downsample,AD65,cross_subject,seed_5_downsample_t40,5,reve,0.32996046551371144,0.3333333333333333,balanced_chance,Biometrics & Disease,个体与疾病,神经退行性（阿尔茨海默/帕金森等）,AD65,/benchmark-eeg/5.0_version/result_5/linear_downsample/AD65_cross_subject_linear_downsample/seed_5_downsample_t40/ratio_full/reve/summary.json
ADHD_cross_subject_linear_downsample,ADHD,cross_subject,seed_10_downsample_t40,10,bendr,0.4769253504475595,0.5,balanced_chance,Biometrics & Disease,个体与疾病,神经发育障碍（ASD/ADHD等）,Adult ADHD,/benchmark-eeg/5.0_version/result_5/linear_downsample/ADHD_cross_subject_linear_downsample/seed_10_downsample_t40/ratio_full/bendr/summary.json
ADHD_cross_subject_linear_downsample,ADHD,cross_subject,seed_10_downsample_t40,10,biot,0.5473104205370715,0.5,balanced_chance,Biometrics & Disease,个体与疾病,神经发育障碍（ASD/ADHD等）,Adult ADHD,/benchmark-eeg/5.0_version/result_5/linear_downsample/ADHD_cross_subject_linear_downsample/seed_10_downsample_t40/ratio_full/biot/summary.json
ADHD_cross_subject_linear_downsample,ADHD,cross_subject,seed_10_downsample_t40,10,brainomni,0.587390221246411,0.5,balanced_chance,Biometrics & Disease,个体与疾病,神经发育障碍（ASD/ADHD等）,Adult ADHD,/benchmark-eeg/5.0_version/result_5/linear_downsample/ADHD_cross_subject_linear_downsample/seed_10_downsample_t40/ratio_full/brainomni/summary.json
ADHD_cross_subject_linear_downsample,ADHD,cross_subject,seed_10_downsample_t40,10,cbramod,0.47505700050667116,0.5,balanced_chance,Biometrics & Disease,个体与疾病,神经发育障碍（ASD/ADHD等）,Adult ADHD,/benchmark-eeg/5.0_version/result_5/linear_downsample/ADHD_cross_subject_linear_downsample/seed_10_downsample_t40/ratio_full/cbramod/summary.json
ADHD_cross_subject_linear_downsample,ADHD,cross_subject,seed_10_downsample_t40,10,eegmamba,0.5050561560547205,0.5,balanced_chance,Biometrics & Disease,个体与疾病,神经发育障碍（ASD/ADHD等）,Adult ADHD,/benchmark-eeg/5.0_version/result_5/linear_downsample/ADHD_cross_subject_linear_downsample/seed_10_downsample_t40/ratio_full/eegmamba/summary.json
ADHD_cross_subject_linear_downsample,ADHD,cross_subject,seed_10_downsample_t40,10,femba,0.699090103023138,0.5,balanced_chance,Biometrics & Disease,个体与疾病,神经发育障碍（ASD/ADHD等）,Adult ADHD,/benchmark-eeg/5.0_version/result_5/linear_downsample/ADHD_cross_subject_linear_downsample/seed_10_downsample_t40/ratio_full/femba/summary.json
ADHD_cross_subject_linear_downsample,ADHD,cross_subject,seed_10_downsample_t40,10,labram,0.6646301300456005,0.5,balanced_chance,Biometrics & Disease,个体与疾病,神经发育障碍（ASD/ADHD等）,Adult ADHD,/benchmark-eeg/5.0_version/result_5/linear_downsample/ADHD_cross_subject_linear_downsample/seed_10_downsample_t40/ratio_full/labram/summary.json
ADHD_cross_subject_linear_downsample,ADHD,cross_subject,seed_10_downsample_t40,10,neurogpt,0.7175941563925012,0.5,balanced_chance,Biometrics & Disease,个体与疾病,神经发育障碍（ASD/ADHD等）,Adult ADHD,/benchmark-eeg/5.0_version/result_5/linear_downsample/ADHD_cross_subject_linear_downsample/seed_10_downsample_t40/ratio_full/neurogpt/summary.json
ADHD_cross_subject_linear_downsample,ADHD,cross_subject,seed_10_downsample_t40,10,neurolm,0.5359314305016045,0.5,balanced_chance,Biometrics & Disease,个体与疾病,神经发育障碍（ASD/ADHD等）,Adult ADHD,/benchmark-eeg/5.0_version/result_5/linear_downsample/ADHD_cross_subject_linear_downsample/seed_10_downsample_t40/ratio_full/neurolm/summary.json
ADHD_cross_subject_linear_downsample,ADHD,cross_subject,seed_10_downsample_t40,10,reve,0.5369131058942747,0.5,balanced_chance,Biometrics & Disease,个体与疾病,神经发育障碍（ASD/ADHD等）,Adult ADHD,/benchmark-eeg/5.0_version/result_5/linear_downsample/ADHD_cross_subject_linear_downsample/seed_10_downsample_t40/ratio_full/reve/summary.json
ADHD_cross_subject_linear_downsample,ADHD,cross_subject,seed_42_downsample_t40,42,bendr,0.49233302459606876,0.5,balanced_chance,Biometrics & Disease,个体与疾病,神经发育障碍（ASD/ADHD等）,Adult ADHD,/benchmark-eeg/5.0_version/result_5/linear_downsample/ADHD_cross_subject_linear_downsample/seed_42_downsample_t40/ratio_full/bendr/summary.json
ADHD_cross_subject_linear_downsample,ADHD,cross_subject,seed_42_downsample_t40,42,biot,0.6146238550993105,0.5,balanced_chance,Biometrics & Disease,个体与疾病,神经发育障碍（ASD/ADHD等）,Adult ADHD,/benchmark-eeg/5.0_version/result_5/linear_downsample/ADHD_cross_subject_linear_downsample/seed_42_downsample_t40/ratio_full/biot/summary.json
ADHD_cross_subject_linear_downsample,ADHD,cross_subject,seed_42_downsample_t40,42,brainomni,0.7219306370278893,0.5,balanced_chance,Biometrics & Disease,个体与疾病,神经发育障碍（ASD/ADHD等）,Adult ADHD,/benchmark-eeg/5.0_version/result_5/linear_downsample/ADHD_cross_subject_linear_downsample/seed_42_downsample_t40/ratio_full/brainomni/summary.json
ADHD_cross_subject_linear_downsample,ADHD,cross_subject,seed_42_downsample_t40,42,cbramod,0.6138931769064526,0.5,balanced_chance,Biometrics & Disease,个体与疾病,神经发育障碍（ASD/ADHD等）,Adult ADHD,/benchmark-eeg/5.0_version/result_5/linear_downsample/ADHD_cross_subject_linear_downsample/seed_42_downsample_t40/ratio_full/cbramod/summary.json
ADHD_cross_subject_linear_downsample,ADHD,cross_subject,seed_42_downsample_t40,42,eegmamba,0.6579294020788309,0.5,balanced_chance,Biometrics & Disease,个体与疾病,神经发育障碍（ASD/ADHD等）,Adult ADHD,/benchmark-eeg/5.0_version/result_5/linear_downsample/ADHD_cross_subject_linear_downsample/seed_42_downsample_t40/ratio_full/eegmamba/summary.json
ADHD_cross_subject_linear_downsample,ADHD,cross_subject,seed_42_downsample_t40,42,femba,0.6346403210867552,0.5,balanced_chance,Biometrics & Disease,个体与疾病,神经发育障碍（ASD/ADHD等）,Adult ADHD,/benchmark-eeg/5.0_version/result_5/linear_downsample/ADHD_cross_subject_linear_downsample/seed_42_downsample_t40/ratio_full/femba/summary.json
ADHD_cross_subject_linear_downsample,ADHD,cross_subject,seed_42_downsample_t40,42,labram,0.6883091489142739,0.5,balanced_chance,Biometrics & Disease,个体与疾病,神经发育障碍（ASD/ADHD等）,Adult ADHD,/benchmark-eeg/5.0_version/result_5/linear_downsample/ADHD_cross_subject_linear_downsample/seed_42_downsample_t40/ratio_full/labram/summary.json
ADHD_cross_subject_linear_downsample,ADHD,cross_subject,seed_42_downsample_t40,42,neurogpt,0.8145621076463929,0.5,balanced_chance,Biometrics & Disease,个体与疾病,神经发育障碍（ASD/ADHD等）,Adult ADHD,/benchmark-eeg/5.0_version/result_5/linear_downsample/ADHD_cross_subject_linear_downsample/seed_42_downsample_t40/ratio_full/neurogpt/summary.json
ADHD_cross_subject_linear_downsample,ADHD,cross_subject,seed_42_downsample_t40,42,neurolm,0.7274776165483174,0.5,balanced_chance,Biometrics & Disease,个体与疾病,神经发育障碍（ASD/ADHD等）,Adult ADHD,/benchmark-eeg/5.0_version/result_5/linear_downsample/ADHD_cross_subject_linear_downsample/seed_42_downsample_t40/ratio_full/neurolm/summary.json
ADHD_cross_subject_linear_downsample,ADHD,cross_subject,seed_42_downsample_t40,42,reve,0.5243490789338273,0.5,balanced_chance,Biometrics & Disease,个体与疾病,神经发育障碍（ASD/ADHD等）,Adult ADHD,/benchmark-eeg/5.0_version/result_5/linear_downsample/ADHD_cross_subject_linear_downsample/seed_42_downsample_t40/ratio_full/reve/summary.json
ADHD_cross_subject_linear_downsample,ADHD,cross_subject,seed_5_downsample_t40,5,bendr,0.4966551522817943,0.5,balanced_chance,Biometrics & Disease,个体与疾病,神经发育障碍（ASD/ADHD等）,Adult ADHD,/benchmark-eeg/5.0_version/result_5/linear_downsample/ADHD_cross_subject_linear_downsample/seed_5_downsample_t40/ratio_full/bendr/summary.json
ADHD_cross_subject_linear_downsample,ADHD,cross_subject,seed_5_downsample_t40,5,biot,0.4917534299892965,0.5,balanced_chance,Biometrics & Disease,个体与疾病,神经发育障碍（ASD/ADHD等）,Adult ADHD,/benchmark-eeg/5.0_version/result_5/linear_downsample/ADHD_cross_subject_linear_downsample/seed_5_downsample_t40/ratio_full/biot/summary.json
ADHD_cross_subject_linear_downsample,ADHD,cross_subject,seed_5_downsample_t40,5,brainomni,0.5808358470370731,0.5,balanced_chance,Biometrics & Disease,个体与疾病,神经发育障碍（ASD/ADHD等）,Adult ADHD,/benchmark-eeg/5.0_version/result_5/linear_downsample/ADHD_cross_subject_linear_downsample/seed_5_downsample_t40/ratio_full/brainomni/summary.json
ADHD_cross_subject_linear_downsample,ADHD,cross_subject,seed_5_downsample_t40,5,cbramod,0.5544662839350005,0.5,balanced_chance,Biometrics & Disease,个体与疾病,神经发育障碍（ASD/ADHD等）,Adult ADHD,/benchmark-eeg/5.0_version/result_5/linear_downsample/ADHD_cross_subject_linear_downsample/seed_5_downsample_t40/ratio_full/cbramod/summary.json
ADHD_cross_subject_linear_downsample,ADHD,cross_subject,seed_5_downsample_t40,5,eegmamba,0.488116668288411,0.5,balanced_chance,Biometrics & Disease,个体与疾病,神经发育障碍（ASD/ADHD等）,Adult ADHD,/benchmark-eeg/5.0_version/result_5/linear_downsample/ADHD_cross_subject_linear_downsample/seed_5_downsample_t40/ratio_full/eegmamba/summary.json
ADHD_cross_subject_linear_downsample,ADHD,cross_subject,seed_5_downsample_t40,5,femba,0.6365670915636858,0.5,balanced_chance,Biometrics & Disease,个体与疾病,神经发育障碍（ASD/ADHD等）,Adult ADHD,/benchmark-eeg/5.0_version/result_5/linear_downsample/ADHD_cross_subject_linear_downsample/seed_5_downsample_t40/ratio_full/femba/summary.json
ADHD_cross_subject_linear_downsample,ADHD,cross_subject,seed_5_downsample_t40,5,labram,0.6814230806655638,0.5,balanced_chance,Biometrics & Disease,个体与疾病,神经发育障碍（ASD/ADHD等）,Adult ADHD,/benchmark-eeg/5.0_version/result_5/linear_downsample/ADHD_cross_subject_linear_downsample/seed_5_downsample_t40/ratio_full/labram/summary.json
ADHD_cross_subject_linear_downsample,ADHD,cross_subject,seed_5_downsample_t40,5,neurogpt,0.6100150822224384,0.5,balanced_chance,Biometrics & Disease,个体与疾病,神经发育障碍（ASD/ADHD等）,Adult ADHD,/benchmark-eeg/5.0_version/result_5/linear_downsample/ADHD_cross_subject_linear_downsample/seed_5_downsample_t40/ratio_full/neurogpt/summary.json
ADHD_cross_subject_linear_downsample,ADHD,cross_subject,seed_5_downsample_t40,5,neurolm,0.6241729103824073,0.5,balanced_chance,Biometrics & Disease,个体与疾病,神经发育障碍（ASD/ADHD等）,Adult ADHD,/benchmark-eeg/5.0_version/result_5/linear_downsample/ADHD_cross_subject_linear_downsample/seed_5_downsample_t40/ratio_full/neurolm/summary.json
ADHD_cross_subject_linear_downsample,ADHD,cross_subject,seed_5_downsample_t40,5,reve,0.519619052252603,0.5,balanced_chance,Biometrics & Disease,个体与疾病,神经发育障碍（ASD/ADHD等）,Adult ADHD,/benchmark-eeg/5.0_version/result_5/linear_downsample/ADHD_cross_subject_linear_downsample/seed_5_downsample_t40/ratio_full/reve/summary.json
Awakening_balanced_cross_subject_linear_downsample,Awakening_balanced,cross_subject,seed_10_downsample_t40,10,bendr,0.47156432748538013,0.5,balanced_chance,Unknown,Unknown,Unknown,,/benchmark-eeg/5.0_version/result_5/linear_downsample/Awakening_balanced_cross_subject_linear_downsample/seed_10_downsample_t40/ratio_full/bendr/summary.json
Awakening_balanced_cross_subject_linear_downsample,Awakening_balanced,cross_subject,seed_10_downsample_t40,10,biot,0.5969298245614035,0.5,balanced_chance,Unknown,Unknown,Unknown,,/benchmark-eeg/5.0_version/result_5/linear_downsample/Awakening_balanced_cross_subject_linear_downsample/seed_10_downsample_t40/ratio_full/biot/summary.json
Awakening_balanced_cross_subject_linear_downsample,Awakening_balanced,cross_subject,seed_10_downsample_t40,10,brainomni,0.7294225146198831,0.5,balanced_chance,Unknown,Unknown,Unknown,,/benchmark-eeg/5.0_version/result_5/linear_downsample/Awakening_balanced_cross_subject_linear_downsample/seed_10_downsample_t40/ratio_full/brainomni/summary.json
Awakening_balanced_cross_subject_linear_downsample,Awakening_balanced,cross_subject,seed_10_downsample_t40,10,cbramod,0.4747076023391813,0.5,balanced_chance,Unknown,Unknown,Unknown,,/benchmark-eeg/5.0_version/result_5/linear_downsample/Awakening_balanced_cross_subject_linear_downsample/seed_10_downsample_t40/ratio_full/cbramod/summary.json
Awakening_balanced_cross_subject_linear_downsample,Awakening_balanced,cross_subject,seed_10_downsample_t40,10,eegmamba,0.5190423976608187,0.5,balanced_chance,Unknown,Unknown,Unknown,,/benchmark-eeg/5.0_version/result_5/linear_downsample/Awakening_balanced_cross_subject_linear_downsample/seed_10_downsample_t40/ratio_full/eegmamba/summary.json
Awakening_balanced_cross_subject_linear_downsample,Awakening_balanced,cross_subject,seed_10_downsample_t40,10,femba,0.7530336257309942,0.5,balanced_chance,Unknown,Unknown,Unknown,,/benchmark-eeg/5.0_version/result_5/linear_downsample/Awakening_balanced_cross_subject_linear_downsample/seed_10_downsample_t40/ratio_full/femba/summary.json
Awakening_balanced_cross_subject_linear_downsample,Awakening_balanced,cross_subject,seed_10_downsample_t40,10,labram,0.6107090643274854,0.5,balanced_chance,Unknown,Unknown,Unknown,,/benchmark-eeg/5.0_version/result_5/linear_downsample/Awakening_balanced_cross_subject_linear_downsample/seed_10_downsample_t40/ratio_full/labram/summary.json
Awakening_balanced_cross_subject_linear_downsample,Awakening_balanced,cross_subject,seed_10_downsample_t40,10,neurogpt,0.5700292397660819,0.5,balanced_chance,Unknown,Unknown,Unknown,,/benchmark-eeg/5.0_version/result_5/linear_downsample/Awakening_balanced_cross_subject_linear_downsample/seed_10_downsample_t40/ratio_full/neurogpt/summary.json
Awakening_balanced_cross_subject_linear_downsample,Awakening_balanced,cross_subject,seed_10_downsample_t40,10,neurolm,0.6125730994152047,0.5,balanced_chance,Unknown,Unknown,Unknown,,/benchmark-eeg/5.0_version/result_5/linear_downsample/Awakening_balanced_cross_subject_linear_downsample/seed_10_downsample_t40/ratio_full/neurolm/summary.json
Awakening_balanced_cross_subject_linear_downsample,Awakening_balanced,cross_subject,seed_10_downsample_t40,10,reve,0.6949367088607594,0.5,balanced_chance,Unknown,Unknown,Unknown,,/benchmark-eeg/5.0_version/result_5/linear_downsample/Awakening_balanced_cross_subject_linear_downsample/seed_10_downsample_t40/ratio_full/reve/summary.json
Awakening_balanced_cross_subject_linear_downsample,Awakening_balanced,cross_subject,seed_42_downsample_t40,42,bendr,0.4850146198830409,0.5,balanced_chance,Unknown,Unknown,Unknown,,/benchmark-eeg/5.0_version/result_5/linear_downsample/Awakening_balanced_cross_subject_linear_downsample/seed_42_downsample_t40/ratio_full/bendr/summary.json
Awakening_balanced_cross_subject_linear_downsample,Awakening_balanced,cross_subject,seed_42_downsample_t40,42,biot,0.6341374269005848,0.5,balanced_chance,Unknown,Unknown,Unknown,,/benchmark-eeg/5.0_version/result_5/linear_downsample/Awakening_balanced_cross_subject_linear_downsample/seed_42_downsample_t40/ratio_full/biot/summary.json
Awakening_balanced_cross_subject_linear_downsample,Awakening_balanced,cross_subject,seed_42_downsample_t40,42,brainomni,0.7325657894736842,0.5,balanced_chance,Unknown,Unknown,Unknown,,/benchmark-eeg/5.0_version/result_5/linear_downsample/Awakening_balanced_cross_subject_linear_downsample/seed_42_downsample_t40/ratio_full/brainomni/summary.json
Awakening_balanced_cross_subject_linear_downsample,Awakening_balanced,cross_subject,seed_42_downsample_t40,42,cbramod,0.47178362573099414,0.5,balanced_chance,Unknown,Unknown,Unknown,,/benchmark-eeg/5.0_version/result_5/linear_downsample/Awakening_balanced_cross_subject_linear_downsample/seed_42_downsample_t40/ratio_full/cbramod/summary.json
Awakening_balanced_cross_subject_linear_downsample,Awakening_balanced,cross_subject,seed_42_downsample_t40,42,eegmamba,0.49565058479532165,0.5,balanced_chance,Unknown,Unknown,Unknown,,/benchmark-eeg/5.0_version/result_5/linear_downsample/Awakening_balanced_cross_subject_linear_downsample/seed_42_downsample_t40/ratio_full/eegmamba/summary.json
Awakening_balanced_cross_subject_linear_downsample,Awakening_balanced,cross_subject,seed_42_downsample_t40,42,femba,0.7578581871345029,0.5,balanced_chance,Unknown,Unknown,Unknown,,/benchmark-eeg/5.0_version/result_5/linear_downsample/Awakening_balanced_cross_subject_linear_downsample/seed_42_downsample_t40/ratio_full/femba/summary.json
Awakening_balanced_cross_subject_linear_downsample,Awakening_balanced,cross_subject,seed_42_downsample_t40,42,labram,0.6469298245614035,0.5,balanced_chance,Unknown,Unknown,Unknown,,/benchmark-eeg/5.0_version/result_5/linear_downsample/Awakening_balanced_cross_subject_linear_downsample/seed_42_downsample_t40/ratio_full/labram/summary.json
Awakening_balanced_cross_subject_linear_downsample,Awakening_balanced,cross_subject,seed_42_downsample_t40,42,neurogpt,0.5808114035087719,0.5,balanced_chance,Unknown,Unknown,Unknown,,/benchmark-eeg/5.0_version/result_5/linear_downsample/Awakening_balanced_cross_subject_linear_downsample/seed_42_downsample_t40/ratio_full/neurogpt/summary.json
Awakening_balanced_cross_subject_linear_downsample,Awakening_balanced,cross_subject,seed_42_downsample_t40,42,neurolm,0.5720394736842105,0.5,balanced_chance,Unknown,Unknown,Unknown,,/benchmark-eeg/5.0_version/result_5/linear_downsample/Awakening_balanced_cross_subject_linear_downsample/seed_42_downsample_t40/ratio_full/neurolm/summary.json
Awakening_balanced_cross_subject_linear_downsample,Awakening_balanced,cross_subject,seed_42_downsample_t40,42,reve,0.6766695702671313,0.5,balanced_chance,Unknown,Unknown,Unknown,,/benchmark-eeg/5.0_version/result_5/linear_downsample/Awakening_balanced_cross_subject_linear_downsample/seed_42_downsample_t40/ratio_full/reve/summary.json
Awakening_balanced_cross_subject_linear_downsample,Awakening_balanced,cross_subject,seed_5_downsample_t40,5,bendr,0.4593932748538012,0.5,balanced_chance,Unknown,Unknown,Unknown,,/benchmark-eeg/5.0_version/result_5/linear_downsample/Awakening_balanced_cross_subject_linear_downsample/seed_5_downsample_t40/ratio_full/bendr/summary.json
Awakening_balanced_cross_subject_linear_downsample,Awakening_balanced,cross_subject,seed_5_downsample_t40,5,biot,0.5757309941520468,0.5,balanced_chance,Unknown,Unknown,Unknown,,/benchmark-eeg/5.0_version/result_5/linear_downsample/Awakening_balanced_cross_subject_linear_downsample/seed_5_downsample_t40/ratio_full/biot/summary.json
Awakening_balanced_cross_subject_linear_downsample,Awakening_balanced,cross_subject,seed_5_downsample_t40,5,brainomni,0.7069444444444444,0.5,balanced_chance,Unknown,Unknown,Unknown,,/benchmark-eeg/5.0_version/result_5/linear_downsample/Awakening_balanced_cross_subject_linear_downsample/seed_5_downsample_t40/ratio_full/brainomni/summary.json
Awakening_balanced_cross_subject_linear_downsample,Awakening_balanced,cross_subject,seed_5_downsample_t40,5,cbramod,0.4732456140350877,0.5,balanced_chance,Unknown,Unknown,Unknown,,/benchmark-eeg/5.0_version/result_5/linear_downsample/Awakening_balanced_cross_subject_linear_downsample/seed_5_downsample_t40/ratio_full/cbramod/summary.json
Awakening_balanced_cross_subject_linear_downsample,Awakening_balanced,cross_subject,seed_5_downsample_t40,5,eegmamba,0.4529239766081871,0.5,balanced_chance,Unknown,Unknown,Unknown,,/benchmark-eeg/5.0_version/result_5/linear_downsample/Awakening_balanced_cross_subject_linear_downsample/seed_5_downsample_t40/ratio_full/eegmamba/summary.json
Awakening_balanced_cross_subject_linear_downsample,Awakening_balanced,cross_subject,seed_5_downsample_t40,5,femba,0.7520102339181287,0.5,balanced_chance,Unknown,Unknown,Unknown,,/benchmark-eeg/5.0_version/result_5/linear_downsample/Awakening_balanced_cross_subject_linear_downsample/seed_5_downsample_t40/ratio_full/femba/summary.json
Awakening_balanced_cross_subject_linear_downsample,Awakening_balanced,cross_subject,seed_5_downsample_t40,5,labram,0.6343932748538013,0.5,balanced_chance,Unknown,Unknown,Unknown,,/benchmark-eeg/5.0_version/result_5/linear_downsample/Awakening_balanced_cross_subject_linear_downsample/seed_5_downsample_t40/ratio_full/labram/summary.json
Awakening_balanced_cross_subject_linear_downsample,Awakening_balanced,cross_subject,seed_5_downsample_t40,5,neurogpt,0.5800804093567251,0.5,balanced_chance,Unknown,Unknown,Unknown,,/benchmark-eeg/5.0_version/result_5/linear_downsample/Awakening_balanced_cross_subject_linear_downsample/seed_5_downsample_t40/ratio_full/neurogpt/summary.json
Awakening_balanced_cross_subject_linear_downsample,Awakening_balanced,cross_subject,seed_5_downsample_t40,5,neurolm,0.6005482456140351,0.5,balanced_chance,Unknown,Unknown,Unknown,,/benchmark-eeg/5.0_version/result_5/linear_downsample/Awakening_balanced_cross_subject_linear_downsample/seed_5_downsample_t40/ratio_full/neurolm/summary.json
Awakening_balanced_cross_subject_linear_downsample,Awakening_balanced,cross_subject,seed_5_downsample_t40,5,reve,0.6790014684287812,0.5,balanced_chance,Unknown,Unknown,Unknown,,/benchmark-eeg/5.0_version/result_5/linear_downsample/Awakening_balanced_cross_subject_linear_downsample/seed_5_downsample_t40/ratio_full/reve/summary.json
Awakening_balanced_within_subject_linear_downsample,Awakening_balanced,within_subject,seed_10_downsample_t40,10,bendr,0.5092427581697968,0.5,balanced_chance,Unknown,Unknown,Unknown,,/benchmark-eeg/5.0_version/result_5/linear_downsample/Awakening_balanced_within_subject_linear_downsample/seed_10_downsample_t40/ratio_full/bendr/summary.json
Awakening_balanced_within_subject_linear_downsample,Awakening_balanced,within_subject,seed_10_downsample_t40,10,biot,0.9849627231601481,0.5,balanced_chance,Unknown,Unknown,Unknown,,/benchmark-eeg/5.0_version/result_5/linear_downsample/Awakening_balanced_within_subject_linear_downsample/seed_10_downsample_t40/ratio_full/biot/summary.json
Awakening_balanced_within_subject_linear_downsample,Awakening_balanced,within_subject,seed_10_downsample_t40,10,brainomni,0.9889434889434889,0.5,balanced_chance,Unknown,Unknown,Unknown,,/benchmark-eeg/5.0_version/result_5/linear_downsample/Awakening_balanced_within_subject_linear_downsample/seed_10_downsample_t40/ratio_full/brainomni/summary.json
Awakening_balanced_within_subject_linear_downsample,Awakening_balanced,within_subject,seed_10_downsample_t40,10,cbramod,0.818387447142812,0.5,balanced_chance,Unknown,Unknown,Unknown,,/benchmark-eeg/5.0_version/result_5/linear_downsample/Awakening_balanced_within_subject_linear_downsample/seed_10_downsample_t40/ratio_full/cbramod/summary.json
Awakening_balanced_within_subject_linear_downsample,Awakening_balanced,within_subject,seed_10_downsample_t40,10,eegmamba,0.8010618890447216,0.5,balanced_chance,Unknown,Unknown,Unknown,,/benchmark-eeg/5.0_version/result_5/linear_downsample/Awakening_balanced_within_subject_linear_downsample/seed_10_downsample_t40/ratio_full/eegmamba/summary.json
Awakening_balanced_within_subject_linear_downsample,Awakening_balanced,within_subject,seed_10_downsample_t40,10,femba,0.9613259377207874,0.5,balanced_chance,Unknown,Unknown,Unknown,,/benchmark-eeg/5.0_version/result_5/linear_downsample/Awakening_balanced_within_subject_linear_downsample/seed_10_downsample_t40/ratio_full/femba/summary.json
Awakening_balanced_within_subject_linear_downsample,Awakening_balanced,within_subject,seed_10_downsample_t40,10,labram,0.9413746559669307,0.5,balanced_chance,Unknown,Unknown,Unknown,,/benchmark-eeg/5.0_version/result_5/linear_downsample/Awakening_balanced_within_subject_linear_downsample/seed_10_downsample_t40/ratio_full/labram/summary.json
Awakening_balanced_within_subject_linear_downsample,Awakening_balanced,within_subject,seed_10_downsample_t40,10,neurogpt,0.807626198184138,0.5,balanced_chance,Unknown,Unknown,Unknown,,/benchmark-eeg/5.0_version/result_5/linear_downsample/Awakening_balanced_within_subject_linear_downsample/seed_10_downsample_t40/ratio_full/neurogpt/summary.json
Awakening_balanced_within_subject_linear_downsample,Awakening_balanced,within_subject,seed_10_downsample_t40,10,neurolm,0.9303339625228038,0.5,balanced_chance,Unknown,Unknown,Unknown,,/benchmark-eeg/5.0_version/result_5/linear_downsample/Awakening_balanced_within_subject_linear_downsample/seed_10_downsample_t40/ratio_full/neurolm/summary.json
Awakening_balanced_within_subject_linear_downsample,Awakening_balanced,within_subject,seed_10_downsample_t40,10,reve,0.6074437683879744,0.5,balanced_chance,Unknown,Unknown,Unknown,,/benchmark-eeg/5.0_version/result_5/linear_downsample/Awakening_balanced_within_subject_linear_downsample/seed_10_downsample_t40/ratio_full/reve/summary.json
Awakening_balanced_within_subject_linear_downsample,Awakening_balanced,within_subject,seed_42_downsample_t40,42,bendr,0.5312156670328849,0.5,balanced_chance,Unknown,Unknown,Unknown,,/benchmark-eeg/5.0_version/result_5/linear_downsample/Awakening_balanced_within_subject_linear_downsample/seed_42_downsample_t40/ratio_full/bendr/summary.json
Awakening_balanced_within_subject_linear_downsample,Awakening_balanced,within_subject,seed_42_downsample_t40,42,biot,0.9784268967797677,0.5,balanced_chance,Unknown,Unknown,Unknown,,/benchmark-eeg/5.0_version/result_5/linear_downsample/Awakening_balanced_within_subject_linear_downsample/seed_42_downsample_t40/ratio_full/biot/summary.json
Awakening_balanced_within_subject_linear_downsample,Awakening_balanced,within_subject,seed_42_downsample_t40,42,brainomni,0.990533434310034,0.5,balanced_chance,Unknown,Unknown,Unknown,,/benchmark-eeg/5.0_version/result_5/linear_downsample/Awakening_balanced_within_subject_linear_downsample/seed_42_downsample_t40/ratio_full/brainomni/summary.json
Awakening_balanced_within_subject_linear_downsample,Awakening_balanced,within_subject,seed_42_downsample_t40,42,cbramod,0.8164712909728964,0.5,balanced_chance,Unknown,Unknown,Unknown,,/benchmark-eeg/5.0_version/result_5/linear_downsample/Awakening_balanced_within_subject_linear_downsample/seed_42_downsample_t40/ratio_full/cbramod/summary.json
Awakening_balanced_within_subject_linear_downsample,Awakening_balanced,within_subject,seed_42_downsample_t40,42,eegmamba,0.8124180008746573,0.5,balanced_chance,Unknown,Unknown,Unknown,,/benchmark-eeg/5.0_version/result_5/linear_downsample/Awakening_balanced_within_subject_linear_downsample/seed_42_downsample_t40/ratio_full/eegmamba/summary.json
Awakening_balanced_within_subject_linear_downsample,Awakening_balanced,within_subject,seed_42_downsample_t40,42,femba,0.9607044191528624,0.5,balanced_chance,Unknown,Unknown,Unknown,,/benchmark-eeg/5.0_version/result_5/linear_downsample/Awakening_balanced_within_subject_linear_downsample/seed_42_downsample_t40/ratio_full/femba/summary.json
Awakening_balanced_within_subject_linear_downsample,Awakening_balanced,within_subject,seed_42_downsample_t40,42,labram,0.9348273618414737,0.5,balanced_chance,Unknown,Unknown,Unknown,,/benchmark-eeg/5.0_version/result_5/linear_downsample/Awakening_balanced_within_subject_linear_downsample/seed_42_downsample_t40/ratio_full/labram/summary.json
Awakening_balanced_within_subject_linear_downsample,Awakening_balanced,within_subject,seed_42_downsample_t40,42,neurogpt,0.810300690125972,0.5,balanced_chance,Unknown,Unknown,Unknown,,/benchmark-eeg/5.0_version/result_5/linear_downsample/Awakening_balanced_within_subject_linear_downsample/seed_42_downsample_t40/ratio_full/neurogpt/summary.json
Awakening_balanced_within_subject_linear_downsample,Awakening_balanced,within_subject,seed_42_downsample_t40,42,neurolm,0.9110356156201,0.5,balanced_chance,Unknown,Unknown,Unknown,,/benchmark-eeg/5.0_version/result_5/linear_downsample/Awakening_balanced_within_subject_linear_downsample/seed_42_downsample_t40/ratio_full/neurolm/summary.json
Awakening_balanced_within_subject_linear_downsample,Awakening_balanced,within_subject,seed_42_downsample_t40,42,reve,0.5879137289202248,0.5,balanced_chance,Unknown,Unknown,Unknown,,/benchmark-eeg/5.0_version/result_5/linear_downsample/Awakening_balanced_within_subject_linear_downsample/seed_42_downsample_t40/ratio_full/reve/summary.json
Awakening_balanced_within_subject_linear_downsample,Awakening_balanced,within_subject,seed_5_downsample_t40,5,bendr,0.5560606060606061,0.5,balanced_chance,Unknown,Unknown,Unknown,,/benchmark-eeg/5.0_version/result_5/linear_downsample/Awakening_balanced_within_subject_linear_downsample/seed_5_downsample_t40/ratio_full/bendr/summary.json
Awakening_balanced_within_subject_linear_downsample,Awakening_balanced,within_subject,seed_5_downsample_t40,5,biot,0.978030303030303,0.5,balanced_chance,Unknown,Unknown,Unknown,,/benchmark-eeg/5.0_version/result_5/linear_downsample/Awakening_balanced_within_subject_linear_downsample/seed_5_downsample_t40/ratio_full/biot/summary.json
Awakening_balanced_within_subject_linear_downsample,Awakening_balanced,within_subject,seed_5_downsample_t40,5,brainomni,0.9774891774891775,0.5,balanced_chance,Unknown,Unknown,Unknown,,/benchmark-eeg/5.0_version/result_5/linear_downsample/Awakening_balanced_within_subject_linear_downsample/seed_5_downsample_t40/ratio_full/brainomni/summary.json
Awakening_balanced_within_subject_linear_downsample,Awakening_balanced,within_subject,seed_5_downsample_t40,5,cbramod,0.8098484848484848,0.5,balanced_chance,Unknown,Unknown,Unknown,,/benchmark-eeg/5.0_version/result_5/linear_downsample/Awakening_balanced_within_subject_linear_downsample/seed_5_downsample_t40/ratio_full/cbramod/summary.json
Awakening_balanced_within_subject_linear_downsample,Awakening_balanced,within_subject,seed_5_downsample_t40,5,eegmamba,0.7586580086580086,0.5,balanced_chance,Unknown,Unknown,Unknown,,/benchmark-eeg/5.0_version/result_5/linear_downsample/Awakening_balanced_within_subject_linear_downsample/seed_5_downsample_t40/ratio_full/eegmamba/summary.json
Awakening_balanced_within_subject_linear_downsample,Awakening_balanced,within_subject,seed_5_downsample_t40,5,femba,0.9510822510822511,0.5,balanced_chance,Unknown,Unknown,Unknown,,/benchmark-eeg/5.0_version/result_5/linear_downsample/Awakening_balanced_within_subject_linear_downsample/seed_5_downsample_t40/ratio_full/femba/summary.json
Awakening_balanced_within_subject_linear_downsample,Awakening_balanced,within_subject,seed_5_downsample_t40,5,labram,0.9378787878787879,0.5,balanced_chance,Unknown,Unknown,Unknown,,/benchmark-eeg/5.0_version/result_5/linear_downsample/Awakening_balanced_within_subject_linear_downsample/seed_5_downsample_t40/ratio_full/labram/summary.json
Awakening_balanced_within_subject_linear_downsample,Awakening_balanced,within_subject,seed_5_downsample_t40,5,neurogpt,0.830952380952381,0.5,balanced_chance,Unknown,Unknown,Unknown,,/benchmark-eeg/5.0_version/result_5/linear_downsample/Awakening_balanced_within_subject_linear_downsample/seed_5_downsample_t40/ratio_full/neurogpt/summary.json
Awakening_balanced_within_subject_linear_downsample,Awakening_balanced,within_subject,seed_5_downsample_t40,5,neurolm,0.9337662337662338,0.5,balanced_chance,Unknown,Unknown,Unknown,,/benchmark-eeg/5.0_version/result_5/linear_downsample/Awakening_balanced_within_subject_linear_downsample/seed_5_downsample_t40/ratio_full/neurolm/summary.json
Awakening_balanced_within_subject_linear_downsample,Awakening_balanced,within_subject,seed_5_downsample_t40,5,reve,0.6391774891774892,0.5,balanced_chance,Unknown,Unknown,Unknown,,/benchmark-eeg/5.0_version/result_5/linear_downsample/Awakening_balanced_within_subject_linear_downsample/seed_5_downsample_t40/ratio_full/reve/summary.json
BCIC2A_wsn_cross_subject_linear_downsample,BCIC2A_wsn,cross_subject,seed_10_downsample_t40,10,bendr,0.24479166666666669,0.25,balanced_chance,Unknown,Unknown,Unknown,,/benchmark-eeg/5.0_version/result_5/linear_downsample/BCIC2A_wsn_cross_subject_linear_downsample/seed_10_downsample_t40/ratio_full/bendr/summary.json
BCIC2A_wsn_cross_subject_linear_downsample,BCIC2A_wsn,cross_subject,seed_10_downsample_t40,10,biot,0.25,0.25,balanced_chance,Unknown,Unknown,Unknown,,/benchmark-eeg/5.0_version/result_5/linear_downsample/BCIC2A_wsn_cross_subject_linear_downsample/seed_10_downsample_t40/ratio_full/biot/summary.json
BCIC2A_wsn_cross_subject_linear_downsample,BCIC2A_wsn,cross_subject,seed_10_downsample_t40,10,brainomni,0.28645833333333337,0.25,balanced_chance,Unknown,Unknown,Unknown,,/benchmark-eeg/5.0_version/result_5/linear_downsample/BCIC2A_wsn_cross_subject_linear_downsample/seed_10_downsample_t40/ratio_full/brainomni/summary.json
BCIC2A_wsn_cross_subject_linear_downsample,BCIC2A_wsn,cross_subject,seed_10_downsample_t40,10,cbramod,0.2951388888888889,0.25,balanced_chance,Unknown,Unknown,Unknown,,/benchmark-eeg/5.0_version/result_5/linear_downsample/BCIC2A_wsn_cross_subject_linear_downsample/seed_10_downsample_t40/ratio_full/cbramod/summary.json
BCIC2A_wsn_cross_subject_linear_downsample,BCIC2A_wsn,cross_subject,seed_10_downsample_t40,10,eegmamba,0.2795138888888889,0.25,balanced_chance,Unknown,Unknown,Unknown,,/benchmark-eeg/5.0_version/result_5/linear_downsample/BCIC2A_wsn_cross_subject_linear_downsample/seed_10_downsample_t40/ratio_full/eegmamba/summary.json
BCIC2A_wsn_cross_subject_linear_downsample,BCIC2A_wsn,cross_subject,seed_10_downsample_t40,10,femba,0.2534722222222222,0.25,balanced_chance,Unknown,Unknown,Unknown,,/benchmark-eeg/5.0_version/result_5/linear_downsample/BCIC2A_wsn_cross_subject_linear_downsample/seed_10_downsample_t40/ratio_full/femba/summary.json
BCIC2A_wsn_cross_subject_linear_downsample,BCIC2A_wsn,cross_subject,seed_10_downsample_t40,10,labram,0.2517361111111111,0.25,balanced_chance,Unknown,Unknown,Unknown,,/benchmark-eeg/5.0_version/result_5/linear_downsample/BCIC2A_wsn_cross_subject_linear_downsample/seed_10_downsample_t40/ratio_full/labram/summary.json
BCIC2A_wsn_cross_subject_linear_downsample,BCIC2A_wsn,cross_subject,seed_10_downsample_t40,10,neurogpt,0.26041666666666663,0.25,balanced_chance,Unknown,Unknown,Unknown,,/benchmark-eeg/5.0_version/result_5/linear_downsample/BCIC2A_wsn_cross_subject_linear_downsample/seed_10_downsample_t40/ratio_full/neurogpt/summary.json
BCIC2A_wsn_cross_subject_linear_downsample,BCIC2A_wsn,cross_subject,seed_10_downsample_t40,10,neurolm,0.3298611111111111,0.25,balanced_chance,Unknown,Unknown,Unknown,,/benchmark-eeg/5.0_version/result_5/linear_downsample/BCIC2A_wsn_cross_subject_linear_downsample/seed_10_downsample_t40/ratio_full/neurolm/summary.json
BCIC2A_wsn_cross_subject_linear_downsample,BCIC2A_wsn,cross_subject,seed_10_downsample_t40,10,reve,0.2204861111111111,0.25,balanced_chance,Unknown,Unknown,Unknown,,/benchmark-eeg/5.0_version/result_5/linear_downsample/BCIC2A_wsn_cross_subject_linear_downsample/seed_10_downsample_t40/ratio_full/reve/summary.json
BCIC2A_wsn_cross_subject_linear_downsample,BCIC2A_wsn,cross_subject,seed_42_downsample_t40,42,bendr,0.2309027777777778,0.25,balanced_chance,Unknown,Unknown,Unknown,,/benchmark-eeg/5.0_version/result_5/linear_downsample/BCIC2A_wsn_cross_subject_linear_downsample/seed_42_downsample_t40/ratio_full/bendr/summary.json
BCIC2A_wsn_cross_subject_linear_downsample,BCIC2A_wsn,cross_subject,seed_42_downsample_t40,42,biot,0.25,0.25,balanced_chance,Unknown,Unknown,Unknown,,/benchmark-eeg/5.0_version/result_5/linear_downsample/BCIC2A_wsn_cross_subject_linear_downsample/seed_42_downsample_t40/ratio_full/biot/summary.json
BCIC2A_wsn_cross_subject_linear_downsample,BCIC2A_wsn,cross_subject,seed_42_downsample_t40,42,brainomni,0.3211805555555556,0.25,balanced_chance,Unknown,Unknown,Unknown,,/benchmark-eeg/5.0_version/result_5/linear_downsample/BCIC2A_wsn_cross_subject_linear_downsample/seed_42_downsample_t40/ratio_full/brainomni/summary.json
BCIC2A_wsn_cross_subject_linear_downsample,BCIC2A_wsn,cross_subject,seed_42_downsample_t40,42,cbramod,0.2517361111111111,0.25,balanced_chance,Unknown,Unknown,Unknown,,/benchmark-eeg/5.0_version/result_5/linear_downsample/BCIC2A_wsn_cross_subject_linear_downsample/seed_42_downsample_t40/ratio_full/cbramod/summary.json
BCIC2A_wsn_cross_subject_linear_downsample,BCIC2A_wsn,cross_subject,seed_42_downsample_t40,42,eegmamba,0.2760416666666667,0.25,balanced_chance,Unknown,Unknown,Unknown,,/benchmark-eeg/5.0_version/result_5/linear_downsample/BCIC2A_wsn_cross_subject_linear_downsample/seed_42_downsample_t40/ratio_full/eegmamba/summary.json
BCIC2A_wsn_cross_subject_linear_downsample,BCIC2A_wsn,cross_subject,seed_42_downsample_t40,42,femba,0.265625,0.25,balanced_chance,Unknown,Unknown,Unknown,,/benchmark-eeg/5.0_version/result_5/linear_downsample/BCIC2A_wsn_cross_subject_linear_downsample/seed_42_downsample_t40/ratio_full/femba/summary.json
BCIC2A_wsn_cross_subject_linear_downsample,BCIC2A_wsn,cross_subject,seed_42_downsample_t40,42,labram,0.2760416666666667,0.25,balanced_chance,Unknown,Unknown,Unknown,,/benchmark-eeg/5.0_version/result_5/linear_downsample/BCIC2A_wsn_cross_subject_linear_downsample/seed_42_downsample_t40/ratio_full/labram/summary.json
BCIC2A_wsn_cross_subject_linear_downsample,BCIC2A_wsn,cross_subject,seed_42_downsample_t40,42,neurogpt,0.25,0.25,balanced_chance,Unknown,Unknown,Unknown,,/benchmark-eeg/5.0_version/result_5/linear_downsample/BCIC2A_wsn_cross_subject_linear_downsample/seed_42_downsample_t40/ratio_full/neurogpt/summary.json
BCIC2A_wsn_cross_subject_linear_downsample,BCIC2A_wsn,cross_subject,seed_42_downsample_t40,42,neurolm,0.3142361111111111,0.25,balanced_chance,Unknown,Unknown,Unknown,,/benchmark-eeg/5.0_version/result_5/linear_downsample/BCIC2A_wsn_cross_subject_linear_downsample/seed_42_downsample_t40/ratio_full/neurolm/summary.json
BCIC2A_wsn_cross_subject_linear_downsample,BCIC2A_wsn,cross_subject,seed_42_downsample_t40,42,reve,0.24305555555555555,0.25,balanced_chance,Unknown,Unknown,Unknown,,/benchmark-eeg/5.0_version/result_5/linear_downsample/BCIC2A_wsn_cross_subject_linear_downsample/seed_42_downsample_t40/ratio_full/reve/summary.json
BCIC2A_wsn_cross_subject_linear_downsample,BCIC2A_wsn,cross_subject,seed_5_downsample_t40,5,bendr,0.2326388888888889,0.25,balanced_chance,Unknown,Unknown,Unknown,,/benchmark-eeg/5.0_version/result_5/linear_downsample/BCIC2A_wsn_cross_subject_linear_downsample/seed_5_downsample_t40/ratio_full/bendr/summary.json
BCIC2A_wsn_cross_subject_linear_downsample,BCIC2A_wsn,cross_subject,seed_5_downsample_t40,5,biot,0.25,0.25,balanced_chance,Unknown,Unknown,Unknown,,/benchmark-eeg/5.0_version/result_5/linear_downsample/BCIC2A_wsn_cross_subject_linear_downsample/seed_5_downsample_t40/ratio_full/biot/summary.json
BCIC2A_wsn_cross_subject_linear_downsample,BCIC2A_wsn,cross_subject,seed_5_downsample_t40,5,brainomni,0.3090277777777778,0.25,balanced_chance,Unknown,Unknown,Unknown,,/benchmark-eeg/5.0_version/result_5/linear_downsample/BCIC2A_wsn_cross_subject_linear_downsample/seed_5_downsample_t40/ratio_full/brainomni/summary.json
BCIC2A_wsn_cross_subject_linear_downsample,BCIC2A_wsn,cross_subject,seed_5_downsample_t40,5,cbramod,0.2604166666666667,0.25,balanced_chance,Unknown,Unknown,Unknown,,/benchmark-eeg/5.0_version/result_5/linear_downsample/BCIC2A_wsn_cross_subject_linear_downsample/seed_5_downsample_t40/ratio_full/cbramod/summary.json
BCIC2A_wsn_cross_subject_linear_downsample,BCIC2A_wsn,cross_subject,seed_5_downsample_t40,5,eegmamba,0.2899305555555556,0.25,balanced_chance,Unknown,Unknown,Unknown,,/benchmark-eeg/5.0_version/result_5/linear_downsample/BCIC2A_wsn_cross_subject_linear_downsample/seed_5_downsample_t40/ratio_full/eegmamba/summary.json
BCIC2A_wsn_cross_subject_linear_downsample,BCIC2A_wsn,cross_subject,seed_5_downsample_t40,5,femba,0.2569444444444445,0.25,balanced_chance,Unknown,Unknown,Unknown,,/benchmark-eeg/5.0_version/result_5/linear_downsample/BCIC2A_wsn_cross_subject_linear_downsample/seed_5_downsample_t40/ratio_full/femba/summary.json
BCIC2A_wsn_cross_subject_linear_downsample,BCIC2A_wsn,cross_subject,seed_5_downsample_t40,5,labram,0.2569444444444444,0.25,balanced_chance,Unknown,Unknown,Unknown,,/benchmark-eeg/5.0_version/result_5/linear_downsample/BCIC2A_wsn_cross_subject_linear_downsample/seed_5_downsample_t40/ratio_full/labram/summary.json
BCIC2A_wsn_cross_subject_linear_downsample,BCIC2A_wsn,cross_subject,seed_5_downsample_t40,5,neurogpt,0.2517361111111111,0.25,balanced_chance,Unknown,Unknown,Unknown,,/benchmark-eeg/5.0_version/result_5/linear_downsample/BCIC2A_wsn_cross_subject_linear_downsample/seed_5_downsample_t40/ratio_full/neurogpt/summary.json
BCIC2A_wsn_cross_subject_linear_downsample,BCIC2A_wsn,cross_subject,seed_5_downsample_t40,5,neurolm,0.3072916666666667,0.25,balanced_chance,Unknown,Unknown,Unknown,,/benchmark-eeg/5.0_version/result_5/linear_downsample/BCIC2A_wsn_cross_subject_linear_downsample/seed_5_downsample_t40/ratio_full/neurolm/summary.json
BCIC2A_wsn_cross_subject_linear_downsample,BCIC2A_wsn,cross_subject,seed_5_downsample_t40,5,reve,0.2204861111111111,0.25,balanced_chance,Unknown,Unknown,Unknown,,/benchmark-eeg/5.0_version/result_5/linear_downsample/BCIC2A_wsn_cross_subject_linear_downsample/seed_5_downsample_t40/ratio_full/reve/summary.json
BCIC2A_wsn_within_subject_linear_downsample,BCIC2A_wsn,within_subject,seed_10_downsample_t40,10,bendr,0.2443614554777709,0.25,balanced_chance,Unknown,Unknown,Unknown,,/benchmark-eeg/5.0_version/result_5/linear_downsample/BCIC2A_wsn_within_subject_linear_downsample/seed_10_downsample_t40/ratio_full/bendr/summary.json
BCIC2A_wsn_within_subject_linear_downsample,BCIC2A_wsn,within_subject,seed_10_downsample_t40,10,biot,0.25,0.25,balanced_chance,Unknown,Unknown,Unknown,,/benchmark-eeg/5.0_version/result_5/linear_downsample/BCIC2A_wsn_within_subject_linear_downsample/seed_10_downsample_t40/ratio_full/biot/summary.json
BCIC2A_wsn_within_subject_linear_downsample,BCIC2A_wsn,within_subject,seed_10_downsample_t40,10,brainomni,0.3078844448059257,0.25,balanced_chance,Unknown,Unknown,Unknown,,/benchmark-eeg/5.0_version/result_5/linear_downsample/BCIC2A_wsn_within_subject_linear_downsample/seed_10_downsample_t40/ratio_full/brainomni/summary.json
BCIC2A_wsn_within_subject_linear_downsample,BCIC2A_wsn,within_subject,seed_10_downsample_t40,10,cbramod,0.2628113188701888,0.25,balanced_chance,Unknown,Unknown,Unknown,,/benchmark-eeg/5.0_version/result_5/linear_downsample/BCIC2A_wsn_within_subject_linear_downsample/seed_10_downsample_t40/ratio_full/cbramod/summary.json
BCIC2A_wsn_within_subject_linear_downsample,BCIC2A_wsn,within_subject,seed_10_downsample_t40,10,eegmamba,0.281305847505544,0.25,balanced_chance,Unknown,Unknown,Unknown,,/benchmark-eeg/5.0_version/result_5/linear_downsample/BCIC2A_wsn_within_subject_linear_downsample/seed_10_downsample_t40/ratio_full/eegmamba/summary.json
BCIC2A_wsn_within_subject_linear_downsample,BCIC2A_wsn,within_subject,seed_10_downsample_t40,10,femba,0.3030081743349941,0.25,balanced_chance,Unknown,Unknown,Unknown,,/benchmark-eeg/5.0_version/result_5/linear_downsample/BCIC2A_wsn_within_subject_linear_downsample/seed_10_downsample_t40/ratio_full/femba/summary.json
BCIC2A_wsn_within_subject_linear_downsample,BCIC2A_wsn,within_subject,seed_10_downsample_t40,10,labram,0.28521290347390094,0.25,balanced_chance,Unknown,Unknown,Unknown,,/benchmark-eeg/5.0_version/result_5/linear_downsample/BCIC2A_wsn_within_subject_linear_downsample/seed_10_downsample_t40/ratio_full/labram/summary.json
BCIC2A_wsn_within_subject_linear_downsample,BCIC2A_wsn,within_subject,seed_10_downsample_t40,10,neurogpt,0.31414411270410525,0.25,balanced_chance,Unknown,Unknown,Unknown,,/benchmark-eeg/5.0_version/result_5/linear_downsample/BCIC2A_wsn_within_subject_linear_downsample/seed_10_downsample_t40/ratio_full/neurogpt/summary.json
BCIC2A_wsn_within_subject_linear_downsample,BCIC2A_wsn,within_subject,seed_10_downsample_t40,10,neurolm,0.32027973458806647,0.25,balanced_chance,Unknown,Unknown,Unknown,,/benchmark-eeg/5.0_version/result_5/linear_downsample/BCIC2A_wsn_within_subject_linear_downsample/seed_10_downsample_t40/ratio_full/neurolm/summary.json
BCIC2A_wsn_within_subject_linear_downsample,BCIC2A_wsn,within_subject,seed_10_downsample_t40,10,reve,0.2486244083556844,0.25,balanced_chance,Unknown,Unknown,Unknown,,/benchmark-eeg/5.0_version/result_5/linear_downsample/BCIC2A_wsn_within_subject_linear_downsample/seed_10_downsample_t40/ratio_full/reve/summary.json
BCIC2A_wsn_within_subject_linear_downsample,BCIC2A_wsn,within_subject,seed_42_downsample_t40,42,bendr,0.2446373885706951,0.25,balanced_chance,Unknown,Unknown,Unknown,,/benchmark-eeg/5.0_version/result_5/linear_downsample/BCIC2A_wsn_within_subject_linear_downsample/seed_42_downsample_t40/ratio_full/bendr/summary.json
BCIC2A_wsn_within_subject_linear_downsample,BCIC2A_wsn,within_subject,seed_42_downsample_t40,42,biot,0.25,0.25,balanced_chance,Unknown,Unknown,Unknown,,/benchmark-eeg/5.0_version/result_5/linear_downsample/BCIC2A_wsn_within_subject_linear_downsample/seed_42_downsample_t40/ratio_full/biot/summary.json
BCIC2A_wsn_within_subject_linear_downsample,BCIC2A_wsn,within_subject,seed_42_downsample_t40,42,brainomni,0.3201590463040844,0.25,balanced_chance,Unknown,Unknown,Unknown,,/benchmark-eeg/5.0_version/result_5/linear_downsample/BCIC2A_wsn_within_subject_linear_downsample/seed_42_downsample_t40/ratio_full/brainomni/summary.json
BCIC2A_wsn_within_subject_linear_downsample,BCIC2A_wsn,within_subject,seed_42_downsample_t40,42,cbramod,0.2825843900271381,0.25,balanced_chance,Unknown,Unknown,Unknown,,/benchmark-eeg/5.0_version/result_5/linear_downsample/BCIC2A_wsn_within_subject_linear_downsample/seed_42_downsample_t40/ratio_full/cbramod/summary.json
BCIC2A_wsn_within_subject_linear_downsample,BCIC2A_wsn,within_subject,seed_42_downsample_t40,42,eegmamba,0.2911672864414929,0.25,balanced_chance,Unknown,Unknown,Unknown,,/benchmark-eeg/5.0_version/result_5/linear_downsample/BCIC2A_wsn_within_subject_linear_downsample/seed_42_downsample_t40/ratio_full/eegmamba/summary.json
BCIC2A_wsn_within_subject_linear_downsample,BCIC2A_wsn,within_subject,seed_42_downsample_t40,42,femba,0.3308805869874572,0.25,balanced_chance,Unknown,Unknown,Unknown,,/benchmark-eeg/5.0_version/result_5/linear_downsample/BCIC2A_wsn_within_subject_linear_downsample/seed_42_downsample_t40/ratio_full/femba/summary.json
BCIC2A_wsn_within_subject_linear_downsample,BCIC2A_wsn,within_subject,seed_42_downsample_t40,42,labram,0.2615873530296994,0.25,balanced_chance,Unknown,Unknown,Unknown,,/benchmark-eeg/5.0_version/result_5/linear_downsample/BCIC2A_wsn_within_subject_linear_downsample/seed_42_downsample_t40/ratio_full/labram/summary.json
BCIC2A_wsn_within_subject_linear_downsample,BCIC2A_wsn,within_subject,seed_42_downsample_t40,42,neurogpt,0.2829511040539566,0.25,balanced_chance,Unknown,Unknown,Unknown,,/benchmark-eeg/5.0_version/result_5/linear_downsample/BCIC2A_wsn_within_subject_linear_downsample/seed_42_downsample_t40/ratio_full/neurogpt/summary.json
BCIC2A_wsn_within_subject_linear_downsample,BCIC2A_wsn,within_subject,seed_42_downsample_t40,42,neurolm,0.2773899788313207,0.25,balanced_chance,Unknown,Unknown,Unknown,,/benchmark-eeg/5.0_version/result_5/linear_downsample/BCIC2A_wsn_within_subject_linear_downsample/seed_42_downsample_t40/ratio_full/neurolm/summary.json
BCIC2A_wsn_within_subject_linear_downsample,BCIC2A_wsn,within_subject,seed_42_downsample_t40,42,reve,0.2740001815333274,0.25,balanced_chance,Unknown,Unknown,Unknown,,/benchmark-eeg/5.0_version/result_5/linear_downsample/BCIC2A_wsn_within_subject_linear_downsample/seed_42_downsample_t40/ratio_full/reve/summary.json
BCIC2A_wsn_within_subject_linear_downsample,BCIC2A_wsn,within_subject,seed_5_downsample_t40,5,bendr,0.2299636414055821,0.25,balanced_chance,Unknown,Unknown,Unknown,,/benchmark-eeg/5.0_version/result_5/linear_downsample/BCIC2A_wsn_within_subject_linear_downsample/seed_5_downsample_t40/ratio_full/bendr/summary.json
BCIC2A_wsn_within_subject_linear_downsample,BCIC2A_wsn,within_subject,seed_5_downsample_t40,5,biot,0.25,0.25,balanced_chance,Unknown,Unknown,Unknown,,/benchmark-eeg/5.0_version/result_5/linear_downsample/BCIC2A_wsn_within_subject_linear_downsample/seed_5_downsample_t40/ratio_full/biot/summary.json
BCIC2A_wsn_within_subject_linear_downsample,BCIC2A_wsn,within_subject,seed_5_downsample_t40,5,brainomni,0.3147518902223248,0.25,balanced_chance,Unknown,Unknown,Unknown,,/benchmark-eeg/5.0_version/result_5/linear_downsample/BCIC2A_wsn_within_subject_linear_downsample/seed_5_downsample_t40/ratio_full/brainomni/summary.json
BCIC2A_wsn_within_subject_linear_downsample,BCIC2A_wsn,within_subject,seed_5_downsample_t40,5,cbramod,0.2782408667026627,0.25,balanced_chance,Unknown,Unknown,Unknown,,/benchmark-eeg/5.0_version/result_5/linear_downsample/BCIC2A_wsn_within_subject_linear_downsample/seed_5_downsample_t40/ratio_full/cbramod/summary.json
BCIC2A_wsn_within_subject_linear_downsample,BCIC2A_wsn,within_subject,seed_5_downsample_t40,5,eegmamba,0.2898469515818676,0.25,balanced_chance,Unknown,Unknown,Unknown,,/benchmark-eeg/5.0_version/result_5/linear_downsample/BCIC2A_wsn_within_subject_linear_downsample/seed_5_downsample_t40/ratio_full/eegmamba/summary.json
BCIC2A_wsn_within_subject_linear_downsample,BCIC2A_wsn,within_subject,seed_5_downsample_t40,5,femba,0.3244938600652456,0.25,balanced_chance,Unknown,Unknown,Unknown,,/benchmark-eeg/5.0_version/result_5/linear_downsample/BCIC2A_wsn_within_subject_linear_downsample/seed_5_downsample_t40/ratio_full/femba/summary.json
BCIC2A_wsn_within_subject_linear_downsample,BCIC2A_wsn,within_subject,seed_5_downsample_t40,5,labram,0.27095757710001334,0.25,balanced_chance,Unknown,Unknown,Unknown,,/benchmark-eeg/5.0_version/result_5/linear_downsample/BCIC2A_wsn_within_subject_linear_downsample/seed_5_downsample_t40/ratio_full/labram/summary.json
BCIC2A_wsn_within_subject_linear_downsample,BCIC2A_wsn,within_subject,seed_5_downsample_t40,5,neurogpt,0.3029882055153267,0.25,balanced_chance,Unknown,Unknown,Unknown,,/benchmark-eeg/5.0_version/result_5/linear_downsample/BCIC2A_wsn_within_subject_linear_downsample/seed_5_downsample_t40/ratio_full/neurogpt/summary.json
BCIC2A_wsn_within_subject_linear_downsample,BCIC2A_wsn,within_subject,seed_5_downsample_t40,5,neurolm,0.2927755922842309,0.25,balanced_chance,Unknown,Unknown,Unknown,,/benchmark-eeg/5.0_version/result_5/linear_downsample/BCIC2A_wsn_within_subject_linear_downsample/seed_5_downsample_t40/ratio_full/neurolm/summary.json
BCIC2A_wsn_within_subject_linear_downsample,BCIC2A_wsn,within_subject,seed_5_downsample_t40,5,reve,0.2343422512552962,0.25,balanced_chance,Unknown,Unknown,Unknown,,/benchmark-eeg/5.0_version/result_5/linear_downsample/BCIC2A_wsn_within_subject_linear_downsample/seed_5_downsample_t40/ratio_full/reve/summary.json
BCIC4_1_cross_subject_linear_downsample,BCIC4_1,cross_subject,seed_10_downsample_t40,10,bendr,0.52,0.5,balanced_chance,Unknown,Unknown,Unknown,,/benchmark-eeg/5.0_version/result_5/linear_downsample/BCIC4_1_cross_subject_linear_downsample/seed_10_downsample_t40/ratio_full/bendr/summary.json
BCIC4_1_cross_subject_linear_downsample,BCIC4_1,cross_subject,seed_10_downsample_t40,10,biot,0.47000000000000003,0.5,balanced_chance,Unknown,Unknown,Unknown,,/benchmark-eeg/5.0_version/result_5/linear_downsample/BCIC4_1_cross_subject_linear_downsample/seed_10_downsample_t40/ratio_full/biot/summary.json
BCIC4_1_cross_subject_linear_downsample,BCIC4_1,cross_subject,seed_10_downsample_t40,10,brainomni,0.5,0.5,balanced_chance,Unknown,Unknown,Unknown,,/benchmark-eeg/5.0_version/result_5/linear_downsample/BCIC4_1_cross_subject_linear_downsample/seed_10_downsample_t40/ratio_full/brainomni/summary.json
BCIC4_1_cross_subject_linear_downsample,BCIC4_1,cross_subject,seed_10_downsample_t40,10,cbramod,0.5,0.5,balanced_chance,Unknown,Unknown,Unknown,,/benchmark-eeg/5.0_version/result_5/linear_downsample/BCIC4_1_cross_subject_linear_downsample/seed_10_downsample_t40/ratio_full/cbramod/summary.json
BCIC4_1_cross_subject_linear_downsample,BCIC4_1,cross_subject,seed_10_downsample_t40,10,eegmamba,0.51,0.5,balanced_chance,Unknown,Unknown,Unknown,,/benchmark-eeg/5.0_version/result_5/linear_downsample/BCIC4_1_cross_subject_linear_downsample/seed_10_downsample_t40/ratio_full/eegmamba/summary.json
BCIC4_1_cross_subject_linear_downsample,BCIC4_1,cross_subject,seed_10_downsample_t40,10,femba,0.465,0.5,balanced_chance,Unknown,Unknown,Unknown,,/benchmark-eeg/5.0_version/result_5/linear_downsample/BCIC4_1_cross_subject_linear_downsample/seed_10_downsample_t40/ratio_full/femba/summary.json
BCIC4_1_cross_subject_linear_downsample,BCIC4_1,cross_subject,seed_10_downsample_t40,10,labram,0.5449999999999999,0.5,balanced_chance,Unknown,Unknown,Unknown,,/benchmark-eeg/5.0_version/result_5/linear_downsample/BCIC4_1_cross_subject_linear_downsample/seed_10_downsample_t40/ratio_full/labram/summary.json
BCIC4_1_cross_subject_linear_downsample,BCIC4_1,cross_subject,seed_10_downsample_t40,10,neurogpt,0.49,0.5,balanced_chance,Unknown,Unknown,Unknown,,/benchmark-eeg/5.0_version/result_5/linear_downsample/BCIC4_1_cross_subject_linear_downsample/seed_10_downsample_t40/ratio_full/neurogpt/summary.json
BCIC4_1_cross_subject_linear_downsample,BCIC4_1,cross_subject,seed_10_downsample_t40,10,neurolm,0.47,0.5,balanced_chance,Unknown,Unknown,Unknown,,/benchmark-eeg/5.0_version/result_5/linear_downsample/BCIC4_1_cross_subject_linear_downsample/seed_10_downsample_t40/ratio_full/neurolm/summary.json
BCIC4_1_cross_subject_linear_downsample,BCIC4_1,cross_subject,seed_10_downsample_t40,10,reve,0.525,0.5,balanced_chance,Unknown,Unknown,Unknown,,/benchmark-eeg/5.0_version/result_5/linear_downsample/BCIC4_1_cross_subject_linear_downsample/seed_10_downsample_t40/ratio_full/reve/summary.json
BCIC4_1_cross_subject_linear_downsample,BCIC4_1,cross_subject,seed_42_downsample_t40,42,bendr,0.465,0.5,balanced_chance,Unknown,Unknown,Unknown,,/benchmark-eeg/5.0_version/result_5/linear_downsample/BCIC4_1_cross_subject_linear_downsample/seed_42_downsample_t40/ratio_full/bendr/summary.json
BCIC4_1_cross_subject_linear_downsample,BCIC4_1,cross_subject,seed_42_downsample_t40,42,biot,0.445,0.5,balanced_chance,Unknown,Unknown,Unknown,,/benchmark-eeg/5.0_version/result_5/linear_downsample/BCIC4_1_cross_subject_linear_downsample/seed_42_downsample_t40/ratio_full/biot/summary.json
BCIC4_1_cross_subject_linear_downsample,BCIC4_1,cross_subject,seed_42_downsample_t40,42,brainomni,0.49,0.5,balanced_chance,Unknown,Unknown,Unknown,,/benchmark-eeg/5.0_version/result_5/linear_downsample/BCIC4_1_cross_subject_linear_downsample/seed_42_downsample_t40/ratio_full/brainomni/summary.json
BCIC4_1_cross_subject_linear_downsample,BCIC4_1,cross_subject,seed_42_downsample_t40,42,cbramod,0.54,0.5,balanced_chance,Unknown,Unknown,Unknown,,/benchmark-eeg/5.0_version/result_5/linear_downsample/BCIC4_1_cross_subject_linear_downsample/seed_42_downsample_t40/ratio_full/cbramod/summary.json
BCIC4_1_cross_subject_linear_downsample,BCIC4_1,cross_subject,seed_42_downsample_t40,42,eegmamba,0.495,0.5,balanced_chance,Unknown,Unknown,Unknown,,/benchmark-eeg/5.0_version/result_5/linear_downsample/BCIC4_1_cross_subject_linear_downsample/seed_42_downsample_t40/ratio_full/eegmamba/summary.json
BCIC4_1_cross_subject_linear_downsample,BCIC4_1,cross_subject,seed_42_downsample_t40,42,femba,0.515,0.5,balanced_chance,Unknown,Unknown,Unknown,,/benchmark-eeg/5.0_version/result_5/linear_downsample/BCIC4_1_cross_subject_linear_downsample/seed_42_downsample_t40/ratio_full/femba/summary.json
BCIC4_1_cross_subject_linear_downsample,BCIC4_1,cross_subject,seed_42_downsample_t40,42,labram,0.505,0.5,balanced_chance,Unknown,Unknown,Unknown,,/benchmark-eeg/5.0_version/result_5/linear_downsample/BCIC4_1_cross_subject_linear_downsample/seed_42_downsample_t40/ratio_full/labram/summary.json
BCIC4_1_cross_subject_linear_downsample,BCIC4_1,cross_subject,seed_42_downsample_t40,42,neurogpt,0.475,0.5,balanced_chance,Unknown,Unknown,Unknown,,/benchmark-eeg/5.0_version/result_5/linear_downsample/BCIC4_1_cross_subject_linear_downsample/seed_42_downsample_t40/ratio_full/neurogpt/summary.json
BCIC4_1_cross_subject_linear_downsample,BCIC4_1,cross_subject,seed_42_downsample_t40,42,neurolm,0.49,0.5,balanced_chance,Unknown,Unknown,Unknown,,/benchmark-eeg/5.0_version/result_5/linear_downsample/BCIC4_1_cross_subject_linear_downsample/seed_42_downsample_t40/ratio_full/neurolm/summary.json
BCIC4_1_cross_subject_linear_downsample,BCIC4_1,cross_subject,seed_42_downsample_t40,42,reve,0.515,0.5,balanced_chance,Unknown,Unknown,Unknown,,/benchmark-eeg/5.0_version/result_5/linear_downsample/BCIC4_1_cross_subject_linear_downsample/seed_42_downsample_t40/ratio_full/reve/summary.json
BCIC4_1_cross_subject_linear_downsample,BCIC4_1,cross_subject,seed_5_downsample_t40,5,bendr,0.44,0.5,balanced_chance,Unknown,Unknown,Unknown,,/benchmark-eeg/5.0_version/result_5/linear_downsample/BCIC4_1_cross_subject_linear_downsample/seed_5_downsample_t40/ratio_full/bendr/summary.json
BCIC4_1_cross_subject_linear_downsample,BCIC4_1,cross_subject,seed_5_downsample_t40,5,biot,0.47,0.5,balanced_chance,Unknown,Unknown,Unknown,,/benchmark-eeg/5.0_version/result_5/linear_downsample/BCIC4_1_cross_subject_linear_downsample/seed_5_downsample_t40/ratio_full/biot/summary.json
BCIC4_1_cross_subject_linear_downsample,BCIC4_1,cross_subject,seed_5_downsample_t40,5,brainomni,0.495,0.5,balanced_chance,Unknown,Unknown,Unknown,,/benchmark-eeg/5.0_version/result_5/linear_downsample/BCIC4_1_cross_subject_linear_downsample/seed_5_downsample_t40/ratio_full/brainomni/summary.json
BCIC4_1_cross_subject_linear_downsample,BCIC4_1,cross_subject,seed_5_downsample_t40,5,cbramod,0.49,0.5,balanced_chance,Unknown,Unknown,Unknown,,/benchmark-eeg/5.0_version/result_5/linear_downsample/BCIC4_1_cross_subject_linear_downsample/seed_5_downsample_t40/ratio_full/cbramod/summary.json
BCIC4_1_cross_subject_linear_downsample,BCIC4_1,cross_subject,seed_5_downsample_t40,5,eegmamba,0.43999999999999995,0.5,balanced_chance,Unknown,Unknown,Unknown,,/benchmark-eeg/5.0_version/result_5/linear_downsample/BCIC4_1_cross_subject_linear_downsample/seed_5_downsample_t40/ratio_full/eegmamba/summary.json
BCIC4_1_cross_subject_linear_downsample,BCIC4_1,cross_subject,seed_5_downsample_t40,5,femba,0.49,0.5,balanced_chance,Unknown,Unknown,Unknown,,/benchmark-eeg/5.0_version/result_5/linear_downsample/BCIC4_1_cross_subject_linear_downsample/seed_5_downsample_t40/ratio_full/femba/summary.json
BCIC4_1_cross_subject_linear_downsample,BCIC4_1,cross_subject,seed_5_downsample_t40,5,labram,0.47,0.5,balanced_chance,Unknown,Unknown,Unknown,,/benchmark-eeg/5.0_version/result_5/linear_downsample/BCIC4_1_cross_subject_linear_downsample/seed_5_downsample_t40/ratio_full/labram/summary.json
BCIC4_1_cross_subject_linear_downsample,BCIC4_1,cross_subject,seed_5_downsample_t40,5,neurogpt,0.48,0.5,balanced_chance,Unknown,Unknown,Unknown,,/benchmark-eeg/5.0_version/result_5/linear_downsample/BCIC4_1_cross_subject_linear_downsample/seed_5_downsample_t40/ratio_full/neurogpt/summary.json
BCIC4_1_cross_subject_linear_downsample,BCIC4_1,cross_subject,seed_5_downsample_t40,5,neurolm,0.52,0.5,balanced_chance,Unknown,Unknown,Unknown,,/benchmark-eeg/5.0_version/result_5/linear_downsample/BCIC4_1_cross_subject_linear_downsample/seed_5_downsample_t40/ratio_full/neurolm/summary.json
BCIC4_1_cross_subject_linear_downsample,BCIC4_1,cross_subject,seed_5_downsample_t40,5,reve,0.505,0.5,balanced_chance,Unknown,Unknown,Unknown,,/benchmark-eeg/5.0_version/result_5/linear_downsample/BCIC4_1_cross_subject_linear_downsample/seed_5_downsample_t40/ratio_full/reve/summary.json
BCI_Speech_cross_subject_linear_downsample,BCI_Speech,cross_subject,seed_10_downsample_t40,10,bendr,0.201,0.2,balanced_chance,Unknown,Unknown,Unknown,,/benchmark-eeg/5.0_version/result_5/linear_downsample/BCI_Speech_cross_subject_linear_downsample/seed_10_downsample_t40/ratio_full/bendr/summary.json
BCI_Speech_cross_subject_linear_downsample,BCI_Speech,cross_subject,seed_10_downsample_t40,10,biot,0.21799999999999997,0.2,balanced_chance,Unknown,Unknown,Unknown,,/benchmark-eeg/5.0_version/result_5/linear_downsample/BCI_Speech_cross_subject_linear_downsample/seed_10_downsample_t40/ratio_full/biot/summary.json
BCI_Speech_cross_subject_linear_downsample,BCI_Speech,cross_subject,seed_10_downsample_t40,10,brainomni,0.213,0.2,balanced_chance,Unknown,Unknown,Unknown,,/benchmark-eeg/5.0_version/result_5/linear_downsample/BCI_Speech_cross_subject_linear_downsample/seed_10_downsample_t40/ratio_full/brainomni/summary.json
BCI_Speech_cross_subject_linear_downsample,BCI_Speech,cross_subject,seed_10_downsample_t40,10,cbramod,0.215,0.2,balanced_chance,Unknown,Unknown,Unknown,,/benchmark-eeg/5.0_version/result_5/linear_downsample/BCI_Speech_cross_subject_linear_downsample/seed_10_downsample_t40/ratio_full/cbramod/summary.json
BCI_Speech_cross_subject_linear_downsample,BCI_Speech,cross_subject,seed_10_downsample_t40,10,eegmamba,0.20800000000000002,0.2,balanced_chance,Unknown,Unknown,Unknown,,/benchmark-eeg/5.0_version/result_5/linear_downsample/BCI_Speech_cross_subject_linear_downsample/seed_10_downsample_t40/ratio_full/eegmamba/summary.json
BCI_Speech_cross_subject_linear_downsample,BCI_Speech,cross_subject,seed_10_downsample_t40,10,femba,0.20600000000000002,0.2,balanced_chance,Unknown,Unknown,Unknown,,/benchmark-eeg/5.0_version/result_5/linear_downsample/BCI_Speech_cross_subject_linear_downsample/seed_10_downsample_t40/ratio_full/femba/summary.json
BCI_Speech_cross_subject_linear_downsample,BCI_Speech,cross_subject,seed_10_downsample_t40,10,labram,0.199,0.2,balanced_chance,Unknown,Unknown,Unknown,,/benchmark-eeg/5.0_version/result_5/linear_downsample/BCI_Speech_cross_subject_linear_downsample/seed_10_downsample_t40/ratio_full/labram/summary.json
BCI_Speech_cross_subject_linear_downsample,BCI_Speech,cross_subject,seed_10_downsample_t40,10,neurogpt,0.20500000000000002,0.2,balanced_chance,Unknown,Unknown,Unknown,,/benchmark-eeg/5.0_version/result_5/linear_downsample/BCI_Speech_cross_subject_linear_downsample/seed_10_downsample_t40/ratio_full/neurogpt/summary.json
BCI_Speech_cross_subject_linear_downsample,BCI_Speech,cross_subject,seed_10_downsample_t40,10,neurolm,0.215,0.2,balanced_chance,Unknown,Unknown,Unknown,,/benchmark-eeg/5.0_version/result_5/linear_downsample/BCI_Speech_cross_subject_linear_downsample/seed_10_downsample_t40/ratio_full/neurolm/summary.json
BCI_Speech_cross_subject_linear_downsample,BCI_Speech,cross_subject,seed_10_downsample_t40,10,reve,0.178,0.2,balanced_chance,Unknown,Unknown,Unknown,,/benchmark-eeg/5.0_version/result_5/linear_downsample/BCI_Speech_cross_subject_linear_downsample/seed_10_downsample_t40/ratio_full/reve/summary.json
BCI_Speech_cross_subject_linear_downsample,BCI_Speech,cross_subject,seed_42_downsample_t40,42,bendr,0.23199999999999998,0.2,balanced_chance,Unknown,Unknown,Unknown,,/benchmark-eeg/5.0_version/result_5/linear_downsample/BCI_Speech_cross_subject_linear_downsample/seed_42_downsample_t40/ratio_full/bendr/summary.json
BCI_Speech_cross_subject_linear_downsample,BCI_Speech,cross_subject,seed_42_downsample_t40,42,biot,0.20400000000000001,0.2,balanced_chance,Unknown,Unknown,Unknown,,/benchmark-eeg/5.0_version/result_5/linear_downsample/BCI_Speech_cross_subject_linear_downsample/seed_42_downsample_t40/ratio_full/biot/summary.json
BCI_Speech_cross_subject_linear_downsample,BCI_Speech,cross_subject,seed_42_downsample_t40,42,brainomni,0.21600000000000003,0.2,balanced_chance,Unknown,Unknown,Unknown,,/benchmark-eeg/5.0_version/result_5/linear_downsample/BCI_Speech_cross_subject_linear_downsample/seed_42_downsample_t40/ratio_full/brainomni/summary.json
BCI_Speech_cross_subject_linear_downsample,BCI_Speech,cross_subject,seed_42_downsample_t40,42,cbramod,0.2,0.2,balanced_chance,Unknown,Unknown,Unknown,,/benchmark-eeg/5.0_version/result_5/linear_downsample/BCI_Speech_cross_subject_linear_downsample/seed_42_downsample_t40/ratio_full/cbramod/summary.json
BCI_Speech_cross_subject_linear_downsample,BCI_Speech,cross_subject,seed_42_downsample_t40,42,eegmamba,0.20800000000000002,0.2,balanced_chance,Unknown,Unknown,Unknown,,/benchmark-eeg/5.0_version/result_5/linear_downsample/BCI_Speech_cross_subject_linear_downsample/seed_42_downsample_t40/ratio_full/eegmamba/summary.json
BCI_Speech_cross_subject_linear_downsample,BCI_Speech,cross_subject,seed_42_downsample_t40,42,femba,0.18000000000000002,0.2,balanced_chance,Unknown,Unknown,Unknown,,/benchmark-eeg/5.0_version/result_5/linear_downsample/BCI_Speech_cross_subject_linear_downsample/seed_42_downsample_t40/ratio_full/femba/summary.json
BCI_Speech_cross_subject_linear_downsample,BCI_Speech,cross_subject,seed_42_downsample_t40,42,labram,0.22000000000000003,0.2,balanced_chance,Unknown,Unknown,Unknown,,/benchmark-eeg/5.0_version/result_5/linear_downsample/BCI_Speech_cross_subject_linear_downsample/seed_42_downsample_t40/ratio_full/labram/summary.json
BCI_Speech_cross_subject_linear_downsample,BCI_Speech,cross_subject,seed_42_downsample_t40,42,neurogpt,0.18,0.2,balanced_chance,Unknown,Unknown,Unknown,,/benchmark-eeg/5.0_version/result_5/linear_downsample/BCI_Speech_cross_subject_linear_downsample/seed_42_downsample_t40/ratio_full/neurogpt/summary.json
BCI_Speech_cross_subject_linear_downsample,BCI_Speech,cross_subject,seed_42_downsample_t40,42,neurolm,0.22400000000000003,0.2,balanced_chance,Unknown,Unknown,Unknown,,/benchmark-eeg/5.0_version/result_5/linear_downsample/BCI_Speech_cross_subject_linear_downsample/seed_42_downsample_t40/ratio_full/neurolm/summary.json
BCI_Speech_cross_subject_linear_downsample,BCI_Speech,cross_subject,seed_42_downsample_t40,42,reve,0.16799999999999998,0.2,balanced_chance,Unknown,Unknown,Unknown,,/benchmark-eeg/5.0_version/result_5/linear_downsample/BCI_Speech_cross_subject_linear_downsample/seed_42_downsample_t40/ratio_full/reve/summary.json
BCI_Speech_cross_subject_linear_downsample,BCI_Speech,cross_subject,seed_5_downsample_t40,5,bendr,0.188,0.2,balanced_chance,Unknown,Unknown,Unknown,,/benchmark-eeg/5.0_version/result_5/linear_downsample/BCI_Speech_cross_subject_linear_downsample/seed_5_downsample_t40/ratio_full/bendr/summary.json
BCI_Speech_cross_subject_linear_downsample,BCI_Speech,cross_subject,seed_5_downsample_t40,5,biot,0.192,0.2,balanced_chance,Unknown,Unknown,Unknown,,/benchmark-eeg/5.0_version/result_5/linear_downsample/BCI_Speech_cross_subject_linear_downsample/seed_5_downsample_t40/ratio_full/biot/summary.json
BCI_Speech_cross_subject_linear_downsample,BCI_Speech,cross_subject,seed_5_downsample_t40,5,brainomni,0.23200000000000004,0.2,balanced_chance,Unknown,Unknown,Unknown,,/benchmark-eeg/5.0_version/result_5/linear_downsample/BCI_Speech_cross_subject_linear_downsample/seed_5_downsample_t40/ratio_full/brainomni/summary.json
BCI_Speech_cross_subject_linear_downsample,BCI_Speech,cross_subject,seed_5_downsample_t40,5,cbramod,0.19,0.2,balanced_chance,Unknown,Unknown,Unknown,,/benchmark-eeg/5.0_version/result_5/linear_downsample/BCI_Speech_cross_subject_linear_downsample/seed_5_downsample_t40/ratio_full/cbramod/summary.json
BCI_Speech_cross_subject_linear_downsample,BCI_Speech,cross_subject,seed_5_downsample_t40,5,eegmamba,0.20600000000000002,0.2,balanced_chance,Unknown,Unknown,Unknown,,/benchmark-eeg/5.0_version/result_5/linear_downsample/BCI_Speech_cross_subject_linear_downsample/seed_5_downsample_t40/ratio_full/eegmamba/summary.json
BCI_Speech_cross_subject_linear_downsample,BCI_Speech,cross_subject,seed_5_downsample_t40,5,femba,0.196,0.2,balanced_chance,Unknown,Unknown,Unknown,,/benchmark-eeg/5.0_version/result_5/linear_downsample/BCI_Speech_cross_subject_linear_downsample/seed_5_downsample_t40/ratio_full/femba/summary.json
BCI_Speech_cross_subject_linear_downsample,BCI_Speech,cross_subject,seed_5_downsample_t40,5,labram,0.22400000000000003,0.2,balanced_chance,Unknown,Unknown,Unknown,,/benchmark-eeg/5.0_version/result_5/linear_downsample/BCI_Speech_cross_subject_linear_downsample/seed_5_downsample_t40/ratio_full/labram/summary.json
BCI_Speech_cross_subject_linear_downsample,BCI_Speech,cross_subject,seed_5_downsample_t40,5,neurogpt,0.196,0.2,balanced_chance,Unknown,Unknown,Unknown,,/benchmark-eeg/5.0_version/result_5/linear_downsample/BCI_Speech_cross_subject_linear_downsample/seed_5_downsample_t40/ratio_full/neurogpt/summary.json
BCI_Speech_cross_subject_linear_downsample,BCI_Speech,cross_subject,seed_5_downsample_t40,5,neurolm,0.23200000000000004,0.2,balanced_chance,Unknown,Unknown,Unknown,,/benchmark-eeg/5.0_version/result_5/linear_downsample/BCI_Speech_cross_subject_linear_downsample/seed_5_downsample_t40/ratio_full/neurolm/summary.json
BCI_Speech_cross_subject_linear_downsample,BCI_Speech,cross_subject,seed_5_downsample_t40,5,reve,0.21399999999999997,0.2,balanced_chance,Unknown,Unknown,Unknown,,/benchmark-eeg/5.0_version/result_5/linear_downsample/BCI_Speech_cross_subject_linear_downsample/seed_5_downsample_t40/ratio_full/reve/summary.json
BCI_Speech_within_subject_linear_downsample,BCI_Speech,within_subject,seed_10_downsample_t40,10,bendr,0.21386173476892548,0.2,balanced_chance,Unknown,Unknown,Unknown,,/benchmark-eeg/5.0_version/result_5/linear_downsample/BCI_Speech_within_subject_linear_downsample/seed_10_downsample_t40/ratio_full/bendr/summary.json
BCI_Speech_within_subject_linear_downsample,BCI_Speech,within_subject,seed_10_downsample_t40,10,biot,0.2102602154023078,0.2,balanced_chance,Unknown,Unknown,Unknown,,/benchmark-eeg/5.0_version/result_5/linear_downsample/BCI_Speech_within_subject_linear_downsample/seed_10_downsample_t40/ratio_full/biot/summary.json
BCI_Speech_within_subject_linear_downsample,BCI_Speech,within_subject,seed_10_downsample_t40,10,brainomni,0.22139949879647797,0.2,balanced_chance,Unknown,Unknown,Unknown,,/benchmark-eeg/5.0_version/result_5/linear_downsample/BCI_Speech_within_subject_linear_downsample/seed_10_downsample_t40/ratio_full/brainomni/summary.json
BCI_Speech_within_subject_linear_downsample,BCI_Speech,within_subject,seed_10_downsample_t40,10,cbramod,0.21532667658067303,0.2,balanced_chance,Unknown,Unknown,Unknown,,/benchmark-eeg/5.0_version/result_5/linear_downsample/BCI_Speech_within_subject_linear_downsample/seed_10_downsample_t40/ratio_full/cbramod/summary.json
BCI_Speech_within_subject_linear_downsample,BCI_Speech,within_subject,seed_10_downsample_t40,10,eegmamba,0.20554246992560876,0.2,balanced_chance,Unknown,Unknown,Unknown,,/benchmark-eeg/5.0_version/result_5/linear_downsample/BCI_Speech_within_subject_linear_downsample/seed_10_downsample_t40/ratio_full/eegmamba/summary.json
BCI_Speech_within_subject_linear_downsample,BCI_Speech,within_subject,seed_10_downsample_t40,10,femba,0.20053664900461038,0.2,balanced_chance,Unknown,Unknown,Unknown,,/benchmark-eeg/5.0_version/result_5/linear_downsample/BCI_Speech_within_subject_linear_downsample/seed_10_downsample_t40/ratio_full/femba/summary.json
BCI_Speech_within_subject_linear_downsample,BCI_Speech,within_subject,seed_10_downsample_t40,10,labram,0.23173231644219242,0.2,balanced_chance,Unknown,Unknown,Unknown,,/benchmark-eeg/5.0_version/result_5/linear_downsample/BCI_Speech_within_subject_linear_downsample/seed_10_downsample_t40/ratio_full/labram/summary.json
BCI_Speech_within_subject_linear_downsample,BCI_Speech,within_subject,seed_10_downsample_t40,10,neurogpt,0.1899545850951721,0.2,balanced_chance,Unknown,Unknown,Unknown,,/benchmark-eeg/5.0_version/result_5/linear_downsample/BCI_Speech_within_subject_linear_downsample/seed_10_downsample_t40/ratio_full/neurogpt/summary.json
BCI_Speech_within_subject_linear_downsample,BCI_Speech,within_subject,seed_10_downsample_t40,10,neurolm,0.23451995643309806,0.2,balanced_chance,Unknown,Unknown,Unknown,,/benchmark-eeg/5.0_version/result_5/linear_downsample/BCI_Speech_within_subject_linear_downsample/seed_10_downsample_t40/ratio_full/neurolm/summary.json
BCI_Speech_within_subject_linear_downsample,BCI_Speech,within_subject,seed_10_downsample_t40,10,reve,0.2032085230326584,0.2,balanced_chance,Unknown,Unknown,Unknown,,/benchmark-eeg/5.0_version/result_5/linear_downsample/BCI_Speech_within_subject_linear_downsample/seed_10_downsample_t40/ratio_full/reve/summary.json
BCI_Speech_within_subject_linear_downsample,BCI_Speech,within_subject,seed_42_downsample_t40,42,bendr,0.1947073489914544,0.2,balanced_chance,Unknown,Unknown,Unknown,,/benchmark-eeg/5.0_version/result_5/linear_downsample/BCI_Speech_within_subject_linear_downsample/seed_42_downsample_t40/ratio_full/bendr/summary.json
BCI_Speech_within_subject_linear_downsample,BCI_Speech,within_subject,seed_42_downsample_t40,42,biot,0.19469776951143997,0.2,balanced_chance,Unknown,Unknown,Unknown,,/benchmark-eeg/5.0_version/result_5/linear_downsample/BCI_Speech_within_subject_linear_downsample/seed_42_downsample_t40/ratio_full/biot/summary.json
BCI_Speech_within_subject_linear_downsample,BCI_Speech,within_subject,seed_42_downsample_t40,42,brainomni,0.19356974791163903,0.2,balanced_chance,Unknown,Unknown,Unknown,,/benchmark-eeg/5.0_version/result_5/linear_downsample/BCI_Speech_within_subject_linear_downsample/seed_42_downsample_t40/ratio_full/brainomni/summary.json
BCI_Speech_within_subject_linear_downsample,BCI_Speech,within_subject,seed_42_downsample_t40,42,cbramod,0.24356608404521923,0.2,balanced_chance,Unknown,Unknown,Unknown,,/benchmark-eeg/5.0_version/result_5/linear_downsample/BCI_Speech_within_subject_linear_downsample/seed_42_downsample_t40/ratio_full/cbramod/summary.json
BCI_Speech_within_subject_linear_downsample,BCI_Speech,within_subject,seed_42_downsample_t40,42,eegmamba,0.2130790570260003,0.2,balanced_chance,Unknown,Unknown,Unknown,,/benchmark-eeg/5.0_version/result_5/linear_downsample/BCI_Speech_within_subject_linear_downsample/seed_42_downsample_t40/ratio_full/eegmamba/summary.json
BCI_Speech_within_subject_linear_downsample,BCI_Speech,within_subject,seed_42_downsample_t40,42,femba,0.1949438834497534,0.2,balanced_chance,Unknown,Unknown,Unknown,,/benchmark-eeg/5.0_version/result_5/linear_downsample/BCI_Speech_within_subject_linear_downsample/seed_42_downsample_t40/ratio_full/femba/summary.json
BCI_Speech_within_subject_linear_downsample,BCI_Speech,within_subject,seed_42_downsample_t40,42,labram,0.2198040883242721,0.2,balanced_chance,Unknown,Unknown,Unknown,,/benchmark-eeg/5.0_version/result_5/linear_downsample/BCI_Speech_within_subject_linear_downsample/seed_42_downsample_t40/ratio_full/labram/summary.json
BCI_Speech_within_subject_linear_downsample,BCI_Speech,within_subject,seed_42_downsample_t40,42,neurogpt,0.21482421256393494,0.2,balanced_chance,Unknown,Unknown,Unknown,,/benchmark-eeg/5.0_version/result_5/linear_downsample/BCI_Speech_within_subject_linear_downsample/seed_42_downsample_t40/ratio_full/neurogpt/summary.json
BCI_Speech_within_subject_linear_downsample,BCI_Speech,within_subject,seed_42_downsample_t40,42,neurolm,0.2526760463050942,0.2,balanced_chance,Unknown,Unknown,Unknown,,/benchmark-eeg/5.0_version/result_5/linear_downsample/BCI_Speech_within_subject_linear_downsample/seed_42_downsample_t40/ratio_full/neurolm/summary.json
BCI_Speech_within_subject_linear_downsample,BCI_Speech,within_subject,seed_42_downsample_t40,42,reve,0.17296607290113766,0.2,balanced_chance,Unknown,Unknown,Unknown,,/benchmark-eeg/5.0_version/result_5/linear_downsample/BCI_Speech_within_subject_linear_downsample/seed_42_downsample_t40/ratio_full/reve/summary.json
BCI_Speech_within_subject_linear_downsample,BCI_Speech,within_subject,seed_5_downsample_t40,5,bendr,0.1956978516978517,0.2,balanced_chance,Unknown,Unknown,Unknown,,/benchmark-eeg/5.0_version/result_5/linear_downsample/BCI_Speech_within_subject_linear_downsample/seed_5_downsample_t40/ratio_full/bendr/summary.json
BCI_Speech_within_subject_linear_downsample,BCI_Speech,within_subject,seed_5_downsample_t40,5,biot,0.22159778239778238,0.2,balanced_chance,Unknown,Unknown,Unknown,,/benchmark-eeg/5.0_version/result_5/linear_downsample/BCI_Speech_within_subject_linear_downsample/seed_5_downsample_t40/ratio_full/biot/summary.json
BCI_Speech_within_subject_linear_downsample,BCI_Speech,within_subject,seed_5_downsample_t40,5,brainomni,0.1810914298914299,0.2,balanced_chance,Unknown,Unknown,Unknown,,/benchmark-eeg/5.0_version/result_5/linear_downsample/BCI_Speech_within_subject_linear_downsample/seed_5_downsample_t40/ratio_full/brainomni/summary.json
BCI_Speech_within_subject_linear_downsample,BCI_Speech,within_subject,seed_5_downsample_t40,5,cbramod,0.21390436590436587,0.2,balanced_chance,Unknown,Unknown,Unknown,,/benchmark-eeg/5.0_version/result_5/linear_downsample/BCI_Speech_within_subject_linear_downsample/seed_5_downsample_t40/ratio_full/cbramod/summary.json
BCI_Speech_within_subject_linear_downsample,BCI_Speech,within_subject,seed_5_downsample_t40,5,eegmamba,0.21848020328020326,0.2,balanced_chance,Unknown,Unknown,Unknown,,/benchmark-eeg/5.0_version/result_5/linear_downsample/BCI_Speech_within_subject_linear_downsample/seed_5_downsample_t40/ratio_full/eegmamba/summary.json
BCI_Speech_within_subject_linear_downsample,BCI_Speech,within_subject,seed_5_downsample_t40,5,femba,0.21693970893970893,0.2,balanced_chance,Unknown,Unknown,Unknown,,/benchmark-eeg/5.0_version/result_5/linear_downsample/BCI_Speech_within_subject_linear_downsample/seed_5_downsample_t40/ratio_full/femba/summary.json
BCI_Speech_within_subject_linear_downsample,BCI_Speech,within_subject,seed_5_downsample_t40,5,labram,0.2021028413028413,0.2,balanced_chance,Unknown,Unknown,Unknown,,/benchmark-eeg/5.0_version/result_5/linear_downsample/BCI_Speech_within_subject_linear_downsample/seed_5_downsample_t40/ratio_full/labram/summary.json
BCI_Speech_within_subject_linear_downsample,BCI_Speech,within_subject,seed_5_downsample_t40,5,neurogpt,0.21251300531300532,0.2,balanced_chance,Unknown,Unknown,Unknown,,/benchmark-eeg/5.0_version/result_5/linear_downsample/BCI_Speech_within_subject_linear_downsample/seed_5_downsample_t40/ratio_full/neurogpt/summary.json
BCI_Speech_within_subject_linear_downsample,BCI_Speech,within_subject,seed_5_downsample_t40,5,neurolm,0.21471323631323633,0.2,balanced_chance,Unknown,Unknown,Unknown,,/benchmark-eeg/5.0_version/result_5/linear_downsample/BCI_Speech_within_subject_linear_downsample/seed_5_downsample_t40/ratio_full/neurolm/summary.json
BCI_Speech_within_subject_linear_downsample,BCI_Speech,within_subject,seed_5_downsample_t40,5,reve,0.22124518364518364,0.2,balanced_chance,Unknown,Unknown,Unknown,,/benchmark-eeg/5.0_version/result_5/linear_downsample/BCI_Speech_within_subject_linear_downsample/seed_5_downsample_t40/ratio_full/reve/summary.json
BETA_SSVEP_wsn_cross_subject_linear_downsample,BETA_SSVEP_wsn,cross_subject,seed_10_downsample_t40,10,bendr,0.03214285714285714,0.025,balanced_chance,Unknown,Unknown,Unknown,,/benchmark-eeg/5.0_version/result_5/linear_downsample/BETA_SSVEP_wsn_cross_subject_linear_downsample/seed_10_downsample_t40/ratio_full/bendr/summary.json
BETA_SSVEP_wsn_cross_subject_linear_downsample,BETA_SSVEP_wsn,cross_subject,seed_10_downsample_t40,10,biot,0.029464285714285714,0.025,balanced_chance,Unknown,Unknown,Unknown,,/benchmark-eeg/5.0_version/result_5/linear_downsample/BETA_SSVEP_wsn_cross_subject_linear_downsample/seed_10_downsample_t40/ratio_full/biot/summary.json
BETA_SSVEP_wsn_cross_subject_linear_downsample,BETA_SSVEP_wsn,cross_subject,seed_10_downsample_t40,10,brainomni,0.04017857142857143,0.025,balanced_chance,Unknown,Unknown,Unknown,,/benchmark-eeg/5.0_version/result_5/linear_downsample/BETA_SSVEP_wsn_cross_subject_linear_downsample/seed_10_downsample_t40/ratio_full/brainomni/summary.json
BETA_SSVEP_wsn_cross_subject_linear_downsample,BETA_SSVEP_wsn,cross_subject,seed_10_downsample_t40,10,cbramod,0.024107142857142855,0.025,balanced_chance,Unknown,Unknown,Unknown,,/benchmark-eeg/5.0_version/result_5/linear_downsample/BETA_SSVEP_wsn_cross_subject_linear_downsample/seed_10_downsample_t40/ratio_full/cbramod/summary.json
BETA_SSVEP_wsn_cross_subject_linear_downsample,BETA_SSVEP_wsn,cross_subject,seed_10_downsample_t40,10,eegmamba,0.024999999999999998,0.025,balanced_chance,Unknown,Unknown,Unknown,,/benchmark-eeg/5.0_version/result_5/linear_downsample/BETA_SSVEP_wsn_cross_subject_linear_downsample/seed_10_downsample_t40/ratio_full/eegmamba/summary.json
BETA_SSVEP_wsn_cross_subject_linear_downsample,BETA_SSVEP_wsn,cross_subject,seed_10_downsample_t40,10,femba,0.045535714285714284,0.025,balanced_chance,Unknown,Unknown,Unknown,,/benchmark-eeg/5.0_version/result_5/linear_downsample/BETA_SSVEP_wsn_cross_subject_linear_downsample/seed_10_downsample_t40/ratio_full/femba/summary.json
BETA_SSVEP_wsn_cross_subject_linear_downsample,BETA_SSVEP_wsn,cross_subject,seed_10_downsample_t40,10,labram,0.02857142857142857,0.025,balanced_chance,Unknown,Unknown,Unknown,,/benchmark-eeg/5.0_version/result_5/linear_downsample/BETA_SSVEP_wsn_cross_subject_linear_downsample/seed_10_downsample_t40/ratio_full/labram/summary.json
BETA_SSVEP_wsn_cross_subject_linear_downsample,BETA_SSVEP_wsn,cross_subject,seed_10_downsample_t40,10,neurogpt,0.02589285714285714,0.025,balanced_chance,Unknown,Unknown,Unknown,,/benchmark-eeg/5.0_version/result_5/linear_downsample/BETA_SSVEP_wsn_cross_subject_linear_downsample/seed_10_downsample_t40/ratio_full/neurogpt/summary.json
BETA_SSVEP_wsn_cross_subject_linear_downsample,BETA_SSVEP_wsn,cross_subject,seed_10_downsample_t40,10,neurolm,0.03214285714285714,0.025,balanced_chance,Unknown,Unknown,Unknown,,/benchmark-eeg/5.0_version/result_5/linear_downsample/BETA_SSVEP_wsn_cross_subject_linear_downsample/seed_10_downsample_t40/ratio_full/neurolm/summary.json
BETA_SSVEP_wsn_cross_subject_linear_downsample,BETA_SSVEP_wsn,cross_subject,seed_10_downsample_t40,10,reve,0.03660714285714285,0.025,balanced_chance,Unknown,Unknown,Unknown,,/benchmark-eeg/5.0_version/result_5/linear_downsample/BETA_SSVEP_wsn_cross_subject_linear_downsample/seed_10_downsample_t40/ratio_full/reve/summary.json
BETA_SSVEP_wsn_cross_subject_linear_downsample,BETA_SSVEP_wsn,cross_subject,seed_42_downsample_t40,42,bendr,0.03214285714285714,0.025,balanced_chance,Unknown,Unknown,Unknown,,/benchmark-eeg/5.0_version/result_5/linear_downsample/BETA_SSVEP_wsn_cross_subject_linear_downsample/seed_42_downsample_t40/ratio_full/bendr/summary.json
BETA_SSVEP_wsn_cross_subject_linear_downsample,BETA_SSVEP_wsn,cross_subject,seed_42_downsample_t40,42,biot,0.027678571428571424,0.025,balanced_chance,Unknown,Unknown,Unknown,,/benchmark-eeg/5.0_version/result_5/linear_downsample/BETA_SSVEP_wsn_cross_subject_linear_downsample/seed_42_downsample_t40/ratio_full/biot/summary.json
BETA_SSVEP_wsn_cross_subject_linear_downsample,BETA_SSVEP_wsn,cross_subject,seed_42_downsample_t40,42,brainomni,0.03214285714285714,0.025,balanced_chance,Unknown,Unknown,Unknown,,/benchmark-eeg/5.0_version/result_5/linear_downsample/BETA_SSVEP_wsn_cross_subject_linear_downsample/seed_42_downsample_t40/ratio_full/brainomni/summary.json
BETA_SSVEP_wsn_cross_subject_linear_downsample,BETA_SSVEP_wsn,cross_subject,seed_42_downsample_t40,42,cbramod,0.026785714285714284,0.025,balanced_chance,Unknown,Unknown,Unknown,,/benchmark-eeg/5.0_version/result_5/linear_downsample/BETA_SSVEP_wsn_cross_subject_linear_downsample/seed_42_downsample_t40/ratio_full/cbramod/summary.json
BETA_SSVEP_wsn_cross_subject_linear_downsample,BETA_SSVEP_wsn,cross_subject,seed_42_downsample_t40,42,eegmamba,0.025,0.025,balanced_chance,Unknown,Unknown,Unknown,,/benchmark-eeg/5.0_version/result_5/linear_downsample/BETA_SSVEP_wsn_cross_subject_linear_downsample/seed_42_downsample_t40/ratio_full/eegmamba/summary.json
BETA_SSVEP_wsn_cross_subject_linear_downsample,BETA_SSVEP_wsn,cross_subject,seed_42_downsample_t40,42,femba,0.03214285714285714,0.025,balanced_chance,Unknown,Unknown,Unknown,,/benchmark-eeg/5.0_version/result_5/linear_downsample/BETA_SSVEP_wsn_cross_subject_linear_downsample/seed_42_downsample_t40/ratio_full/femba/summary.json
BETA_SSVEP_wsn_cross_subject_linear_downsample,BETA_SSVEP_wsn,cross_subject,seed_42_downsample_t40,42,labram,0.03482142857142857,0.025,balanced_chance,Unknown,Unknown,Unknown,,/benchmark-eeg/5.0_version/result_5/linear_downsample/BETA_SSVEP_wsn_cross_subject_linear_downsample/seed_42_downsample_t40/ratio_full/labram/summary.json
BETA_SSVEP_wsn_cross_subject_linear_downsample,BETA_SSVEP_wsn,cross_subject,seed_42_downsample_t40,42,neurogpt,0.02767857142857143,0.025,balanced_chance,Unknown,Unknown,Unknown,,/benchmark-eeg/5.0_version/result_5/linear_downsample/BETA_SSVEP_wsn_cross_subject_linear_downsample/seed_42_downsample_t40/ratio_full/neurogpt/summary.json
BETA_SSVEP_wsn_cross_subject_linear_downsample,BETA_SSVEP_wsn,cross_subject,seed_42_downsample_t40,42,neurolm,0.02946428571428571,0.025,balanced_chance,Unknown,Unknown,Unknown,,/benchmark-eeg/5.0_version/result_5/linear_downsample/BETA_SSVEP_wsn_cross_subject_linear_downsample/seed_42_downsample_t40/ratio_full/neurolm/summary.json
BETA_SSVEP_wsn_cross_subject_linear_downsample,BETA_SSVEP_wsn,cross_subject,seed_42_downsample_t40,42,reve,0.04642857142857143,0.025,balanced_chance,Unknown,Unknown,Unknown,,/benchmark-eeg/5.0_version/result_5/linear_downsample/BETA_SSVEP_wsn_cross_subject_linear_downsample/seed_42_downsample_t40/ratio_full/reve/summary.json
BETA_SSVEP_wsn_cross_subject_linear_downsample,BETA_SSVEP_wsn,cross_subject,seed_5_downsample_t40,5,bendr,0.02678571428571428,0.025,balanced_chance,Unknown,Unknown,Unknown,,/benchmark-eeg/5.0_version/result_5/linear_downsample/BETA_SSVEP_wsn_cross_subject_linear_downsample/seed_5_downsample_t40/ratio_full/bendr/summary.json
BETA_SSVEP_wsn_cross_subject_linear_downsample,BETA_SSVEP_wsn,cross_subject,seed_5_downsample_t40,5,biot,0.030357142857142853,0.025,balanced_chance,Unknown,Unknown,Unknown,,/benchmark-eeg/5.0_version/result_5/linear_downsample/BETA_SSVEP_wsn_cross_subject_linear_downsample/seed_5_downsample_t40/ratio_full/biot/summary.json
BETA_SSVEP_wsn_cross_subject_linear_downsample,BETA_SSVEP_wsn,cross_subject,seed_5_downsample_t40,5,brainomni,0.04196428571428571,0.025,balanced_chance,Unknown,Unknown,Unknown,,/benchmark-eeg/5.0_version/result_5/linear_downsample/BETA_SSVEP_wsn_cross_subject_linear_downsample/seed_5_downsample_t40/ratio_full/brainomni/summary.json
BETA_SSVEP_wsn_cross_subject_linear_downsample,BETA_SSVEP_wsn,cross_subject,seed_5_downsample_t40,5,cbramod,0.03660714285714285,0.025,balanced_chance,Unknown,Unknown,Unknown,,/benchmark-eeg/5.0_version/result_5/linear_downsample/BETA_SSVEP_wsn_cross_subject_linear_downsample/seed_5_downsample_t40/ratio_full/cbramod/summary.json
BETA_SSVEP_wsn_cross_subject_linear_downsample,BETA_SSVEP_wsn,cross_subject,seed_5_downsample_t40,5,eegmamba,0.03571428571428571,0.025,balanced_chance,Unknown,Unknown,Unknown,,/benchmark-eeg/5.0_version/result_5/linear_downsample/BETA_SSVEP_wsn_cross_subject_linear_downsample/seed_5_downsample_t40/ratio_full/eegmamba/summary.json
BETA_SSVEP_wsn_cross_subject_linear_downsample,BETA_SSVEP_wsn,cross_subject,seed_5_downsample_t40,5,femba,0.033928571428571426,0.025,balanced_chance,Unknown,Unknown,Unknown,,/benchmark-eeg/5.0_version/result_5/linear_downsample/BETA_SSVEP_wsn_cross_subject_linear_downsample/seed_5_downsample_t40/ratio_full/femba/summary.json
BETA_SSVEP_wsn_cross_subject_linear_downsample,BETA_SSVEP_wsn,cross_subject,seed_5_downsample_t40,5,labram,0.016964285714285713,0.025,balanced_chance,Unknown,Unknown,Unknown,,/benchmark-eeg/5.0_version/result_5/linear_downsample/BETA_SSVEP_wsn_cross_subject_linear_downsample/seed_5_downsample_t40/ratio_full/labram/summary.json
BETA_SSVEP_wsn_cross_subject_linear_downsample,BETA_SSVEP_wsn,cross_subject,seed_5_downsample_t40,5,neurogpt,0.02857142857142857,0.025,balanced_chance,Unknown,Unknown,Unknown,,/benchmark-eeg/5.0_version/result_5/linear_downsample/BETA_SSVEP_wsn_cross_subject_linear_downsample/seed_5_downsample_t40/ratio_full/neurogpt/summary.json
BETA_SSVEP_wsn_cross_subject_linear_downsample,BETA_SSVEP_wsn,cross_subject,seed_5_downsample_t40,5,neurolm,0.026785714285714284,0.025,balanced_chance,Unknown,Unknown,Unknown,,/benchmark-eeg/5.0_version/result_5/linear_downsample/BETA_SSVEP_wsn_cross_subject_linear_downsample/seed_5_downsample_t40/ratio_full/neurolm/summary.json
BETA_SSVEP_wsn_cross_subject_linear_downsample,BETA_SSVEP_wsn,cross_subject,seed_5_downsample_t40,5,reve,0.0544642857142857,0.025,balanced_chance,Unknown,Unknown,Unknown,,/benchmark-eeg/5.0_version/result_5/linear_downsample/BETA_SSVEP_wsn_cross_subject_linear_downsample/seed_5_downsample_t40/ratio_full/reve/summary.json
BETA_SSVEP_wsn_within_subject_linear_downsample,BETA_SSVEP_wsn,within_subject,seed_10_downsample_t40,10,bendr,0.03949373220840199,0.025,balanced_chance,Unknown,Unknown,Unknown,,/benchmark-eeg/5.0_version/result_5/linear_downsample/BETA_SSVEP_wsn_within_subject_linear_downsample/seed_10_downsample_t40/ratio_full/bendr/summary.json
BETA_SSVEP_wsn_within_subject_linear_downsample,BETA_SSVEP_wsn,within_subject,seed_10_downsample_t40,10,biot,0.027759859906451884,0.025,balanced_chance,Unknown,Unknown,Unknown,,/benchmark-eeg/5.0_version/result_5/linear_downsample/BETA_SSVEP_wsn_within_subject_linear_downsample/seed_10_downsample_t40/ratio_full/biot/summary.json
BETA_SSVEP_wsn_within_subject_linear_downsample,BETA_SSVEP_wsn,within_subject,seed_10_downsample_t40,10,brainomni,0.03623736783630269,0.025,balanced_chance,Unknown,Unknown,Unknown,,/benchmark-eeg/5.0_version/result_5/linear_downsample/BETA_SSVEP_wsn_within_subject_linear_downsample/seed_10_downsample_t40/ratio_full/brainomni/summary.json
BETA_SSVEP_wsn_within_subject_linear_downsample,BETA_SSVEP_wsn,within_subject,seed_10_downsample_t40,10,cbramod,0.027701075634073348,0.025,balanced_chance,Unknown,Unknown,Unknown,,/benchmark-eeg/5.0_version/result_5/linear_downsample/BETA_SSVEP_wsn_within_subject_linear_downsample/seed_10_downsample_t40/ratio_full/cbramod/summary.json
BETA_SSVEP_wsn_within_subject_linear_downsample,BETA_SSVEP_wsn,within_subject,seed_10_downsample_t40,10,eegmamba,0.025564445244355288,0.025,balanced_chance,Unknown,Unknown,Unknown,,/benchmark-eeg/5.0_version/result_5/linear_downsample/BETA_SSVEP_wsn_within_subject_linear_downsample/seed_10_downsample_t40/ratio_full/eegmamba/summary.json
BETA_SSVEP_wsn_within_subject_linear_downsample,BETA_SSVEP_wsn,within_subject,seed_10_downsample_t40,10,femba,0.04061827901361271,0.025,balanced_chance,Unknown,Unknown,Unknown,,/benchmark-eeg/5.0_version/result_5/linear_downsample/BETA_SSVEP_wsn_within_subject_linear_downsample/seed_10_downsample_t40/ratio_full/femba/summary.json
BETA_SSVEP_wsn_within_subject_linear_downsample,BETA_SSVEP_wsn,within_subject,seed_10_downsample_t40,10,labram,0.024001043512808583,0.025,balanced_chance,Unknown,Unknown,Unknown,,/benchmark-eeg/5.0_version/result_5/linear_downsample/BETA_SSVEP_wsn_within_subject_linear_downsample/seed_10_downsample_t40/ratio_full/labram/summary.json
BETA_SSVEP_wsn_within_subject_linear_downsample,BETA_SSVEP_wsn,within_subject,seed_10_downsample_t40,10,neurogpt,0.0248015709336036,0.025,balanced_chance,Unknown,Unknown,Unknown,,/benchmark-eeg/5.0_version/result_5/linear_downsample/BETA_SSVEP_wsn_within_subject_linear_downsample/seed_10_downsample_t40/ratio_full/neurogpt/summary.json
BETA_SSVEP_wsn_within_subject_linear_downsample,BETA_SSVEP_wsn,within_subject,seed_10_downsample_t40,10,neurolm,0.03361634166188386,0.025,balanced_chance,Unknown,Unknown,Unknown,,/benchmark-eeg/5.0_version/result_5/linear_downsample/BETA_SSVEP_wsn_within_subject_linear_downsample/seed_10_downsample_t40/ratio_full/neurolm/summary.json
BETA_SSVEP_wsn_within_subject_linear_downsample,BETA_SSVEP_wsn,within_subject,seed_10_downsample_t40,10,reve,0.04484842893312308,0.025,balanced_chance,Unknown,Unknown,Unknown,,/benchmark-eeg/5.0_version/result_5/linear_downsample/BETA_SSVEP_wsn_within_subject_linear_downsample/seed_10_downsample_t40/ratio_full/reve/summary.json
BETA_SSVEP_wsn_within_subject_linear_downsample,BETA_SSVEP_wsn,within_subject,seed_42_downsample_t40,42,bendr,0.028016388420000947,0.025,balanced_chance,Unknown,Unknown,Unknown,,/benchmark-eeg/5.0_version/result_5/linear_downsample/BETA_SSVEP_wsn_within_subject_linear_downsample/seed_42_downsample_t40/ratio_full/bendr/summary.json
BETA_SSVEP_wsn_within_subject_linear_downsample,BETA_SSVEP_wsn,within_subject,seed_42_downsample_t40,42,biot,0.0284478701248151,0.025,balanced_chance,Unknown,Unknown,Unknown,,/benchmark-eeg/5.0_version/result_5/linear_downsample/BETA_SSVEP_wsn_within_subject_linear_downsample/seed_42_downsample_t40/ratio_full/biot/summary.json
BETA_SSVEP_wsn_within_subject_linear_downsample,BETA_SSVEP_wsn,within_subject,seed_42_downsample_t40,42,brainomni,0.0354777238201409,0.025,balanced_chance,Unknown,Unknown,Unknown,,/benchmark-eeg/5.0_version/result_5/linear_downsample/BETA_SSVEP_wsn_within_subject_linear_downsample/seed_42_downsample_t40/ratio_full/brainomni/summary.json
BETA_SSVEP_wsn_within_subject_linear_downsample,BETA_SSVEP_wsn,within_subject,seed_42_downsample_t40,42,cbramod,0.030532212885154064,0.025,balanced_chance,Unknown,Unknown,Unknown,,/benchmark-eeg/5.0_version/result_5/linear_downsample/BETA_SSVEP_wsn_within_subject_linear_downsample/seed_42_downsample_t40/ratio_full/cbramod/summary.json
BETA_SSVEP_wsn_within_subject_linear_downsample,BETA_SSVEP_wsn,within_subject,seed_42_downsample_t40,42,eegmamba,0.022782854972855798,0.025,balanced_chance,Unknown,Unknown,Unknown,,/benchmark-eeg/5.0_version/result_5/linear_downsample/BETA_SSVEP_wsn_within_subject_linear_downsample/seed_42_downsample_t40/ratio_full/eegmamba/summary.json
BETA_SSVEP_wsn_within_subject_linear_downsample,BETA_SSVEP_wsn,within_subject,seed_42_downsample_t40,42,femba,0.05072149162164889,0.025,balanced_chance,Unknown,Unknown,Unknown,,/benchmark-eeg/5.0_version/result_5/linear_downsample/BETA_SSVEP_wsn_within_subject_linear_downsample/seed_42_downsample_t40/ratio_full/femba/summary.json
BETA_SSVEP_wsn_within_subject_linear_downsample,BETA_SSVEP_wsn,within_subject,seed_42_downsample_t40,42,labram,0.02363035198603731,0.025,balanced_chance,Unknown,Unknown,Unknown,,/benchmark-eeg/5.0_version/result_5/linear_downsample/BETA_SSVEP_wsn_within_subject_linear_downsample/seed_42_downsample_t40/ratio_full/labram/summary.json
BETA_SSVEP_wsn_within_subject_linear_downsample,BETA_SSVEP_wsn,within_subject,seed_42_downsample_t40,42,neurogpt,0.030488239313418753,0.025,balanced_chance,Unknown,Unknown,Unknown,,/benchmark-eeg/5.0_version/result_5/linear_downsample/BETA_SSVEP_wsn_within_subject_linear_downsample/seed_42_downsample_t40/ratio_full/neurogpt/summary.json
BETA_SSVEP_wsn_within_subject_linear_downsample,BETA_SSVEP_wsn,within_subject,seed_42_downsample_t40,42,neurolm,0.028525387631064787,0.025,balanced_chance,Unknown,Unknown,Unknown,,/benchmark-eeg/5.0_version/result_5/linear_downsample/BETA_SSVEP_wsn_within_subject_linear_downsample/seed_42_downsample_t40/ratio_full/neurolm/summary.json
BETA_SSVEP_wsn_within_subject_linear_downsample,BETA_SSVEP_wsn,within_subject,seed_42_downsample_t40,42,reve,0.0373343401547502,0.025,balanced_chance,Unknown,Unknown,Unknown,,/benchmark-eeg/5.0_version/result_5/linear_downsample/BETA_SSVEP_wsn_within_subject_linear_downsample/seed_42_downsample_t40/ratio_full/reve/summary.json
BETA_SSVEP_wsn_within_subject_linear_downsample,BETA_SSVEP_wsn,within_subject,seed_5_downsample_t40,5,bendr,0.03414507200063846,0.025,balanced_chance,Unknown,Unknown,Unknown,,/benchmark-eeg/5.0_version/result_5/linear_downsample/BETA_SSVEP_wsn_within_subject_linear_downsample/seed_5_downsample_t40/ratio_full/bendr/summary.json
BETA_SSVEP_wsn_within_subject_linear_downsample,BETA_SSVEP_wsn,within_subject,seed_5_downsample_t40,5,biot,0.03523394885416283,0.025,balanced_chance,Unknown,Unknown,Unknown,,/benchmark-eeg/5.0_version/result_5/linear_downsample/BETA_SSVEP_wsn_within_subject_linear_downsample/seed_5_downsample_t40/ratio_full/biot/summary.json
BETA_SSVEP_wsn_within_subject_linear_downsample,BETA_SSVEP_wsn,within_subject,seed_5_downsample_t40,5,brainomni,0.03580314829407388,0.025,balanced_chance,Unknown,Unknown,Unknown,,/benchmark-eeg/5.0_version/result_5/linear_downsample/BETA_SSVEP_wsn_within_subject_linear_downsample/seed_5_downsample_t40/ratio_full/brainomni/summary.json
BETA_SSVEP_wsn_within_subject_linear_downsample,BETA_SSVEP_wsn,within_subject,seed_5_downsample_t40,5,cbramod,0.0276047278175326,0.025,balanced_chance,Unknown,Unknown,Unknown,,/benchmark-eeg/5.0_version/result_5/linear_downsample/BETA_SSVEP_wsn_within_subject_linear_downsample/seed_5_downsample_t40/ratio_full/cbramod/summary.json
BETA_SSVEP_wsn_within_subject_linear_downsample,BETA_SSVEP_wsn,within_subject,seed_5_downsample_t40,5,eegmamba,0.023132947307521204,0.025,balanced_chance,Unknown,Unknown,Unknown,,/benchmark-eeg/5.0_version/result_5/linear_downsample/BETA_SSVEP_wsn_within_subject_linear_downsample/seed_5_downsample_t40/ratio_full/eegmamba/summary.json
BETA_SSVEP_wsn_within_subject_linear_downsample,BETA_SSVEP_wsn,within_subject,seed_5_downsample_t40,5,femba,0.03640071998318861,0.025,balanced_chance,Unknown,Unknown,Unknown,,/benchmark-eeg/5.0_version/result_5/linear_downsample/BETA_SSVEP_wsn_within_subject_linear_downsample/seed_5_downsample_t40/ratio_full/femba/summary.json
BETA_SSVEP_wsn_within_subject_linear_downsample,BETA_SSVEP_wsn,within_subject,seed_5_downsample_t40,5,labram,0.026582507775152375,0.025,balanced_chance,Unknown,Unknown,Unknown,,/benchmark-eeg/5.0_version/result_5/linear_downsample/BETA_SSVEP_wsn_within_subject_linear_downsample/seed_5_downsample_t40/ratio_full/labram/summary.json
BETA_SSVEP_wsn_within_subject_linear_downsample,BETA_SSVEP_wsn,within_subject,seed_5_downsample_t40,5,neurogpt,0.030202175697865354,0.025,balanced_chance,Unknown,Unknown,Unknown,,/benchmark-eeg/5.0_version/result_5/linear_downsample/BETA_SSVEP_wsn_within_subject_linear_downsample/seed_5_downsample_t40/ratio_full/neurogpt/summary.json
BETA_SSVEP_wsn_within_subject_linear_downsample,BETA_SSVEP_wsn,within_subject,seed_5_downsample_t40,5,neurolm,0.01888983968608259,0.025,balanced_chance,Unknown,Unknown,Unknown,,/benchmark-eeg/5.0_version/result_5/linear_downsample/BETA_SSVEP_wsn_within_subject_linear_downsample/seed_5_downsample_t40/ratio_full/neurolm/summary.json
BETA_SSVEP_wsn_within_subject_linear_downsample,BETA_SSVEP_wsn,within_subject,seed_5_downsample_t40,5,reve,0.03578173148407436,0.025,balanced_chance,Unknown,Unknown,Unknown,,/benchmark-eeg/5.0_version/result_5/linear_downsample/BETA_SSVEP_wsn_within_subject_linear_downsample/seed_5_downsample_t40/ratio_full/reve/summary.json
BenchmarkSSVEP_cross_subject_linear_downsample,BenchmarkSSVEP,cross_subject,seed_10_downsample_t40,10,bendr,0.025,0.025,balanced_chance,Unknown,Unknown,Unknown,,/benchmark-eeg/5.0_version/result_5/linear_downsample/BenchmarkSSVEP_cross_subject_linear_downsample/seed_10_downsample_t40/ratio_full/bendr/summary.json
BenchmarkSSVEP_cross_subject_linear_downsample,BenchmarkSSVEP,cross_subject,seed_10_downsample_t40,10,biot,0.09027777777777778,0.025,balanced_chance,Unknown,Unknown,Unknown,,/benchmark-eeg/5.0_version/result_5/linear_downsample/BenchmarkSSVEP_cross_subject_linear_downsample/seed_10_downsample_t40/ratio_full/biot/summary.json
BenchmarkSSVEP_cross_subject_linear_downsample,BenchmarkSSVEP,cross_subject,seed_10_downsample_t40,10,brainomni,0.10694444444444444,0.025,balanced_chance,Unknown,Unknown,Unknown,,/benchmark-eeg/5.0_version/result_5/linear_downsample/BenchmarkSSVEP_cross_subject_linear_downsample/seed_10_downsample_t40/ratio_full/brainomni/summary.json
BenchmarkSSVEP_cross_subject_linear_downsample,BenchmarkSSVEP,cross_subject,seed_10_downsample_t40,10,cbramod,0.5680555555555555,0.025,balanced_chance,Unknown,Unknown,Unknown,,/benchmark-eeg/5.0_version/result_5/linear_downsample/BenchmarkSSVEP_cross_subject_linear_downsample/seed_10_downsample_t40/ratio_full/cbramod/summary.json
BenchmarkSSVEP_cross_subject_linear_downsample,BenchmarkSSVEP,cross_subject,seed_10_downsample_t40,10,eegmamba,0.026388888888888885,0.025,balanced_chance,Unknown,Unknown,Unknown,,/benchmark-eeg/5.0_version/result_5/linear_downsample/BenchmarkSSVEP_cross_subject_linear_downsample/seed_10_downsample_t40/ratio_full/eegmamba/summary.json
BenchmarkSSVEP_cross_subject_linear_downsample,BenchmarkSSVEP,cross_subject,seed_10_downsample_t40,10,femba,0.05972222222222222,0.025,balanced_chance,Unknown,Unknown,Unknown,,/benchmark-eeg/5.0_version/result_5/linear_downsample/BenchmarkSSVEP_cross_subject_linear_downsample/seed_10_downsample_t40/ratio_full/femba/summary.json
BenchmarkSSVEP_cross_subject_linear_downsample,BenchmarkSSVEP,cross_subject,seed_10_downsample_t40,10,labram,0.03611111111111111,0.025,balanced_chance,Unknown,Unknown,Unknown,,/benchmark-eeg/5.0_version/result_5/linear_downsample/BenchmarkSSVEP_cross_subject_linear_downsample/seed_10_downsample_t40/ratio_full/labram/summary.json
BenchmarkSSVEP_cross_subject_linear_downsample,BenchmarkSSVEP,cross_subject,seed_10_downsample_t40,10,neurogpt,0.020833333333333336,0.025,balanced_chance,Unknown,Unknown,Unknown,,/benchmark-eeg/5.0_version/result_5/linear_downsample/BenchmarkSSVEP_cross_subject_linear_downsample/seed_10_downsample_t40/ratio_full/neurogpt/summary.json
BenchmarkSSVEP_cross_subject_linear_downsample,BenchmarkSSVEP,cross_subject,seed_10_downsample_t40,10,neurolm,0.034722222222222224,0.025,balanced_chance,Unknown,Unknown,Unknown,,/benchmark-eeg/5.0_version/result_5/linear_downsample/BenchmarkSSVEP_cross_subject_linear_downsample/seed_10_downsample_t40/ratio_full/neurolm/summary.json
BenchmarkSSVEP_cross_subject_linear_downsample,BenchmarkSSVEP,cross_subject,seed_10_downsample_t40,10,reve_new,0.09166666666666667,0.025,balanced_chance,Unknown,Unknown,Unknown,,/benchmark-eeg/5.0_version/result_5/linear_downsample/BenchmarkSSVEP_cross_subject_linear_downsample/seed_10_downsample_t40/ratio_full/reve_new/summary.json
BenchmarkSSVEP_cross_subject_linear_downsample,BenchmarkSSVEP,cross_subject,seed_42_downsample_t40,42,bendr,0.025,0.025,balanced_chance,Unknown,Unknown,Unknown,,/benchmark-eeg/5.0_version/result_5/linear_downsample/BenchmarkSSVEP_cross_subject_linear_downsample/seed_42_downsample_t40/ratio_full/bendr/summary.json
BenchmarkSSVEP_cross_subject_linear_downsample,BenchmarkSSVEP,cross_subject,seed_42_downsample_t40,42,biot,0.04444444444444444,0.025,balanced_chance,Unknown,Unknown,Unknown,,/benchmark-eeg/5.0_version/result_5/linear_downsample/BenchmarkSSVEP_cross_subject_linear_downsample/seed_42_downsample_t40/ratio_full/biot/summary.json
BenchmarkSSVEP_cross_subject_linear_downsample,BenchmarkSSVEP,cross_subject,seed_42_downsample_t40,42,brainomni,0.06805555555555555,0.025,balanced_chance,Unknown,Unknown,Unknown,,/benchmark-eeg/5.0_version/result_5/linear_downsample/BenchmarkSSVEP_cross_subject_linear_downsample/seed_42_downsample_t40/ratio_full/brainomni/summary.json
BenchmarkSSVEP_cross_subject_linear_downsample,BenchmarkSSVEP,cross_subject,seed_42_downsample_t40,42,cbramod,0.37916666666666665,0.025,balanced_chance,Unknown,Unknown,Unknown,,/benchmark-eeg/5.0_version/result_5/linear_downsample/BenchmarkSSVEP_cross_subject_linear_downsample/seed_42_downsample_t40/ratio_full/cbramod/summary.json
BenchmarkSSVEP_cross_subject_linear_downsample,BenchmarkSSVEP,cross_subject,seed_42_downsample_t40,42,eegmamba,0.04027777777777778,0.025,balanced_chance,Unknown,Unknown,Unknown,,/benchmark-eeg/5.0_version/result_5/linear_downsample/BenchmarkSSVEP_cross_subject_linear_downsample/seed_42_downsample_t40/ratio_full/eegmamba/summary.json
BenchmarkSSVEP_cross_subject_linear_downsample,BenchmarkSSVEP,cross_subject,seed_42_downsample_t40,42,femba,0.05416666666666666,0.025,balanced_chance,Unknown,Unknown,Unknown,,/benchmark-eeg/5.0_version/result_5/linear_downsample/BenchmarkSSVEP_cross_subject_linear_downsample/seed_42_downsample_t40/ratio_full/femba/summary.json
BenchmarkSSVEP_cross_subject_linear_downsample,BenchmarkSSVEP,cross_subject,seed_42_downsample_t40,42,labram,0.03333333333333333,0.025,balanced_chance,Unknown,Unknown,Unknown,,/benchmark-eeg/5.0_version/result_5/linear_downsample/BenchmarkSSVEP_cross_subject_linear_downsample/seed_42_downsample_t40/ratio_full/labram/summary.json
BenchmarkSSVEP_cross_subject_linear_downsample,BenchmarkSSVEP,cross_subject,seed_42_downsample_t40,42,neurogpt,0.025,0.025,balanced_chance,Unknown,Unknown,Unknown,,/benchmark-eeg/5.0_version/result_5/linear_downsample/BenchmarkSSVEP_cross_subject_linear_downsample/seed_42_downsample_t40/ratio_full/neurogpt/summary.json
BenchmarkSSVEP_cross_subject_linear_downsample,BenchmarkSSVEP,cross_subject,seed_42_downsample_t40,42,neurolm,0.029166666666666667,0.025,balanced_chance,Unknown,Unknown,Unknown,,/benchmark-eeg/5.0_version/result_5/linear_downsample/BenchmarkSSVEP_cross_subject_linear_downsample/seed_42_downsample_t40/ratio_full/neurolm/summary.json
BenchmarkSSVEP_cross_subject_linear_downsample,BenchmarkSSVEP,cross_subject,seed_42_downsample_t40,42,reve_new,0.07083333333333333,0.025,balanced_chance,Unknown,Unknown,Unknown,,/benchmark-eeg/5.0_version/result_5/linear_downsample/BenchmarkSSVEP_cross_subject_linear_downsample/seed_42_downsample_t40/ratio_full/reve_new/summary.json
BenchmarkSSVEP_cross_subject_linear_downsample,BenchmarkSSVEP,cross_subject,seed_5_downsample_t40,5,bendr,0.025,0.025,balanced_chance,Unknown,Unknown,Unknown,,/benchmark-eeg/5.0_version/result_5/linear_downsample/BenchmarkSSVEP_cross_subject_linear_downsample/seed_5_downsample_t40/ratio_full/bendr/summary.json
BenchmarkSSVEP_cross_subject_linear_downsample,BenchmarkSSVEP,cross_subject,seed_5_downsample_t40,5,biot,0.05972222222222222,0.025,balanced_chance,Unknown,Unknown,Unknown,,/benchmark-eeg/5.0_version/result_5/linear_downsample/BenchmarkSSVEP_cross_subject_linear_downsample/seed_5_downsample_t40/ratio_full/biot/summary.json
BenchmarkSSVEP_cross_subject_linear_downsample,BenchmarkSSVEP,cross_subject,seed_5_downsample_t40,5,brainomni,0.058333333333333334,0.025,balanced_chance,Unknown,Unknown,Unknown,,/benchmark-eeg/5.0_version/result_5/linear_downsample/BenchmarkSSVEP_cross_subject_linear_downsample/seed_5_downsample_t40/ratio_full/brainomni/summary.json
BenchmarkSSVEP_cross_subject_linear_downsample,BenchmarkSSVEP,cross_subject,seed_5_downsample_t40,5,cbramod,0.32916666666666666,0.025,balanced_chance,Unknown,Unknown,Unknown,,/benchmark-eeg/5.0_version/result_5/linear_downsample/BenchmarkSSVEP_cross_subject_linear_downsample/seed_5_downsample_t40/ratio_full/cbramod/summary.json
BenchmarkSSVEP_cross_subject_linear_downsample,BenchmarkSSVEP,cross_subject,seed_5_downsample_t40,5,eegmamba,0.03333333333333334,0.025,balanced_chance,Unknown,Unknown,Unknown,,/benchmark-eeg/5.0_version/result_5/linear_downsample/BenchmarkSSVEP_cross_subject_linear_downsample/seed_5_downsample_t40/ratio_full/eegmamba/summary.json
BenchmarkSSVEP_cross_subject_linear_downsample,BenchmarkSSVEP,cross_subject,seed_5_downsample_t40,5,femba,0.03888888888888889,0.025,balanced_chance,Unknown,Unknown,Unknown,,/benchmark-eeg/5.0_version/result_5/linear_downsample/BenchmarkSSVEP_cross_subject_linear_downsample/seed_5_downsample_t40/ratio_full/femba/summary.json
BenchmarkSSVEP_cross_subject_linear_downsample,BenchmarkSSVEP,cross_subject,seed_5_downsample_t40,5,labram,0.029166666666666664,0.025,balanced_chance,Unknown,Unknown,Unknown,,/benchmark-eeg/5.0_version/result_5/linear_downsample/BenchmarkSSVEP_cross_subject_linear_downsample/seed_5_downsample_t40/ratio_full/labram/summary.json
BenchmarkSSVEP_cross_subject_linear_downsample,BenchmarkSSVEP,cross_subject,seed_5_downsample_t40,5,neurogpt,0.03333333333333334,0.025,balanced_chance,Unknown,Unknown,Unknown,,/benchmark-eeg/5.0_version/result_5/linear_downsample/BenchmarkSSVEP_cross_subject_linear_downsample/seed_5_downsample_t40/ratio_full/neurogpt/summary.json
BenchmarkSSVEP_cross_subject_linear_downsample,BenchmarkSSVEP,cross_subject,seed_5_downsample_t40,5,neurolm,0.03333333333333333,0.025,balanced_chance,Unknown,Unknown,Unknown,,/benchmark-eeg/5.0_version/result_5/linear_downsample/BenchmarkSSVEP_cross_subject_linear_downsample/seed_5_downsample_t40/ratio_full/neurolm/summary.json
BenchmarkSSVEP_cross_subject_linear_downsample,BenchmarkSSVEP,cross_subject,seed_5_downsample_t40,5,reve_new,0.058333333333333334,0.025,balanced_chance,Unknown,Unknown,Unknown,,/benchmark-eeg/5.0_version/result_5/linear_downsample/BenchmarkSSVEP_cross_subject_linear_downsample/seed_5_downsample_t40/ratio_full/reve_new/summary.json
Broderick_CP_cross_subject_linear_downsample,Broderick_CP,cross_subject,seed_10_downsample_t40,10,bendr,0.5021553270639776,0.5,balanced_chance,Unknown,Unknown,Unknown,,/benchmark-eeg/5.0_version/result_5/linear_downsample/Broderick_CP_cross_subject_linear_downsample/seed_10_downsample_t40/ratio_full/bendr/summary.json
Broderick_CP_cross_subject_linear_downsample,Broderick_CP,cross_subject,seed_10_downsample_t40,10,biot,0.6014207549663871,0.5,balanced_chance,Unknown,Unknown,Unknown,,/benchmark-eeg/5.0_version/result_5/linear_downsample/Broderick_CP_cross_subject_linear_downsample/seed_10_downsample_t40/ratio_full/biot/summary.json
Broderick_CP_cross_subject_linear_downsample,Broderick_CP,cross_subject,seed_10_downsample_t40,10,brainomni,0.5772275568396404,0.5,balanced_chance,Unknown,Unknown,Unknown,,/benchmark-eeg/5.0_version/result_5/linear_downsample/Broderick_CP_cross_subject_linear_downsample/seed_10_downsample_t40/ratio_full/brainomni/summary.json
Broderick_CP_cross_subject_linear_downsample,Broderick_CP,cross_subject,seed_10_downsample_t40,10,cbramod,0.541142882770602,0.5,balanced_chance,Unknown,Unknown,Unknown,,/benchmark-eeg/5.0_version/result_5/linear_downsample/Broderick_CP_cross_subject_linear_downsample/seed_10_downsample_t40/ratio_full/cbramod/summary.json
Broderick_CP_cross_subject_linear_downsample,Broderick_CP,cross_subject,seed_10_downsample_t40,10,eegmamba,0.5183596995619004,0.5,balanced_chance,Unknown,Unknown,Unknown,,/benchmark-eeg/5.0_version/result_5/linear_downsample/Broderick_CP_cross_subject_linear_downsample/seed_10_downsample_t40/ratio_full/eegmamba/summary.json
Broderick_CP_cross_subject_linear_downsample,Broderick_CP,cross_subject,seed_10_downsample_t40,10,femba,0.5741831662134602,0.5,balanced_chance,Unknown,Unknown,Unknown,,/benchmark-eeg/5.0_version/result_5/linear_downsample/Broderick_CP_cross_subject_linear_downsample/seed_10_downsample_t40/ratio_full/femba/summary.json
Broderick_CP_cross_subject_linear_downsample,Broderick_CP,cross_subject,seed_10_downsample_t40,10,labram,0.5972121903089357,0.5,balanced_chance,Unknown,Unknown,Unknown,,/benchmark-eeg/5.0_version/result_5/linear_downsample/Broderick_CP_cross_subject_linear_downsample/seed_10_downsample_t40/ratio_full/labram/summary.json
Broderick_CP_cross_subject_linear_downsample,Broderick_CP,cross_subject,seed_10_downsample_t40,10,neurogpt,0.5067596211949543,0.5,balanced_chance,Unknown,Unknown,Unknown,,/benchmark-eeg/5.0_version/result_5/linear_downsample/Broderick_CP_cross_subject_linear_downsample/seed_10_downsample_t40/ratio_full/neurogpt/summary.json
Broderick_CP_cross_subject_linear_downsample,Broderick_CP,cross_subject,seed_10_downsample_t40,10,neurolm,0.5347643562580255,0.5,balanced_chance,Unknown,Unknown,Unknown,,/benchmark-eeg/5.0_version/result_5/linear_downsample/Broderick_CP_cross_subject_linear_downsample/seed_10_downsample_t40/ratio_full/neurolm/summary.json
Broderick_CP_cross_subject_linear_downsample,Broderick_CP,cross_subject,seed_10_downsample_t40,10,reve,0.4951045443386963,0.5,balanced_chance,Unknown,Unknown,Unknown,,/benchmark-eeg/5.0_version/result_5/linear_downsample/Broderick_CP_cross_subject_linear_downsample/seed_10_downsample_t40/ratio_full/reve/summary.json
Broderick_CP_cross_subject_linear_downsample,Broderick_CP,cross_subject,seed_42_downsample_t40,42,bendr,0.49769785293451163,0.5,balanced_chance,Unknown,Unknown,Unknown,,/benchmark-eeg/5.0_version/result_5/linear_downsample/Broderick_CP_cross_subject_linear_downsample/seed_42_downsample_t40/ratio_full/bendr/summary.json
Broderick_CP_cross_subject_linear_downsample,Broderick_CP,cross_subject,seed_42_downsample_t40,42,biot,0.6026347344965632,0.5,balanced_chance,Unknown,Unknown,Unknown,,/benchmark-eeg/5.0_version/result_5/linear_downsample/Broderick_CP_cross_subject_linear_downsample/seed_42_downsample_t40/ratio_full/biot/summary.json
Broderick_CP_cross_subject_linear_downsample,Broderick_CP,cross_subject,seed_42_downsample_t40,42,brainomni,0.5977632374046378,0.5,balanced_chance,Unknown,Unknown,Unknown,,/benchmark-eeg/5.0_version/result_5/linear_downsample/Broderick_CP_cross_subject_linear_downsample/seed_42_downsample_t40/ratio_full/brainomni/summary.json
Broderick_CP_cross_subject_linear_downsample,Broderick_CP,cross_subject,seed_42_downsample_t40,42,cbramod,0.5285056225923408,0.5,balanced_chance,Unknown,Unknown,Unknown,,/benchmark-eeg/5.0_version/result_5/linear_downsample/Broderick_CP_cross_subject_linear_downsample/seed_42_downsample_t40/ratio_full/cbramod/summary.json
Broderick_CP_cross_subject_linear_downsample,Broderick_CP,cross_subject,seed_42_downsample_t40,42,eegmamba,0.5059138718936476,0.5,balanced_chance,Unknown,Unknown,Unknown,,/benchmark-eeg/5.0_version/result_5/linear_downsample/Broderick_CP_cross_subject_linear_downsample/seed_42_downsample_t40/ratio_full/eegmamba/summary.json
Broderick_CP_cross_subject_linear_downsample,Broderick_CP,cross_subject,seed_42_downsample_t40,42,femba,0.5913595720975904,0.5,balanced_chance,Unknown,Unknown,Unknown,,/benchmark-eeg/5.0_version/result_5/linear_downsample/Broderick_CP_cross_subject_linear_downsample/seed_42_downsample_t40/ratio_full/femba/summary.json
Broderick_CP_cross_subject_linear_downsample,Broderick_CP,cross_subject,seed_42_downsample_t40,42,labram,0.6067564345872045,0.5,balanced_chance,Unknown,Unknown,Unknown,,/benchmark-eeg/5.0_version/result_5/linear_downsample/Broderick_CP_cross_subject_linear_downsample/seed_42_downsample_t40/ratio_full/labram/summary.json
Broderick_CP_cross_subject_linear_downsample,Broderick_CP,cross_subject,seed_42_downsample_t40,42,neurogpt,0.5321014143817508,0.5,balanced_chance,Unknown,Unknown,Unknown,,/benchmark-eeg/5.0_version/result_5/linear_downsample/Broderick_CP_cross_subject_linear_downsample/seed_42_downsample_t40/ratio_full/neurogpt/summary.json
Broderick_CP_cross_subject_linear_downsample,Broderick_CP,cross_subject,seed_42_downsample_t40,42,neurolm,0.5293811135659794,0.5,balanced_chance,Unknown,Unknown,Unknown,,/benchmark-eeg/5.0_version/result_5/linear_downsample/Broderick_CP_cross_subject_linear_downsample/seed_42_downsample_t40/ratio_full/neurolm/summary.json
Broderick_CP_cross_subject_linear_downsample,Broderick_CP,cross_subject,seed_42_downsample_t40,42,reve,0.4949349459928998,0.5,balanced_chance,Unknown,Unknown,Unknown,,/benchmark-eeg/5.0_version/result_5/linear_downsample/Broderick_CP_cross_subject_linear_downsample/seed_42_downsample_t40/ratio_full/reve/summary.json
Broderick_CP_cross_subject_linear_downsample,Broderick_CP,cross_subject,seed_5_downsample_t40,5,bendr,0.5031627672029609,0.5,balanced_chance,Unknown,Unknown,Unknown,,/benchmark-eeg/5.0_version/result_5/linear_downsample/Broderick_CP_cross_subject_linear_downsample/seed_5_downsample_t40/ratio_full/bendr/summary.json
Broderick_CP_cross_subject_linear_downsample,Broderick_CP,cross_subject,seed_5_downsample_t40,5,biot,0.621646862489614,0.5,balanced_chance,Unknown,Unknown,Unknown,,/benchmark-eeg/5.0_version/result_5/linear_downsample/Broderick_CP_cross_subject_linear_downsample/seed_5_downsample_t40/ratio_full/biot/summary.json
Broderick_CP_cross_subject_linear_downsample,Broderick_CP,cross_subject,seed_5_downsample_t40,5,brainomni,0.5693169801344512,0.5,balanced_chance,Unknown,Unknown,Unknown,,/benchmark-eeg/5.0_version/result_5/linear_downsample/Broderick_CP_cross_subject_linear_downsample/seed_5_downsample_t40/ratio_full/brainomni/summary.json
Broderick_CP_cross_subject_linear_downsample,Broderick_CP,cross_subject,seed_5_downsample_t40,5,cbramod,0.5657132808369212,0.5,balanced_chance,Unknown,Unknown,Unknown,,/benchmark-eeg/5.0_version/result_5/linear_downsample/Broderick_CP_cross_subject_linear_downsample/seed_5_downsample_t40/ratio_full/cbramod/summary.json
Broderick_CP_cross_subject_linear_downsample,Broderick_CP,cross_subject,seed_5_downsample_t40,5,eegmamba,0.5092624065261726,0.5,balanced_chance,Unknown,Unknown,Unknown,,/benchmark-eeg/5.0_version/result_5/linear_downsample/Broderick_CP_cross_subject_linear_downsample/seed_5_downsample_t40/ratio_full/eegmamba/summary.json
Broderick_CP_cross_subject_linear_downsample,Broderick_CP,cross_subject,seed_5_downsample_t40,5,femba,0.5826973100309691,0.5,balanced_chance,Unknown,Unknown,Unknown,,/benchmark-eeg/5.0_version/result_5/linear_downsample/Broderick_CP_cross_subject_linear_downsample/seed_5_downsample_t40/ratio_full/femba/summary.json
Broderick_CP_cross_subject_linear_downsample,Broderick_CP,cross_subject,seed_5_downsample_t40,5,labram,0.5978969569076215,0.5,balanced_chance,Unknown,Unknown,Unknown,,/benchmark-eeg/5.0_version/result_5/linear_downsample/Broderick_CP_cross_subject_linear_downsample/seed_5_downsample_t40/ratio_full/labram/summary.json
Broderick_CP_cross_subject_linear_downsample,Broderick_CP,cross_subject,seed_5_downsample_t40,5,neurogpt,0.5127932859354936,0.5,balanced_chance,Unknown,Unknown,Unknown,,/benchmark-eeg/5.0_version/result_5/linear_downsample/Broderick_CP_cross_subject_linear_downsample/seed_5_downsample_t40/ratio_full/neurogpt/summary.json
Broderick_CP_cross_subject_linear_downsample,Broderick_CP,cross_subject,seed_5_downsample_t40,5,neurolm,0.5558414060729662,0.5,balanced_chance,Unknown,Unknown,Unknown,,/benchmark-eeg/5.0_version/result_5/linear_downsample/Broderick_CP_cross_subject_linear_downsample/seed_5_downsample_t40/ratio_full/neurolm/summary.json
Broderick_CP_cross_subject_linear_downsample,Broderick_CP,cross_subject,seed_5_downsample_t40,5,reve,0.5080333201148123,0.5,balanced_chance,Unknown,Unknown,Unknown,,/benchmark-eeg/5.0_version/result_5/linear_downsample/Broderick_CP_cross_subject_linear_downsample/seed_5_downsample_t40/ratio_full/reve/summary.json
Broderick_CP_within_subject_linear_downsample,Broderick_CP,within_subject,seed_10_downsample_t40,10,bendr,0.5021553270639776,0.5,balanced_chance,Unknown,Unknown,Unknown,,/benchmark-eeg/5.0_version/result_5/linear_downsample/Broderick_CP_within_subject_linear_downsample/seed_10_downsample_t40/ratio_full/bendr/summary.json
Broderick_CP_within_subject_linear_downsample,Broderick_CP,within_subject,seed_10_downsample_t40,10,biot,0.6014207549663871,0.5,balanced_chance,Unknown,Unknown,Unknown,,/benchmark-eeg/5.0_version/result_5/linear_downsample/Broderick_CP_within_subject_linear_downsample/seed_10_downsample_t40/ratio_full/biot/summary.json
Broderick_CP_within_subject_linear_downsample,Broderick_CP,within_subject,seed_10_downsample_t40,10,brainomni,0.5772275568396404,0.5,balanced_chance,Unknown,Unknown,Unknown,,/benchmark-eeg/5.0_version/result_5/linear_downsample/Broderick_CP_within_subject_linear_downsample/seed_10_downsample_t40/ratio_full/brainomni/summary.json
Broderick_CP_within_subject_linear_downsample,Broderick_CP,within_subject,seed_10_downsample_t40,10,cbramod,0.541142882770602,0.5,balanced_chance,Unknown,Unknown,Unknown,,/benchmark-eeg/5.0_version/result_5/linear_downsample/Broderick_CP_within_subject_linear_downsample/seed_10_downsample_t40/ratio_full/cbramod/summary.json
Broderick_CP_within_subject_linear_downsample,Broderick_CP,within_subject,seed_10_downsample_t40,10,eegmamba,0.5183596995619004,0.5,balanced_chance,Unknown,Unknown,Unknown,,/benchmark-eeg/5.0_version/result_5/linear_downsample/Broderick_CP_within_subject_linear_downsample/seed_10_downsample_t40/ratio_full/eegmamba/summary.json
Broderick_CP_within_subject_linear_downsample,Broderick_CP,within_subject,seed_10_downsample_t40,10,femba,0.5741831662134602,0.5,balanced_chance,Unknown,Unknown,Unknown,,/benchmark-eeg/5.0_version/result_5/linear_downsample/Broderick_CP_within_subject_linear_downsample/seed_10_downsample_t40/ratio_full/femba/summary.json
Broderick_CP_within_subject_linear_downsample,Broderick_CP,within_subject,seed_10_downsample_t40,10,labram,0.5972121903089357,0.5,balanced_chance,Unknown,Unknown,Unknown,,/benchmark-eeg/5.0_version/result_5/linear_downsample/Broderick_CP_within_subject_linear_downsample/seed_10_downsample_t40/ratio_full/labram/summary.json
Broderick_CP_within_subject_linear_downsample,Broderick_CP,within_subject,seed_10_downsample_t40,10,neurogpt,0.5067596211949543,0.5,balanced_chance,Unknown,Unknown,Unknown,,/benchmark-eeg/5.0_version/result_5/linear_downsample/Broderick_CP_within_subject_linear_downsample/seed_10_downsample_t40/ratio_full/neurogpt/summary.json
Broderick_CP_within_subject_linear_downsample,Broderick_CP,within_subject,seed_10_downsample_t40,10,neurolm,0.5347643562580255,0.5,balanced_chance,Unknown,Unknown,Unknown,,/benchmark-eeg/5.0_version/result_5/linear_downsample/Broderick_CP_within_subject_linear_downsample/seed_10_downsample_t40/ratio_full/neurolm/summary.json
Broderick_CP_within_subject_linear_downsample,Broderick_CP,within_subject,seed_10_downsample_t40,10,reve,0.4951045443386963,0.5,balanced_chance,Unknown,Unknown,Unknown,,/benchmark-eeg/5.0_version/result_5/linear_downsample/Broderick_CP_within_subject_linear_downsample/seed_10_downsample_t40/ratio_full/reve/summary.json
Broderick_CP_within_subject_linear_downsample,Broderick_CP,within_subject,seed_42_downsample_t40,42,bendr,0.49769785293451163,0.5,balanced_chance,Unknown,Unknown,Unknown,,/benchmark-eeg/5.0_version/result_5/linear_downsample/Broderick_CP_within_subject_linear_downsample/seed_42_downsample_t40/ratio_full/bendr/summary.json
Broderick_CP_within_subject_linear_downsample,Broderick_CP,within_subject,seed_42_downsample_t40,42,biot,0.6026347344965632,0.5,balanced_chance,Unknown,Unknown,Unknown,,/benchmark-eeg/5.0_version/result_5/linear_downsample/Broderick_CP_within_subject_linear_downsample/seed_42_downsample_t40/ratio_full/biot/summary.json
Broderick_CP_within_subject_linear_downsample,Broderick_CP,within_subject,seed_42_downsample_t40,42,brainomni,0.5977632374046378,0.5,balanced_chance,Unknown,Unknown,Unknown,,/benchmark-eeg/5.0_version/result_5/linear_downsample/Broderick_CP_within_subject_linear_downsample/seed_42_downsample_t40/ratio_full/brainomni/summary.json
Broderick_CP_within_subject_linear_downsample,Broderick_CP,within_subject,seed_42_downsample_t40,42,cbramod,0.5285056225923408,0.5,balanced_chance,Unknown,Unknown,Unknown,,/benchmark-eeg/5.0_version/result_5/linear_downsample/Broderick_CP_within_subject_linear_downsample/seed_42_downsample_t40/ratio_full/cbramod/summary.json
Broderick_CP_within_subject_linear_downsample,Broderick_CP,within_subject,seed_42_downsample_t40,42,eegmamba,0.5059138718936476,0.5,balanced_chance,Unknown,Unknown,Unknown,,/benchmark-eeg/5.0_version/result_5/linear_downsample/Broderick_CP_within_subject_linear_downsample/seed_42_downsample_t40/ratio_full/eegmamba/summary.json
Broderick_CP_within_subject_linear_downsample,Broderick_CP,within_subject,seed_42_downsample_t40,42,femba,0.5913595720975904,0.5,balanced_chance,Unknown,Unknown,Unknown,,/benchmark-eeg/5.0_version/result_5/linear_downsample/Broderick_CP_within_subject_linear_downsample/seed_42_downsample_t40/ratio_full/femba/summary.json
Broderick_CP_within_subject_linear_downsample,Broderick_CP,within_subject,seed_42_downsample_t40,42,labram,0.6067564345872045,0.5,balanced_chance,Unknown,Unknown,Unknown,,/benchmark-eeg/5.0_version/result_5/linear_downsample/Broderick_CP_within_subject_linear_downsample/seed_42_downsample_t40/ratio_full/labram/summary.json
Broderick_CP_within_subject_linear_downsample,Broderick_CP,within_subject,seed_42_downsample_t40,42,neurogpt,0.5321014143817508,0.5,balanced_chance,Unknown,Unknown,Unknown,,/benchmark-eeg/5.0_version/result_5/linear_downsample/Broderick_CP_within_subject_linear_downsample/seed_42_downsample_t40/ratio_full/neurogpt/summary.json
Broderick_CP_within_subject_linear_downsample,Broderick_CP,within_subject,seed_42_downsample_t40,42,neurolm,0.5293811135659794,0.5,balanced_chance,Unknown,Unknown,Unknown,,/benchmark-eeg/5.0_version/result_5/linear_downsample/Broderick_CP_within_subject_linear_downsample/seed_42_downsample_t40/ratio_full/neurolm/summary.json
Broderick_CP_within_subject_linear_downsample,Broderick_CP,within_subject,seed_42_downsample_t40,42,reve,0.4949349459928998,0.5,balanced_chance,Unknown,Unknown,Unknown,,/benchmark-eeg/5.0_version/result_5/linear_downsample/Broderick_CP_within_subject_linear_downsample/seed_42_downsample_t40/ratio_full/reve/summary.json
Broderick_CP_within_subject_linear_downsample,Broderick_CP,within_subject,seed_5_downsample_t40,5,bendr,0.5031627672029609,0.5,balanced_chance,Unknown,Unknown,Unknown,,/benchmark-eeg/5.0_version/result_5/linear_downsample/Broderick_CP_within_subject_linear_downsample/seed_5_downsample_t40/ratio_full/bendr/summary.json
Broderick_CP_within_subject_linear_downsample,Broderick_CP,within_subject,seed_5_downsample_t40,5,biot,0.621646862489614,0.5,balanced_chance,Unknown,Unknown,Unknown,,/benchmark-eeg/5.0_version/result_5/linear_downsample/Broderick_CP_within_subject_linear_downsample/seed_5_downsample_t40/ratio_full/biot/summary.json
Broderick_CP_within_subject_linear_downsample,Broderick_CP,within_subject,seed_5_downsample_t40,5,brainomni,0.5693169801344512,0.5,balanced_chance,Unknown,Unknown,Unknown,,/benchmark-eeg/5.0_version/result_5/linear_downsample/Broderick_CP_within_subject_linear_downsample/seed_5_downsample_t40/ratio_full/brainomni/summary.json
Broderick_CP_within_subject_linear_downsample,Broderick_CP,within_subject,seed_5_downsample_t40,5,cbramod,0.5657132808369212,0.5,balanced_chance,Unknown,Unknown,Unknown,,/benchmark-eeg/5.0_version/result_5/linear_downsample/Broderick_CP_within_subject_linear_downsample/seed_5_downsample_t40/ratio_full/cbramod/summary.json
Broderick_CP_within_subject_linear_downsample,Broderick_CP,within_subject,seed_5_downsample_t40,5,eegmamba,0.5092624065261726,0.5,balanced_chance,Unknown,Unknown,Unknown,,/benchmark-eeg/5.0_version/result_5/linear_downsample/Broderick_CP_within_subject_linear_downsample/seed_5_downsample_t40/ratio_full/eegmamba/summary.json
Broderick_CP_within_subject_linear_downsample,Broderick_CP,within_subject,seed_5_downsample_t40,5,femba,0.5826973100309691,0.5,balanced_chance,Unknown,Unknown,Unknown,,/benchmark-eeg/5.0_version/result_5/linear_downsample/Broderick_CP_within_subject_linear_downsample/seed_5_downsample_t40/ratio_full/femba/summary.json
Broderick_CP_within_subject_linear_downsample,Broderick_CP,within_subject,seed_5_downsample_t40,5,labram,0.5978969569076215,0.5,balanced_chance,Unknown,Unknown,Unknown,,/benchmark-eeg/5.0_version/result_5/linear_downsample/Broderick_CP_within_subject_linear_downsample/seed_5_downsample_t40/ratio_full/labram/summary.json
Broderick_CP_within_subject_linear_downsample,Broderick_CP,within_subject,seed_5_downsample_t40,5,neurogpt,0.5127932859354936,0.5,balanced_chance,Unknown,Unknown,Unknown,,/benchmark-eeg/5.0_version/result_5/linear_downsample/Broderick_CP_within_subject_linear_downsample/seed_5_downsample_t40/ratio_full/neurogpt/summary.json
Broderick_CP_within_subject_linear_downsample,Broderick_CP,within_subject,seed_5_downsample_t40,5,neurolm,0.5558414060729662,0.5,balanced_chance,Unknown,Unknown,Unknown,,/benchmark-eeg/5.0_version/result_5/linear_downsample/Broderick_CP_within_subject_linear_downsample/seed_5_downsample_t40/ratio_full/neurolm/summary.json
Broderick_CP_within_subject_linear_downsample,Broderick_CP,within_subject,seed_5_downsample_t40,5,reve,0.5080333201148123,0.5,balanced_chance,Unknown,Unknown,Unknown,,/benchmark-eeg/5.0_version/result_5/linear_downsample/Broderick_CP_within_subject_linear_downsample/seed_5_downsample_t40/ratio_full/reve/summary.json
Broderick_Rev_128_cross_subject_linear_downsample,Broderick_Rev_128,cross_subject,seed_10_downsample_t40,10,bendr,0.5,0.5,balanced_chance,Unknown,Unknown,Unknown,,/benchmark-eeg/5.0_version/result_5/linear_downsample/Broderick_Rev_128_cross_subject_linear_downsample/seed_10_downsample_t40/ratio_full/bendr/summary.json
Broderick_Rev_128_cross_subject_linear_downsample,Broderick_Rev_128,cross_subject,seed_10_downsample_t40,10,biot,0.4913122569119207,0.5,balanced_chance,Unknown,Unknown,Unknown,,/benchmark-eeg/5.0_version/result_5/linear_downsample/Broderick_Rev_128_cross_subject_linear_downsample/seed_10_downsample_t40/ratio_full/biot/summary.json
Broderick_Rev_128_cross_subject_linear_downsample,Broderick_Rev_128,cross_subject,seed_10_downsample_t40,10,brainomni,0.39979818907781095,0.5,balanced_chance,Unknown,Unknown,Unknown,,/benchmark-eeg/5.0_version/result_5/linear_downsample/Broderick_Rev_128_cross_subject_linear_downsample/seed_10_downsample_t40/ratio_full/brainomni/summary.json
Broderick_Rev_128_cross_subject_linear_downsample,Broderick_Rev_128,cross_subject,seed_10_downsample_t40,10,cbramod,0.518938366337828,0.5,balanced_chance,Unknown,Unknown,Unknown,,/benchmark-eeg/5.0_version/result_5/linear_downsample/Broderick_Rev_128_cross_subject_linear_downsample/seed_10_downsample_t40/ratio_full/cbramod/summary.json
Broderick_Rev_128_cross_subject_linear_downsample,Broderick_Rev_128,cross_subject,seed_10_downsample_t40,10,eegmamba,0.49953320885569485,0.5,balanced_chance,Unknown,Unknown,Unknown,,/benchmark-eeg/5.0_version/result_5/linear_downsample/Broderick_Rev_128_cross_subject_linear_downsample/seed_10_downsample_t40/ratio_full/eegmamba/summary.json
Broderick_Rev_128_cross_subject_linear_downsample,Broderick_Rev_128,cross_subject,seed_10_downsample_t40,10,femba,0.4986558861863594,0.5,balanced_chance,Unknown,Unknown,Unknown,,/benchmark-eeg/5.0_version/result_5/linear_downsample/Broderick_Rev_128_cross_subject_linear_downsample/seed_10_downsample_t40/ratio_full/femba/summary.json
Broderick_Rev_128_cross_subject_linear_downsample,Broderick_Rev_128,cross_subject,seed_10_downsample_t40,10,labram,0.5016816026047946,0.5,balanced_chance,Unknown,Unknown,Unknown,,/benchmark-eeg/5.0_version/result_5/linear_downsample/Broderick_Rev_128_cross_subject_linear_downsample/seed_10_downsample_t40/ratio_full/labram/summary.json
Broderick_Rev_128_cross_subject_linear_downsample,Broderick_Rev_128,cross_subject,seed_10_downsample_t40,10,neurogpt,0.4565529446956742,0.5,balanced_chance,Unknown,Unknown,Unknown,,/benchmark-eeg/5.0_version/result_5/linear_downsample/Broderick_Rev_128_cross_subject_linear_downsample/seed_10_downsample_t40/ratio_full/neurogpt/summary.json
Broderick_Rev_128_cross_subject_linear_downsample,Broderick_Rev_128,cross_subject,seed_10_downsample_t40,10,neurolm,0.43174769085709674,0.5,balanced_chance,Unknown,Unknown,Unknown,,/benchmark-eeg/5.0_version/result_5/linear_downsample/Broderick_Rev_128_cross_subject_linear_downsample/seed_10_downsample_t40/ratio_full/neurolm/summary.json
Broderick_Rev_128_cross_subject_linear_downsample,Broderick_Rev_128,cross_subject,seed_10_downsample_t40,10,reve_new,0.49670391001769293,0.5,balanced_chance,Unknown,Unknown,Unknown,,/benchmark-eeg/5.0_version/result_5/linear_downsample/Broderick_Rev_128_cross_subject_linear_downsample/seed_10_downsample_t40/ratio_full/reve_new/summary.json
Broderick_Rev_128_cross_subject_linear_downsample,Broderick_Rev_128,cross_subject,seed_42_downsample_t40,42,bendr,0.5,0.5,balanced_chance,Unknown,Unknown,Unknown,,/benchmark-eeg/5.0_version/result_5/linear_downsample/Broderick_Rev_128_cross_subject_linear_downsample/seed_42_downsample_t40/ratio_full/bendr/summary.json
Broderick_Rev_128_cross_subject_linear_downsample,Broderick_Rev_128,cross_subject,seed_42_downsample_t40,42,biot,0.4992855597840403,0.5,balanced_chance,Unknown,Unknown,Unknown,,/benchmark-eeg/5.0_version/result_5/linear_downsample/Broderick_Rev_128_cross_subject_linear_downsample/seed_42_downsample_t40/ratio_full/biot/summary.json
Broderick_Rev_128_cross_subject_linear_downsample,Broderick_Rev_128,cross_subject,seed_42_downsample_t40,42,brainomni,0.4979257104960891,0.5,balanced_chance,Unknown,Unknown,Unknown,,/benchmark-eeg/5.0_version/result_5/linear_downsample/Broderick_Rev_128_cross_subject_linear_downsample/seed_42_downsample_t40/ratio_full/brainomni/summary.json
Broderick_Rev_128_cross_subject_linear_downsample,Broderick_Rev_128,cross_subject,seed_42_downsample_t40,42,cbramod,0.6531548018049467,0.5,balanced_chance,Unknown,Unknown,Unknown,,/benchmark-eeg/5.0_version/result_5/linear_downsample/Broderick_Rev_128_cross_subject_linear_downsample/seed_42_downsample_t40/ratio_full/cbramod/summary.json
Broderick_Rev_128_cross_subject_linear_downsample,Broderick_Rev_128,cross_subject,seed_42_downsample_t40,42,eegmamba,0.5,0.5,balanced_chance,Unknown,Unknown,Unknown,,/benchmark-eeg/5.0_version/result_5/linear_downsample/Broderick_Rev_128_cross_subject_linear_downsample/seed_42_downsample_t40/ratio_full/eegmamba/summary.json
Broderick_Rev_128_cross_subject_linear_downsample,Broderick_Rev_128,cross_subject,seed_42_downsample_t40,42,femba,0.49579177722714673,0.5,balanced_chance,Unknown,Unknown,Unknown,,/benchmark-eeg/5.0_version/result_5/linear_downsample/Broderick_Rev_128_cross_subject_linear_downsample/seed_42_downsample_t40/ratio_full/femba/summary.json
Broderick_Rev_128_cross_subject_linear_downsample,Broderick_Rev_128,cross_subject,seed_42_downsample_t40,42,labram,0.5000198277148264,0.5,balanced_chance,Unknown,Unknown,Unknown,,/benchmark-eeg/5.0_version/result_5/linear_downsample/Broderick_Rev_128_cross_subject_linear_downsample/seed_42_downsample_t40/ratio_full/labram/summary.json
Broderick_Rev_128_cross_subject_linear_downsample,Broderick_Rev_128,cross_subject,seed_42_downsample_t40,42,neurogpt,0.499931129476584,0.5,balanced_chance,Unknown,Unknown,Unknown,,/benchmark-eeg/5.0_version/result_5/linear_downsample/Broderick_Rev_128_cross_subject_linear_downsample/seed_42_downsample_t40/ratio_full/neurogpt/summary.json
Broderick_Rev_128_cross_subject_linear_downsample,Broderick_Rev_128,cross_subject,seed_42_downsample_t40,42,neurolm,0.512321291789006,0.5,balanced_chance,Unknown,Unknown,Unknown,,/benchmark-eeg/5.0_version/result_5/linear_downsample/Broderick_Rev_128_cross_subject_linear_downsample/seed_42_downsample_t40/ratio_full/neurolm/summary.json
Broderick_Rev_128_cross_subject_linear_downsample,Broderick_Rev_128,cross_subject,seed_42_downsample_t40,42,reve_new,0.5136991127320699,0.5,balanced_chance,Unknown,Unknown,Unknown,,/benchmark-eeg/5.0_version/result_5/linear_downsample/Broderick_Rev_128_cross_subject_linear_downsample/seed_42_downsample_t40/ratio_full/reve_new/summary.json
Broderick_Rev_128_cross_subject_linear_downsample,Broderick_Rev_128,cross_subject,seed_5_downsample_t40,5,bendr,0.5,0.5,balanced_chance,Unknown,Unknown,Unknown,,/benchmark-eeg/5.0_version/result_5/linear_downsample/Broderick_Rev_128_cross_subject_linear_downsample/seed_5_downsample_t40/ratio_full/bendr/summary.json
Broderick_Rev_128_cross_subject_linear_downsample,Broderick_Rev_128,cross_subject,seed_5_downsample_t40,5,biot,0.506166735504177,0.5,balanced_chance,Unknown,Unknown,Unknown,,/benchmark-eeg/5.0_version/result_5/linear_downsample/Broderick_Rev_128_cross_subject_linear_downsample/seed_5_downsample_t40/ratio_full/biot/summary.json
Broderick_Rev_128_cross_subject_linear_downsample,Broderick_Rev_128,cross_subject,seed_5_downsample_t40,5,brainomni,0.5,0.5,balanced_chance,Unknown,Unknown,Unknown,,/benchmark-eeg/5.0_version/result_5/linear_downsample/Broderick_Rev_128_cross_subject_linear_downsample/seed_5_downsample_t40/ratio_full/brainomni/summary.json
Broderick_Rev_128_cross_subject_linear_downsample,Broderick_Rev_128,cross_subject,seed_5_downsample_t40,5,cbramod,0.5064796028259893,0.5,balanced_chance,Unknown,Unknown,Unknown,,/benchmark-eeg/5.0_version/result_5/linear_downsample/Broderick_Rev_128_cross_subject_linear_downsample/seed_5_downsample_t40/ratio_full/cbramod/summary.json
Broderick_Rev_128_cross_subject_linear_downsample,Broderick_Rev_128,cross_subject,seed_5_downsample_t40,5,eegmamba,0.4999988275849825,0.5,balanced_chance,Unknown,Unknown,Unknown,,/benchmark-eeg/5.0_version/result_5/linear_downsample/Broderick_Rev_128_cross_subject_linear_downsample/seed_5_downsample_t40/ratio_full/eegmamba/summary.json
Broderick_Rev_128_cross_subject_linear_downsample,Broderick_Rev_128,cross_subject,seed_5_downsample_t40,5,femba,0.5,0.5,balanced_chance,Unknown,Unknown,Unknown,,/benchmark-eeg/5.0_version/result_5/linear_downsample/Broderick_Rev_128_cross_subject_linear_downsample/seed_5_downsample_t40/ratio_full/femba/summary.json
Broderick_Rev_128_cross_subject_linear_downsample,Broderick_Rev_128,cross_subject,seed_5_downsample_t40,5,labram,0.39437043155926843,0.5,balanced_chance,Unknown,Unknown,Unknown,,/benchmark-eeg/5.0_version/result_5/linear_downsample/Broderick_Rev_128_cross_subject_linear_downsample/seed_5_downsample_t40/ratio_full/labram/summary.json
Broderick_Rev_128_cross_subject_linear_downsample,Broderick_Rev_128,cross_subject,seed_5_downsample_t40,5,neurogpt,0.5,0.5,balanced_chance,Unknown,Unknown,Unknown,,/benchmark-eeg/5.0_version/result_5/linear_downsample/Broderick_Rev_128_cross_subject_linear_downsample/seed_5_downsample_t40/ratio_full/neurogpt/summary.json
Broderick_Rev_128_cross_subject_linear_downsample,Broderick_Rev_128,cross_subject,seed_5_downsample_t40,5,neurolm,0.54936939145966,0.5,balanced_chance,Unknown,Unknown,Unknown,,/benchmark-eeg/5.0_version/result_5/linear_downsample/Broderick_Rev_128_cross_subject_linear_downsample/seed_5_downsample_t40/ratio_full/neurolm/summary.json
Broderick_Rev_128_cross_subject_linear_downsample,Broderick_Rev_128,cross_subject,seed_5_downsample_t40,5,reve_new,0.4807226498187279,0.5,balanced_chance,Unknown,Unknown,Unknown,,/benchmark-eeg/5.0_version/result_5/linear_downsample/Broderick_Rev_128_cross_subject_linear_downsample/seed_5_downsample_t40/ratio_full/reve_new/summary.json
Broderick_Rev_128_within_subject_linear_downsample,Broderick_Rev_128,within_subject,seed_10_downsample_t40,10,bendr,0.5,,unknown,Unknown,Unknown,Unknown,,/benchmark-eeg/5.0_version/result_5/linear_downsample/Broderick_Rev_128_within_subject_linear_downsample/seed_10_downsample_t40/ratio_full/bendr/summary.json
Broderick_Rev_128_within_subject_linear_downsample,Broderick_Rev_128,within_subject,seed_10_downsample_t40,10,biot,0.5222474589502163,,unknown,Unknown,Unknown,Unknown,,/benchmark-eeg/5.0_version/result_5/linear_downsample/Broderick_Rev_128_within_subject_linear_downsample/seed_10_downsample_t40/ratio_full/biot/summary.json
Broderick_Rev_128_within_subject_linear_downsample,Broderick_Rev_128,within_subject,seed_10_downsample_t40,10,brainomni,0.5494599767950424,,unknown,Unknown,Unknown,Unknown,,/benchmark-eeg/5.0_version/result_5/linear_downsample/Broderick_Rev_128_within_subject_linear_downsample/seed_10_downsample_t40/ratio_full/brainomni/summary.json
Broderick_Rev_128_within_subject_linear_downsample,Broderick_Rev_128,within_subject,seed_10_downsample_t40,10,cbramod,0.8622291195483054,,unknown,Unknown,Unknown,Unknown,,/benchmark-eeg/5.0_version/result_5/linear_downsample/Broderick_Rev_128_within_subject_linear_downsample/seed_10_downsample_t40/ratio_full/cbramod/summary.json
Broderick_Rev_128_within_subject_linear_downsample,Broderick_Rev_128,within_subject,seed_10_downsample_t40,10,eegmamba,0.49893620775387776,,unknown,Unknown,Unknown,Unknown,,/benchmark-eeg/5.0_version/result_5/linear_downsample/Broderick_Rev_128_within_subject_linear_downsample/seed_10_downsample_t40/ratio_full/eegmamba/summary.json
Broderick_Rev_128_within_subject_linear_downsample,Broderick_Rev_128,within_subject,seed_10_downsample_t40,10,femba,0.6002868539103562,,unknown,Unknown,Unknown,Unknown,,/benchmark-eeg/5.0_version/result_5/linear_downsample/Broderick_Rev_128_within_subject_linear_downsample/seed_10_downsample_t40/ratio_full/femba/summary.json
Broderick_Rev_128_within_subject_linear_downsample,Broderick_Rev_128,within_subject,seed_10_downsample_t40,10,labram,0.5869607387089703,,unknown,Unknown,Unknown,Unknown,,/benchmark-eeg/5.0_version/result_5/linear_downsample/Broderick_Rev_128_within_subject_linear_downsample/seed_10_downsample_t40/ratio_full/labram/summary.json
Broderick_Rev_128_within_subject_linear_downsample,Broderick_Rev_128,within_subject,seed_10_downsample_t40,10,neurogpt,0.5193972592485657,,unknown,Unknown,Unknown,Unknown,,/benchmark-eeg/5.0_version/result_5/linear_downsample/Broderick_Rev_128_within_subject_linear_downsample/seed_10_downsample_t40/ratio_full/neurogpt/summary.json
Broderick_Rev_128_within_subject_linear_downsample,Broderick_Rev_128,within_subject,seed_10_downsample_t40,10,neurolm,0.6296766811563982,,unknown,Unknown,Unknown,Unknown,,/benchmark-eeg/5.0_version/result_5/linear_downsample/Broderick_Rev_128_within_subject_linear_downsample/seed_10_downsample_t40/ratio_full/neurolm/summary.json
Broderick_Rev_128_within_subject_linear_downsample,Broderick_Rev_128,within_subject,seed_10_downsample_t40,10,reve,0.5283652802506563,,unknown,Unknown,Unknown,Unknown,,/benchmark-eeg/5.0_version/result_5/linear_downsample/Broderick_Rev_128_within_subject_linear_downsample/seed_10_downsample_t40/ratio_full/reve/summary.json
Broderick_Rev_128_within_subject_linear_downsample,Broderick_Rev_128,within_subject,seed_42_downsample_t40,42,bendr,0.5,,unknown,Unknown,Unknown,Unknown,,/benchmark-eeg/5.0_version/result_5/linear_downsample/Broderick_Rev_128_within_subject_linear_downsample/seed_42_downsample_t40/ratio_full/bendr/summary.json
Broderick_Rev_128_within_subject_linear_downsample,Broderick_Rev_128,within_subject,seed_42_downsample_t40,42,biot,0.5379166156296875,,unknown,Unknown,Unknown,Unknown,,/benchmark-eeg/5.0_version/result_5/linear_downsample/Broderick_Rev_128_within_subject_linear_downsample/seed_42_downsample_t40/ratio_full/biot/summary.json
Broderick_Rev_128_within_subject_linear_downsample,Broderick_Rev_128,within_subject,seed_42_downsample_t40,42,brainomni,0.5703023102363048,,unknown,Unknown,Unknown,Unknown,,/benchmark-eeg/5.0_version/result_5/linear_downsample/Broderick_Rev_128_within_subject_linear_downsample/seed_42_downsample_t40/ratio_full/brainomni/summary.json
Broderick_Rev_128_within_subject_linear_downsample,Broderick_Rev_128,within_subject,seed_42_downsample_t40,42,cbramod,0.8325559555076543,,unknown,Unknown,Unknown,Unknown,,/benchmark-eeg/5.0_version/result_5/linear_downsample/Broderick_Rev_128_within_subject_linear_downsample/seed_42_downsample_t40/ratio_full/cbramod/summary.json
Broderick_Rev_128_within_subject_linear_downsample,Broderick_Rev_128,within_subject,seed_42_downsample_t40,42,eegmamba,0.5,,unknown,Unknown,Unknown,Unknown,,/benchmark-eeg/5.0_version/result_5/linear_downsample/Broderick_Rev_128_within_subject_linear_downsample/seed_42_downsample_t40/ratio_full/eegmamba/summary.json
Broderick_Rev_128_within_subject_linear_downsample,Broderick_Rev_128,within_subject,seed_42_downsample_t40,42,femba,0.5682709358817559,,unknown,Unknown,Unknown,Unknown,,/benchmark-eeg/5.0_version/result_5/linear_downsample/Broderick_Rev_128_within_subject_linear_downsample/seed_42_downsample_t40/ratio_full/femba/summary.json
Broderick_Rev_128_within_subject_linear_downsample,Broderick_Rev_128,within_subject,seed_42_downsample_t40,42,labram,0.5724909118271813,,unknown,Unknown,Unknown,Unknown,,/benchmark-eeg/5.0_version/result_5/linear_downsample/Broderick_Rev_128_within_subject_linear_downsample/seed_42_downsample_t40/ratio_full/labram/summary.json
Broderick_Rev_128_within_subject_linear_downsample,Broderick_Rev_128,within_subject,seed_42_downsample_t40,42,neurogpt,0.5407269322600282,,unknown,Unknown,Unknown,Unknown,,/benchmark-eeg/5.0_version/result_5/linear_downsample/Broderick_Rev_128_within_subject_linear_downsample/seed_42_downsample_t40/ratio_full/neurogpt/summary.json
Broderick_Rev_128_within_subject_linear_downsample,Broderick_Rev_128,within_subject,seed_42_downsample_t40,42,neurolm,0.6535088333469774,,unknown,Unknown,Unknown,Unknown,,/benchmark-eeg/5.0_version/result_5/linear_downsample/Broderick_Rev_128_within_subject_linear_downsample/seed_42_downsample_t40/ratio_full/neurolm/summary.json
Broderick_Rev_128_within_subject_linear_downsample,Broderick_Rev_128,within_subject,seed_42_downsample_t40,42,reve,0.5358623131046343,,unknown,Unknown,Unknown,Unknown,,/benchmark-eeg/5.0_version/result_5/linear_downsample/Broderick_Rev_128_within_subject_linear_downsample/seed_42_downsample_t40/ratio_full/reve/summary.json
Broderick_Rev_128_within_subject_linear_downsample,Broderick_Rev_128,within_subject,seed_5_downsample_t40,5,biot,0.507831453913786,,unknown,Unknown,Unknown,Unknown,,/benchmark-eeg/5.0_version/result_5/linear_downsample/Broderick_Rev_128_within_subject_linear_downsample/seed_5_downsample_t40/ratio_full/biot/summary.json
Broderick_Rev_128_within_subject_linear_downsample,Broderick_Rev_128,within_subject,seed_5_downsample_t40,5,brainomni,0.5275229179735709,,unknown,Unknown,Unknown,Unknown,,/benchmark-eeg/5.0_version/result_5/linear_downsample/Broderick_Rev_128_within_subject_linear_downsample/seed_5_downsample_t40/ratio_full/brainomni/summary.json
Broderick_Rev_128_within_subject_linear_downsample,Broderick_Rev_128,within_subject,seed_5_downsample_t40,5,cbramod,0.829268321780938,,unknown,Unknown,Unknown,Unknown,,/benchmark-eeg/5.0_version/result_5/linear_downsample/Broderick_Rev_128_within_subject_linear_downsample/seed_5_downsample_t40/ratio_full/cbramod/summary.json
Broderick_Rev_128_within_subject_linear_downsample,Broderick_Rev_128,within_subject,seed_5_downsample_t40,5,femba,0.5636913201853203,,unknown,Unknown,Unknown,Unknown,,/benchmark-eeg/5.0_version/result_5/linear_downsample/Broderick_Rev_128_within_subject_linear_downsample/seed_5_downsample_t40/ratio_full/femba/summary.json
Broderick_Rev_128_within_subject_linear_downsample,Broderick_Rev_128,within_subject,seed_5_downsample_t40,5,neurogpt,0.500260078023407,,unknown,Unknown,Unknown,Unknown,,/benchmark-eeg/5.0_version/result_5/linear_downsample/Broderick_Rev_128_within_subject_linear_downsample/seed_5_downsample_t40/ratio_full/neurogpt/summary.json
CIRE_wsn_cross_subject_linear_downsample,CIRE_wsn,cross_subject,seed_10_downsample_t40,10,bendr,0.49135086277493834,0.5,balanced_chance,Unknown,Unknown,Unknown,,/benchmark-eeg/5.0_version/result_5/linear_downsample/CIRE_wsn_cross_subject_linear_downsample/seed_10_downsample_t40/ratio_full/bendr/summary.json
CIRE_wsn_cross_subject_linear_downsample,CIRE_wsn,cross_subject,seed_10_downsample_t40,10,biot,0.5646688582093731,0.5,balanced_chance,Unknown,Unknown,Unknown,,/benchmark-eeg/5.0_version/result_5/linear_downsample/CIRE_wsn_cross_subject_linear_downsample/seed_10_downsample_t40/ratio_full/biot/summary.json
CIRE_wsn_cross_subject_linear_downsample,CIRE_wsn,cross_subject,seed_10_downsample_t40,10,brainomni,0.5664028349514476,0.5,balanced_chance,Unknown,Unknown,Unknown,,/benchmark-eeg/5.0_version/result_5/linear_downsample/CIRE_wsn_cross_subject_linear_downsample/seed_10_downsample_t40/ratio_full/brainomni/summary.json
CIRE_wsn_cross_subject_linear_downsample,CIRE_wsn,cross_subject,seed_10_downsample_t40,10,cbramod,0.5101274916138467,0.5,balanced_chance,Unknown,Unknown,Unknown,,/benchmark-eeg/5.0_version/result_5/linear_downsample/CIRE_wsn_cross_subject_linear_downsample/seed_10_downsample_t40/ratio_full/cbramod/summary.json
CIRE_wsn_cross_subject_linear_downsample,CIRE_wsn,cross_subject,seed_10_downsample_t40,10,eegmamba,0.5439370683253146,0.5,balanced_chance,Unknown,Unknown,Unknown,,/benchmark-eeg/5.0_version/result_5/linear_downsample/CIRE_wsn_cross_subject_linear_downsample/seed_10_downsample_t40/ratio_full/eegmamba/summary.json
CIRE_wsn_cross_subject_linear_downsample,CIRE_wsn,cross_subject,seed_10_downsample_t40,10,femba,0.5642084200837578,0.5,balanced_chance,Unknown,Unknown,Unknown,,/benchmark-eeg/5.0_version/result_5/linear_downsample/CIRE_wsn_cross_subject_linear_downsample/seed_10_downsample_t40/ratio_full/femba/summary.json
CIRE_wsn_cross_subject_linear_downsample,CIRE_wsn,cross_subject,seed_10_downsample_t40,10,labram,0.5538034721139352,0.5,balanced_chance,Unknown,Unknown,Unknown,,/benchmark-eeg/5.0_version/result_5/linear_downsample/CIRE_wsn_cross_subject_linear_downsample/seed_10_downsample_t40/ratio_full/labram/summary.json
CIRE_wsn_cross_subject_linear_downsample,CIRE_wsn,cross_subject,seed_10_downsample_t40,10,neurogpt,0.5690733872340406,0.5,balanced_chance,Unknown,Unknown,Unknown,,/benchmark-eeg/5.0_version/result_5/linear_downsample/CIRE_wsn_cross_subject_linear_downsample/seed_10_downsample_t40/ratio_full/neurogpt/summary.json
CIRE_wsn_cross_subject_linear_downsample,CIRE_wsn,cross_subject,seed_10_downsample_t40,10,neurolm,0.5316107838892165,0.5,balanced_chance,Unknown,Unknown,Unknown,,/benchmark-eeg/5.0_version/result_5/linear_downsample/CIRE_wsn_cross_subject_linear_downsample/seed_10_downsample_t40/ratio_full/neurolm/summary.json
CIRE_wsn_cross_subject_linear_downsample,CIRE_wsn,cross_subject,seed_10_downsample_t40,10,reve,0.504532856074939,0.5,balanced_chance,Unknown,Unknown,Unknown,,/benchmark-eeg/5.0_version/result_5/linear_downsample/CIRE_wsn_cross_subject_linear_downsample/seed_10_downsample_t40/ratio_full/reve/summary.json
CIRE_wsn_cross_subject_linear_downsample,CIRE_wsn,cross_subject,seed_42_downsample_t40,42,bendr,0.5017425932258933,0.5,balanced_chance,Unknown,Unknown,Unknown,,/benchmark-eeg/5.0_version/result_5/linear_downsample/CIRE_wsn_cross_subject_linear_downsample/seed_42_downsample_t40/ratio_full/bendr/summary.json
CIRE_wsn_cross_subject_linear_downsample,CIRE_wsn,cross_subject,seed_42_downsample_t40,42,biot,0.5388431927100866,0.5,balanced_chance,Unknown,Unknown,Unknown,,/benchmark-eeg/5.0_version/result_5/linear_downsample/CIRE_wsn_cross_subject_linear_downsample/seed_42_downsample_t40/ratio_full/biot/summary.json
CIRE_wsn_cross_subject_linear_downsample,CIRE_wsn,cross_subject,seed_42_downsample_t40,42,brainomni,0.5412494225003888,0.5,balanced_chance,Unknown,Unknown,Unknown,,/benchmark-eeg/5.0_version/result_5/linear_downsample/CIRE_wsn_cross_subject_linear_downsample/seed_42_downsample_t40/ratio_full/brainomni/summary.json
CIRE_wsn_cross_subject_linear_downsample,CIRE_wsn,cross_subject,seed_42_downsample_t40,42,cbramod,0.5172322147408462,0.5,balanced_chance,Unknown,Unknown,Unknown,,/benchmark-eeg/5.0_version/result_5/linear_downsample/CIRE_wsn_cross_subject_linear_downsample/seed_42_downsample_t40/ratio_full/cbramod/summary.json
CIRE_wsn_cross_subject_linear_downsample,CIRE_wsn,cross_subject,seed_42_downsample_t40,42,eegmamba,0.5541602893532384,0.5,balanced_chance,Unknown,Unknown,Unknown,,/benchmark-eeg/5.0_version/result_5/linear_downsample/CIRE_wsn_cross_subject_linear_downsample/seed_42_downsample_t40/ratio_full/eegmamba/summary.json
CIRE_wsn_cross_subject_linear_downsample,CIRE_wsn,cross_subject,seed_42_downsample_t40,42,femba,0.560906131746428,0.5,balanced_chance,Unknown,Unknown,Unknown,,/benchmark-eeg/5.0_version/result_5/linear_downsample/CIRE_wsn_cross_subject_linear_downsample/seed_42_downsample_t40/ratio_full/femba/summary.json
CIRE_wsn_cross_subject_linear_downsample,CIRE_wsn,cross_subject,seed_42_downsample_t40,42,labram,0.5623890871702619,0.5,balanced_chance,Unknown,Unknown,Unknown,,/benchmark-eeg/5.0_version/result_5/linear_downsample/CIRE_wsn_cross_subject_linear_downsample/seed_42_downsample_t40/ratio_full/labram/summary.json
CIRE_wsn_cross_subject_linear_downsample,CIRE_wsn,cross_subject,seed_42_downsample_t40,42,neurogpt,0.562771251929925,0.5,balanced_chance,Unknown,Unknown,Unknown,,/benchmark-eeg/5.0_version/result_5/linear_downsample/CIRE_wsn_cross_subject_linear_downsample/seed_42_downsample_t40/ratio_full/neurogpt/summary.json
CIRE_wsn_cross_subject_linear_downsample,CIRE_wsn,cross_subject,seed_42_downsample_t40,42,neurolm,0.5450991782384093,0.5,balanced_chance,Unknown,Unknown,Unknown,,/benchmark-eeg/5.0_version/result_5/linear_downsample/CIRE_wsn_cross_subject_linear_downsample/seed_42_downsample_t40/ratio_full/neurolm/summary.json
CIRE_wsn_cross_subject_linear_downsample,CIRE_wsn,cross_subject,seed_42_downsample_t40,42,reve,0.5111280075990137,0.5,balanced_chance,Unknown,Unknown,Unknown,,/benchmark-eeg/5.0_version/result_5/linear_downsample/CIRE_wsn_cross_subject_linear_downsample/seed_42_downsample_t40/ratio_full/reve/summary.json
CIRE_wsn_cross_subject_linear_downsample,CIRE_wsn,cross_subject,seed_5_downsample_t40,5,bendr,0.4837077627771022,0.5,balanced_chance,Unknown,Unknown,Unknown,,/benchmark-eeg/5.0_version/result_5/linear_downsample/CIRE_wsn_cross_subject_linear_downsample/seed_5_downsample_t40/ratio_full/bendr/summary.json
CIRE_wsn_cross_subject_linear_downsample,CIRE_wsn,cross_subject,seed_5_downsample_t40,5,biot,0.5325022971713171,0.5,balanced_chance,Unknown,Unknown,Unknown,,/benchmark-eeg/5.0_version/result_5/linear_downsample/CIRE_wsn_cross_subject_linear_downsample/seed_5_downsample_t40/ratio_full/biot/summary.json
CIRE_wsn_cross_subject_linear_downsample,CIRE_wsn,cross_subject,seed_5_downsample_t40,5,brainomni,0.5658879651869515,0.5,balanced_chance,Unknown,Unknown,Unknown,,/benchmark-eeg/5.0_version/result_5/linear_downsample/CIRE_wsn_cross_subject_linear_downsample/seed_5_downsample_t40/ratio_full/brainomni/summary.json
CIRE_wsn_cross_subject_linear_downsample,CIRE_wsn,cross_subject,seed_5_downsample_t40,5,cbramod,0.523399581545622,0.5,balanced_chance,Unknown,Unknown,Unknown,,/benchmark-eeg/5.0_version/result_5/linear_downsample/CIRE_wsn_cross_subject_linear_downsample/seed_5_downsample_t40/ratio_full/cbramod/summary.json
CIRE_wsn_cross_subject_linear_downsample,CIRE_wsn,cross_subject,seed_5_downsample_t40,5,eegmamba,0.5562655556812243,0.5,balanced_chance,Unknown,Unknown,Unknown,,/benchmark-eeg/5.0_version/result_5/linear_downsample/CIRE_wsn_cross_subject_linear_downsample/seed_5_downsample_t40/ratio_full/eegmamba/summary.json
CIRE_wsn_cross_subject_linear_downsample,CIRE_wsn,cross_subject,seed_5_downsample_t40,5,femba,0.5740882087016113,0.5,balanced_chance,Unknown,Unknown,Unknown,,/benchmark-eeg/5.0_version/result_5/linear_downsample/CIRE_wsn_cross_subject_linear_downsample/seed_5_downsample_t40/ratio_full/femba/summary.json
CIRE_wsn_cross_subject_linear_downsample,CIRE_wsn,cross_subject,seed_5_downsample_t40,5,labram,0.5667901305623168,0.5,balanced_chance,Unknown,Unknown,Unknown,,/benchmark-eeg/5.0_version/result_5/linear_downsample/CIRE_wsn_cross_subject_linear_downsample/seed_5_downsample_t40/ratio_full/labram/summary.json
CIRE_wsn_cross_subject_linear_downsample,CIRE_wsn,cross_subject,seed_5_downsample_t40,5,neurogpt,0.5506121105488739,0.5,balanced_chance,Unknown,Unknown,Unknown,,/benchmark-eeg/5.0_version/result_5/linear_downsample/CIRE_wsn_cross_subject_linear_downsample/seed_5_downsample_t40/ratio_full/neurogpt/summary.json
CIRE_wsn_cross_subject_linear_downsample,CIRE_wsn,cross_subject,seed_5_downsample_t40,5,neurolm,0.5385972185878694,0.5,balanced_chance,Unknown,Unknown,Unknown,,/benchmark-eeg/5.0_version/result_5/linear_downsample/CIRE_wsn_cross_subject_linear_downsample/seed_5_downsample_t40/ratio_full/neurolm/summary.json
CIRE_wsn_cross_subject_linear_downsample,CIRE_wsn,cross_subject,seed_5_downsample_t40,5,reve,0.5016653794922554,0.5,balanced_chance,Unknown,Unknown,Unknown,,/benchmark-eeg/5.0_version/result_5/linear_downsample/CIRE_wsn_cross_subject_linear_downsample/seed_5_downsample_t40/ratio_full/reve/summary.json
CIRE_wsn_within_subject_linear_downsample,CIRE_wsn,within_subject,seed_10_downsample_t40,10,bendr,0.499946625096673,0.5,balanced_chance,Unknown,Unknown,Unknown,,/benchmark-eeg/5.0_version/result_5/linear_downsample/CIRE_wsn_within_subject_linear_downsample/seed_10_downsample_t40/ratio_full/bendr/summary.json
CIRE_wsn_within_subject_linear_downsample,CIRE_wsn,within_subject,seed_10_downsample_t40,10,biot,0.552627832715433,0.5,balanced_chance,Unknown,Unknown,Unknown,,/benchmark-eeg/5.0_version/result_5/linear_downsample/CIRE_wsn_within_subject_linear_downsample/seed_10_downsample_t40/ratio_full/biot/summary.json
CIRE_wsn_within_subject_linear_downsample,CIRE_wsn,within_subject,seed_10_downsample_t40,10,brainomni,0.5566422734931471,0.5,balanced_chance,Unknown,Unknown,Unknown,,/benchmark-eeg/5.0_version/result_5/linear_downsample/CIRE_wsn_within_subject_linear_downsample/seed_10_downsample_t40/ratio_full/brainomni/summary.json
CIRE_wsn_within_subject_linear_downsample,CIRE_wsn,within_subject,seed_10_downsample_t40,10,cbramod,0.6104717714770783,0.5,balanced_chance,Unknown,Unknown,Unknown,,/benchmark-eeg/5.0_version/result_5/linear_downsample/CIRE_wsn_within_subject_linear_downsample/seed_10_downsample_t40/ratio_full/cbramod/summary.json
CIRE_wsn_within_subject_linear_downsample,CIRE_wsn,within_subject,seed_10_downsample_t40,10,eegmamba,0.5489098914840858,0.5,balanced_chance,Unknown,Unknown,Unknown,,/benchmark-eeg/5.0_version/result_5/linear_downsample/CIRE_wsn_within_subject_linear_downsample/seed_10_downsample_t40/ratio_full/eegmamba/summary.json
CIRE_wsn_within_subject_linear_downsample,CIRE_wsn,within_subject,seed_10_downsample_t40,10,femba,0.5254991390225734,0.5,balanced_chance,Unknown,Unknown,Unknown,,/benchmark-eeg/5.0_version/result_5/linear_downsample/CIRE_wsn_within_subject_linear_downsample/seed_10_downsample_t40/ratio_full/femba/summary.json
CIRE_wsn_within_subject_linear_downsample,CIRE_wsn,within_subject,seed_10_downsample_t40,10,labram,0.5475433301666836,0.5,balanced_chance,Unknown,Unknown,Unknown,,/benchmark-eeg/5.0_version/result_5/linear_downsample/CIRE_wsn_within_subject_linear_downsample/seed_10_downsample_t40/ratio_full/labram/summary.json
CIRE_wsn_within_subject_linear_downsample,CIRE_wsn,within_subject,seed_10_downsample_t40,10,neurogpt,0.5326020247568397,0.5,balanced_chance,Unknown,Unknown,Unknown,,/benchmark-eeg/5.0_version/result_5/linear_downsample/CIRE_wsn_within_subject_linear_downsample/seed_10_downsample_t40/ratio_full/neurogpt/summary.json
CIRE_wsn_within_subject_linear_downsample,CIRE_wsn,within_subject,seed_10_downsample_t40,10,neurolm,0.4990217330927249,0.5,balanced_chance,Unknown,Unknown,Unknown,,/benchmark-eeg/5.0_version/result_5/linear_downsample/CIRE_wsn_within_subject_linear_downsample/seed_10_downsample_t40/ratio_full/neurolm/summary.json
CIRE_wsn_within_subject_linear_downsample,CIRE_wsn,within_subject,seed_10_downsample_t40,10,reve,0.5264879456038878,0.5,balanced_chance,Unknown,Unknown,Unknown,,/benchmark-eeg/5.0_version/result_5/linear_downsample/CIRE_wsn_within_subject_linear_downsample/seed_10_downsample_t40/ratio_full/reve/summary.json
CIRE_wsn_within_subject_linear_downsample,CIRE_wsn,within_subject,seed_42_downsample_t40,42,bendr,0.5139007371186517,0.5,balanced_chance,Unknown,Unknown,Unknown,,/benchmark-eeg/5.0_version/result_5/linear_downsample/CIRE_wsn_within_subject_linear_downsample/seed_42_downsample_t40/ratio_full/bendr/summary.json
CIRE_wsn_within_subject_linear_downsample,CIRE_wsn,within_subject,seed_42_downsample_t40,42,biot,0.49411331141263826,0.5,balanced_chance,Unknown,Unknown,Unknown,,/benchmark-eeg/5.0_version/result_5/linear_downsample/CIRE_wsn_within_subject_linear_downsample/seed_42_downsample_t40/ratio_full/biot/summary.json
CIRE_wsn_within_subject_linear_downsample,CIRE_wsn,within_subject,seed_42_downsample_t40,42,brainomni,0.49726888013942694,0.5,balanced_chance,Unknown,Unknown,Unknown,,/benchmark-eeg/5.0_version/result_5/linear_downsample/CIRE_wsn_within_subject_linear_downsample/seed_42_downsample_t40/ratio_full/brainomni/summary.json
CIRE_wsn_within_subject_linear_downsample,CIRE_wsn,within_subject,seed_42_downsample_t40,42,cbramod,0.3684633639799703,0.5,balanced_chance,Unknown,Unknown,Unknown,,/benchmark-eeg/5.0_version/result_5/linear_downsample/CIRE_wsn_within_subject_linear_downsample/seed_42_downsample_t40/ratio_full/cbramod/summary.json
CIRE_wsn_within_subject_linear_downsample,CIRE_wsn,within_subject,seed_42_downsample_t40,42,eegmamba,0.4814232987353264,0.5,balanced_chance,Unknown,Unknown,Unknown,,/benchmark-eeg/5.0_version/result_5/linear_downsample/CIRE_wsn_within_subject_linear_downsample/seed_42_downsample_t40/ratio_full/eegmamba/summary.json
CIRE_wsn_within_subject_linear_downsample,CIRE_wsn,within_subject,seed_42_downsample_t40,42,femba,0.5527709863607178,0.5,balanced_chance,Unknown,Unknown,Unknown,,/benchmark-eeg/5.0_version/result_5/linear_downsample/CIRE_wsn_within_subject_linear_downsample/seed_42_downsample_t40/ratio_full/femba/summary.json
CIRE_wsn_within_subject_linear_downsample,CIRE_wsn,within_subject,seed_42_downsample_t40,42,labram,0.4068975219265751,0.5,balanced_chance,Unknown,Unknown,Unknown,,/benchmark-eeg/5.0_version/result_5/linear_downsample/CIRE_wsn_within_subject_linear_downsample/seed_42_downsample_t40/ratio_full/labram/summary.json
CIRE_wsn_within_subject_linear_downsample,CIRE_wsn,within_subject,seed_42_downsample_t40,42,neurogpt,0.545506845513196,0.5,balanced_chance,Unknown,Unknown,Unknown,,/benchmark-eeg/5.0_version/result_5/linear_downsample/CIRE_wsn_within_subject_linear_downsample/seed_42_downsample_t40/ratio_full/neurogpt/summary.json
CIRE_wsn_within_subject_linear_downsample,CIRE_wsn,within_subject,seed_42_downsample_t40,42,neurolm,0.49159842909525386,0.5,balanced_chance,Unknown,Unknown,Unknown,,/benchmark-eeg/5.0_version/result_5/linear_downsample/CIRE_wsn_within_subject_linear_downsample/seed_42_downsample_t40/ratio_full/neurolm/summary.json
CIRE_wsn_within_subject_linear_downsample,CIRE_wsn,within_subject,seed_42_downsample_t40,42,reve,0.5004527905374099,0.5,balanced_chance,Unknown,Unknown,Unknown,,/benchmark-eeg/5.0_version/result_5/linear_downsample/CIRE_wsn_within_subject_linear_downsample/seed_42_downsample_t40/ratio_full/reve/summary.json
CIRE_wsn_within_subject_linear_downsample,CIRE_wsn,within_subject,seed_5_downsample_t40,5,bendr,0.5150731201647465,0.5,balanced_chance,Unknown,Unknown,Unknown,,/benchmark-eeg/5.0_version/result_5/linear_downsample/CIRE_wsn_within_subject_linear_downsample/seed_5_downsample_t40/ratio_full/bendr/summary.json
CIRE_wsn_within_subject_linear_downsample,CIRE_wsn,within_subject,seed_5_downsample_t40,5,biot,0.5338784298992597,0.5,balanced_chance,Unknown,Unknown,Unknown,,/benchmark-eeg/5.0_version/result_5/linear_downsample/CIRE_wsn_within_subject_linear_downsample/seed_5_downsample_t40/ratio_full/biot/summary.json
CIRE_wsn_within_subject_linear_downsample,CIRE_wsn,within_subject,seed_5_downsample_t40,5,brainomni,0.5684988451049146,0.5,balanced_chance,Unknown,Unknown,Unknown,,/benchmark-eeg/5.0_version/result_5/linear_downsample/CIRE_wsn_within_subject_linear_downsample/seed_5_downsample_t40/ratio_full/brainomni/summary.json
CIRE_wsn_within_subject_linear_downsample,CIRE_wsn,within_subject,seed_5_downsample_t40,5,cbramod,0.6338708929333408,0.5,balanced_chance,Unknown,Unknown,Unknown,,/benchmark-eeg/5.0_version/result_5/linear_downsample/CIRE_wsn_within_subject_linear_downsample/seed_5_downsample_t40/ratio_full/cbramod/summary.json
CIRE_wsn_within_subject_linear_downsample,CIRE_wsn,within_subject,seed_5_downsample_t40,5,eegmamba,0.5764234429787944,0.5,balanced_chance,Unknown,Unknown,Unknown,,/benchmark-eeg/5.0_version/result_5/linear_downsample/CIRE_wsn_within_subject_linear_downsample/seed_5_downsample_t40/ratio_full/eegmamba/summary.json
CIRE_wsn_within_subject_linear_downsample,CIRE_wsn,within_subject,seed_5_downsample_t40,5,femba,0.5774644719021911,0.5,balanced_chance,Unknown,Unknown,Unknown,,/benchmark-eeg/5.0_version/result_5/linear_downsample/CIRE_wsn_within_subject_linear_downsample/seed_5_downsample_t40/ratio_full/femba/summary.json
CIRE_wsn_within_subject_linear_downsample,CIRE_wsn,within_subject,seed_5_downsample_t40,5,labram,0.5646284391755254,0.5,balanced_chance,Unknown,Unknown,Unknown,,/benchmark-eeg/5.0_version/result_5/linear_downsample/CIRE_wsn_within_subject_linear_downsample/seed_5_downsample_t40/ratio_full/labram/summary.json
CIRE_wsn_within_subject_linear_downsample,CIRE_wsn,within_subject,seed_5_downsample_t40,5,neurogpt,0.556714509007254,0.5,balanced_chance,Unknown,Unknown,Unknown,,/benchmark-eeg/5.0_version/result_5/linear_downsample/CIRE_wsn_within_subject_linear_downsample/seed_5_downsample_t40/ratio_full/neurogpt/summary.json
CIRE_wsn_within_subject_linear_downsample,CIRE_wsn,within_subject,seed_5_downsample_t40,5,neurolm,0.5282727825086733,0.5,balanced_chance,Unknown,Unknown,Unknown,,/benchmark-eeg/5.0_version/result_5/linear_downsample/CIRE_wsn_within_subject_linear_downsample/seed_5_downsample_t40/ratio_full/neurolm/summary.json
CIRE_wsn_within_subject_linear_downsample,CIRE_wsn,within_subject,seed_5_downsample_t40,5,reve,0.5107895725496744,0.5,balanced_chance,Unknown,Unknown,Unknown,,/benchmark-eeg/5.0_version/result_5/linear_downsample/CIRE_wsn_within_subject_linear_downsample/seed_5_downsample_t40/ratio_full/reve/summary.json
ChineseEEG2_RA_Tone_cross_subject_linear_downsample,ChineseEEG2_RA_Tone,cross_subject,seed_10_downsample_t40,10,bendr,0.24629546269525138,0.25,balanced_chance,Unknown,Unknown,Unknown,,/benchmark-eeg/5.0_version/result_5/linear_downsample/ChineseEEG2_RA_Tone_cross_subject_linear_downsample/seed_10_downsample_t40/ratio_full/bendr/summary.json
ChineseEEG2_RA_Tone_cross_subject_linear_downsample,ChineseEEG2_RA_Tone,cross_subject,seed_10_downsample_t40,10,biot,0.25213096039630445,0.25,balanced_chance,Unknown,Unknown,Unknown,,/benchmark-eeg/5.0_version/result_5/linear_downsample/ChineseEEG2_RA_Tone_cross_subject_linear_downsample/seed_10_downsample_t40/ratio_full/biot/summary.json
ChineseEEG2_RA_Tone_cross_subject_linear_downsample,ChineseEEG2_RA_Tone,cross_subject,seed_10_downsample_t40,10,brainomni,0.25123269157871114,0.25,balanced_chance,Unknown,Unknown,Unknown,,/benchmark-eeg/5.0_version/result_5/linear_downsample/ChineseEEG2_RA_Tone_cross_subject_linear_downsample/seed_10_downsample_t40/ratio_full/brainomni/summary.json
ChineseEEG2_RA_Tone_cross_subject_linear_downsample,ChineseEEG2_RA_Tone,cross_subject,seed_10_downsample_t40,10,cbramod,0.24927156056230437,0.25,balanced_chance,Unknown,Unknown,Unknown,,/benchmark-eeg/5.0_version/result_5/linear_downsample/ChineseEEG2_RA_Tone_cross_subject_linear_downsample/seed_10_downsample_t40/ratio_full/cbramod/summary.json
ChineseEEG2_RA_Tone_cross_subject_linear_downsample,ChineseEEG2_RA_Tone,cross_subject,seed_10_downsample_t40,10,eegmamba,0.2495989081156832,0.25,balanced_chance,Unknown,Unknown,Unknown,,/benchmark-eeg/5.0_version/result_5/linear_downsample/ChineseEEG2_RA_Tone_cross_subject_linear_downsample/seed_10_downsample_t40/ratio_full/eegmamba/summary.json
ChineseEEG2_RA_Tone_cross_subject_linear_downsample,ChineseEEG2_RA_Tone,cross_subject,seed_10_downsample_t40,10,femba,0.2588386577326699,0.25,balanced_chance,Unknown,Unknown,Unknown,,/benchmark-eeg/5.0_version/result_5/linear_downsample/ChineseEEG2_RA_Tone_cross_subject_linear_downsample/seed_10_downsample_t40/ratio_full/femba/summary.json
ChineseEEG2_RA_Tone_cross_subject_linear_downsample,ChineseEEG2_RA_Tone,cross_subject,seed_10_downsample_t40,10,labram,0.24842852108693614,0.25,balanced_chance,Unknown,Unknown,Unknown,,/benchmark-eeg/5.0_version/result_5/linear_downsample/ChineseEEG2_RA_Tone_cross_subject_linear_downsample/seed_10_downsample_t40/ratio_full/labram/summary.json
ChineseEEG2_RA_Tone_cross_subject_linear_downsample,ChineseEEG2_RA_Tone,cross_subject,seed_10_downsample_t40,10,neurogpt,0.25057888497505143,0.25,balanced_chance,Unknown,Unknown,Unknown,,/benchmark-eeg/5.0_version/result_5/linear_downsample/ChineseEEG2_RA_Tone_cross_subject_linear_downsample/seed_10_downsample_t40/ratio_full/neurogpt/summary.json
ChineseEEG2_RA_Tone_cross_subject_linear_downsample,ChineseEEG2_RA_Tone,cross_subject,seed_10_downsample_t40,10,neurolm,0.24713964594387983,0.25,balanced_chance,Unknown,Unknown,Unknown,,/benchmark-eeg/5.0_version/result_5/linear_downsample/ChineseEEG2_RA_Tone_cross_subject_linear_downsample/seed_10_downsample_t40/ratio_full/neurolm/summary.json
ChineseEEG2_RA_Tone_cross_subject_linear_downsample,ChineseEEG2_RA_Tone,cross_subject,seed_10_downsample_t40,10,reve,0.25666012880941513,0.25,balanced_chance,Unknown,Unknown,Unknown,,/benchmark-eeg/5.0_version/result_5/linear_downsample/ChineseEEG2_RA_Tone_cross_subject_linear_downsample/seed_10_downsample_t40/ratio_full/reve/summary.json
ChineseEEG2_RA_Tone_cross_subject_linear_downsample,ChineseEEG2_RA_Tone,cross_subject,seed_42_downsample_t40,42,bendr,0.25092097915645245,0.25,balanced_chance,Unknown,Unknown,Unknown,,/benchmark-eeg/5.0_version/result_5/linear_downsample/ChineseEEG2_RA_Tone_cross_subject_linear_downsample/seed_42_downsample_t40/ratio_full/bendr/summary.json
ChineseEEG2_RA_Tone_cross_subject_linear_downsample,ChineseEEG2_RA_Tone,cross_subject,seed_42_downsample_t40,42,biot,0.2536381492715627,0.25,balanced_chance,Unknown,Unknown,Unknown,,/benchmark-eeg/5.0_version/result_5/linear_downsample/ChineseEEG2_RA_Tone_cross_subject_linear_downsample/seed_42_downsample_t40/ratio_full/biot/summary.json
ChineseEEG2_RA_Tone_cross_subject_linear_downsample,ChineseEEG2_RA_Tone,cross_subject,seed_42_downsample_t40,42,brainomni,0.24792606505996168,0.25,balanced_chance,Unknown,Unknown,Unknown,,/benchmark-eeg/5.0_version/result_5/linear_downsample/ChineseEEG2_RA_Tone_cross_subject_linear_downsample/seed_42_downsample_t40/ratio_full/brainomni/summary.json
ChineseEEG2_RA_Tone_cross_subject_linear_downsample,ChineseEEG2_RA_Tone,cross_subject,seed_42_downsample_t40,42,cbramod,0.24882607275498655,0.25,balanced_chance,Unknown,Unknown,Unknown,,/benchmark-eeg/5.0_version/result_5/linear_downsample/ChineseEEG2_RA_Tone_cross_subject_linear_downsample/seed_42_downsample_t40/ratio_full/cbramod/summary.json
ChineseEEG2_RA_Tone_cross_subject_linear_downsample,ChineseEEG2_RA_Tone,cross_subject,seed_42_downsample_t40,42,eegmamba,0.2563488297650492,0.25,balanced_chance,Unknown,Unknown,Unknown,,/benchmark-eeg/5.0_version/result_5/linear_downsample/ChineseEEG2_RA_Tone_cross_subject_linear_downsample/seed_42_downsample_t40/ratio_full/eegmamba/summary.json
ChineseEEG2_RA_Tone_cross_subject_linear_downsample,ChineseEEG2_RA_Tone,cross_subject,seed_42_downsample_t40,42,femba,0.24940154481198223,0.25,balanced_chance,Unknown,Unknown,Unknown,,/benchmark-eeg/5.0_version/result_5/linear_downsample/ChineseEEG2_RA_Tone_cross_subject_linear_downsample/seed_42_downsample_t40/ratio_full/femba/summary.json
ChineseEEG2_RA_Tone_cross_subject_linear_downsample,ChineseEEG2_RA_Tone,cross_subject,seed_42_downsample_t40,42,labram,0.2488259332141158,0.25,balanced_chance,Unknown,Unknown,Unknown,,/benchmark-eeg/5.0_version/result_5/linear_downsample/ChineseEEG2_RA_Tone_cross_subject_linear_downsample/seed_42_downsample_t40/ratio_full/labram/summary.json
ChineseEEG2_RA_Tone_cross_subject_linear_downsample,ChineseEEG2_RA_Tone,cross_subject,seed_42_downsample_t40,42,neurogpt,0.24993554401515625,0.25,balanced_chance,Unknown,Unknown,Unknown,,/benchmark-eeg/5.0_version/result_5/linear_downsample/ChineseEEG2_RA_Tone_cross_subject_linear_downsample/seed_42_downsample_t40/ratio_full/neurogpt/summary.json
ChineseEEG2_RA_Tone_cross_subject_linear_downsample,ChineseEEG2_RA_Tone,cross_subject,seed_42_downsample_t40,42,neurolm,0.2479534395437457,0.25,balanced_chance,Unknown,Unknown,Unknown,,/benchmark-eeg/5.0_version/result_5/linear_downsample/ChineseEEG2_RA_Tone_cross_subject_linear_downsample/seed_42_downsample_t40/ratio_full/neurolm/summary.json
ChineseEEG2_RA_Tone_cross_subject_linear_downsample,ChineseEEG2_RA_Tone,cross_subject,seed_42_downsample_t40,42,reve,0.2484757355005514,0.25,balanced_chance,Unknown,Unknown,Unknown,,/benchmark-eeg/5.0_version/result_5/linear_downsample/ChineseEEG2_RA_Tone_cross_subject_linear_downsample/seed_42_downsample_t40/ratio_full/reve/summary.json
ChineseEEG2_RA_Tone_cross_subject_linear_downsample,ChineseEEG2_RA_Tone,cross_subject,seed_5_downsample_t40,5,bendr,0.252672976771235,0.25,balanced_chance,Unknown,Unknown,Unknown,,/benchmark-eeg/5.0_version/result_5/linear_downsample/ChineseEEG2_RA_Tone_cross_subject_linear_downsample/seed_5_downsample_t40/ratio_full/bendr/summary.json
ChineseEEG2_RA_Tone_cross_subject_linear_downsample,ChineseEEG2_RA_Tone,cross_subject,seed_5_downsample_t40,5,biot,0.25363814055028944,0.25,balanced_chance,Unknown,Unknown,Unknown,,/benchmark-eeg/5.0_version/result_5/linear_downsample/ChineseEEG2_RA_Tone_cross_subject_linear_downsample/seed_5_downsample_t40/ratio_full/biot/summary.json
ChineseEEG2_RA_Tone_cross_subject_linear_downsample,ChineseEEG2_RA_Tone,cross_subject,seed_5_downsample_t40,5,brainomni,0.25031619862830123,0.25,balanced_chance,Unknown,Unknown,Unknown,,/benchmark-eeg/5.0_version/result_5/linear_downsample/ChineseEEG2_RA_Tone_cross_subject_linear_downsample/seed_5_downsample_t40/ratio_full/brainomni/summary.json
ChineseEEG2_RA_Tone_cross_subject_linear_downsample,ChineseEEG2_RA_Tone,cross_subject,seed_5_downsample_t40,5,cbramod,0.25340335880599096,0.25,balanced_chance,Unknown,Unknown,Unknown,,/benchmark-eeg/5.0_version/result_5/linear_downsample/ChineseEEG2_RA_Tone_cross_subject_linear_downsample/seed_5_downsample_t40/ratio_full/cbramod/summary.json
ChineseEEG2_RA_Tone_cross_subject_linear_downsample,ChineseEEG2_RA_Tone,cross_subject,seed_5_downsample_t40,5,eegmamba,0.24649537862884208,0.25,balanced_chance,Unknown,Unknown,Unknown,,/benchmark-eeg/5.0_version/result_5/linear_downsample/ChineseEEG2_RA_Tone_cross_subject_linear_downsample/seed_5_downsample_t40/ratio_full/eegmamba/summary.json
ChineseEEG2_RA_Tone_cross_subject_linear_downsample,ChineseEEG2_RA_Tone,cross_subject,seed_5_downsample_t40,5,femba,0.25507949470615443,0.25,balanced_chance,Unknown,Unknown,Unknown,,/benchmark-eeg/5.0_version/result_5/linear_downsample/ChineseEEG2_RA_Tone_cross_subject_linear_downsample/seed_5_downsample_t40/ratio_full/femba/summary.json
ChineseEEG2_RA_Tone_cross_subject_linear_downsample,ChineseEEG2_RA_Tone,cross_subject,seed_5_downsample_t40,5,labram,0.25399932562656535,0.25,balanced_chance,Unknown,Unknown,Unknown,,/benchmark-eeg/5.0_version/result_5/linear_downsample/ChineseEEG2_RA_Tone_cross_subject_linear_downsample/seed_5_downsample_t40/ratio_full/labram/summary.json
ChineseEEG2_RA_Tone_cross_subject_linear_downsample,ChineseEEG2_RA_Tone,cross_subject,seed_5_downsample_t40,5,neurogpt,0.2518504106593861,0.25,balanced_chance,Unknown,Unknown,Unknown,,/benchmark-eeg/5.0_version/result_5/linear_downsample/ChineseEEG2_RA_Tone_cross_subject_linear_downsample/seed_5_downsample_t40/ratio_full/neurogpt/summary.json
ChineseEEG2_RA_Tone_cross_subject_linear_downsample,ChineseEEG2_RA_Tone,cross_subject,seed_5_downsample_t40,5,neurolm,0.25546828272720995,0.25,balanced_chance,Unknown,Unknown,Unknown,,/benchmark-eeg/5.0_version/result_5/linear_downsample/ChineseEEG2_RA_Tone_cross_subject_linear_downsample/seed_5_downsample_t40/ratio_full/neurolm/summary.json
ChineseEEG2_RA_Tone_cross_subject_linear_downsample,ChineseEEG2_RA_Tone,cross_subject,seed_5_downsample_t40,5,reve,0.25075353437466963,0.25,balanced_chance,Unknown,Unknown,Unknown,,/benchmark-eeg/5.0_version/result_5/linear_downsample/ChineseEEG2_RA_Tone_cross_subject_linear_downsample/seed_5_downsample_t40/ratio_full/reve/summary.json
ChineseEEG2_RA_Tone_within_subject_linear_downsample,ChineseEEG2_RA_Tone,within_subject,seed_10_downsample_t40,10,bendr,0.2510588066322738,0.25,balanced_chance,Unknown,Unknown,Unknown,,/benchmark-eeg/5.0_version/result_5/linear_downsample/ChineseEEG2_RA_Tone_within_subject_linear_downsample/seed_10_downsample_t40/ratio_full/bendr/summary.json
ChineseEEG2_RA_Tone_within_subject_linear_downsample,ChineseEEG2_RA_Tone,within_subject,seed_10_downsample_t40,10,biot,0.22088404291513966,0.25,balanced_chance,Unknown,Unknown,Unknown,,/benchmark-eeg/5.0_version/result_5/linear_downsample/ChineseEEG2_RA_Tone_within_subject_linear_downsample/seed_10_downsample_t40/ratio_full/biot/summary.json
ChineseEEG2_RA_Tone_within_subject_linear_downsample,ChineseEEG2_RA_Tone,within_subject,seed_10_downsample_t40,10,brainomni,0.2475870779240984,0.25,balanced_chance,Unknown,Unknown,Unknown,,/benchmark-eeg/5.0_version/result_5/linear_downsample/ChineseEEG2_RA_Tone_within_subject_linear_downsample/seed_10_downsample_t40/ratio_full/brainomni/summary.json
ChineseEEG2_RA_Tone_within_subject_linear_downsample,ChineseEEG2_RA_Tone,within_subject,seed_10_downsample_t40,10,cbramod,0.24664705638029527,0.25,balanced_chance,Unknown,Unknown,Unknown,,/benchmark-eeg/5.0_version/result_5/linear_downsample/ChineseEEG2_RA_Tone_within_subject_linear_downsample/seed_10_downsample_t40/ratio_full/cbramod/summary.json
ChineseEEG2_RA_Tone_within_subject_linear_downsample,ChineseEEG2_RA_Tone,within_subject,seed_10_downsample_t40,10,eegmamba,0.24952451325699326,0.25,balanced_chance,Unknown,Unknown,Unknown,,/benchmark-eeg/5.0_version/result_5/linear_downsample/ChineseEEG2_RA_Tone_within_subject_linear_downsample/seed_10_downsample_t40/ratio_full/eegmamba/summary.json
ChineseEEG2_RA_Tone_within_subject_linear_downsample,ChineseEEG2_RA_Tone,within_subject,seed_10_downsample_t40,10,femba,0.24055810045894752,0.25,balanced_chance,Unknown,Unknown,Unknown,,/benchmark-eeg/5.0_version/result_5/linear_downsample/ChineseEEG2_RA_Tone_within_subject_linear_downsample/seed_10_downsample_t40/ratio_full/femba/summary.json
ChineseEEG2_RA_Tone_within_subject_linear_downsample,ChineseEEG2_RA_Tone,within_subject,seed_10_downsample_t40,10,labram,0.24815314661047955,0.25,balanced_chance,Unknown,Unknown,Unknown,,/benchmark-eeg/5.0_version/result_5/linear_downsample/ChineseEEG2_RA_Tone_within_subject_linear_downsample/seed_10_downsample_t40/ratio_full/labram/summary.json
ChineseEEG2_RA_Tone_within_subject_linear_downsample,ChineseEEG2_RA_Tone,within_subject,seed_10_downsample_t40,10,neurogpt,0.25550462532667423,0.25,balanced_chance,Unknown,Unknown,Unknown,,/benchmark-eeg/5.0_version/result_5/linear_downsample/ChineseEEG2_RA_Tone_within_subject_linear_downsample/seed_10_downsample_t40/ratio_full/neurogpt/summary.json
ChineseEEG2_RA_Tone_within_subject_linear_downsample,ChineseEEG2_RA_Tone,within_subject,seed_10_downsample_t40,10,neurolm,0.2485047749599732,0.25,balanced_chance,Unknown,Unknown,Unknown,,/benchmark-eeg/5.0_version/result_5/linear_downsample/ChineseEEG2_RA_Tone_within_subject_linear_downsample/seed_10_downsample_t40/ratio_full/neurolm/summary.json
ChineseEEG2_RA_Tone_within_subject_linear_downsample,ChineseEEG2_RA_Tone,within_subject,seed_10_downsample_t40,10,reve,0.2549971286995055,0.25,balanced_chance,Unknown,Unknown,Unknown,,/benchmark-eeg/5.0_version/result_5/linear_downsample/ChineseEEG2_RA_Tone_within_subject_linear_downsample/seed_10_downsample_t40/ratio_full/reve/summary.json
ChineseEEG2_RA_Tone_within_subject_linear_downsample,ChineseEEG2_RA_Tone,within_subject,seed_42_downsample_t40,42,bendr,0.23759835484968683,0.25,balanced_chance,Unknown,Unknown,Unknown,,/benchmark-eeg/5.0_version/result_5/linear_downsample/ChineseEEG2_RA_Tone_within_subject_linear_downsample/seed_42_downsample_t40/ratio_full/bendr/summary.json
ChineseEEG2_RA_Tone_within_subject_linear_downsample,ChineseEEG2_RA_Tone,within_subject,seed_42_downsample_t40,42,biot,0.25475398462293586,0.25,balanced_chance,Unknown,Unknown,Unknown,,/benchmark-eeg/5.0_version/result_5/linear_downsample/ChineseEEG2_RA_Tone_within_subject_linear_downsample/seed_42_downsample_t40/ratio_full/biot/summary.json
ChineseEEG2_RA_Tone_within_subject_linear_downsample,ChineseEEG2_RA_Tone,within_subject,seed_42_downsample_t40,42,brainomni,0.2526719415899286,0.25,balanced_chance,Unknown,Unknown,Unknown,,/benchmark-eeg/5.0_version/result_5/linear_downsample/ChineseEEG2_RA_Tone_within_subject_linear_downsample/seed_42_downsample_t40/ratio_full/brainomni/summary.json
ChineseEEG2_RA_Tone_within_subject_linear_downsample,ChineseEEG2_RA_Tone,within_subject,seed_42_downsample_t40,42,cbramod,0.25169978982293045,0.25,balanced_chance,Unknown,Unknown,Unknown,,/benchmark-eeg/5.0_version/result_5/linear_downsample/ChineseEEG2_RA_Tone_within_subject_linear_downsample/seed_42_downsample_t40/ratio_full/cbramod/summary.json
ChineseEEG2_RA_Tone_within_subject_linear_downsample,ChineseEEG2_RA_Tone,within_subject,seed_42_downsample_t40,42,eegmamba,0.2469142370881512,0.25,balanced_chance,Unknown,Unknown,Unknown,,/benchmark-eeg/5.0_version/result_5/linear_downsample/ChineseEEG2_RA_Tone_within_subject_linear_downsample/seed_42_downsample_t40/ratio_full/eegmamba/summary.json
ChineseEEG2_RA_Tone_within_subject_linear_downsample,ChineseEEG2_RA_Tone,within_subject,seed_42_downsample_t40,42,femba,0.25715157238779807,0.25,balanced_chance,Unknown,Unknown,Unknown,,/benchmark-eeg/5.0_version/result_5/linear_downsample/ChineseEEG2_RA_Tone_within_subject_linear_downsample/seed_42_downsample_t40/ratio_full/femba/summary.json
ChineseEEG2_RA_Tone_within_subject_linear_downsample,ChineseEEG2_RA_Tone,within_subject,seed_42_downsample_t40,42,labram,0.24983681850202494,0.25,balanced_chance,Unknown,Unknown,Unknown,,/benchmark-eeg/5.0_version/result_5/linear_downsample/ChineseEEG2_RA_Tone_within_subject_linear_downsample/seed_42_downsample_t40/ratio_full/labram/summary.json
ChineseEEG2_RA_Tone_within_subject_linear_downsample,ChineseEEG2_RA_Tone,within_subject,seed_42_downsample_t40,42,neurogpt,0.25163178297328126,0.25,balanced_chance,Unknown,Unknown,Unknown,,/benchmark-eeg/5.0_version/result_5/linear_downsample/ChineseEEG2_RA_Tone_within_subject_linear_downsample/seed_42_downsample_t40/ratio_full/neurogpt/summary.json
ChineseEEG2_RA_Tone_within_subject_linear_downsample,ChineseEEG2_RA_Tone,within_subject,seed_42_downsample_t40,42,neurolm,0.2497883671956526,0.25,balanced_chance,Unknown,Unknown,Unknown,,/benchmark-eeg/5.0_version/result_5/linear_downsample/ChineseEEG2_RA_Tone_within_subject_linear_downsample/seed_42_downsample_t40/ratio_full/neurolm/summary.json
ChineseEEG2_RA_Tone_within_subject_linear_downsample,ChineseEEG2_RA_Tone,within_subject,seed_42_downsample_t40,42,reve,0.2529536793957436,0.25,balanced_chance,Unknown,Unknown,Unknown,,/benchmark-eeg/5.0_version/result_5/linear_downsample/ChineseEEG2_RA_Tone_within_subject_linear_downsample/seed_42_downsample_t40/ratio_full/reve/summary.json
ChineseEEG2_RA_Tone_within_subject_linear_downsample,ChineseEEG2_RA_Tone,within_subject,seed_5_downsample_t40,5,bendr,0.25042524091077956,0.25,balanced_chance,Unknown,Unknown,Unknown,,/benchmark-eeg/5.0_version/result_5/linear_downsample/ChineseEEG2_RA_Tone_within_subject_linear_downsample/seed_5_downsample_t40/ratio_full/bendr/summary.json
ChineseEEG2_RA_Tone_within_subject_linear_downsample,ChineseEEG2_RA_Tone,within_subject,seed_5_downsample_t40,5,biot,0.1094621221537873,0.25,balanced_chance,Unknown,Unknown,Unknown,,/benchmark-eeg/5.0_version/result_5/linear_downsample/ChineseEEG2_RA_Tone_within_subject_linear_downsample/seed_5_downsample_t40/ratio_full/biot/summary.json
ChineseEEG2_RA_Tone_within_subject_linear_downsample,ChineseEEG2_RA_Tone,within_subject,seed_5_downsample_t40,5,brainomni,0.23696678136915098,0.25,balanced_chance,Unknown,Unknown,Unknown,,/benchmark-eeg/5.0_version/result_5/linear_downsample/ChineseEEG2_RA_Tone_within_subject_linear_downsample/seed_5_downsample_t40/ratio_full/brainomni/summary.json
ChineseEEG2_RA_Tone_within_subject_linear_downsample,ChineseEEG2_RA_Tone,within_subject,seed_5_downsample_t40,5,cbramod,0.25070196144747575,0.25,balanced_chance,Unknown,Unknown,Unknown,,/benchmark-eeg/5.0_version/result_5/linear_downsample/ChineseEEG2_RA_Tone_within_subject_linear_downsample/seed_5_downsample_t40/ratio_full/cbramod/summary.json
ChineseEEG2_RA_Tone_within_subject_linear_downsample,ChineseEEG2_RA_Tone,within_subject,seed_5_downsample_t40,5,eegmamba,0.24923906320357522,0.25,balanced_chance,Unknown,Unknown,Unknown,,/benchmark-eeg/5.0_version/result_5/linear_downsample/ChineseEEG2_RA_Tone_within_subject_linear_downsample/seed_5_downsample_t40/ratio_full/eegmamba/summary.json
ChineseEEG2_RA_Tone_within_subject_linear_downsample,ChineseEEG2_RA_Tone,within_subject,seed_5_downsample_t40,5,femba,0.249743161824593,0.25,balanced_chance,Unknown,Unknown,Unknown,,/benchmark-eeg/5.0_version/result_5/linear_downsample/ChineseEEG2_RA_Tone_within_subject_linear_downsample/seed_5_downsample_t40/ratio_full/femba/summary.json
ChineseEEG2_RA_Tone_within_subject_linear_downsample,ChineseEEG2_RA_Tone,within_subject,seed_5_downsample_t40,5,labram,0.24783987193755136,0.25,balanced_chance,Unknown,Unknown,Unknown,,/benchmark-eeg/5.0_version/result_5/linear_downsample/ChineseEEG2_RA_Tone_within_subject_linear_downsample/seed_5_downsample_t40/ratio_full/labram/summary.json
ChineseEEG2_RA_Tone_within_subject_linear_downsample,ChineseEEG2_RA_Tone,within_subject,seed_5_downsample_t40,5,neurogpt,0.24112806144088011,0.25,balanced_chance,Unknown,Unknown,Unknown,,/benchmark-eeg/5.0_version/result_5/linear_downsample/ChineseEEG2_RA_Tone_within_subject_linear_downsample/seed_5_downsample_t40/ratio_full/neurogpt/summary.json
ChineseEEG2_RA_Tone_within_subject_linear_downsample,ChineseEEG2_RA_Tone,within_subject,seed_5_downsample_t40,5,neurolm,0.2400863159835984,0.25,balanced_chance,Unknown,Unknown,Unknown,,/benchmark-eeg/5.0_version/result_5/linear_downsample/ChineseEEG2_RA_Tone_within_subject_linear_downsample/seed_5_downsample_t40/ratio_full/neurolm/summary.json
ChineseEEG2_RA_Tone_within_subject_linear_downsample,ChineseEEG2_RA_Tone,within_subject,seed_5_downsample_t40,5,reve,0.337148674912367,0.25,balanced_chance,Unknown,Unknown,Unknown,,/benchmark-eeg/5.0_version/result_5/linear_downsample/ChineseEEG2_RA_Tone_within_subject_linear_downsample/seed_5_downsample_t40/ratio_full/reve/summary.json
DEAP_arousal_wsn_cross_subject_linear_downsample,DEAP_arousal_wsn,cross_subject,seed_10_downsample_t40,10,bendr,0.49931672692294937,0.5,balanced_chance,Unknown,Unknown,Unknown,,/benchmark-eeg/5.0_version/result_5/linear_downsample/DEAP_arousal_wsn_cross_subject_linear_downsample/seed_10_downsample_t40/ratio_full/bendr/summary.json
DEAP_arousal_wsn_cross_subject_linear_downsample,DEAP_arousal_wsn,cross_subject,seed_10_downsample_t40,10,biot,0.4439798998308402,0.5,balanced_chance,Unknown,Unknown,Unknown,,/benchmark-eeg/5.0_version/result_5/linear_downsample/DEAP_arousal_wsn_cross_subject_linear_downsample/seed_10_downsample_t40/ratio_full/biot/summary.json
DEAP_arousal_wsn_cross_subject_linear_downsample,DEAP_arousal_wsn,cross_subject,seed_10_downsample_t40,10,brainomni,0.5161547646688116,0.5,balanced_chance,Unknown,Unknown,Unknown,,/benchmark-eeg/5.0_version/result_5/linear_downsample/DEAP_arousal_wsn_cross_subject_linear_downsample/seed_10_downsample_t40/ratio_full/brainomni/summary.json
DEAP_arousal_wsn_cross_subject_linear_downsample,DEAP_arousal_wsn,cross_subject,seed_10_downsample_t40,10,cbramod,0.4607068227801917,0.5,balanced_chance,Unknown,Unknown,Unknown,,/benchmark-eeg/5.0_version/result_5/linear_downsample/DEAP_arousal_wsn_cross_subject_linear_downsample/seed_10_downsample_t40/ratio_full/cbramod/summary.json
DEAP_arousal_wsn_cross_subject_linear_downsample,DEAP_arousal_wsn,cross_subject,seed_10_downsample_t40,10,eegmamba,0.48188828816876184,0.5,balanced_chance,Unknown,Unknown,Unknown,,/benchmark-eeg/5.0_version/result_5/linear_downsample/DEAP_arousal_wsn_cross_subject_linear_downsample/seed_10_downsample_t40/ratio_full/eegmamba/summary.json
DEAP_arousal_wsn_cross_subject_linear_downsample,DEAP_arousal_wsn,cross_subject,seed_10_downsample_t40,10,femba,0.4857656970380444,0.5,balanced_chance,Unknown,Unknown,Unknown,,/benchmark-eeg/5.0_version/result_5/linear_downsample/DEAP_arousal_wsn_cross_subject_linear_downsample/seed_10_downsample_t40/ratio_full/femba/summary.json
DEAP_arousal_wsn_cross_subject_linear_downsample,DEAP_arousal_wsn,cross_subject,seed_10_downsample_t40,10,labram,0.4746857275531527,0.5,balanced_chance,Unknown,Unknown,Unknown,,/benchmark-eeg/5.0_version/result_5/linear_downsample/DEAP_arousal_wsn_cross_subject_linear_downsample/seed_10_downsample_t40/ratio_full/labram/summary.json
DEAP_arousal_wsn_cross_subject_linear_downsample,DEAP_arousal_wsn,cross_subject,seed_10_downsample_t40,10,neurogpt,0.4822896281800391,0.5,balanced_chance,Unknown,Unknown,Unknown,,/benchmark-eeg/5.0_version/result_5/linear_downsample/DEAP_arousal_wsn_cross_subject_linear_downsample/seed_10_downsample_t40/ratio_full/neurogpt/summary.json
DEAP_arousal_wsn_cross_subject_linear_downsample,DEAP_arousal_wsn,cross_subject,seed_10_downsample_t40,10,neurolm,0.5002968589339614,0.5,balanced_chance,Unknown,Unknown,Unknown,,/benchmark-eeg/5.0_version/result_5/linear_downsample/DEAP_arousal_wsn_cross_subject_linear_downsample/seed_10_downsample_t40/ratio_full/neurolm/summary.json
DEAP_arousal_wsn_cross_subject_linear_downsample,DEAP_arousal_wsn,cross_subject,seed_10_downsample_t40,10,reve,0.5030979468639092,0.5,balanced_chance,Unknown,Unknown,Unknown,,/benchmark-eeg/5.0_version/result_5/linear_downsample/DEAP_arousal_wsn_cross_subject_linear_downsample/seed_10_downsample_t40/ratio_full/reve/summary.json
DEAP_arousal_wsn_cross_subject_linear_downsample,DEAP_arousal_wsn,cross_subject,seed_42_downsample_t40,42,bendr,0.501305373963533,0.5,balanced_chance,Unknown,Unknown,Unknown,,/benchmark-eeg/5.0_version/result_5/linear_downsample/DEAP_arousal_wsn_cross_subject_linear_downsample/seed_42_downsample_t40/ratio_full/bendr/summary.json
DEAP_arousal_wsn_cross_subject_linear_downsample,DEAP_arousal_wsn,cross_subject,seed_42_downsample_t40,42,biot,0.5016360687009614,0.5,balanced_chance,Unknown,Unknown,Unknown,,/benchmark-eeg/5.0_version/result_5/linear_downsample/DEAP_arousal_wsn_cross_subject_linear_downsample/seed_42_downsample_t40/ratio_full/biot/summary.json
DEAP_arousal_wsn_cross_subject_linear_downsample,DEAP_arousal_wsn,cross_subject,seed_42_downsample_t40,42,brainomni,0.5176538774828213,0.5,balanced_chance,Unknown,Unknown,Unknown,,/benchmark-eeg/5.0_version/result_5/linear_downsample/DEAP_arousal_wsn_cross_subject_linear_downsample/seed_42_downsample_t40/ratio_full/brainomni/summary.json
DEAP_arousal_wsn_cross_subject_linear_downsample,DEAP_arousal_wsn,cross_subject,seed_42_downsample_t40,42,cbramod,0.5284536714077849,0.5,balanced_chance,Unknown,Unknown,Unknown,,/benchmark-eeg/5.0_version/result_5/linear_downsample/DEAP_arousal_wsn_cross_subject_linear_downsample/seed_42_downsample_t40/ratio_full/cbramod/summary.json
DEAP_arousal_wsn_cross_subject_linear_downsample,DEAP_arousal_wsn,cross_subject,seed_42_downsample_t40,42,eegmamba,0.4944773978849461,0.5,balanced_chance,Unknown,Unknown,Unknown,,/benchmark-eeg/5.0_version/result_5/linear_downsample/DEAP_arousal_wsn_cross_subject_linear_downsample/seed_42_downsample_t40/ratio_full/eegmamba/summary.json
DEAP_arousal_wsn_cross_subject_linear_downsample,DEAP_arousal_wsn,cross_subject,seed_42_downsample_t40,42,femba,0.5057958603980869,0.5,balanced_chance,Unknown,Unknown,Unknown,,/benchmark-eeg/5.0_version/result_5/linear_downsample/DEAP_arousal_wsn_cross_subject_linear_downsample/seed_42_downsample_t40/ratio_full/femba/summary.json
DEAP_arousal_wsn_cross_subject_linear_downsample,DEAP_arousal_wsn,cross_subject,seed_42_downsample_t40,42,labram,0.49262202635811103,0.5,balanced_chance,Unknown,Unknown,Unknown,,/benchmark-eeg/5.0_version/result_5/linear_downsample/DEAP_arousal_wsn_cross_subject_linear_downsample/seed_42_downsample_t40/ratio_full/labram/summary.json
DEAP_arousal_wsn_cross_subject_linear_downsample,DEAP_arousal_wsn,cross_subject,seed_42_downsample_t40,42,neurogpt,0.4973753280839895,0.5,balanced_chance,Unknown,Unknown,Unknown,,/benchmark-eeg/5.0_version/result_5/linear_downsample/DEAP_arousal_wsn_cross_subject_linear_downsample/seed_42_downsample_t40/ratio_full/neurogpt/summary.json
DEAP_arousal_wsn_cross_subject_linear_downsample,DEAP_arousal_wsn,cross_subject,seed_42_downsample_t40,42,neurolm,0.47746054289632894,0.5,balanced_chance,Unknown,Unknown,Unknown,,/benchmark-eeg/5.0_version/result_5/linear_downsample/DEAP_arousal_wsn_cross_subject_linear_downsample/seed_42_downsample_t40/ratio_full/neurolm/summary.json
DEAP_arousal_wsn_cross_subject_linear_downsample,DEAP_arousal_wsn,cross_subject,seed_42_downsample_t40,42,reve,0.5220260100113481,0.5,balanced_chance,Unknown,Unknown,Unknown,,/benchmark-eeg/5.0_version/result_5/linear_downsample/DEAP_arousal_wsn_cross_subject_linear_downsample/seed_42_downsample_t40/ratio_full/reve/summary.json
DEAP_arousal_wsn_cross_subject_linear_downsample,DEAP_arousal_wsn,cross_subject,seed_5_downsample_t40,5,bendr,0.492728146499393,0.5,balanced_chance,Unknown,Unknown,Unknown,,/benchmark-eeg/5.0_version/result_5/linear_downsample/DEAP_arousal_wsn_cross_subject_linear_downsample/seed_5_downsample_t40/ratio_full/bendr/summary.json
DEAP_arousal_wsn_cross_subject_linear_downsample,DEAP_arousal_wsn,cross_subject,seed_5_downsample_t40,5,biot,0.4798696125050587,0.5,balanced_chance,Unknown,Unknown,Unknown,,/benchmark-eeg/5.0_version/result_5/linear_downsample/DEAP_arousal_wsn_cross_subject_linear_downsample/seed_5_downsample_t40/ratio_full/biot/summary.json
DEAP_arousal_wsn_cross_subject_linear_downsample,DEAP_arousal_wsn,cross_subject,seed_5_downsample_t40,5,brainomni,0.4874481485228652,0.5,balanced_chance,Unknown,Unknown,Unknown,,/benchmark-eeg/5.0_version/result_5/linear_downsample/DEAP_arousal_wsn_cross_subject_linear_downsample/seed_5_downsample_t40/ratio_full/brainomni/summary.json
DEAP_arousal_wsn_cross_subject_linear_downsample,DEAP_arousal_wsn,cross_subject,seed_5_downsample_t40,5,cbramod,0.5501220406717928,0.5,balanced_chance,Unknown,Unknown,Unknown,,/benchmark-eeg/5.0_version/result_5/linear_downsample/DEAP_arousal_wsn_cross_subject_linear_downsample/seed_5_downsample_t40/ratio_full/cbramod/summary.json
DEAP_arousal_wsn_cross_subject_linear_downsample,DEAP_arousal_wsn,cross_subject,seed_5_downsample_t40,5,eegmamba,0.5224289255362202,0.5,balanced_chance,Unknown,Unknown,Unknown,,/benchmark-eeg/5.0_version/result_5/linear_downsample/DEAP_arousal_wsn_cross_subject_linear_downsample/seed_5_downsample_t40/ratio_full/eegmamba/summary.json
DEAP_arousal_wsn_cross_subject_linear_downsample,DEAP_arousal_wsn,cross_subject,seed_5_downsample_t40,5,femba,0.493477463577499,0.5,balanced_chance,Unknown,Unknown,Unknown,,/benchmark-eeg/5.0_version/result_5/linear_downsample/DEAP_arousal_wsn_cross_subject_linear_downsample/seed_5_downsample_t40/ratio_full/femba/summary.json
DEAP_arousal_wsn_cross_subject_linear_downsample,DEAP_arousal_wsn,cross_subject,seed_5_downsample_t40,5,labram,0.5150464133953865,0.5,balanced_chance,Unknown,Unknown,Unknown,,/benchmark-eeg/5.0_version/result_5/linear_downsample/DEAP_arousal_wsn_cross_subject_linear_downsample/seed_5_downsample_t40/ratio_full/labram/summary.json
DEAP_arousal_wsn_cross_subject_linear_downsample,DEAP_arousal_wsn,cross_subject,seed_5_downsample_t40,5,neurogpt,0.49118524888709025,0.5,balanced_chance,Unknown,Unknown,Unknown,,/benchmark-eeg/5.0_version/result_5/linear_downsample/DEAP_arousal_wsn_cross_subject_linear_downsample/seed_5_downsample_t40/ratio_full/neurogpt/summary.json
DEAP_arousal_wsn_cross_subject_linear_downsample,DEAP_arousal_wsn,cross_subject,seed_5_downsample_t40,5,neurolm,0.5015081191825171,0.5,balanced_chance,Unknown,Unknown,Unknown,,/benchmark-eeg/5.0_version/result_5/linear_downsample/DEAP_arousal_wsn_cross_subject_linear_downsample/seed_5_downsample_t40/ratio_full/neurolm/summary.json
DEAP_arousal_wsn_cross_subject_linear_downsample,DEAP_arousal_wsn,cross_subject,seed_5_downsample_t40,5,reve,0.5288913901254553,0.5,balanced_chance,Unknown,Unknown,Unknown,,/benchmark-eeg/5.0_version/result_5/linear_downsample/DEAP_arousal_wsn_cross_subject_linear_downsample/seed_5_downsample_t40/ratio_full/reve/summary.json
DEAP_valence_wsn_cross_subject_linear_downsample,DEAP_valence_wsn,cross_subject,seed_10_downsample_t40,10,bendr,0.5010493357028011,0.5,balanced_chance,Unknown,Unknown,Unknown,,/benchmark-eeg/5.0_version/result_5/linear_downsample/DEAP_valence_wsn_cross_subject_linear_downsample/seed_10_downsample_t40/ratio_full/bendr/summary.json
DEAP_valence_wsn_cross_subject_linear_downsample,DEAP_valence_wsn,cross_subject,seed_10_downsample_t40,10,biot,0.5043115850046542,0.5,balanced_chance,Unknown,Unknown,Unknown,,/benchmark-eeg/5.0_version/result_5/linear_downsample/DEAP_valence_wsn_cross_subject_linear_downsample/seed_10_downsample_t40/ratio_full/biot/summary.json
DEAP_valence_wsn_cross_subject_linear_downsample,DEAP_valence_wsn,cross_subject,seed_10_downsample_t40,10,brainomni,0.5406659896758906,0.5,balanced_chance,Unknown,Unknown,Unknown,,/benchmark-eeg/5.0_version/result_5/linear_downsample/DEAP_valence_wsn_cross_subject_linear_downsample/seed_10_downsample_t40/ratio_full/brainomni/summary.json
DEAP_valence_wsn_cross_subject_linear_downsample,DEAP_valence_wsn,cross_subject,seed_10_downsample_t40,10,cbramod,0.5077896251163578,0.5,balanced_chance,Unknown,Unknown,Unknown,,/benchmark-eeg/5.0_version/result_5/linear_downsample/DEAP_valence_wsn_cross_subject_linear_downsample/seed_10_downsample_t40/ratio_full/cbramod/summary.json
DEAP_valence_wsn_cross_subject_linear_downsample,DEAP_valence_wsn,cross_subject,seed_10_downsample_t40,10,eegmamba,0.5331386984852331,0.5,balanced_chance,Unknown,Unknown,Unknown,,/benchmark-eeg/5.0_version/result_5/linear_downsample/DEAP_valence_wsn_cross_subject_linear_downsample/seed_10_downsample_t40/ratio_full/eegmamba/summary.json
DEAP_valence_wsn_cross_subject_linear_downsample,DEAP_valence_wsn,cross_subject,seed_10_downsample_t40,10,femba,0.5232165524244732,0.5,balanced_chance,Unknown,Unknown,Unknown,,/benchmark-eeg/5.0_version/result_5/linear_downsample/DEAP_valence_wsn_cross_subject_linear_downsample/seed_10_downsample_t40/ratio_full/femba/summary.json
DEAP_valence_wsn_cross_subject_linear_downsample,DEAP_valence_wsn,cross_subject,seed_10_downsample_t40,10,labram,0.5161885419311162,0.5,balanced_chance,Unknown,Unknown,Unknown,,/benchmark-eeg/5.0_version/result_5/linear_downsample/DEAP_valence_wsn_cross_subject_linear_downsample/seed_10_downsample_t40/ratio_full/labram/summary.json
DEAP_valence_wsn_cross_subject_linear_downsample,DEAP_valence_wsn,cross_subject,seed_10_downsample_t40,10,neurogpt,0.5043412033511043,0.5,balanced_chance,Unknown,Unknown,Unknown,,/benchmark-eeg/5.0_version/result_5/linear_downsample/DEAP_valence_wsn_cross_subject_linear_downsample/seed_10_downsample_t40/ratio_full/neurogpt/summary.json
DEAP_valence_wsn_cross_subject_linear_downsample,DEAP_valence_wsn,cross_subject,seed_10_downsample_t40,10,neurolm,0.5015613099771515,0.5,balanced_chance,Unknown,Unknown,Unknown,,/benchmark-eeg/5.0_version/result_5/linear_downsample/DEAP_valence_wsn_cross_subject_linear_downsample/seed_10_downsample_t40/ratio_full/neurolm/summary.json
DEAP_valence_wsn_cross_subject_linear_downsample,DEAP_valence_wsn,cross_subject,seed_10_downsample_t40,10,reve,0.52001777100787,0.5,balanced_chance,Unknown,Unknown,Unknown,,/benchmark-eeg/5.0_version/result_5/linear_downsample/DEAP_valence_wsn_cross_subject_linear_downsample/seed_10_downsample_t40/ratio_full/reve/summary.json
DEAP_valence_wsn_cross_subject_linear_downsample,DEAP_valence_wsn,cross_subject,seed_42_downsample_t40,42,bendr,0.5175808258091967,0.5,balanced_chance,Unknown,Unknown,Unknown,,/benchmark-eeg/5.0_version/result_5/linear_downsample/DEAP_valence_wsn_cross_subject_linear_downsample/seed_42_downsample_t40/ratio_full/bendr/summary.json
DEAP_valence_wsn_cross_subject_linear_downsample,DEAP_valence_wsn,cross_subject,seed_42_downsample_t40,42,biot,0.533552018220612,0.5,balanced_chance,Unknown,Unknown,Unknown,,/benchmark-eeg/5.0_version/result_5/linear_downsample/DEAP_valence_wsn_cross_subject_linear_downsample/seed_42_downsample_t40/ratio_full/biot/summary.json
DEAP_valence_wsn_cross_subject_linear_downsample,DEAP_valence_wsn,cross_subject,seed_42_downsample_t40,42,brainomni,0.5297054793234848,0.5,balanced_chance,Unknown,Unknown,Unknown,,/benchmark-eeg/5.0_version/result_5/linear_downsample/DEAP_valence_wsn_cross_subject_linear_downsample/seed_42_downsample_t40/ratio_full/brainomni/summary.json
DEAP_valence_wsn_cross_subject_linear_downsample,DEAP_valence_wsn,cross_subject,seed_42_downsample_t40,42,cbramod,0.5106088762913046,0.5,balanced_chance,Unknown,Unknown,Unknown,,/benchmark-eeg/5.0_version/result_5/linear_downsample/DEAP_valence_wsn_cross_subject_linear_downsample/seed_42_downsample_t40/ratio_full/cbramod/summary.json
DEAP_valence_wsn_cross_subject_linear_downsample,DEAP_valence_wsn,cross_subject,seed_42_downsample_t40,42,eegmamba,0.534637621309106,0.5,balanced_chance,Unknown,Unknown,Unknown,,/benchmark-eeg/5.0_version/result_5/linear_downsample/DEAP_valence_wsn_cross_subject_linear_downsample/seed_42_downsample_t40/ratio_full/eegmamba/summary.json
DEAP_valence_wsn_cross_subject_linear_downsample,DEAP_valence_wsn,cross_subject,seed_42_downsample_t40,42,femba,0.5305392350096046,0.5,balanced_chance,Unknown,Unknown,Unknown,,/benchmark-eeg/5.0_version/result_5/linear_downsample/DEAP_valence_wsn_cross_subject_linear_downsample/seed_42_downsample_t40/ratio_full/femba/summary.json
DEAP_valence_wsn_cross_subject_linear_downsample,DEAP_valence_wsn,cross_subject,seed_42_downsample_t40,42,labram,0.5233342093242981,0.5,balanced_chance,Unknown,Unknown,Unknown,,/benchmark-eeg/5.0_version/result_5/linear_downsample/DEAP_valence_wsn_cross_subject_linear_downsample/seed_42_downsample_t40/ratio_full/labram/summary.json
DEAP_valence_wsn_cross_subject_linear_downsample,DEAP_valence_wsn,cross_subject,seed_42_downsample_t40,42,neurogpt,0.5300621327877161,0.5,balanced_chance,Unknown,Unknown,Unknown,,/benchmark-eeg/5.0_version/result_5/linear_downsample/DEAP_valence_wsn_cross_subject_linear_downsample/seed_42_downsample_t40/ratio_full/neurogpt/summary.json
DEAP_valence_wsn_cross_subject_linear_downsample,DEAP_valence_wsn,cross_subject,seed_42_downsample_t40,42,neurolm,0.5204356177926279,0.5,balanced_chance,Unknown,Unknown,Unknown,,/benchmark-eeg/5.0_version/result_5/linear_downsample/DEAP_valence_wsn_cross_subject_linear_downsample/seed_42_downsample_t40/ratio_full/neurolm/summary.json
DEAP_valence_wsn_cross_subject_linear_downsample,DEAP_valence_wsn,cross_subject,seed_42_downsample_t40,42,reve,0.5159962207246949,0.5,balanced_chance,Unknown,Unknown,Unknown,,/benchmark-eeg/5.0_version/result_5/linear_downsample/DEAP_valence_wsn_cross_subject_linear_downsample/seed_42_downsample_t40/ratio_full/reve/summary.json
DEAP_valence_wsn_cross_subject_linear_downsample,DEAP_valence_wsn,cross_subject,seed_5_downsample_t40,5,bendr,0.48987070975739644,0.5,balanced_chance,Unknown,Unknown,Unknown,,/benchmark-eeg/5.0_version/result_5/linear_downsample/DEAP_valence_wsn_cross_subject_linear_downsample/seed_5_downsample_t40/ratio_full/bendr/summary.json
DEAP_valence_wsn_cross_subject_linear_downsample,DEAP_valence_wsn,cross_subject,seed_5_downsample_t40,5,biot,0.5030976100712194,0.5,balanced_chance,Unknown,Unknown,Unknown,,/benchmark-eeg/5.0_version/result_5/linear_downsample/DEAP_valence_wsn_cross_subject_linear_downsample/seed_5_downsample_t40/ratio_full/biot/summary.json
DEAP_valence_wsn_cross_subject_linear_downsample,DEAP_valence_wsn,cross_subject,seed_5_downsample_t40,5,brainomni,0.510816812244812,0.5,balanced_chance,Unknown,Unknown,Unknown,,/benchmark-eeg/5.0_version/result_5/linear_downsample/DEAP_valence_wsn_cross_subject_linear_downsample/seed_5_downsample_t40/ratio_full/brainomni/summary.json
DEAP_valence_wsn_cross_subject_linear_downsample,DEAP_valence_wsn,cross_subject,seed_5_downsample_t40,5,cbramod,0.4814549590345205,0.5,balanced_chance,Unknown,Unknown,Unknown,,/benchmark-eeg/5.0_version/result_5/linear_downsample/DEAP_valence_wsn_cross_subject_linear_downsample/seed_5_downsample_t40/ratio_full/cbramod/summary.json
DEAP_valence_wsn_cross_subject_linear_downsample,DEAP_valence_wsn,cross_subject,seed_5_downsample_t40,5,eegmamba,0.4842757549954416,0.5,balanced_chance,Unknown,Unknown,Unknown,,/benchmark-eeg/5.0_version/result_5/linear_downsample/DEAP_valence_wsn_cross_subject_linear_downsample/seed_5_downsample_t40/ratio_full/eegmamba/summary.json
DEAP_valence_wsn_cross_subject_linear_downsample,DEAP_valence_wsn,cross_subject,seed_5_downsample_t40,5,femba,0.4858584095825824,0.5,balanced_chance,Unknown,Unknown,Unknown,,/benchmark-eeg/5.0_version/result_5/linear_downsample/DEAP_valence_wsn_cross_subject_linear_downsample/seed_5_downsample_t40/ratio_full/femba/summary.json
DEAP_valence_wsn_cross_subject_linear_downsample,DEAP_valence_wsn,cross_subject,seed_5_downsample_t40,5,labram,0.46292797116319095,0.5,balanced_chance,Unknown,Unknown,Unknown,,/benchmark-eeg/5.0_version/result_5/linear_downsample/DEAP_valence_wsn_cross_subject_linear_downsample/seed_5_downsample_t40/ratio_full/labram/summary.json
DEAP_valence_wsn_cross_subject_linear_downsample,DEAP_valence_wsn,cross_subject,seed_5_downsample_t40,5,neurogpt,0.4692510673891916,0.5,balanced_chance,Unknown,Unknown,Unknown,,/benchmark-eeg/5.0_version/result_5/linear_downsample/DEAP_valence_wsn_cross_subject_linear_downsample/seed_5_downsample_t40/ratio_full/neurogpt/summary.json
DEAP_valence_wsn_cross_subject_linear_downsample,DEAP_valence_wsn,cross_subject,seed_5_downsample_t40,5,neurolm,0.48898761256856416,0.5,balanced_chance,Unknown,Unknown,Unknown,,/benchmark-eeg/5.0_version/result_5/linear_downsample/DEAP_valence_wsn_cross_subject_linear_downsample/seed_5_downsample_t40/ratio_full/neurolm/summary.json
DEAP_valence_wsn_cross_subject_linear_downsample,DEAP_valence_wsn,cross_subject,seed_5_downsample_t40,5,reve,0.48199354300999236,0.5,balanced_chance,Unknown,Unknown,Unknown,,/benchmark-eeg/5.0_version/result_5/linear_downsample/DEAP_valence_wsn_cross_subject_linear_downsample/seed_5_downsample_t40/ratio_full/reve/summary.json
DUAL_FREQ_SSVEP_wsn_cross_subject_linear_downsample,DUAL_FREQ_SSVEP_wsn,cross_subject,seed_10_downsample_t40,10,bendr,0.0328125,0.025,balanced_chance,Unknown,Unknown,Unknown,,/benchmark-eeg/5.0_version/result_5/linear_downsample/DUAL_FREQ_SSVEP_wsn_cross_subject_linear_downsample/seed_10_downsample_t40/ratio_full/bendr/summary.json
DUAL_FREQ_SSVEP_wsn_cross_subject_linear_downsample,DUAL_FREQ_SSVEP_wsn,cross_subject,seed_10_downsample_t40,10,biot,0.034375,0.025,balanced_chance,Unknown,Unknown,Unknown,,/benchmark-eeg/5.0_version/result_5/linear_downsample/DUAL_FREQ_SSVEP_wsn_cross_subject_linear_downsample/seed_10_downsample_t40/ratio_full/biot/summary.json
DUAL_FREQ_SSVEP_wsn_cross_subject_linear_downsample,DUAL_FREQ_SSVEP_wsn,cross_subject,seed_10_downsample_t40,10,brainomni,0.0609375,0.025,balanced_chance,Unknown,Unknown,Unknown,,/benchmark-eeg/5.0_version/result_5/linear_downsample/DUAL_FREQ_SSVEP_wsn_cross_subject_linear_downsample/seed_10_downsample_t40/ratio_full/brainomni/summary.json
DUAL_FREQ_SSVEP_wsn_cross_subject_linear_downsample,DUAL_FREQ_SSVEP_wsn,cross_subject,seed_10_downsample_t40,10,cbramod,0.0328125,0.025,balanced_chance,Unknown,Unknown,Unknown,,/benchmark-eeg/5.0_version/result_5/linear_downsample/DUAL_FREQ_SSVEP_wsn_cross_subject_linear_downsample/seed_10_downsample_t40/ratio_full/cbramod/summary.json
DUAL_FREQ_SSVEP_wsn_cross_subject_linear_downsample,DUAL_FREQ_SSVEP_wsn,cross_subject,seed_10_downsample_t40,10,eegmamba,0.025,0.025,balanced_chance,Unknown,Unknown,Unknown,,/benchmark-eeg/5.0_version/result_5/linear_downsample/DUAL_FREQ_SSVEP_wsn_cross_subject_linear_downsample/seed_10_downsample_t40/ratio_full/eegmamba/summary.json
DUAL_FREQ_SSVEP_wsn_cross_subject_linear_downsample,DUAL_FREQ_SSVEP_wsn,cross_subject,seed_10_downsample_t40,10,femba,0.0359375,0.025,balanced_chance,Unknown,Unknown,Unknown,,/benchmark-eeg/5.0_version/result_5/linear_downsample/DUAL_FREQ_SSVEP_wsn_cross_subject_linear_downsample/seed_10_downsample_t40/ratio_full/femba/summary.json
DUAL_FREQ_SSVEP_wsn_cross_subject_linear_downsample,DUAL_FREQ_SSVEP_wsn,cross_subject,seed_10_downsample_t40,10,labram,0.0234375,0.025,balanced_chance,Unknown,Unknown,Unknown,,/benchmark-eeg/5.0_version/result_5/linear_downsample/DUAL_FREQ_SSVEP_wsn_cross_subject_linear_downsample/seed_10_downsample_t40/ratio_full/labram/summary.json
DUAL_FREQ_SSVEP_wsn_cross_subject_linear_downsample,DUAL_FREQ_SSVEP_wsn,cross_subject,seed_10_downsample_t40,10,neurogpt,0.0203125,0.025,balanced_chance,Unknown,Unknown,Unknown,,/benchmark-eeg/5.0_version/result_5/linear_downsample/DUAL_FREQ_SSVEP_wsn_cross_subject_linear_downsample/seed_10_downsample_t40/ratio_full/neurogpt/summary.json
DUAL_FREQ_SSVEP_wsn_cross_subject_linear_downsample,DUAL_FREQ_SSVEP_wsn,cross_subject,seed_10_downsample_t40,10,neurolm,0.0265625,0.025,balanced_chance,Unknown,Unknown,Unknown,,/benchmark-eeg/5.0_version/result_5/linear_downsample/DUAL_FREQ_SSVEP_wsn_cross_subject_linear_downsample/seed_10_downsample_t40/ratio_full/neurolm/summary.json
DUAL_FREQ_SSVEP_wsn_cross_subject_linear_downsample,DUAL_FREQ_SSVEP_wsn,cross_subject,seed_10_downsample_t40,10,reve,0.0359375,0.025,balanced_chance,Unknown,Unknown,Unknown,,/benchmark-eeg/5.0_version/result_5/linear_downsample/DUAL_FREQ_SSVEP_wsn_cross_subject_linear_downsample/seed_10_downsample_t40/ratio_full/reve/summary.json
DUAL_FREQ_SSVEP_wsn_cross_subject_linear_downsample,DUAL_FREQ_SSVEP_wsn,cross_subject,seed_42_downsample_t40,42,bendr,0.034375,0.025,balanced_chance,Unknown,Unknown,Unknown,,/benchmark-eeg/5.0_version/result_5/linear_downsample/DUAL_FREQ_SSVEP_wsn_cross_subject_linear_downsample/seed_42_downsample_t40/ratio_full/bendr/summary.json
DUAL_FREQ_SSVEP_wsn_cross_subject_linear_downsample,DUAL_FREQ_SSVEP_wsn,cross_subject,seed_42_downsample_t40,42,biot,0.034375,0.025,balanced_chance,Unknown,Unknown,Unknown,,/benchmark-eeg/5.0_version/result_5/linear_downsample/DUAL_FREQ_SSVEP_wsn_cross_subject_linear_downsample/seed_42_downsample_t40/ratio_full/biot/summary.json
DUAL_FREQ_SSVEP_wsn_cross_subject_linear_downsample,DUAL_FREQ_SSVEP_wsn,cross_subject,seed_42_downsample_t40,42,brainomni,0.065625,0.025,balanced_chance,Unknown,Unknown,Unknown,,/benchmark-eeg/5.0_version/result_5/linear_downsample/DUAL_FREQ_SSVEP_wsn_cross_subject_linear_downsample/seed_42_downsample_t40/ratio_full/brainomni/summary.json
DUAL_FREQ_SSVEP_wsn_cross_subject_linear_downsample,DUAL_FREQ_SSVEP_wsn,cross_subject,seed_42_downsample_t40,42,cbramod,0.03125,0.025,balanced_chance,Unknown,Unknown,Unknown,,/benchmark-eeg/5.0_version/result_5/linear_downsample/DUAL_FREQ_SSVEP_wsn_cross_subject_linear_downsample/seed_42_downsample_t40/ratio_full/cbramod/summary.json
DUAL_FREQ_SSVEP_wsn_cross_subject_linear_downsample,DUAL_FREQ_SSVEP_wsn,cross_subject,seed_42_downsample_t40,42,eegmamba,0.034375,0.025,balanced_chance,Unknown,Unknown,Unknown,,/benchmark-eeg/5.0_version/result_5/linear_downsample/DUAL_FREQ_SSVEP_wsn_cross_subject_linear_downsample/seed_42_downsample_t40/ratio_full/eegmamba/summary.json
DUAL_FREQ_SSVEP_wsn_cross_subject_linear_downsample,DUAL_FREQ_SSVEP_wsn,cross_subject,seed_42_downsample_t40,42,femba,0.034375,0.025,balanced_chance,Unknown,Unknown,Unknown,,/benchmark-eeg/5.0_version/result_5/linear_downsample/DUAL_FREQ_SSVEP_wsn_cross_subject_linear_downsample/seed_42_downsample_t40/ratio_full/femba/summary.json
DUAL_FREQ_SSVEP_wsn_cross_subject_linear_downsample,DUAL_FREQ_SSVEP_wsn,cross_subject,seed_42_downsample_t40,42,labram,0.0359375,0.025,balanced_chance,Unknown,Unknown,Unknown,,/benchmark-eeg/5.0_version/result_5/linear_downsample/DUAL_FREQ_SSVEP_wsn_cross_subject_linear_downsample/seed_42_downsample_t40/ratio_full/labram/summary.json
DUAL_FREQ_SSVEP_wsn_cross_subject_linear_downsample,DUAL_FREQ_SSVEP_wsn,cross_subject,seed_42_downsample_t40,42,neurogpt,0.0265625,0.025,balanced_chance,Unknown,Unknown,Unknown,,/benchmark-eeg/5.0_version/result_5/linear_downsample/DUAL_FREQ_SSVEP_wsn_cross_subject_linear_downsample/seed_42_downsample_t40/ratio_full/neurogpt/summary.json
DUAL_FREQ_SSVEP_wsn_cross_subject_linear_downsample,DUAL_FREQ_SSVEP_wsn,cross_subject,seed_42_downsample_t40,42,neurolm,0.0296875,0.025,balanced_chance,Unknown,Unknown,Unknown,,/benchmark-eeg/5.0_version/result_5/linear_downsample/DUAL_FREQ_SSVEP_wsn_cross_subject_linear_downsample/seed_42_downsample_t40/ratio_full/neurolm/summary.json
DUAL_FREQ_SSVEP_wsn_cross_subject_linear_downsample,DUAL_FREQ_SSVEP_wsn,cross_subject,seed_42_downsample_t40,42,reve,0.0328125,0.025,balanced_chance,Unknown,Unknown,Unknown,,/benchmark-eeg/5.0_version/result_5/linear_downsample/DUAL_FREQ_SSVEP_wsn_cross_subject_linear_downsample/seed_42_downsample_t40/ratio_full/reve/summary.json
DUAL_FREQ_SSVEP_wsn_cross_subject_linear_downsample,DUAL_FREQ_SSVEP_wsn,cross_subject,seed_5_downsample_t40,5,bendr,0.0171875,0.025,balanced_chance,Unknown,Unknown,Unknown,,/benchmark-eeg/5.0_version/result_5/linear_downsample/DUAL_FREQ_SSVEP_wsn_cross_subject_linear_downsample/seed_5_downsample_t40/ratio_full/bendr/summary.json
DUAL_FREQ_SSVEP_wsn_cross_subject_linear_downsample,DUAL_FREQ_SSVEP_wsn,cross_subject,seed_5_downsample_t40,5,biot,0.0390625,0.025,balanced_chance,Unknown,Unknown,Unknown,,/benchmark-eeg/5.0_version/result_5/linear_downsample/DUAL_FREQ_SSVEP_wsn_cross_subject_linear_downsample/seed_5_downsample_t40/ratio_full/biot/summary.json
DUAL_FREQ_SSVEP_wsn_cross_subject_linear_downsample,DUAL_FREQ_SSVEP_wsn,cross_subject,seed_5_downsample_t40,5,brainomni,0.0421875,0.025,balanced_chance,Unknown,Unknown,Unknown,,/benchmark-eeg/5.0_version/result_5/linear_downsample/DUAL_FREQ_SSVEP_wsn_cross_subject_linear_downsample/seed_5_downsample_t40/ratio_full/brainomni/summary.json
DUAL_FREQ_SSVEP_wsn_cross_subject_linear_downsample,DUAL_FREQ_SSVEP_wsn,cross_subject,seed_5_downsample_t40,5,cbramod,0.0265625,0.025,balanced_chance,Unknown,Unknown,Unknown,,/benchmark-eeg/5.0_version/result_5/linear_downsample/DUAL_FREQ_SSVEP_wsn_cross_subject_linear_downsample/seed_5_downsample_t40/ratio_full/cbramod/summary.json
DUAL_FREQ_SSVEP_wsn_cross_subject_linear_downsample,DUAL_FREQ_SSVEP_wsn,cross_subject,seed_5_downsample_t40,5,eegmamba,0.05,0.025,balanced_chance,Unknown,Unknown,Unknown,,/benchmark-eeg/5.0_version/result_5/linear_downsample/DUAL_FREQ_SSVEP_wsn_cross_subject_linear_downsample/seed_5_downsample_t40/ratio_full/eegmamba/summary.json
DUAL_FREQ_SSVEP_wsn_cross_subject_linear_downsample,DUAL_FREQ_SSVEP_wsn,cross_subject,seed_5_downsample_t40,5,femba,0.04375,0.025,balanced_chance,Unknown,Unknown,Unknown,,/benchmark-eeg/5.0_version/result_5/linear_downsample/DUAL_FREQ_SSVEP_wsn_cross_subject_linear_downsample/seed_5_downsample_t40/ratio_full/femba/summary.json
DUAL_FREQ_SSVEP_wsn_cross_subject_linear_downsample,DUAL_FREQ_SSVEP_wsn,cross_subject,seed_5_downsample_t40,5,labram,0.0234375,0.025,balanced_chance,Unknown,Unknown,Unknown,,/benchmark-eeg/5.0_version/result_5/linear_downsample/DUAL_FREQ_SSVEP_wsn_cross_subject_linear_downsample/seed_5_downsample_t40/ratio_full/labram/summary.json
DUAL_FREQ_SSVEP_wsn_cross_subject_linear_downsample,DUAL_FREQ_SSVEP_wsn,cross_subject,seed_5_downsample_t40,5,neurogpt,0.0265625,0.025,balanced_chance,Unknown,Unknown,Unknown,,/benchmark-eeg/5.0_version/result_5/linear_downsample/DUAL_FREQ_SSVEP_wsn_cross_subject_linear_downsample/seed_5_downsample_t40/ratio_full/neurogpt/summary.json
DUAL_FREQ_SSVEP_wsn_cross_subject_linear_downsample,DUAL_FREQ_SSVEP_wsn,cross_subject,seed_5_downsample_t40,5,neurolm,0.0375,0.025,balanced_chance,Unknown,Unknown,Unknown,,/benchmark-eeg/5.0_version/result_5/linear_downsample/DUAL_FREQ_SSVEP_wsn_cross_subject_linear_downsample/seed_5_downsample_t40/ratio_full/neurolm/summary.json
DUAL_FREQ_SSVEP_wsn_cross_subject_linear_downsample,DUAL_FREQ_SSVEP_wsn,cross_subject,seed_5_downsample_t40,5,reve,0.0328125,0.025,balanced_chance,Unknown,Unknown,Unknown,,/benchmark-eeg/5.0_version/result_5/linear_downsample/DUAL_FREQ_SSVEP_wsn_cross_subject_linear_downsample/seed_5_downsample_t40/ratio_full/reve/summary.json
DUAL_FREQ_SSVEP_wsn_within_subject_linear_downsample,DUAL_FREQ_SSVEP_wsn,within_subject,seed_10_downsample_t40,10,bendr,0.01583333333333333,0.025,balanced_chance,Unknown,Unknown,Unknown,,/benchmark-eeg/5.0_version/result_5/linear_downsample/DUAL_FREQ_SSVEP_wsn_within_subject_linear_downsample/seed_10_downsample_t40/ratio_full/bendr/summary.json
DUAL_FREQ_SSVEP_wsn_within_subject_linear_downsample,DUAL_FREQ_SSVEP_wsn,within_subject,seed_10_downsample_t40,10,biot,0.0291025641025641,0.025,balanced_chance,Unknown,Unknown,Unknown,,/benchmark-eeg/5.0_version/result_5/linear_downsample/DUAL_FREQ_SSVEP_wsn_within_subject_linear_downsample/seed_10_downsample_t40/ratio_full/biot/summary.json
DUAL_FREQ_SSVEP_wsn_within_subject_linear_downsample,DUAL_FREQ_SSVEP_wsn,within_subject,seed_10_downsample_t40,10,brainomni,0.06091353091353091,0.025,balanced_chance,Unknown,Unknown,Unknown,,/benchmark-eeg/5.0_version/result_5/linear_downsample/DUAL_FREQ_SSVEP_wsn_within_subject_linear_downsample/seed_10_downsample_t40/ratio_full/brainomni/summary.json
DUAL_FREQ_SSVEP_wsn_within_subject_linear_downsample,DUAL_FREQ_SSVEP_wsn,within_subject,seed_10_downsample_t40,10,cbramod,0.025555555555555554,0.025,balanced_chance,Unknown,Unknown,Unknown,,/benchmark-eeg/5.0_version/result_5/linear_downsample/DUAL_FREQ_SSVEP_wsn_within_subject_linear_downsample/seed_10_downsample_t40/ratio_full/cbramod/summary.json
DUAL_FREQ_SSVEP_wsn_within_subject_linear_downsample,DUAL_FREQ_SSVEP_wsn,within_subject,seed_10_downsample_t40,10,eegmamba,0.03111111111111111,0.025,balanced_chance,Unknown,Unknown,Unknown,,/benchmark-eeg/5.0_version/result_5/linear_downsample/DUAL_FREQ_SSVEP_wsn_within_subject_linear_downsample/seed_10_downsample_t40/ratio_full/eegmamba/summary.json
DUAL_FREQ_SSVEP_wsn_within_subject_linear_downsample,DUAL_FREQ_SSVEP_wsn,within_subject,seed_10_downsample_t40,10,femba,0.026022727272727274,0.025,balanced_chance,Unknown,Unknown,Unknown,,/benchmark-eeg/5.0_version/result_5/linear_downsample/DUAL_FREQ_SSVEP_wsn_within_subject_linear_downsample/seed_10_downsample_t40/ratio_full/femba/summary.json
DUAL_FREQ_SSVEP_wsn_within_subject_linear_downsample,DUAL_FREQ_SSVEP_wsn,within_subject,seed_10_downsample_t40,10,labram,0.02334911616161616,0.025,balanced_chance,Unknown,Unknown,Unknown,,/benchmark-eeg/5.0_version/result_5/linear_downsample/DUAL_FREQ_SSVEP_wsn_within_subject_linear_downsample/seed_10_downsample_t40/ratio_full/labram/summary.json
DUAL_FREQ_SSVEP_wsn_within_subject_linear_downsample,DUAL_FREQ_SSVEP_wsn,within_subject,seed_10_downsample_t40,10,neurogpt,0.01125,0.025,balanced_chance,Unknown,Unknown,Unknown,,/benchmark-eeg/5.0_version/result_5/linear_downsample/DUAL_FREQ_SSVEP_wsn_within_subject_linear_downsample/seed_10_downsample_t40/ratio_full/neurogpt/summary.json
DUAL_FREQ_SSVEP_wsn_within_subject_linear_downsample,DUAL_FREQ_SSVEP_wsn,within_subject,seed_10_downsample_t40,10,neurolm,0.03766802641802642,0.025,balanced_chance,Unknown,Unknown,Unknown,,/benchmark-eeg/5.0_version/result_5/linear_downsample/DUAL_FREQ_SSVEP_wsn_within_subject_linear_downsample/seed_10_downsample_t40/ratio_full/neurolm/summary.json
DUAL_FREQ_SSVEP_wsn_within_subject_linear_downsample,DUAL_FREQ_SSVEP_wsn,within_subject,seed_10_downsample_t40,10,reve,0.03653554778554778,0.025,balanced_chance,Unknown,Unknown,Unknown,,/benchmark-eeg/5.0_version/result_5/linear_downsample/DUAL_FREQ_SSVEP_wsn_within_subject_linear_downsample/seed_10_downsample_t40/ratio_full/reve/summary.json
DUAL_FREQ_SSVEP_wsn_within_subject_linear_downsample,DUAL_FREQ_SSVEP_wsn,within_subject,seed_42_downsample_t40,42,bendr,0.027976190476190477,0.025,balanced_chance,Unknown,Unknown,Unknown,,/benchmark-eeg/5.0_version/result_5/linear_downsample/DUAL_FREQ_SSVEP_wsn_within_subject_linear_downsample/seed_42_downsample_t40/ratio_full/bendr/summary.json
DUAL_FREQ_SSVEP_wsn_within_subject_linear_downsample,DUAL_FREQ_SSVEP_wsn,within_subject,seed_42_downsample_t40,42,biot,0.026914231601731602,0.025,balanced_chance,Unknown,Unknown,Unknown,,/benchmark-eeg/5.0_version/result_5/linear_downsample/DUAL_FREQ_SSVEP_wsn_within_subject_linear_downsample/seed_42_downsample_t40/ratio_full/biot/summary.json
DUAL_FREQ_SSVEP_wsn_within_subject_linear_downsample,DUAL_FREQ_SSVEP_wsn,within_subject,seed_42_downsample_t40,42,brainomni,0.05535308441558442,0.025,balanced_chance,Unknown,Unknown,Unknown,,/benchmark-eeg/5.0_version/result_5/linear_downsample/DUAL_FREQ_SSVEP_wsn_within_subject_linear_downsample/seed_42_downsample_t40/ratio_full/brainomni/summary.json
DUAL_FREQ_SSVEP_wsn_within_subject_linear_downsample,DUAL_FREQ_SSVEP_wsn,within_subject,seed_42_downsample_t40,42,cbramod,0.034345238095238095,0.025,balanced_chance,Unknown,Unknown,Unknown,,/benchmark-eeg/5.0_version/result_5/linear_downsample/DUAL_FREQ_SSVEP_wsn_within_subject_linear_downsample/seed_42_downsample_t40/ratio_full/cbramod/summary.json
DUAL_FREQ_SSVEP_wsn_within_subject_linear_downsample,DUAL_FREQ_SSVEP_wsn,within_subject,seed_42_downsample_t40,42,eegmamba,0.03412698412698413,0.025,balanced_chance,Unknown,Unknown,Unknown,,/benchmark-eeg/5.0_version/result_5/linear_downsample/DUAL_FREQ_SSVEP_wsn_within_subject_linear_downsample/seed_42_downsample_t40/ratio_full/eegmamba/summary.json
DUAL_FREQ_SSVEP_wsn_within_subject_linear_downsample,DUAL_FREQ_SSVEP_wsn,within_subject,seed_42_downsample_t40,42,femba,0.036106428293928294,0.025,balanced_chance,Unknown,Unknown,Unknown,,/benchmark-eeg/5.0_version/result_5/linear_downsample/DUAL_FREQ_SSVEP_wsn_within_subject_linear_downsample/seed_42_downsample_t40/ratio_full/femba/summary.json
DUAL_FREQ_SSVEP_wsn_within_subject_linear_downsample,DUAL_FREQ_SSVEP_wsn,within_subject,seed_42_downsample_t40,42,labram,0.02335813492063492,0.025,balanced_chance,Unknown,Unknown,Unknown,,/benchmark-eeg/5.0_version/result_5/linear_downsample/DUAL_FREQ_SSVEP_wsn_within_subject_linear_downsample/seed_42_downsample_t40/ratio_full/labram/summary.json
DUAL_FREQ_SSVEP_wsn_within_subject_linear_downsample,DUAL_FREQ_SSVEP_wsn,within_subject,seed_42_downsample_t40,42,neurogpt,0.025555555555555554,0.025,balanced_chance,Unknown,Unknown,Unknown,,/benchmark-eeg/5.0_version/result_5/linear_downsample/DUAL_FREQ_SSVEP_wsn_within_subject_linear_downsample/seed_42_downsample_t40/ratio_full/neurogpt/summary.json
DUAL_FREQ_SSVEP_wsn_within_subject_linear_downsample,DUAL_FREQ_SSVEP_wsn,within_subject,seed_42_downsample_t40,42,neurolm,0.033303571428571425,0.025,balanced_chance,Unknown,Unknown,Unknown,,/benchmark-eeg/5.0_version/result_5/linear_downsample/DUAL_FREQ_SSVEP_wsn_within_subject_linear_downsample/seed_42_downsample_t40/ratio_full/neurolm/summary.json
DUAL_FREQ_SSVEP_wsn_within_subject_linear_downsample,DUAL_FREQ_SSVEP_wsn,within_subject,seed_42_downsample_t40,42,reve,0.030252976190476188,0.025,balanced_chance,Unknown,Unknown,Unknown,,/benchmark-eeg/5.0_version/result_5/linear_downsample/DUAL_FREQ_SSVEP_wsn_within_subject_linear_downsample/seed_42_downsample_t40/ratio_full/reve/summary.json
DUAL_FREQ_SSVEP_wsn_within_subject_linear_downsample,DUAL_FREQ_SSVEP_wsn,within_subject,seed_5_downsample_t40,5,bendr,0.029712301587301586,0.025,balanced_chance,Unknown,Unknown,Unknown,,/benchmark-eeg/5.0_version/result_5/linear_downsample/DUAL_FREQ_SSVEP_wsn_within_subject_linear_downsample/seed_5_downsample_t40/ratio_full/bendr/summary.json
DUAL_FREQ_SSVEP_wsn_within_subject_linear_downsample,DUAL_FREQ_SSVEP_wsn,within_subject,seed_5_downsample_t40,5,biot,0.02907793595293595,0.025,balanced_chance,Unknown,Unknown,Unknown,,/benchmark-eeg/5.0_version/result_5/linear_downsample/DUAL_FREQ_SSVEP_wsn_within_subject_linear_downsample/seed_5_downsample_t40/ratio_full/biot/summary.json
DUAL_FREQ_SSVEP_wsn_within_subject_linear_downsample,DUAL_FREQ_SSVEP_wsn,within_subject,seed_5_downsample_t40,5,brainomni,0.0461547929194988,0.025,balanced_chance,Unknown,Unknown,Unknown,,/benchmark-eeg/5.0_version/result_5/linear_downsample/DUAL_FREQ_SSVEP_wsn_within_subject_linear_downsample/seed_5_downsample_t40/ratio_full/brainomni/summary.json
DUAL_FREQ_SSVEP_wsn_within_subject_linear_downsample,DUAL_FREQ_SSVEP_wsn,within_subject,seed_5_downsample_t40,5,cbramod,0.02767857142857143,0.025,balanced_chance,Unknown,Unknown,Unknown,,/benchmark-eeg/5.0_version/result_5/linear_downsample/DUAL_FREQ_SSVEP_wsn_within_subject_linear_downsample/seed_5_downsample_t40/ratio_full/cbramod/summary.json
DUAL_FREQ_SSVEP_wsn_within_subject_linear_downsample,DUAL_FREQ_SSVEP_wsn,within_subject,seed_5_downsample_t40,5,eegmamba,0.010515873015873017,0.025,balanced_chance,Unknown,Unknown,Unknown,,/benchmark-eeg/5.0_version/result_5/linear_downsample/DUAL_FREQ_SSVEP_wsn_within_subject_linear_downsample/seed_5_downsample_t40/ratio_full/eegmamba/summary.json
DUAL_FREQ_SSVEP_wsn_within_subject_linear_downsample,DUAL_FREQ_SSVEP_wsn,within_subject,seed_5_downsample_t40,5,femba,0.044387532402238285,0.025,balanced_chance,Unknown,Unknown,Unknown,,/benchmark-eeg/5.0_version/result_5/linear_downsample/DUAL_FREQ_SSVEP_wsn_within_subject_linear_downsample/seed_5_downsample_t40/ratio_full/femba/summary.json
DUAL_FREQ_SSVEP_wsn_within_subject_linear_downsample,DUAL_FREQ_SSVEP_wsn,within_subject,seed_5_downsample_t40,5,labram,0.021281843156843155,0.025,balanced_chance,Unknown,Unknown,Unknown,,/benchmark-eeg/5.0_version/result_5/linear_downsample/DUAL_FREQ_SSVEP_wsn_within_subject_linear_downsample/seed_5_downsample_t40/ratio_full/labram/summary.json
DUAL_FREQ_SSVEP_wsn_within_subject_linear_downsample,DUAL_FREQ_SSVEP_wsn,within_subject,seed_5_downsample_t40,5,neurogpt,0.026207022144522148,0.025,balanced_chance,Unknown,Unknown,Unknown,,/benchmark-eeg/5.0_version/result_5/linear_downsample/DUAL_FREQ_SSVEP_wsn_within_subject_linear_downsample/seed_5_downsample_t40/ratio_full/neurogpt/summary.json
DUAL_FREQ_SSVEP_wsn_within_subject_linear_downsample,DUAL_FREQ_SSVEP_wsn,within_subject,seed_5_downsample_t40,5,neurolm,0.04020493395493395,0.025,balanced_chance,Unknown,Unknown,Unknown,,/benchmark-eeg/5.0_version/result_5/linear_downsample/DUAL_FREQ_SSVEP_wsn_within_subject_linear_downsample/seed_5_downsample_t40/ratio_full/neurolm/summary.json
DUAL_FREQ_SSVEP_wsn_within_subject_linear_downsample,DUAL_FREQ_SSVEP_wsn,within_subject,seed_5_downsample_t40,5,reve,0.02965558746808747,0.025,balanced_chance,Unknown,Unknown,Unknown,,/benchmark-eeg/5.0_version/result_5/linear_downsample/DUAL_FREQ_SSVEP_wsn_within_subject_linear_downsample/seed_5_downsample_t40/ratio_full/reve/summary.json
Depression_rest_wsn_cross_subject_linear_downsample,Depression_rest_wsn,cross_subject,seed_10_downsample_t40,10,bendr,0.5,0.5,balanced_chance,Unknown,Unknown,Unknown,,/benchmark-eeg/5.0_version/result_5/linear_downsample/Depression_rest_wsn_cross_subject_linear_downsample/seed_10_downsample_t40/ratio_full/bendr/summary.json
Depression_rest_wsn_cross_subject_linear_downsample,Depression_rest_wsn,cross_subject,seed_10_downsample_t40,10,biot,0.4989547628426932,0.5,balanced_chance,Unknown,Unknown,Unknown,,/benchmark-eeg/5.0_version/result_5/linear_downsample/Depression_rest_wsn_cross_subject_linear_downsample/seed_10_downsample_t40/ratio_full/biot/summary.json
Depression_rest_wsn_cross_subject_linear_downsample,Depression_rest_wsn,cross_subject,seed_10_downsample_t40,10,brainomni,0.5007326102616555,0.5,balanced_chance,Unknown,Unknown,Unknown,,/benchmark-eeg/5.0_version/result_5/linear_downsample/Depression_rest_wsn_cross_subject_linear_downsample/seed_10_downsample_t40/ratio_full/brainomni/summary.json
Depression_rest_wsn_cross_subject_linear_downsample,Depression_rest_wsn,cross_subject,seed_10_downsample_t40,10,cbramod,0.5,0.5,balanced_chance,Unknown,Unknown,Unknown,,/benchmark-eeg/5.0_version/result_5/linear_downsample/Depression_rest_wsn_cross_subject_linear_downsample/seed_10_downsample_t40/ratio_full/cbramod/summary.json
Depression_rest_wsn_cross_subject_linear_downsample,Depression_rest_wsn,cross_subject,seed_10_downsample_t40,10,eegmamba,0.5,0.5,balanced_chance,Unknown,Unknown,Unknown,,/benchmark-eeg/5.0_version/result_5/linear_downsample/Depression_rest_wsn_cross_subject_linear_downsample/seed_10_downsample_t40/ratio_full/eegmamba/summary.json
Depression_rest_wsn_cross_subject_linear_downsample,Depression_rest_wsn,cross_subject,seed_10_downsample_t40,10,femba,0.503875868161552,0.5,balanced_chance,Unknown,Unknown,Unknown,,/benchmark-eeg/5.0_version/result_5/linear_downsample/Depression_rest_wsn_cross_subject_linear_downsample/seed_10_downsample_t40/ratio_full/femba/summary.json
Depression_rest_wsn_cross_subject_linear_downsample,Depression_rest_wsn,cross_subject,seed_10_downsample_t40,10,labram,0.5003866501489642,0.5,balanced_chance,Unknown,Unknown,Unknown,,/benchmark-eeg/5.0_version/result_5/linear_downsample/Depression_rest_wsn_cross_subject_linear_downsample/seed_10_downsample_t40/ratio_full/labram/summary.json
Depression_rest_wsn_cross_subject_linear_downsample,Depression_rest_wsn,cross_subject,seed_10_downsample_t40,10,neurogpt,0.5096911303912023,0.5,balanced_chance,Unknown,Unknown,Unknown,,/benchmark-eeg/5.0_version/result_5/linear_downsample/Depression_rest_wsn_cross_subject_linear_downsample/seed_10_downsample_t40/ratio_full/neurogpt/summary.json
Depression_rest_wsn_cross_subject_linear_downsample,Depression_rest_wsn,cross_subject,seed_10_downsample_t40,10,neurolm,0.501032836745507,0.5,balanced_chance,Unknown,Unknown,Unknown,,/benchmark-eeg/5.0_version/result_5/linear_downsample/Depression_rest_wsn_cross_subject_linear_downsample/seed_10_downsample_t40/ratio_full/neurolm/summary.json
Depression_rest_wsn_cross_subject_linear_downsample,Depression_rest_wsn,cross_subject,seed_10_downsample_t40,10,reve,0.5329411820027021,0.5,balanced_chance,Unknown,Unknown,Unknown,,/benchmark-eeg/5.0_version/result_5/linear_downsample/Depression_rest_wsn_cross_subject_linear_downsample/seed_10_downsample_t40/ratio_full/reve/summary.json
Depression_rest_wsn_cross_subject_linear_downsample,Depression_rest_wsn,cross_subject,seed_42_downsample_t40,42,bendr,0.5,0.5,balanced_chance,Unknown,Unknown,Unknown,,/benchmark-eeg/5.0_version/result_5/linear_downsample/Depression_rest_wsn_cross_subject_linear_downsample/seed_42_downsample_t40/ratio_full/bendr/summary.json
Depression_rest_wsn_cross_subject_linear_downsample,Depression_rest_wsn,cross_subject,seed_42_downsample_t40,42,biot,0.49762691148193305,0.5,balanced_chance,Unknown,Unknown,Unknown,,/benchmark-eeg/5.0_version/result_5/linear_downsample/Depression_rest_wsn_cross_subject_linear_downsample/seed_42_downsample_t40/ratio_full/biot/summary.json
Depression_rest_wsn_cross_subject_linear_downsample,Depression_rest_wsn,cross_subject,seed_42_downsample_t40,42,brainomni,0.5,0.5,balanced_chance,Unknown,Unknown,Unknown,,/benchmark-eeg/5.0_version/result_5/linear_downsample/Depression_rest_wsn_cross_subject_linear_downsample/seed_42_downsample_t40/ratio_full/brainomni/summary.json
Depression_rest_wsn_cross_subject_linear_downsample,Depression_rest_wsn,cross_subject,seed_42_downsample_t40,42,cbramod,0.5,0.5,balanced_chance,Unknown,Unknown,Unknown,,/benchmark-eeg/5.0_version/result_5/linear_downsample/Depression_rest_wsn_cross_subject_linear_downsample/seed_42_downsample_t40/ratio_full/cbramod/summary.json
Depression_rest_wsn_cross_subject_linear_downsample,Depression_rest_wsn,cross_subject,seed_42_downsample_t40,42,eegmamba,0.4896863380221887,0.5,balanced_chance,Unknown,Unknown,Unknown,,/benchmark-eeg/5.0_version/result_5/linear_downsample/Depression_rest_wsn_cross_subject_linear_downsample/seed_42_downsample_t40/ratio_full/eegmamba/summary.json
Depression_rest_wsn_cross_subject_linear_downsample,Depression_rest_wsn,cross_subject,seed_42_downsample_t40,42,femba,0.5348039840105787,0.5,balanced_chance,Unknown,Unknown,Unknown,,/benchmark-eeg/5.0_version/result_5/linear_downsample/Depression_rest_wsn_cross_subject_linear_downsample/seed_42_downsample_t40/ratio_full/femba/summary.json
Depression_rest_wsn_cross_subject_linear_downsample,Depression_rest_wsn,cross_subject,seed_42_downsample_t40,42,labram,0.5,0.5,balanced_chance,Unknown,Unknown,Unknown,,/benchmark-eeg/5.0_version/result_5/linear_downsample/Depression_rest_wsn_cross_subject_linear_downsample/seed_42_downsample_t40/ratio_full/labram/summary.json
Depression_rest_wsn_cross_subject_linear_downsample,Depression_rest_wsn,cross_subject,seed_42_downsample_t40,42,neurogpt,0.503248078661159,0.5,balanced_chance,Unknown,Unknown,Unknown,,/benchmark-eeg/5.0_version/result_5/linear_downsample/Depression_rest_wsn_cross_subject_linear_downsample/seed_42_downsample_t40/ratio_full/neurogpt/summary.json
Depression_rest_wsn_cross_subject_linear_downsample,Depression_rest_wsn,cross_subject,seed_42_downsample_t40,42,neurolm,0.5011374871860196,0.5,balanced_chance,Unknown,Unknown,Unknown,,/benchmark-eeg/5.0_version/result_5/linear_downsample/Depression_rest_wsn_cross_subject_linear_downsample/seed_42_downsample_t40/ratio_full/neurolm/summary.json
Depression_rest_wsn_cross_subject_linear_downsample,Depression_rest_wsn,cross_subject,seed_42_downsample_t40,42,reve,0.5245741815733445,0.5,balanced_chance,Unknown,Unknown,Unknown,,/benchmark-eeg/5.0_version/result_5/linear_downsample/Depression_rest_wsn_cross_subject_linear_downsample/seed_42_downsample_t40/ratio_full/reve/summary.json
Depression_rest_wsn_cross_subject_linear_downsample,Depression_rest_wsn,cross_subject,seed_5_downsample_t40,5,reve,0.49867744480946435,0.5,balanced_chance,Unknown,Unknown,Unknown,,/benchmark-eeg/5.0_version/result_5/linear_downsample/Depression_rest_wsn_cross_subject_linear_downsample/seed_5_downsample_t40/ratio_full/reve/summary.json
EEGDenoiseNet_singleCOz_within_subject_linear_downsample,EEGDenoiseNet_singleCOz,within_subject,seed_10_downsample_t40,10,bendr,0.5071574642126789,0.5,balanced_chance,Unknown,Unknown,Unknown,,/benchmark-eeg/5.0_version/result_5/linear_downsample/EEGDenoiseNet_singleCOz_within_subject_linear_downsample/seed_10_downsample_t40/ratio_full/bendr/summary.json
EEGDenoiseNet_singleCOz_within_subject_linear_downsample,EEGDenoiseNet_singleCOz,within_subject,seed_10_downsample_t40,10,biot,0.5,0.5,balanced_chance,Unknown,Unknown,Unknown,,/benchmark-eeg/5.0_version/result_5/linear_downsample/EEGDenoiseNet_singleCOz_within_subject_linear_downsample/seed_10_downsample_t40/ratio_full/biot/summary.json
EEGDenoiseNet_singleCOz_within_subject_linear_downsample,EEGDenoiseNet_singleCOz,within_subject,seed_10_downsample_t40,10,brainomni,0.6441717791411044,0.5,balanced_chance,Unknown,Unknown,Unknown,,/benchmark-eeg/5.0_version/result_5/linear_downsample/EEGDenoiseNet_singleCOz_within_subject_linear_downsample/seed_10_downsample_t40/ratio_full/brainomni/summary.json
EEGDenoiseNet_singleCOz_within_subject_linear_downsample,EEGDenoiseNet_singleCOz,within_subject,seed_10_downsample_t40,10,cbramod,0.9959100204498977,0.5,balanced_chance,Unknown,Unknown,Unknown,,/benchmark-eeg/5.0_version/result_5/linear_downsample/EEGDenoiseNet_singleCOz_within_subject_linear_downsample/seed_10_downsample_t40/ratio_full/cbramod/summary.json
EEGDenoiseNet_singleCOz_within_subject_linear_downsample,EEGDenoiseNet_singleCOz,within_subject,seed_10_downsample_t40,10,eegmamba,0.5,0.5,balanced_chance,Unknown,Unknown,Unknown,,/benchmark-eeg/5.0_version/result_5/linear_downsample/EEGDenoiseNet_singleCOz_within_subject_linear_downsample/seed_10_downsample_t40/ratio_full/eegmamba/summary.json
EEGDenoiseNet_singleCOz_within_subject_linear_downsample,EEGDenoiseNet_singleCOz,within_subject,seed_10_downsample_t40,10,femba,0.5,0.5,balanced_chance,Unknown,Unknown,Unknown,,/benchmark-eeg/5.0_version/result_5/linear_downsample/EEGDenoiseNet_singleCOz_within_subject_linear_downsample/seed_10_downsample_t40/ratio_full/femba/summary.json
EEGDenoiseNet_singleCOz_within_subject_linear_downsample,EEGDenoiseNet_singleCOz,within_subject,seed_10_downsample_t40,10,labram,0.770961145194274,0.5,balanced_chance,Unknown,Unknown,Unknown,,/benchmark-eeg/5.0_version/result_5/linear_downsample/EEGDenoiseNet_singleCOz_within_subject_linear_downsample/seed_10_downsample_t40/ratio_full/labram/summary.json
EEGDenoiseNet_singleCOz_within_subject_linear_downsample,EEGDenoiseNet_singleCOz,within_subject,seed_10_downsample_t40,10,neurogpt,0.7300613496932515,0.5,balanced_chance,Unknown,Unknown,Unknown,,/benchmark-eeg/5.0_version/result_5/linear_downsample/EEGDenoiseNet_singleCOz_within_subject_linear_downsample/seed_10_downsample_t40/ratio_full/neurogpt/summary.json
EEGDenoiseNet_singleCOz_within_subject_linear_downsample,EEGDenoiseNet_singleCOz,within_subject,seed_10_downsample_t40,10,neurolm,0.5,0.5,balanced_chance,Unknown,Unknown,Unknown,,/benchmark-eeg/5.0_version/result_5/linear_downsample/EEGDenoiseNet_singleCOz_within_subject_linear_downsample/seed_10_downsample_t40/ratio_full/neurolm/summary.json
EEGDenoiseNet_singleCOz_within_subject_linear_downsample,EEGDenoiseNet_singleCOz,within_subject,seed_10_downsample_t40,10,reve,0.6114519427402862,0.5,balanced_chance,Unknown,Unknown,Unknown,,/benchmark-eeg/5.0_version/result_5/linear_downsample/EEGDenoiseNet_singleCOz_within_subject_linear_downsample/seed_10_downsample_t40/ratio_full/reve/summary.json
EEGDenoiseNet_singleCOz_within_subject_linear_downsample,EEGDenoiseNet_singleCOz,within_subject,seed_10_downsample_t40,10,reve_new,0.6145194274028629,0.5,balanced_chance,Unknown,Unknown,Unknown,,/benchmark-eeg/5.0_version/result_5/linear_downsample/EEGDenoiseNet_singleCOz_within_subject_linear_downsample/seed_10_downsample_t40/ratio_full/reve_new/summary.json
EEGDenoiseNet_singleCOz_within_subject_linear_downsample,EEGDenoiseNet_singleCOz,within_subject,seed_42_downsample_t40,42,bendr,0.5122699386503067,0.5,balanced_chance,Unknown,Unknown,Unknown,,/benchmark-eeg/5.0_version/result_5/linear_downsample/EEGDenoiseNet_singleCOz_within_subject_linear_downsample/seed_42_downsample_t40/ratio_full/bendr/summary.json
EEGDenoiseNet_singleCOz_within_subject_linear_downsample,EEGDenoiseNet_singleCOz,within_subject,seed_42_downsample_t40,42,biot,0.5,0.5,balanced_chance,Unknown,Unknown,Unknown,,/benchmark-eeg/5.0_version/result_5/linear_downsample/EEGDenoiseNet_singleCOz_within_subject_linear_downsample/seed_42_downsample_t40/ratio_full/biot/summary.json
EEGDenoiseNet_singleCOz_within_subject_linear_downsample,EEGDenoiseNet_singleCOz,within_subject,seed_42_downsample_t40,42,brainomni,0.6114519427402862,0.5,balanced_chance,Unknown,Unknown,Unknown,,/benchmark-eeg/5.0_version/result_5/linear_downsample/EEGDenoiseNet_singleCOz_within_subject_linear_downsample/seed_42_downsample_t40/ratio_full/brainomni/summary.json
EEGDenoiseNet_singleCOz_within_subject_linear_downsample,EEGDenoiseNet_singleCOz,within_subject,seed_42_downsample_t40,42,cbramod,1.0,0.5,balanced_chance,Unknown,Unknown,Unknown,,/benchmark-eeg/5.0_version/result_5/linear_downsample/EEGDenoiseNet_singleCOz_within_subject_linear_downsample/seed_42_downsample_t40/ratio_full/cbramod/summary.json
EEGDenoiseNet_singleCOz_within_subject_linear_downsample,EEGDenoiseNet_singleCOz,within_subject,seed_42_downsample_t40,42,eegmamba,0.5,0.5,balanced_chance,Unknown,Unknown,Unknown,,/benchmark-eeg/5.0_version/result_5/linear_downsample/EEGDenoiseNet_singleCOz_within_subject_linear_downsample/seed_42_downsample_t40/ratio_full/eegmamba/summary.json
EEGDenoiseNet_singleCOz_within_subject_linear_downsample,EEGDenoiseNet_singleCOz,within_subject,seed_42_downsample_t40,42,femba,0.5,0.5,balanced_chance,Unknown,Unknown,Unknown,,/benchmark-eeg/5.0_version/result_5/linear_downsample/EEGDenoiseNet_singleCOz_within_subject_linear_downsample/seed_42_downsample_t40/ratio_full/femba/summary.json
EEGDenoiseNet_singleCOz_within_subject_linear_downsample,EEGDenoiseNet_singleCOz,within_subject,seed_42_downsample_t40,42,labram,0.7607361963190185,0.5,balanced_chance,Unknown,Unknown,Unknown,,/benchmark-eeg/5.0_version/result_5/linear_downsample/EEGDenoiseNet_singleCOz_within_subject_linear_downsample/seed_42_downsample_t40/ratio_full/labram/summary.json
EEGDenoiseNet_singleCOz_within_subject_linear_downsample,EEGDenoiseNet_singleCOz,within_subject,seed_42_downsample_t40,42,neurogpt,0.6983640081799591,0.5,balanced_chance,Unknown,Unknown,Unknown,,/benchmark-eeg/5.0_version/result_5/linear_downsample/EEGDenoiseNet_singleCOz_within_subject_linear_downsample/seed_42_downsample_t40/ratio_full/neurogpt/summary.json
EEGDenoiseNet_singleCOz_within_subject_linear_downsample,EEGDenoiseNet_singleCOz,within_subject,seed_42_downsample_t40,42,neurolm,0.5,0.5,balanced_chance,Unknown,Unknown,Unknown,,/benchmark-eeg/5.0_version/result_5/linear_downsample/EEGDenoiseNet_singleCOz_within_subject_linear_downsample/seed_42_downsample_t40/ratio_full/neurolm/summary.json
EEGDenoiseNet_singleCOz_within_subject_linear_downsample,EEGDenoiseNet_singleCOz,within_subject,seed_42_downsample_t40,42,reve,0.6186094069529653,0.5,balanced_chance,Unknown,Unknown,Unknown,,/benchmark-eeg/5.0_version/result_5/linear_downsample/EEGDenoiseNet_singleCOz_within_subject_linear_downsample/seed_42_downsample_t40/ratio_full/reve/summary.json
EEGDenoiseNet_singleCOz_within_subject_linear_downsample,EEGDenoiseNet_singleCOz,within_subject,seed_42_downsample_t40,42,reve_new,0.6134969325153374,0.5,balanced_chance,Unknown,Unknown,Unknown,,/benchmark-eeg/5.0_version/result_5/linear_downsample/EEGDenoiseNet_singleCOz_within_subject_linear_downsample/seed_42_downsample_t40/ratio_full/reve_new/summary.json
EEGDenoiseNet_singleCOz_within_subject_linear_downsample,EEGDenoiseNet_singleCOz,within_subject,seed_5_downsample_t40,5,bendr,0.5030674846625767,0.5,balanced_chance,Unknown,Unknown,Unknown,,/benchmark-eeg/5.0_version/result_5/linear_downsample/EEGDenoiseNet_singleCOz_within_subject_linear_downsample/seed_5_downsample_t40/ratio_full/bendr/summary.json
EEGDenoiseNet_singleCOz_within_subject_linear_downsample,EEGDenoiseNet_singleCOz,within_subject,seed_5_downsample_t40,5,biot,0.5,0.5,balanced_chance,Unknown,Unknown,Unknown,,/benchmark-eeg/5.0_version/result_5/linear_downsample/EEGDenoiseNet_singleCOz_within_subject_linear_downsample/seed_5_downsample_t40/ratio_full/biot/summary.json
EEGDenoiseNet_singleCOz_within_subject_linear_downsample,EEGDenoiseNet_singleCOz,within_subject,seed_5_downsample_t40,5,brainomni,0.5674846625766872,0.5,balanced_chance,Unknown,Unknown,Unknown,,/benchmark-eeg/5.0_version/result_5/linear_downsample/EEGDenoiseNet_singleCOz_within_subject_linear_downsample/seed_5_downsample_t40/ratio_full/brainomni/summary.json
EEGDenoiseNet_singleCOz_within_subject_linear_downsample,EEGDenoiseNet_singleCOz,within_subject,seed_5_downsample_t40,5,cbramod,1.0,0.5,balanced_chance,Unknown,Unknown,Unknown,,/benchmark-eeg/5.0_version/result_5/linear_downsample/EEGDenoiseNet_singleCOz_within_subject_linear_downsample/seed_5_downsample_t40/ratio_full/cbramod/summary.json
EEGDenoiseNet_singleCOz_within_subject_linear_downsample,EEGDenoiseNet_singleCOz,within_subject,seed_5_downsample_t40,5,eegmamba,0.5,0.5,balanced_chance,Unknown,Unknown,Unknown,,/benchmark-eeg/5.0_version/result_5/linear_downsample/EEGDenoiseNet_singleCOz_within_subject_linear_downsample/seed_5_downsample_t40/ratio_full/eegmamba/summary.json
EEGDenoiseNet_singleCOz_within_subject_linear_downsample,EEGDenoiseNet_singleCOz,within_subject,seed_5_downsample_t40,5,femba,0.5,0.5,balanced_chance,Unknown,Unknown,Unknown,,/benchmark-eeg/5.0_version/result_5/linear_downsample/EEGDenoiseNet_singleCOz_within_subject_linear_downsample/seed_5_downsample_t40/ratio_full/femba/summary.json
EEGDenoiseNet_singleCOz_within_subject_linear_downsample,EEGDenoiseNet_singleCOz,within_subject,seed_5_downsample_t40,5,labram,0.7515337423312884,0.5,balanced_chance,Unknown,Unknown,Unknown,,/benchmark-eeg/5.0_version/result_5/linear_downsample/EEGDenoiseNet_singleCOz_within_subject_linear_downsample/seed_5_downsample_t40/ratio_full/labram/summary.json
EEGDenoiseNet_singleCOz_within_subject_linear_downsample,EEGDenoiseNet_singleCOz,within_subject,seed_5_downsample_t40,5,neurogpt,0.7055214723926381,0.5,balanced_chance,Unknown,Unknown,Unknown,,/benchmark-eeg/5.0_version/result_5/linear_downsample/EEGDenoiseNet_singleCOz_within_subject_linear_downsample/seed_5_downsample_t40/ratio_full/neurogpt/summary.json
EEGDenoiseNet_singleCOz_within_subject_linear_downsample,EEGDenoiseNet_singleCOz,within_subject,seed_5_downsample_t40,5,neurolm,0.5,0.5,balanced_chance,Unknown,Unknown,Unknown,,/benchmark-eeg/5.0_version/result_5/linear_downsample/EEGDenoiseNet_singleCOz_within_subject_linear_downsample/seed_5_downsample_t40/ratio_full/neurolm/summary.json
EEGDenoiseNet_singleCOz_within_subject_linear_downsample,EEGDenoiseNet_singleCOz,within_subject,seed_5_downsample_t40,5,reve,0.556237218813906,0.5,balanced_chance,Unknown,Unknown,Unknown,,/benchmark-eeg/5.0_version/result_5/linear_downsample/EEGDenoiseNet_singleCOz_within_subject_linear_downsample/seed_5_downsample_t40/ratio_full/reve/summary.json
EEGDenoiseNet_singleCOz_within_subject_linear_downsample,EEGDenoiseNet_singleCOz,within_subject,seed_5_downsample_t40,5,reve_new,0.6349693251533742,0.5,balanced_chance,Unknown,Unknown,Unknown,,/benchmark-eeg/5.0_version/result_5/linear_downsample/EEGDenoiseNet_singleCOz_within_subject_linear_downsample/seed_5_downsample_t40/ratio_full/reve_new/summary.json
EEGMAT_cross_subject_linear_downsample,EEGMAT,cross_subject,seed_10_downsample_t40,10,bendr,0.49537037037037035,0.5,balanced_chance,Unknown,Unknown,Unknown,,/benchmark-eeg/5.0_version/result_5/linear_downsample/EEGMAT_cross_subject_linear_downsample/seed_10_downsample_t40/ratio_full/bendr/summary.json
EEGMAT_cross_subject_linear_downsample,EEGMAT,cross_subject,seed_10_downsample_t40,10,biot,0.6203703703703705,0.5,balanced_chance,Unknown,Unknown,Unknown,,/benchmark-eeg/5.0_version/result_5/linear_downsample/EEGMAT_cross_subject_linear_downsample/seed_10_downsample_t40/ratio_full/biot/summary.json
EEGMAT_cross_subject_linear_downsample,EEGMAT,cross_subject,seed_10_downsample_t40,10,brainomni,0.5,0.5,balanced_chance,Unknown,Unknown,Unknown,,/benchmark-eeg/5.0_version/result_5/linear_downsample/EEGMAT_cross_subject_linear_downsample/seed_10_downsample_t40/ratio_full/brainomni/summary.json
EEGMAT_cross_subject_linear_downsample,EEGMAT,cross_subject,seed_10_downsample_t40,10,cbramod,0.5,0.5,balanced_chance,Unknown,Unknown,Unknown,,/benchmark-eeg/5.0_version/result_5/linear_downsample/EEGMAT_cross_subject_linear_downsample/seed_10_downsample_t40/ratio_full/cbramod/summary.json
EEGMAT_cross_subject_linear_downsample,EEGMAT,cross_subject,seed_10_downsample_t40,10,eegmamba,0.5,0.5,balanced_chance,Unknown,Unknown,Unknown,,/benchmark-eeg/5.0_version/result_5/linear_downsample/EEGMAT_cross_subject_linear_downsample/seed_10_downsample_t40/ratio_full/eegmamba/summary.json
EEGMAT_cross_subject_linear_downsample,EEGMAT,cross_subject,seed_10_downsample_t40,10,femba,0.6296296296296297,0.5,balanced_chance,Unknown,Unknown,Unknown,,/benchmark-eeg/5.0_version/result_5/linear_downsample/EEGMAT_cross_subject_linear_downsample/seed_10_downsample_t40/ratio_full/femba/summary.json
EEGMAT_cross_subject_linear_downsample,EEGMAT,cross_subject,seed_10_downsample_t40,10,labram,0.5,0.5,balanced_chance,Unknown,Unknown,Unknown,,/benchmark-eeg/5.0_version/result_5/linear_downsample/EEGMAT_cross_subject_linear_downsample/seed_10_downsample_t40/ratio_full/labram/summary.json
EEGMAT_cross_subject_linear_downsample,EEGMAT,cross_subject,seed_10_downsample_t40,10,neurogpt,0.5694444444444444,0.5,balanced_chance,Unknown,Unknown,Unknown,,/benchmark-eeg/5.0_version/result_5/linear_downsample/EEGMAT_cross_subject_linear_downsample/seed_10_downsample_t40/ratio_full/neurogpt/summary.json
EEGMAT_cross_subject_linear_downsample,EEGMAT,cross_subject,seed_10_downsample_t40,10,neurolm,0.5601851851851852,0.5,balanced_chance,Unknown,Unknown,Unknown,,/benchmark-eeg/5.0_version/result_5/linear_downsample/EEGMAT_cross_subject_linear_downsample/seed_10_downsample_t40/ratio_full/neurolm/summary.json
EEGMAT_cross_subject_linear_downsample,EEGMAT,cross_subject,seed_10_downsample_t40,10,reve,0.5138888888888888,0.5,balanced_chance,Unknown,Unknown,Unknown,,/benchmark-eeg/5.0_version/result_5/linear_downsample/EEGMAT_cross_subject_linear_downsample/seed_10_downsample_t40/ratio_full/reve/summary.json
EEGMAT_cross_subject_linear_downsample,EEGMAT,cross_subject,seed_42_downsample_t40,42,bendr,0.5,0.5,balanced_chance,Unknown,Unknown,Unknown,,/benchmark-eeg/5.0_version/result_5/linear_downsample/EEGMAT_cross_subject_linear_downsample/seed_42_downsample_t40/ratio_full/bendr/summary.json
EEGMAT_cross_subject_linear_downsample,EEGMAT,cross_subject,seed_42_downsample_t40,42,biot,0.43981481481481477,0.5,balanced_chance,Unknown,Unknown,Unknown,,/benchmark-eeg/5.0_version/result_5/linear_downsample/EEGMAT_cross_subject_linear_downsample/seed_42_downsample_t40/ratio_full/biot/summary.json
EEGMAT_cross_subject_linear_downsample,EEGMAT,cross_subject,seed_42_downsample_t40,42,brainomni,0.4537037037037037,0.5,balanced_chance,Unknown,Unknown,Unknown,,/benchmark-eeg/5.0_version/result_5/linear_downsample/EEGMAT_cross_subject_linear_downsample/seed_42_downsample_t40/ratio_full/brainomni/summary.json
EEGMAT_cross_subject_linear_downsample,EEGMAT,cross_subject,seed_42_downsample_t40,42,cbramod,0.5,0.5,balanced_chance,Unknown,Unknown,Unknown,,/benchmark-eeg/5.0_version/result_5/linear_downsample/EEGMAT_cross_subject_linear_downsample/seed_42_downsample_t40/ratio_full/cbramod/summary.json
EEGMAT_cross_subject_linear_downsample,EEGMAT,cross_subject,seed_42_downsample_t40,42,eegmamba,0.5092592592592592,0.5,balanced_chance,Unknown,Unknown,Unknown,,/benchmark-eeg/5.0_version/result_5/linear_downsample/EEGMAT_cross_subject_linear_downsample/seed_42_downsample_t40/ratio_full/eegmamba/summary.json
EEGMAT_cross_subject_linear_downsample,EEGMAT,cross_subject,seed_42_downsample_t40,42,femba,0.5972222222222222,0.5,balanced_chance,Unknown,Unknown,Unknown,,/benchmark-eeg/5.0_version/result_5/linear_downsample/EEGMAT_cross_subject_linear_downsample/seed_42_downsample_t40/ratio_full/femba/summary.json
EEGMAT_cross_subject_linear_downsample,EEGMAT,cross_subject,seed_42_downsample_t40,42,labram,0.4861111111111111,0.5,balanced_chance,Unknown,Unknown,Unknown,,/benchmark-eeg/5.0_version/result_5/linear_downsample/EEGMAT_cross_subject_linear_downsample/seed_42_downsample_t40/ratio_full/labram/summary.json
EEGMAT_cross_subject_linear_downsample,EEGMAT,cross_subject,seed_42_downsample_t40,42,neurogpt,0.4861111111111111,0.5,balanced_chance,Unknown,Unknown,Unknown,,/benchmark-eeg/5.0_version/result_5/linear_downsample/EEGMAT_cross_subject_linear_downsample/seed_42_downsample_t40/ratio_full/neurogpt/summary.json
EEGMAT_cross_subject_linear_downsample,EEGMAT,cross_subject,seed_42_downsample_t40,42,neurolm,0.7314814814814814,0.5,balanced_chance,Unknown,Unknown,Unknown,,/benchmark-eeg/5.0_version/result_5/linear_downsample/EEGMAT_cross_subject_linear_downsample/seed_42_downsample_t40/ratio_full/neurolm/summary.json
EEGMAT_cross_subject_linear_downsample,EEGMAT,cross_subject,seed_42_downsample_t40,42,reve,0.5,0.5,balanced_chance,Unknown,Unknown,Unknown,,/benchmark-eeg/5.0_version/result_5/linear_downsample/EEGMAT_cross_subject_linear_downsample/seed_42_downsample_t40/ratio_full/reve/summary.json
EEGMAT_cross_subject_linear_downsample,EEGMAT,cross_subject,seed_5_downsample_t40,5,bendr,0.5,0.5,balanced_chance,Unknown,Unknown,Unknown,,/benchmark-eeg/5.0_version/result_5/linear_downsample/EEGMAT_cross_subject_linear_downsample/seed_5_downsample_t40/ratio_full/bendr/summary.json
EEGMAT_cross_subject_linear_downsample,EEGMAT,cross_subject,seed_5_downsample_t40,5,biot,0.5880479102956168,0.5,balanced_chance,Unknown,Unknown,Unknown,,/benchmark-eeg/5.0_version/result_5/linear_downsample/EEGMAT_cross_subject_linear_downsample/seed_5_downsample_t40/ratio_full/biot/summary.json
EEGMAT_cross_subject_linear_downsample,EEGMAT,cross_subject,seed_5_downsample_t40,5,brainomni,0.5,0.5,balanced_chance,Unknown,Unknown,Unknown,,/benchmark-eeg/5.0_version/result_5/linear_downsample/EEGMAT_cross_subject_linear_downsample/seed_5_downsample_t40/ratio_full/brainomni/summary.json
EEGMAT_cross_subject_linear_downsample,EEGMAT,cross_subject,seed_5_downsample_t40,5,cbramod,0.5,0.5,balanced_chance,Unknown,Unknown,Unknown,,/benchmark-eeg/5.0_version/result_5/linear_downsample/EEGMAT_cross_subject_linear_downsample/seed_5_downsample_t40/ratio_full/cbramod/summary.json
EEGMAT_cross_subject_linear_downsample,EEGMAT,cross_subject,seed_5_downsample_t40,5,eegmamba,0.5,0.5,balanced_chance,Unknown,Unknown,Unknown,,/benchmark-eeg/5.0_version/result_5/linear_downsample/EEGMAT_cross_subject_linear_downsample/seed_5_downsample_t40/ratio_full/eegmamba/summary.json
EEGMAT_cross_subject_linear_downsample,EEGMAT,cross_subject,seed_5_downsample_t40,5,femba,0.5787461773700306,0.5,balanced_chance,Unknown,Unknown,Unknown,,/benchmark-eeg/5.0_version/result_5/linear_downsample/EEGMAT_cross_subject_linear_downsample/seed_5_downsample_t40/ratio_full/femba/summary.json
EEGMAT_cross_subject_linear_downsample,EEGMAT,cross_subject,seed_5_downsample_t40,5,labram,0.5,0.5,balanced_chance,Unknown,Unknown,Unknown,,/benchmark-eeg/5.0_version/result_5/linear_downsample/EEGMAT_cross_subject_linear_downsample/seed_5_downsample_t40/ratio_full/labram/summary.json
EEGMAT_cross_subject_linear_downsample,EEGMAT,cross_subject,seed_5_downsample_t40,5,neurogpt,0.5095565749235474,0.5,balanced_chance,Unknown,Unknown,Unknown,,/benchmark-eeg/5.0_version/result_5/linear_downsample/EEGMAT_cross_subject_linear_downsample/seed_5_downsample_t40/ratio_full/neurogpt/summary.json
EEGMAT_cross_subject_linear_downsample,EEGMAT,cross_subject,seed_5_downsample_t40,5,neurolm,0.55644750254842,0.5,balanced_chance,Unknown,Unknown,Unknown,,/benchmark-eeg/5.0_version/result_5/linear_downsample/EEGMAT_cross_subject_linear_downsample/seed_5_downsample_t40/ratio_full/neurolm/summary.json
EEGMAT_cross_subject_linear_downsample,EEGMAT,cross_subject,seed_5_downsample_t40,5,reve,0.481651376146789,0.5,balanced_chance,Unknown,Unknown,Unknown,,/benchmark-eeg/5.0_version/result_5/linear_downsample/EEGMAT_cross_subject_linear_downsample/seed_5_downsample_t40/ratio_full/reve/summary.json
EEG_Mortality_PD_wsn_cross_subject_linear_downsample,EEG_Mortality_PD_wsn,cross_subject,seed_10_downsample_t40,10,bendr,0.4991568296795953,0.5,balanced_chance,Unknown,Unknown,Unknown,,/benchmark-eeg/5.0_version/result_5/linear_downsample/EEG_Mortality_PD_wsn_cross_subject_linear_downsample/seed_10_downsample_t40/ratio_full/bendr/summary.json
EEG_Mortality_PD_wsn_cross_subject_linear_downsample,EEG_Mortality_PD_wsn,cross_subject,seed_10_downsample_t40,10,biot,0.5212534667540033,0.5,balanced_chance,Unknown,Unknown,Unknown,,/benchmark-eeg/5.0_version/result_5/linear_downsample/EEG_Mortality_PD_wsn_cross_subject_linear_downsample/seed_10_downsample_t40/ratio_full/biot/summary.json
EEG_Mortality_PD_wsn_cross_subject_linear_downsample,EEG_Mortality_PD_wsn,cross_subject,seed_10_downsample_t40,10,brainomni,0.5,0.5,balanced_chance,Unknown,Unknown,Unknown,,/benchmark-eeg/5.0_version/result_5/linear_downsample/EEG_Mortality_PD_wsn_cross_subject_linear_downsample/seed_10_downsample_t40/ratio_full/brainomni/summary.json
EEG_Mortality_PD_wsn_cross_subject_linear_downsample,EEG_Mortality_PD_wsn,cross_subject,seed_10_downsample_t40,10,cbramod,0.5,0.5,balanced_chance,Unknown,Unknown,Unknown,,/benchmark-eeg/5.0_version/result_5/linear_downsample/EEG_Mortality_PD_wsn_cross_subject_linear_downsample/seed_10_downsample_t40/ratio_full/cbramod/summary.json
EEG_Mortality_PD_wsn_cross_subject_linear_downsample,EEG_Mortality_PD_wsn,cross_subject,seed_10_downsample_t40,10,eegmamba,0.5041322314049587,0.5,balanced_chance,Unknown,Unknown,Unknown,,/benchmark-eeg/5.0_version/result_5/linear_downsample/EEG_Mortality_PD_wsn_cross_subject_linear_downsample/seed_10_downsample_t40/ratio_full/eegmamba/summary.json
EEG_Mortality_PD_wsn_cross_subject_linear_downsample,EEG_Mortality_PD_wsn,cross_subject,seed_10_downsample_t40,10,femba,0.5,0.5,balanced_chance,Unknown,Unknown,Unknown,,/benchmark-eeg/5.0_version/result_5/linear_downsample/EEG_Mortality_PD_wsn_cross_subject_linear_downsample/seed_10_downsample_t40/ratio_full/femba/summary.json
EEG_Mortality_PD_wsn_cross_subject_linear_downsample,EEG_Mortality_PD_wsn,cross_subject,seed_10_downsample_t40,10,labram,0.5,0.5,balanced_chance,Unknown,Unknown,Unknown,,/benchmark-eeg/5.0_version/result_5/linear_downsample/EEG_Mortality_PD_wsn_cross_subject_linear_downsample/seed_10_downsample_t40/ratio_full/labram/summary.json
EEG_Mortality_PD_wsn_cross_subject_linear_downsample,EEG_Mortality_PD_wsn,cross_subject,seed_10_downsample_t40,10,neurogpt,0.5,0.5,balanced_chance,Unknown,Unknown,Unknown,,/benchmark-eeg/5.0_version/result_5/linear_downsample/EEG_Mortality_PD_wsn_cross_subject_linear_downsample/seed_10_downsample_t40/ratio_full/neurogpt/summary.json
EEG_Mortality_PD_wsn_cross_subject_linear_downsample,EEG_Mortality_PD_wsn,cross_subject,seed_10_downsample_t40,10,neurolm,0.5,0.5,balanced_chance,Unknown,Unknown,Unknown,,/benchmark-eeg/5.0_version/result_5/linear_downsample/EEG_Mortality_PD_wsn_cross_subject_linear_downsample/seed_10_downsample_t40/ratio_full/neurolm/summary.json
EEG_Mortality_PD_wsn_cross_subject_linear_downsample,EEG_Mortality_PD_wsn,cross_subject,seed_10_downsample_t40,10,reve,0.4991568296795953,0.5,balanced_chance,Unknown,Unknown,Unknown,,/benchmark-eeg/5.0_version/result_5/linear_downsample/EEG_Mortality_PD_wsn_cross_subject_linear_downsample/seed_10_downsample_t40/ratio_full/reve/summary.json
EEG_Mortality_PD_wsn_cross_subject_linear_downsample,EEG_Mortality_PD_wsn,cross_subject,seed_42_downsample_t40,42,bendr,0.4930873970426324,0.5,balanced_chance,Unknown,Unknown,Unknown,,/benchmark-eeg/5.0_version/result_5/linear_downsample/EEG_Mortality_PD_wsn_cross_subject_linear_downsample/seed_42_downsample_t40/ratio_full/bendr/summary.json
EEG_Mortality_PD_wsn_cross_subject_linear_downsample,EEG_Mortality_PD_wsn,cross_subject,seed_42_downsample_t40,42,biot,0.5816342173846389,0.5,balanced_chance,Unknown,Unknown,Unknown,,/benchmark-eeg/5.0_version/result_5/linear_downsample/EEG_Mortality_PD_wsn_cross_subject_linear_downsample/seed_42_downsample_t40/ratio_full/biot/summary.json
EEG_Mortality_PD_wsn_cross_subject_linear_downsample,EEG_Mortality_PD_wsn,cross_subject,seed_42_downsample_t40,42,brainomni,0.5,0.5,balanced_chance,Unknown,Unknown,Unknown,,/benchmark-eeg/5.0_version/result_5/linear_downsample/EEG_Mortality_PD_wsn_cross_subject_linear_downsample/seed_42_downsample_t40/ratio_full/brainomni/summary.json
EEG_Mortality_PD_wsn_cross_subject_linear_downsample,EEG_Mortality_PD_wsn,cross_subject,seed_42_downsample_t40,42,cbramod,0.5,0.5,balanced_chance,Unknown,Unknown,Unknown,,/benchmark-eeg/5.0_version/result_5/linear_downsample/EEG_Mortality_PD_wsn_cross_subject_linear_downsample/seed_42_downsample_t40/ratio_full/cbramod/summary.json
EEG_Mortality_PD_wsn_cross_subject_linear_downsample,EEG_Mortality_PD_wsn,cross_subject,seed_42_downsample_t40,42,eegmamba,0.5,0.5,balanced_chance,Unknown,Unknown,Unknown,,/benchmark-eeg/5.0_version/result_5/linear_downsample/EEG_Mortality_PD_wsn_cross_subject_linear_downsample/seed_42_downsample_t40/ratio_full/eegmamba/summary.json
EEG_Mortality_PD_wsn_cross_subject_linear_downsample,EEG_Mortality_PD_wsn,cross_subject,seed_42_downsample_t40,42,femba,0.5,0.5,balanced_chance,Unknown,Unknown,Unknown,,/benchmark-eeg/5.0_version/result_5/linear_downsample/EEG_Mortality_PD_wsn_cross_subject_linear_downsample/seed_42_downsample_t40/ratio_full/femba/summary.json
EEG_Mortality_PD_wsn_cross_subject_linear_downsample,EEG_Mortality_PD_wsn,cross_subject,seed_42_downsample_t40,42,labram,0.5,0.5,balanced_chance,Unknown,Unknown,Unknown,,/benchmark-eeg/5.0_version/result_5/linear_downsample/EEG_Mortality_PD_wsn_cross_subject_linear_downsample/seed_42_downsample_t40/ratio_full/labram/summary.json
EEG_Mortality_PD_wsn_cross_subject_linear_downsample,EEG_Mortality_PD_wsn,cross_subject,seed_42_downsample_t40,42,neurogpt,0.5,0.5,balanced_chance,Unknown,Unknown,Unknown,,/benchmark-eeg/5.0_version/result_5/linear_downsample/EEG_Mortality_PD_wsn_cross_subject_linear_downsample/seed_42_downsample_t40/ratio_full/neurogpt/summary.json
EEG_Mortality_PD_wsn_cross_subject_linear_downsample,EEG_Mortality_PD_wsn,cross_subject,seed_42_downsample_t40,42,neurolm,0.5820662550694744,0.5,balanced_chance,Unknown,Unknown,Unknown,,/benchmark-eeg/5.0_version/result_5/linear_downsample/EEG_Mortality_PD_wsn_cross_subject_linear_downsample/seed_42_downsample_t40/ratio_full/neurolm/summary.json
EEG_Mortality_PD_wsn_cross_subject_linear_downsample,EEG_Mortality_PD_wsn,cross_subject,seed_42_downsample_t40,42,reve,0.5040486112078938,0.5,balanced_chance,Unknown,Unknown,Unknown,,/benchmark-eeg/5.0_version/result_5/linear_downsample/EEG_Mortality_PD_wsn_cross_subject_linear_downsample/seed_42_downsample_t40/ratio_full/reve/summary.json
EEG_Mortality_PD_wsn_cross_subject_linear_downsample,EEG_Mortality_PD_wsn,cross_subject,seed_5_downsample_t40,5,bendr,0.5016027204437445,0.5,balanced_chance,Unknown,Unknown,Unknown,,/benchmark-eeg/5.0_version/result_5/linear_downsample/EEG_Mortality_PD_wsn_cross_subject_linear_downsample/seed_5_downsample_t40/ratio_full/bendr/summary.json
EEG_Mortality_PD_wsn_cross_subject_linear_downsample,EEG_Mortality_PD_wsn,cross_subject,seed_5_downsample_t40,5,biot,0.6337505052053573,0.5,balanced_chance,Unknown,Unknown,Unknown,,/benchmark-eeg/5.0_version/result_5/linear_downsample/EEG_Mortality_PD_wsn_cross_subject_linear_downsample/seed_5_downsample_t40/ratio_full/biot/summary.json
EEG_Mortality_PD_wsn_cross_subject_linear_downsample,EEG_Mortality_PD_wsn,cross_subject,seed_5_downsample_t40,5,brainomni,0.5,0.5,balanced_chance,Unknown,Unknown,Unknown,,/benchmark-eeg/5.0_version/result_5/linear_downsample/EEG_Mortality_PD_wsn_cross_subject_linear_downsample/seed_5_downsample_t40/ratio_full/brainomni/summary.json
EEG_Mortality_PD_wsn_cross_subject_linear_downsample,EEG_Mortality_PD_wsn,cross_subject,seed_5_downsample_t40,5,cbramod,0.5,0.5,balanced_chance,Unknown,Unknown,Unknown,,/benchmark-eeg/5.0_version/result_5/linear_downsample/EEG_Mortality_PD_wsn_cross_subject_linear_downsample/seed_5_downsample_t40/ratio_full/cbramod/summary.json
EEG_Mortality_PD_wsn_cross_subject_linear_downsample,EEG_Mortality_PD_wsn,cross_subject,seed_5_downsample_t40,5,eegmamba,0.503289061084554,0.5,balanced_chance,Unknown,Unknown,Unknown,,/benchmark-eeg/5.0_version/result_5/linear_downsample/EEG_Mortality_PD_wsn_cross_subject_linear_downsample/seed_5_downsample_t40/ratio_full/eegmamba/summary.json
EEG_Mortality_PD_wsn_cross_subject_linear_downsample,EEG_Mortality_PD_wsn,cross_subject,seed_5_downsample_t40,5,femba,0.5060764009867182,0.5,balanced_chance,Unknown,Unknown,Unknown,,/benchmark-eeg/5.0_version/result_5/linear_downsample/EEG_Mortality_PD_wsn_cross_subject_linear_downsample/seed_5_downsample_t40/ratio_full/femba/summary.json
EEG_Mortality_PD_wsn_cross_subject_linear_downsample,EEG_Mortality_PD_wsn,cross_subject,seed_5_downsample_t40,5,labram,0.5,0.5,balanced_chance,Unknown,Unknown,Unknown,,/benchmark-eeg/5.0_version/result_5/linear_downsample/EEG_Mortality_PD_wsn_cross_subject_linear_downsample/seed_5_downsample_t40/ratio_full/labram/summary.json
EEG_Mortality_PD_wsn_cross_subject_linear_downsample,EEG_Mortality_PD_wsn,cross_subject,seed_5_downsample_t40,5,neurogpt,0.5,0.5,balanced_chance,Unknown,Unknown,Unknown,,/benchmark-eeg/5.0_version/result_5/linear_downsample/EEG_Mortality_PD_wsn_cross_subject_linear_downsample/seed_5_downsample_t40/ratio_full/neurogpt/summary.json
EEG_Mortality_PD_wsn_cross_subject_linear_downsample,EEG_Mortality_PD_wsn,cross_subject,seed_5_downsample_t40,5,neurolm,0.5,0.5,balanced_chance,Unknown,Unknown,Unknown,,/benchmark-eeg/5.0_version/result_5/linear_downsample/EEG_Mortality_PD_wsn_cross_subject_linear_downsample/seed_5_downsample_t40/ratio_full/neurolm/summary.json
EEG_Mortality_PD_wsn_cross_subject_linear_downsample,EEG_Mortality_PD_wsn,cross_subject,seed_5_downsample_t40,5,reve,0.5,0.5,balanced_chance,Unknown,Unknown,Unknown,,/benchmark-eeg/5.0_version/result_5/linear_downsample/EEG_Mortality_PD_wsn_cross_subject_linear_downsample/seed_5_downsample_t40/ratio_full/reve/summary.json
EEG_SVRec_cross_subject_linear_downsample,EEG_SVRec,cross_subject,seed_10_downsample_t40,10,bendr,0.5067559406100468,0.5,balanced_chance,Unknown,Unknown,Unknown,,/benchmark-eeg/5.0_version/result_5/linear_downsample/EEG_SVRec_cross_subject_linear_downsample/seed_10_downsample_t40/ratio_full/bendr/summary.json
EEG_SVRec_cross_subject_linear_downsample,EEG_SVRec,cross_subject,seed_10_downsample_t40,10,biot,0.4963163331598379,0.5,balanced_chance,Unknown,Unknown,Unknown,,/benchmark-eeg/5.0_version/result_5/linear_downsample/EEG_SVRec_cross_subject_linear_downsample/seed_10_downsample_t40/ratio_full/biot/summary.json
EEG_SVRec_cross_subject_linear_downsample,EEG_SVRec,cross_subject,seed_10_downsample_t40,10,brainomni,0.5027222771880658,0.5,balanced_chance,Unknown,Unknown,Unknown,,/benchmark-eeg/5.0_version/result_5/linear_downsample/EEG_SVRec_cross_subject_linear_downsample/seed_10_downsample_t40/ratio_full/brainomni/summary.json
EEG_SVRec_cross_subject_linear_downsample,EEG_SVRec,cross_subject,seed_10_downsample_t40,10,cbramod,0.4965018166688965,0.5,balanced_chance,Unknown,Unknown,Unknown,,/benchmark-eeg/5.0_version/result_5/linear_downsample/EEG_SVRec_cross_subject_linear_downsample/seed_10_downsample_t40/ratio_full/cbramod/summary.json
EEG_SVRec_cross_subject_linear_downsample,EEG_SVRec,cross_subject,seed_10_downsample_t40,10,eegmamba,0.5095207877837982,0.5,balanced_chance,Unknown,Unknown,Unknown,,/benchmark-eeg/5.0_version/result_5/linear_downsample/EEG_SVRec_cross_subject_linear_downsample/seed_10_downsample_t40/ratio_full/eegmamba/summary.json
EEG_SVRec_cross_subject_linear_downsample,EEG_SVRec,cross_subject,seed_10_downsample_t40,10,femba,0.5113692268913131,0.5,balanced_chance,Unknown,Unknown,Unknown,,/benchmark-eeg/5.0_version/result_5/linear_downsample/EEG_SVRec_cross_subject_linear_downsample/seed_10_downsample_t40/ratio_full/femba/summary.json
EEG_SVRec_cross_subject_linear_downsample,EEG_SVRec,cross_subject,seed_10_downsample_t40,10,labram,0.5235775857911034,0.5,balanced_chance,Unknown,Unknown,Unknown,,/benchmark-eeg/5.0_version/result_5/linear_downsample/EEG_SVRec_cross_subject_linear_downsample/seed_10_downsample_t40/ratio_full/labram/summary.json
EEG_SVRec_cross_subject_linear_downsample,EEG_SVRec,cross_subject,seed_10_downsample_t40,10,neurogpt,0.5172748163094633,0.5,balanced_chance,Unknown,Unknown,Unknown,,/benchmark-eeg/5.0_version/result_5/linear_downsample/EEG_SVRec_cross_subject_linear_downsample/seed_10_downsample_t40/ratio_full/neurogpt/summary.json
EEG_SVRec_cross_subject_linear_downsample,EEG_SVRec,cross_subject,seed_10_downsample_t40,10,neurolm,0.5005919954167014,0.5,balanced_chance,Unknown,Unknown,Unknown,,/benchmark-eeg/5.0_version/result_5/linear_downsample/EEG_SVRec_cross_subject_linear_downsample/seed_10_downsample_t40/ratio_full/neurolm/summary.json
EEG_SVRec_cross_subject_linear_downsample,EEG_SVRec,cross_subject,seed_10_downsample_t40,10,reve,0.4980217538917984,0.5,balanced_chance,Unknown,Unknown,Unknown,,/benchmark-eeg/5.0_version/result_5/linear_downsample/EEG_SVRec_cross_subject_linear_downsample/seed_10_downsample_t40/ratio_full/reve/summary.json
EEG_SVRec_cross_subject_linear_downsample,EEG_SVRec,cross_subject,seed_42_downsample_t40,42,bendr,0.4947721476958061,0.5,balanced_chance,Unknown,Unknown,Unknown,,/benchmark-eeg/5.0_version/result_5/linear_downsample/EEG_SVRec_cross_subject_linear_downsample/seed_42_downsample_t40/ratio_full/bendr/summary.json
EEG_SVRec_cross_subject_linear_downsample,EEG_SVRec,cross_subject,seed_42_downsample_t40,42,biot,0.49812767815657494,0.5,balanced_chance,Unknown,Unknown,Unknown,,/benchmark-eeg/5.0_version/result_5/linear_downsample/EEG_SVRec_cross_subject_linear_downsample/seed_42_downsample_t40/ratio_full/biot/summary.json
EEG_SVRec_cross_subject_linear_downsample,EEG_SVRec,cross_subject,seed_42_downsample_t40,42,brainomni,0.5029321326748242,0.5,balanced_chance,Unknown,Unknown,Unknown,,/benchmark-eeg/5.0_version/result_5/linear_downsample/EEG_SVRec_cross_subject_linear_downsample/seed_42_downsample_t40/ratio_full/brainomni/summary.json
EEG_SVRec_cross_subject_linear_downsample,EEG_SVRec,cross_subject,seed_42_downsample_t40,42,cbramod,0.5014816856461929,0.5,balanced_chance,Unknown,Unknown,Unknown,,/benchmark-eeg/5.0_version/result_5/linear_downsample/EEG_SVRec_cross_subject_linear_downsample/seed_42_downsample_t40/ratio_full/cbramod/summary.json
EEG_SVRec_cross_subject_linear_downsample,EEG_SVRec,cross_subject,seed_42_downsample_t40,42,eegmamba,0.5000676718654055,0.5,balanced_chance,Unknown,Unknown,Unknown,,/benchmark-eeg/5.0_version/result_5/linear_downsample/EEG_SVRec_cross_subject_linear_downsample/seed_42_downsample_t40/ratio_full/eegmamba/summary.json
EEG_SVRec_cross_subject_linear_downsample,EEG_SVRec,cross_subject,seed_42_downsample_t40,42,femba,0.4976145313265249,0.5,balanced_chance,Unknown,Unknown,Unknown,,/benchmark-eeg/5.0_version/result_5/linear_downsample/EEG_SVRec_cross_subject_linear_downsample/seed_42_downsample_t40/ratio_full/femba/summary.json
EEG_SVRec_cross_subject_linear_downsample,EEG_SVRec,cross_subject,seed_42_downsample_t40,42,labram,0.49854595214810477,0.5,balanced_chance,Unknown,Unknown,Unknown,,/benchmark-eeg/5.0_version/result_5/linear_downsample/EEG_SVRec_cross_subject_linear_downsample/seed_42_downsample_t40/ratio_full/labram/summary.json
EEG_SVRec_cross_subject_linear_downsample,EEG_SVRec,cross_subject,seed_42_downsample_t40,42,neurogpt,0.503549868663218,0.5,balanced_chance,Unknown,Unknown,Unknown,,/benchmark-eeg/5.0_version/result_5/linear_downsample/EEG_SVRec_cross_subject_linear_downsample/seed_42_downsample_t40/ratio_full/neurogpt/summary.json
EEG_SVRec_cross_subject_linear_downsample,EEG_SVRec,cross_subject,seed_42_downsample_t40,42,neurolm,0.4907010214957107,0.5,balanced_chance,Unknown,Unknown,Unknown,,/benchmark-eeg/5.0_version/result_5/linear_downsample/EEG_SVRec_cross_subject_linear_downsample/seed_42_downsample_t40/ratio_full/neurolm/summary.json
EEG_SVRec_cross_subject_linear_downsample,EEG_SVRec,cross_subject,seed_42_downsample_t40,42,reve,0.4987008465783419,0.5,balanced_chance,Unknown,Unknown,Unknown,,/benchmark-eeg/5.0_version/result_5/linear_downsample/EEG_SVRec_cross_subject_linear_downsample/seed_42_downsample_t40/ratio_full/reve/summary.json
EEG_SVRec_cross_subject_linear_downsample,EEG_SVRec,cross_subject,seed_5_downsample_t40,5,bendr,0.5009297557387941,0.5,balanced_chance,Unknown,Unknown,Unknown,,/benchmark-eeg/5.0_version/result_5/linear_downsample/EEG_SVRec_cross_subject_linear_downsample/seed_5_downsample_t40/ratio_full/bendr/summary.json
EEG_SVRec_cross_subject_linear_downsample,EEG_SVRec,cross_subject,seed_5_downsample_t40,5,biot,0.5044335253115758,0.5,balanced_chance,Unknown,Unknown,Unknown,,/benchmark-eeg/5.0_version/result_5/linear_downsample/EEG_SVRec_cross_subject_linear_downsample/seed_5_downsample_t40/ratio_full/biot/summary.json
EEG_SVRec_cross_subject_linear_downsample,EEG_SVRec,cross_subject,seed_5_downsample_t40,5,brainomni,0.4965813596681265,0.5,balanced_chance,Unknown,Unknown,Unknown,,/benchmark-eeg/5.0_version/result_5/linear_downsample/EEG_SVRec_cross_subject_linear_downsample/seed_5_downsample_t40/ratio_full/brainomni/summary.json
EEG_SVRec_cross_subject_linear_downsample,EEG_SVRec,cross_subject,seed_5_downsample_t40,5,cbramod,0.4996354579814288,0.5,balanced_chance,Unknown,Unknown,Unknown,,/benchmark-eeg/5.0_version/result_5/linear_downsample/EEG_SVRec_cross_subject_linear_downsample/seed_5_downsample_t40/ratio_full/cbramod/summary.json
EEG_SVRec_cross_subject_linear_downsample,EEG_SVRec,cross_subject,seed_5_downsample_t40,5,eegmamba,0.5029320288145122,0.5,balanced_chance,Unknown,Unknown,Unknown,,/benchmark-eeg/5.0_version/result_5/linear_downsample/EEG_SVRec_cross_subject_linear_downsample/seed_5_downsample_t40/ratio_full/eegmamba/summary.json
EEG_SVRec_cross_subject_linear_downsample,EEG_SVRec,cross_subject,seed_5_downsample_t40,5,femba,0.5060913929754628,0.5,balanced_chance,Unknown,Unknown,Unknown,,/benchmark-eeg/5.0_version/result_5/linear_downsample/EEG_SVRec_cross_subject_linear_downsample/seed_5_downsample_t40/ratio_full/femba/summary.json
EEG_SVRec_cross_subject_linear_downsample,EEG_SVRec,cross_subject,seed_5_downsample_t40,5,labram,0.5012731890385757,0.5,balanced_chance,Unknown,Unknown,Unknown,,/benchmark-eeg/5.0_version/result_5/linear_downsample/EEG_SVRec_cross_subject_linear_downsample/seed_5_downsample_t40/ratio_full/labram/summary.json
EEG_SVRec_cross_subject_linear_downsample,EEG_SVRec,cross_subject,seed_5_downsample_t40,5,neurogpt,0.493886665066848,0.5,balanced_chance,Unknown,Unknown,Unknown,,/benchmark-eeg/5.0_version/result_5/linear_downsample/EEG_SVRec_cross_subject_linear_downsample/seed_5_downsample_t40/ratio_full/neurogpt/summary.json
EEG_SVRec_cross_subject_linear_downsample,EEG_SVRec,cross_subject,seed_5_downsample_t40,5,neurolm,0.5011158457597028,0.5,balanced_chance,Unknown,Unknown,Unknown,,/benchmark-eeg/5.0_version/result_5/linear_downsample/EEG_SVRec_cross_subject_linear_downsample/seed_5_downsample_t40/ratio_full/neurolm/summary.json
EEG_SVRec_cross_subject_linear_downsample,EEG_SVRec,cross_subject,seed_5_downsample_t40,5,reve,0.506323450008999,0.5,balanced_chance,Unknown,Unknown,Unknown,,/benchmark-eeg/5.0_version/result_5/linear_downsample/EEG_SVRec_cross_subject_linear_downsample/seed_5_downsample_t40/ratio_full/reve/summary.json
EmoEEG_cross_subject_linear_downsample,EmoEEG,cross_subject,seed_10_downsample_t40,10,bendr,0.3333333333333333,0.3333333333333333,balanced_chance,Unknown,Unknown,Unknown,,/benchmark-eeg/5.0_version/result_5/linear_downsample/EmoEEG_cross_subject_linear_downsample/seed_10_downsample_t40/ratio_full/bendr/summary.json
EmoEEG_cross_subject_linear_downsample,EmoEEG,cross_subject,seed_10_downsample_t40,10,biot,0.3148148148148148,0.3333333333333333,balanced_chance,Unknown,Unknown,Unknown,,/benchmark-eeg/5.0_version/result_5/linear_downsample/EmoEEG_cross_subject_linear_downsample/seed_10_downsample_t40/ratio_full/biot/summary.json
EmoEEG_cross_subject_linear_downsample,EmoEEG,cross_subject,seed_10_downsample_t40,10,brainomni,0.30370370370370375,0.3333333333333333,balanced_chance,Unknown,Unknown,Unknown,,/benchmark-eeg/5.0_version/result_5/linear_downsample/EmoEEG_cross_subject_linear_downsample/seed_10_downsample_t40/ratio_full/brainomni/summary.json
EmoEEG_cross_subject_linear_downsample,EmoEEG,cross_subject,seed_10_downsample_t40,10,cbramod,0.362962962962963,0.3333333333333333,balanced_chance,Unknown,Unknown,Unknown,,/benchmark-eeg/5.0_version/result_5/linear_downsample/EmoEEG_cross_subject_linear_downsample/seed_10_downsample_t40/ratio_full/cbramod/summary.json
EmoEEG_cross_subject_linear_downsample,EmoEEG,cross_subject,seed_10_downsample_t40,10,eegmamba,0.3333333333333333,0.3333333333333333,balanced_chance,Unknown,Unknown,Unknown,,/benchmark-eeg/5.0_version/result_5/linear_downsample/EmoEEG_cross_subject_linear_downsample/seed_10_downsample_t40/ratio_full/eegmamba/summary.json
EmoEEG_cross_subject_linear_downsample,EmoEEG,cross_subject,seed_10_downsample_t40,10,femba,0.3111111111111111,0.3333333333333333,balanced_chance,Unknown,Unknown,Unknown,,/benchmark-eeg/5.0_version/result_5/linear_downsample/EmoEEG_cross_subject_linear_downsample/seed_10_downsample_t40/ratio_full/femba/summary.json
EmoEEG_cross_subject_linear_downsample,EmoEEG,cross_subject,seed_10_downsample_t40,10,labram,0.36296296296296293,0.3333333333333333,balanced_chance,Unknown,Unknown,Unknown,,/benchmark-eeg/5.0_version/result_5/linear_downsample/EmoEEG_cross_subject_linear_downsample/seed_10_downsample_t40/ratio_full/labram/summary.json
EmoEEG_cross_subject_linear_downsample,EmoEEG,cross_subject,seed_10_downsample_t40,10,neurogpt,0.32222222222222224,0.3333333333333333,balanced_chance,Unknown,Unknown,Unknown,,/benchmark-eeg/5.0_version/result_5/linear_downsample/EmoEEG_cross_subject_linear_downsample/seed_10_downsample_t40/ratio_full/neurogpt/summary.json
EmoEEG_cross_subject_linear_downsample,EmoEEG,cross_subject,seed_10_downsample_t40,10,neurolm,0.3333333333333333,0.3333333333333333,balanced_chance,Unknown,Unknown,Unknown,,/benchmark-eeg/5.0_version/result_5/linear_downsample/EmoEEG_cross_subject_linear_downsample/seed_10_downsample_t40/ratio_full/neurolm/summary.json
EmoEEG_cross_subject_linear_downsample,EmoEEG,cross_subject,seed_10_downsample_t40,10,reve,0.2814814814814815,0.3333333333333333,balanced_chance,Unknown,Unknown,Unknown,,/benchmark-eeg/5.0_version/result_5/linear_downsample/EmoEEG_cross_subject_linear_downsample/seed_10_downsample_t40/ratio_full/reve/summary.json
EmoEEG_cross_subject_linear_downsample,EmoEEG,cross_subject,seed_42_downsample_t40,42,bendr,0.3333333333333333,0.3333333333333333,balanced_chance,Unknown,Unknown,Unknown,,/benchmark-eeg/5.0_version/result_5/linear_downsample/EmoEEG_cross_subject_linear_downsample/seed_42_downsample_t40/ratio_full/bendr/summary.json
EmoEEG_cross_subject_linear_downsample,EmoEEG,cross_subject,seed_42_downsample_t40,42,biot,0.325687185443283,0.3333333333333333,balanced_chance,Unknown,Unknown,Unknown,,/benchmark-eeg/5.0_version/result_5/linear_downsample/EmoEEG_cross_subject_linear_downsample/seed_42_downsample_t40/ratio_full/biot/summary.json
EmoEEG_cross_subject_linear_downsample,EmoEEG,cross_subject,seed_42_downsample_t40,42,brainomni,0.3236546651180798,0.3333333333333333,balanced_chance,Unknown,Unknown,Unknown,,/benchmark-eeg/5.0_version/result_5/linear_downsample/EmoEEG_cross_subject_linear_downsample/seed_42_downsample_t40/ratio_full/brainomni/summary.json
EmoEEG_cross_subject_linear_downsample,EmoEEG,cross_subject,seed_42_downsample_t40,42,cbramod,0.3243321718931475,0.3333333333333333,balanced_chance,Unknown,Unknown,Unknown,,/benchmark-eeg/5.0_version/result_5/linear_downsample/EmoEEG_cross_subject_linear_downsample/seed_42_downsample_t40/ratio_full/cbramod/summary.json
EmoEEG_cross_subject_linear_downsample,EmoEEG,cross_subject,seed_42_downsample_t40,42,eegmamba,0.37369337979094075,0.3333333333333333,balanced_chance,Unknown,Unknown,Unknown,,/benchmark-eeg/5.0_version/result_5/linear_downsample/EmoEEG_cross_subject_linear_downsample/seed_42_downsample_t40/ratio_full/eegmamba/summary.json
EmoEEG_cross_subject_linear_downsample,EmoEEG,cross_subject,seed_42_downsample_t40,42,femba,0.3329461866047232,0.3333333333333333,balanced_chance,Unknown,Unknown,Unknown,,/benchmark-eeg/5.0_version/result_5/linear_downsample/EmoEEG_cross_subject_linear_downsample/seed_42_downsample_t40/ratio_full/femba/summary.json
EmoEEG_cross_subject_linear_downsample,EmoEEG,cross_subject,seed_42_downsample_t40,42,labram,0.3238482384823848,0.3333333333333333,balanced_chance,Unknown,Unknown,Unknown,,/benchmark-eeg/5.0_version/result_5/linear_downsample/EmoEEG_cross_subject_linear_downsample/seed_42_downsample_t40/ratio_full/labram/summary.json
EmoEEG_cross_subject_linear_downsample,EmoEEG,cross_subject,seed_42_downsample_t40,42,neurogpt,0.3160085172280294,0.3333333333333333,balanced_chance,Unknown,Unknown,Unknown,,/benchmark-eeg/5.0_version/result_5/linear_downsample/EmoEEG_cross_subject_linear_downsample/seed_42_downsample_t40/ratio_full/neurogpt/summary.json
EmoEEG_cross_subject_linear_downsample,EmoEEG,cross_subject,seed_42_downsample_t40,42,neurolm,0.3341076267905536,0.3333333333333333,balanced_chance,Unknown,Unknown,Unknown,,/benchmark-eeg/5.0_version/result_5/linear_downsample/EmoEEG_cross_subject_linear_downsample/seed_42_downsample_t40/ratio_full/neurolm/summary.json
EmoEEG_cross_subject_linear_downsample,EmoEEG,cross_subject,seed_42_downsample_t40,42,reve,0.3536585365853659,0.3333333333333333,balanced_chance,Unknown,Unknown,Unknown,,/benchmark-eeg/5.0_version/result_5/linear_downsample/EmoEEG_cross_subject_linear_downsample/seed_42_downsample_t40/ratio_full/reve/summary.json
EmoEEG_cross_subject_linear_downsample,EmoEEG,cross_subject,seed_5_downsample_t40,5,bendr,0.3333333333333333,0.3333333333333333,balanced_chance,Unknown,Unknown,Unknown,,/benchmark-eeg/5.0_version/result_5/linear_downsample/EmoEEG_cross_subject_linear_downsample/seed_5_downsample_t40/ratio_full/bendr/summary.json
EmoEEG_cross_subject_linear_downsample,EmoEEG,cross_subject,seed_5_downsample_t40,5,biot,0.35416304452815606,0.3333333333333333,balanced_chance,Unknown,Unknown,Unknown,,/benchmark-eeg/5.0_version/result_5/linear_downsample/EmoEEG_cross_subject_linear_downsample/seed_5_downsample_t40/ratio_full/biot/summary.json
EmoEEG_cross_subject_linear_downsample,EmoEEG,cross_subject,seed_5_downsample_t40,5,brainomni,0.33932837502817215,0.3333333333333333,balanced_chance,Unknown,Unknown,Unknown,,/benchmark-eeg/5.0_version/result_5/linear_downsample/EmoEEG_cross_subject_linear_downsample/seed_5_downsample_t40/ratio_full/brainomni/summary.json
EmoEEG_cross_subject_linear_downsample,EmoEEG,cross_subject,seed_5_downsample_t40,5,cbramod,0.33153514279274926,0.3333333333333333,balanced_chance,Unknown,Unknown,Unknown,,/benchmark-eeg/5.0_version/result_5/linear_downsample/EmoEEG_cross_subject_linear_downsample/seed_5_downsample_t40/ratio_full/cbramod/summary.json
EmoEEG_cross_subject_linear_downsample,EmoEEG,cross_subject,seed_5_downsample_t40,5,eegmamba,0.3299977462249268,0.3333333333333333,balanced_chance,Unknown,Unknown,Unknown,,/benchmark-eeg/5.0_version/result_5/linear_downsample/EmoEEG_cross_subject_linear_downsample/seed_5_downsample_t40/ratio_full/eegmamba/summary.json
EmoEEG_cross_subject_linear_downsample,EmoEEG,cross_subject,seed_5_downsample_t40,5,femba,0.3328825783186838,0.3333333333333333,balanced_chance,Unknown,Unknown,Unknown,,/benchmark-eeg/5.0_version/result_5/linear_downsample/EmoEEG_cross_subject_linear_downsample/seed_5_downsample_t40/ratio_full/femba/summary.json
EmoEEG_cross_subject_linear_downsample,EmoEEG,cross_subject,seed_5_downsample_t40,5,labram,0.3332882578318684,0.3333333333333333,balanced_chance,Unknown,Unknown,Unknown,,/benchmark-eeg/5.0_version/result_5/linear_downsample/EmoEEG_cross_subject_linear_downsample/seed_5_downsample_t40/ratio_full/labram/summary.json
EmoEEG_cross_subject_linear_downsample,EmoEEG,cross_subject,seed_5_downsample_t40,5,neurogpt,0.346270002253775,0.3333333333333333,balanced_chance,Unknown,Unknown,Unknown,,/benchmark-eeg/5.0_version/result_5/linear_downsample/EmoEEG_cross_subject_linear_downsample/seed_5_downsample_t40/ratio_full/neurogpt/summary.json
EmoEEG_cross_subject_linear_downsample,EmoEEG,cross_subject,seed_5_downsample_t40,5,neurolm,0.3148073022312373,0.3333333333333333,balanced_chance,Unknown,Unknown,Unknown,,/benchmark-eeg/5.0_version/result_5/linear_downsample/EmoEEG_cross_subject_linear_downsample/seed_5_downsample_t40/ratio_full/neurolm/summary.json
EmoEEG_cross_subject_linear_downsample,EmoEEG,cross_subject,seed_5_downsample_t40,5,reve,0.27928780707685374,0.3333333333333333,balanced_chance,Unknown,Unknown,Unknown,,/benchmark-eeg/5.0_version/result_5/linear_downsample/EmoEEG_cross_subject_linear_downsample/seed_5_downsample_t40/ratio_full/reve/summary.json
ExoEEG_WalkStop_cross_subject_linear_downsample,ExoEEG_WalkStop,cross_subject,seed_10_downsample_t40,10,bendr,0.5083245770726069,0.5,balanced_chance,Unknown,Unknown,Unknown,,/benchmark-eeg/5.0_version/result_5/linear_downsample/ExoEEG_WalkStop_cross_subject_linear_downsample/seed_10_downsample_t40/ratio_full/bendr/summary.json
ExoEEG_WalkStop_cross_subject_linear_downsample,ExoEEG_WalkStop,cross_subject,seed_10_downsample_t40,10,biot,0.47928589775022473,0.5,balanced_chance,Unknown,Unknown,Unknown,,/benchmark-eeg/5.0_version/result_5/linear_downsample/ExoEEG_WalkStop_cross_subject_linear_downsample/seed_10_downsample_t40/ratio_full/biot/summary.json
ExoEEG_WalkStop_cross_subject_linear_downsample,ExoEEG_WalkStop,cross_subject,seed_10_downsample_t40,10,brainomni,0.5235823030133212,0.5,balanced_chance,Unknown,Unknown,Unknown,,/benchmark-eeg/5.0_version/result_5/linear_downsample/ExoEEG_WalkStop_cross_subject_linear_downsample/seed_10_downsample_t40/ratio_full/brainomni/summary.json
ExoEEG_WalkStop_cross_subject_linear_downsample,ExoEEG_WalkStop,cross_subject,seed_10_downsample_t40,10,cbramod,0.506298670215871,0.5,balanced_chance,Unknown,Unknown,Unknown,,/benchmark-eeg/5.0_version/result_5/linear_downsample/ExoEEG_WalkStop_cross_subject_linear_downsample/seed_10_downsample_t40/ratio_full/cbramod/summary.json
ExoEEG_WalkStop_cross_subject_linear_downsample,ExoEEG_WalkStop,cross_subject,seed_10_downsample_t40,10,eegmamba,0.48994915531271527,0.5,balanced_chance,Unknown,Unknown,Unknown,,/benchmark-eeg/5.0_version/result_5/linear_downsample/ExoEEG_WalkStop_cross_subject_linear_downsample/seed_10_downsample_t40/ratio_full/eegmamba/summary.json
ExoEEG_WalkStop_cross_subject_linear_downsample,ExoEEG_WalkStop,cross_subject,seed_10_downsample_t40,10,femba,0.521181920072852,0.5,balanced_chance,Unknown,Unknown,Unknown,,/benchmark-eeg/5.0_version/result_5/linear_downsample/ExoEEG_WalkStop_cross_subject_linear_downsample/seed_10_downsample_t40/ratio_full/femba/summary.json
ExoEEG_WalkStop_cross_subject_linear_downsample,ExoEEG_WalkStop,cross_subject,seed_10_downsample_t40,10,labram,0.5159926680910184,0.5,balanced_chance,Unknown,Unknown,Unknown,,/benchmark-eeg/5.0_version/result_5/linear_downsample/ExoEEG_WalkStop_cross_subject_linear_downsample/seed_10_downsample_t40/ratio_full/labram/summary.json
ExoEEG_WalkStop_cross_subject_linear_downsample,ExoEEG_WalkStop,cross_subject,seed_10_downsample_t40,10,neurogpt,0.5008103627426943,0.5,balanced_chance,Unknown,Unknown,Unknown,,/benchmark-eeg/5.0_version/result_5/linear_downsample/ExoEEG_WalkStop_cross_subject_linear_downsample/seed_10_downsample_t40/ratio_full/neurogpt/summary.json
ExoEEG_WalkStop_cross_subject_linear_downsample,ExoEEG_WalkStop,cross_subject,seed_10_downsample_t40,10,neurolm,0.49607380944041657,0.5,balanced_chance,Unknown,Unknown,Unknown,,/benchmark-eeg/5.0_version/result_5/linear_downsample/ExoEEG_WalkStop_cross_subject_linear_downsample/seed_10_downsample_t40/ratio_full/neurolm/summary.json
ExoEEG_WalkStop_cross_subject_linear_downsample,ExoEEG_WalkStop,cross_subject,seed_10_downsample_t40,10,reve,0.5182691207546729,0.5,balanced_chance,Unknown,Unknown,Unknown,,/benchmark-eeg/5.0_version/result_5/linear_downsample/ExoEEG_WalkStop_cross_subject_linear_downsample/seed_10_downsample_t40/ratio_full/reve/summary.json
ExoEEG_WalkStop_cross_subject_linear_downsample,ExoEEG_WalkStop,cross_subject,seed_42_downsample_t40,42,bendr,0.5033919419051288,0.5,balanced_chance,Unknown,Unknown,Unknown,,/benchmark-eeg/5.0_version/result_5/linear_downsample/ExoEEG_WalkStop_cross_subject_linear_downsample/seed_42_downsample_t40/ratio_full/bendr/summary.json
ExoEEG_WalkStop_cross_subject_linear_downsample,ExoEEG_WalkStop,cross_subject,seed_42_downsample_t40,42,biot,0.5288880716378878,0.5,balanced_chance,Unknown,Unknown,Unknown,,/benchmark-eeg/5.0_version/result_5/linear_downsample/ExoEEG_WalkStop_cross_subject_linear_downsample/seed_42_downsample_t40/ratio_full/biot/summary.json
ExoEEG_WalkStop_cross_subject_linear_downsample,ExoEEG_WalkStop,cross_subject,seed_42_downsample_t40,42,brainomni,0.5265343887546262,0.5,balanced_chance,Unknown,Unknown,Unknown,,/benchmark-eeg/5.0_version/result_5/linear_downsample/ExoEEG_WalkStop_cross_subject_linear_downsample/seed_42_downsample_t40/ratio_full/brainomni/summary.json
ExoEEG_WalkStop_cross_subject_linear_downsample,ExoEEG_WalkStop,cross_subject,seed_42_downsample_t40,42,cbramod,0.5180068999334524,0.5,balanced_chance,Unknown,Unknown,Unknown,,/benchmark-eeg/5.0_version/result_5/linear_downsample/ExoEEG_WalkStop_cross_subject_linear_downsample/seed_42_downsample_t40/ratio_full/cbramod/summary.json
ExoEEG_WalkStop_cross_subject_linear_downsample,ExoEEG_WalkStop,cross_subject,seed_42_downsample_t40,42,eegmamba,0.5017710996695971,0.5,balanced_chance,Unknown,Unknown,Unknown,,/benchmark-eeg/5.0_version/result_5/linear_downsample/ExoEEG_WalkStop_cross_subject_linear_downsample/seed_42_downsample_t40/ratio_full/eegmamba/summary.json
ExoEEG_WalkStop_cross_subject_linear_downsample,ExoEEG_WalkStop,cross_subject,seed_42_downsample_t40,42,femba,0.5536913476469009,0.5,balanced_chance,Unknown,Unknown,Unknown,,/benchmark-eeg/5.0_version/result_5/linear_downsample/ExoEEG_WalkStop_cross_subject_linear_downsample/seed_42_downsample_t40/ratio_full/femba/summary.json
ExoEEG_WalkStop_cross_subject_linear_downsample,ExoEEG_WalkStop,cross_subject,seed_42_downsample_t40,42,labram,0.5246464221918672,0.5,balanced_chance,Unknown,Unknown,Unknown,,/benchmark-eeg/5.0_version/result_5/linear_downsample/ExoEEG_WalkStop_cross_subject_linear_downsample/seed_42_downsample_t40/ratio_full/labram/summary.json
ExoEEG_WalkStop_cross_subject_linear_downsample,ExoEEG_WalkStop,cross_subject,seed_42_downsample_t40,42,neurogpt,0.5455547966796259,0.5,balanced_chance,Unknown,Unknown,Unknown,,/benchmark-eeg/5.0_version/result_5/linear_downsample/ExoEEG_WalkStop_cross_subject_linear_downsample/seed_42_downsample_t40/ratio_full/neurogpt/summary.json
ExoEEG_WalkStop_cross_subject_linear_downsample,ExoEEG_WalkStop,cross_subject,seed_42_downsample_t40,42,neurolm,0.5280040395549485,0.5,balanced_chance,Unknown,Unknown,Unknown,,/benchmark-eeg/5.0_version/result_5/linear_downsample/ExoEEG_WalkStop_cross_subject_linear_downsample/seed_42_downsample_t40/ratio_full/neurolm/summary.json
ExoEEG_WalkStop_cross_subject_linear_downsample,ExoEEG_WalkStop,cross_subject,seed_42_downsample_t40,42,reve,0.4960857179550045,0.5,balanced_chance,Unknown,Unknown,Unknown,,/benchmark-eeg/5.0_version/result_5/linear_downsample/ExoEEG_WalkStop_cross_subject_linear_downsample/seed_42_downsample_t40/ratio_full/reve/summary.json
ExoEEG_WalkStop_cross_subject_linear_downsample,ExoEEG_WalkStop,cross_subject,seed_5_downsample_t40,5,bendr,0.5027060931899641,0.5,balanced_chance,Unknown,Unknown,Unknown,,/benchmark-eeg/5.0_version/result_5/linear_downsample/ExoEEG_WalkStop_cross_subject_linear_downsample/seed_5_downsample_t40/ratio_full/bendr/summary.json
ExoEEG_WalkStop_cross_subject_linear_downsample,ExoEEG_WalkStop,cross_subject,seed_5_downsample_t40,5,biot,0.532159527395421,0.5,balanced_chance,Unknown,Unknown,Unknown,,/benchmark-eeg/5.0_version/result_5/linear_downsample/ExoEEG_WalkStop_cross_subject_linear_downsample/seed_5_downsample_t40/ratio_full/biot/summary.json
ExoEEG_WalkStop_cross_subject_linear_downsample,ExoEEG_WalkStop,cross_subject,seed_5_downsample_t40,5,brainomni,0.5283368942126955,0.5,balanced_chance,Unknown,Unknown,Unknown,,/benchmark-eeg/5.0_version/result_5/linear_downsample/ExoEEG_WalkStop_cross_subject_linear_downsample/seed_5_downsample_t40/ratio_full/brainomni/summary.json
ExoEEG_WalkStop_cross_subject_linear_downsample,ExoEEG_WalkStop,cross_subject,seed_5_downsample_t40,5,cbramod,0.47611309586354245,0.5,balanced_chance,Unknown,Unknown,Unknown,,/benchmark-eeg/5.0_version/result_5/linear_downsample/ExoEEG_WalkStop_cross_subject_linear_downsample/seed_5_downsample_t40/ratio_full/cbramod/summary.json
ExoEEG_WalkStop_cross_subject_linear_downsample,ExoEEG_WalkStop,cross_subject,seed_5_downsample_t40,5,eegmamba,0.4995244182924124,0.5,balanced_chance,Unknown,Unknown,Unknown,,/benchmark-eeg/5.0_version/result_5/linear_downsample/ExoEEG_WalkStop_cross_subject_linear_downsample/seed_5_downsample_t40/ratio_full/eegmamba/summary.json
ExoEEG_WalkStop_cross_subject_linear_downsample,ExoEEG_WalkStop,cross_subject,seed_5_downsample_t40,5,femba,0.5581112745613113,0.5,balanced_chance,Unknown,Unknown,Unknown,,/benchmark-eeg/5.0_version/result_5/linear_downsample/ExoEEG_WalkStop_cross_subject_linear_downsample/seed_5_downsample_t40/ratio_full/femba/summary.json
ExoEEG_WalkStop_cross_subject_linear_downsample,ExoEEG_WalkStop,cross_subject,seed_5_downsample_t40,5,labram,0.4662883962032853,0.5,balanced_chance,Unknown,Unknown,Unknown,,/benchmark-eeg/5.0_version/result_5/linear_downsample/ExoEEG_WalkStop_cross_subject_linear_downsample/seed_5_downsample_t40/ratio_full/labram/summary.json
ExoEEG_WalkStop_cross_subject_linear_downsample,ExoEEG_WalkStop,cross_subject,seed_5_downsample_t40,5,neurogpt,0.5047371954280644,0.5,balanced_chance,Unknown,Unknown,Unknown,,/benchmark-eeg/5.0_version/result_5/linear_downsample/ExoEEG_WalkStop_cross_subject_linear_downsample/seed_5_downsample_t40/ratio_full/neurogpt/summary.json
ExoEEG_WalkStop_cross_subject_linear_downsample,ExoEEG_WalkStop,cross_subject,seed_5_downsample_t40,5,neurolm,0.5537563191014909,0.5,balanced_chance,Unknown,Unknown,Unknown,,/benchmark-eeg/5.0_version/result_5/linear_downsample/ExoEEG_WalkStop_cross_subject_linear_downsample/seed_5_downsample_t40/ratio_full/neurolm/summary.json
ExoEEG_WalkStop_cross_subject_linear_downsample,ExoEEG_WalkStop,cross_subject,seed_5_downsample_t40,5,reve,0.512128238357092,0.5,balanced_chance,Unknown,Unknown,Unknown,,/benchmark-eeg/5.0_version/result_5/linear_downsample/ExoEEG_WalkStop_cross_subject_linear_downsample/seed_5_downsample_t40/ratio_full/reve/summary.json
ExoEEG_WalkStop_within_subject_linear_downsample,ExoEEG_WalkStop,within_subject,seed_42_downsample_t40,42,reve,0.500183232353339,,unknown,Unknown,Unknown,Unknown,,/benchmark-eeg/5.0_version/result_5/linear_downsample/ExoEEG_WalkStop_within_subject_linear_downsample/seed_42_downsample_t40/ratio_full/reve/summary.json
FACED_new_cross_subject_linear_downsample,FACED_new,cross_subject,seed_10_downsample_t40,10,bendr,0.1111111111111111,0.1111111111111111,balanced_chance,Unknown,Unknown,Unknown,,/benchmark-eeg/5.0_version/result_5/linear_downsample/FACED_new_cross_subject_linear_downsample/seed_10_downsample_t40/ratio_full/bendr/summary.json
FACED_new_cross_subject_linear_downsample,FACED_new,cross_subject,seed_10_downsample_t40,10,biot,0.16191832858499525,0.1111111111111111,balanced_chance,Unknown,Unknown,Unknown,,/benchmark-eeg/5.0_version/result_5/linear_downsample/FACED_new_cross_subject_linear_downsample/seed_10_downsample_t40/ratio_full/biot/summary.json
FACED_new_cross_subject_linear_downsample,FACED_new,cross_subject,seed_10_downsample_t40,10,brainomni,0.1799620132953466,0.1111111111111111,balanced_chance,Unknown,Unknown,Unknown,,/benchmark-eeg/5.0_version/result_5/linear_downsample/FACED_new_cross_subject_linear_downsample/seed_10_downsample_t40/ratio_full/brainomni/summary.json
FACED_new_cross_subject_linear_downsample,FACED_new,cross_subject,seed_10_downsample_t40,10,cbramod,0.47127255460588796,0.1111111111111111,balanced_chance,Unknown,Unknown,Unknown,,/benchmark-eeg/5.0_version/result_5/linear_downsample/FACED_new_cross_subject_linear_downsample/seed_10_downsample_t40/ratio_full/cbramod/summary.json
FACED_new_cross_subject_linear_downsample,FACED_new,cross_subject,seed_10_downsample_t40,10,eegmamba,0.16452991452991453,0.1111111111111111,balanced_chance,Unknown,Unknown,Unknown,,/benchmark-eeg/5.0_version/result_5/linear_downsample/FACED_new_cross_subject_linear_downsample/seed_10_downsample_t40/ratio_full/eegmamba/summary.json
FACED_new_cross_subject_linear_downsample,FACED_new,cross_subject,seed_10_downsample_t40,10,femba,0.14719848053181386,0.1111111111111111,balanced_chance,Unknown,Unknown,Unknown,,/benchmark-eeg/5.0_version/result_5/linear_downsample/FACED_new_cross_subject_linear_downsample/seed_10_downsample_t40/ratio_full/femba/summary.json
FACED_new_cross_subject_linear_downsample,FACED_new,cross_subject,seed_10_downsample_t40,10,labram,0.1616809116809117,0.1111111111111111,balanced_chance,Unknown,Unknown,Unknown,,/benchmark-eeg/5.0_version/result_5/linear_downsample/FACED_new_cross_subject_linear_downsample/seed_10_downsample_t40/ratio_full/labram/summary.json
FACED_new_cross_subject_linear_downsample,FACED_new,cross_subject,seed_10_downsample_t40,10,neurogpt,0.1469610636277303,0.1111111111111111,balanced_chance,Unknown,Unknown,Unknown,,/benchmark-eeg/5.0_version/result_5/linear_downsample/FACED_new_cross_subject_linear_downsample/seed_10_downsample_t40/ratio_full/neurogpt/summary.json
FACED_new_cross_subject_linear_downsample,FACED_new,cross_subject,seed_10_downsample_t40,10,neurolm,0.1479107312440646,0.1111111111111111,balanced_chance,Unknown,Unknown,Unknown,,/benchmark-eeg/5.0_version/result_5/linear_downsample/FACED_new_cross_subject_linear_downsample/seed_10_downsample_t40/ratio_full/neurolm/summary.json
FACED_new_cross_subject_linear_downsample,FACED_new,cross_subject,seed_10_downsample_t40,10,reve,0.20180436847103514,0.1111111111111111,balanced_chance,Unknown,Unknown,Unknown,,/benchmark-eeg/5.0_version/result_5/linear_downsample/FACED_new_cross_subject_linear_downsample/seed_10_downsample_t40/ratio_full/reve/summary.json
FACED_new_cross_subject_linear_downsample,FACED_new,cross_subject,seed_42_downsample_t40,42,bendr,0.1111111111111111,0.1111111111111111,balanced_chance,Unknown,Unknown,Unknown,,/benchmark-eeg/5.0_version/result_5/linear_downsample/FACED_new_cross_subject_linear_downsample/seed_42_downsample_t40/ratio_full/bendr/summary.json
FACED_new_cross_subject_linear_downsample,FACED_new,cross_subject,seed_42_downsample_t40,42,biot,0.16049382716049385,0.1111111111111111,balanced_chance,Unknown,Unknown,Unknown,,/benchmark-eeg/5.0_version/result_5/linear_downsample/FACED_new_cross_subject_linear_downsample/seed_42_downsample_t40/ratio_full/biot/summary.json
FACED_new_cross_subject_linear_downsample,FACED_new,cross_subject,seed_42_downsample_t40,42,brainomni,0.20892687559354226,0.1111111111111111,balanced_chance,Unknown,Unknown,Unknown,,/benchmark-eeg/5.0_version/result_5/linear_downsample/FACED_new_cross_subject_linear_downsample/seed_42_downsample_t40/ratio_full/brainomni/summary.json
FACED_new_cross_subject_linear_downsample,FACED_new,cross_subject,seed_42_downsample_t40,42,cbramod,0.5356125356125356,0.1111111111111111,balanced_chance,Unknown,Unknown,Unknown,,/benchmark-eeg/5.0_version/result_5/linear_downsample/FACED_new_cross_subject_linear_downsample/seed_42_downsample_t40/ratio_full/cbramod/summary.json
FACED_new_cross_subject_linear_downsample,FACED_new,cross_subject,seed_42_downsample_t40,42,eegmamba,0.14458689458689455,0.1111111111111111,balanced_chance,Unknown,Unknown,Unknown,,/benchmark-eeg/5.0_version/result_5/linear_downsample/FACED_new_cross_subject_linear_downsample/seed_42_downsample_t40/ratio_full/eegmamba/summary.json
FACED_new_cross_subject_linear_downsample,FACED_new,cross_subject,seed_42_downsample_t40,42,femba,0.18209876543209877,0.1111111111111111,balanced_chance,Unknown,Unknown,Unknown,,/benchmark-eeg/5.0_version/result_5/linear_downsample/FACED_new_cross_subject_linear_downsample/seed_42_downsample_t40/ratio_full/femba/summary.json
FACED_new_cross_subject_linear_downsample,FACED_new,cross_subject,seed_42_downsample_t40,42,labram,0.16310541310541313,0.1111111111111111,balanced_chance,Unknown,Unknown,Unknown,,/benchmark-eeg/5.0_version/result_5/linear_downsample/FACED_new_cross_subject_linear_downsample/seed_42_downsample_t40/ratio_full/labram/summary.json
FACED_new_cross_subject_linear_downsample,FACED_new,cross_subject,seed_42_downsample_t40,42,neurogpt,0.159306742640076,0.1111111111111111,balanced_chance,Unknown,Unknown,Unknown,,/benchmark-eeg/5.0_version/result_5/linear_downsample/FACED_new_cross_subject_linear_downsample/seed_42_downsample_t40/ratio_full/neurogpt/summary.json
FACED_new_cross_subject_linear_downsample,FACED_new,cross_subject,seed_42_downsample_t40,42,neurolm,0.18684710351377018,0.1111111111111111,balanced_chance,Unknown,Unknown,Unknown,,/benchmark-eeg/5.0_version/result_5/linear_downsample/FACED_new_cross_subject_linear_downsample/seed_42_downsample_t40/ratio_full/neurolm/summary.json
FACED_new_cross_subject_linear_downsample,FACED_new,cross_subject,seed_42_downsample_t40,42,reve,0.23124406457739793,0.1111111111111111,balanced_chance,Unknown,Unknown,Unknown,,/benchmark-eeg/5.0_version/result_5/linear_downsample/FACED_new_cross_subject_linear_downsample/seed_42_downsample_t40/ratio_full/reve/summary.json
FACED_new_cross_subject_linear_downsample,FACED_new,cross_subject,seed_5_downsample_t40,5,bendr,0.1111111111111111,0.1111111111111111,balanced_chance,Unknown,Unknown,Unknown,,/benchmark-eeg/5.0_version/result_5/linear_downsample/FACED_new_cross_subject_linear_downsample/seed_5_downsample_t40/ratio_full/bendr/summary.json
FACED_new_cross_subject_linear_downsample,FACED_new,cross_subject,seed_5_downsample_t40,5,biot,0.15455840455840456,0.1111111111111111,balanced_chance,Unknown,Unknown,Unknown,,/benchmark-eeg/5.0_version/result_5/linear_downsample/FACED_new_cross_subject_linear_downsample/seed_5_downsample_t40/ratio_full/biot/summary.json
FACED_new_cross_subject_linear_downsample,FACED_new,cross_subject,seed_5_downsample_t40,5,brainomni,0.19895536562203228,0.1111111111111111,balanced_chance,Unknown,Unknown,Unknown,,/benchmark-eeg/5.0_version/result_5/linear_downsample/FACED_new_cross_subject_linear_downsample/seed_5_downsample_t40/ratio_full/brainomni/summary.json
FACED_new_cross_subject_linear_downsample,FACED_new,cross_subject,seed_5_downsample_t40,5,cbramod,0.47910731244064575,0.1111111111111111,balanced_chance,Unknown,Unknown,Unknown,,/benchmark-eeg/5.0_version/result_5/linear_downsample/FACED_new_cross_subject_linear_downsample/seed_5_downsample_t40/ratio_full/cbramod/summary.json
FACED_new_cross_subject_linear_downsample,FACED_new,cross_subject,seed_5_downsample_t40,5,eegmamba,0.14577397910731243,0.1111111111111111,balanced_chance,Unknown,Unknown,Unknown,,/benchmark-eeg/5.0_version/result_5/linear_downsample/FACED_new_cross_subject_linear_downsample/seed_5_downsample_t40/ratio_full/eegmamba/summary.json
FACED_new_cross_subject_linear_downsample,FACED_new,cross_subject,seed_5_downsample_t40,5,femba,0.15598290598290598,0.1111111111111111,balanced_chance,Unknown,Unknown,Unknown,,/benchmark-eeg/5.0_version/result_5/linear_downsample/FACED_new_cross_subject_linear_downsample/seed_5_downsample_t40/ratio_full/femba/summary.json
FACED_new_cross_subject_linear_downsample,FACED_new,cross_subject,seed_5_downsample_t40,5,labram,0.13817663817663817,0.1111111111111111,balanced_chance,Unknown,Unknown,Unknown,,/benchmark-eeg/5.0_version/result_5/linear_downsample/FACED_new_cross_subject_linear_downsample/seed_5_downsample_t40/ratio_full/labram/summary.json
FACED_new_cross_subject_linear_downsample,FACED_new,cross_subject,seed_5_downsample_t40,5,neurogpt,0.15052231718898387,0.1111111111111111,balanced_chance,Unknown,Unknown,Unknown,,/benchmark-eeg/5.0_version/result_5/linear_downsample/FACED_new_cross_subject_linear_downsample/seed_5_downsample_t40/ratio_full/neurogpt/summary.json
FACED_new_cross_subject_linear_downsample,FACED_new,cross_subject,seed_5_downsample_t40,5,neurolm,0.16239316239316237,0.1111111111111111,balanced_chance,Unknown,Unknown,Unknown,,/benchmark-eeg/5.0_version/result_5/linear_downsample/FACED_new_cross_subject_linear_downsample/seed_5_downsample_t40/ratio_full/neurolm/summary.json
FACED_new_cross_subject_linear_downsample,FACED_new,cross_subject,seed_5_downsample_t40,5,reve,0.2314814814814815,0.1111111111111111,balanced_chance,Unknown,Unknown,Unknown,,/benchmark-eeg/5.0_version/result_5/linear_downsample/FACED_new_cross_subject_linear_downsample/seed_5_downsample_t40/ratio_full/reve/summary.json
HBN_EEG_cross_subject_linear_downsample,HBN_EEG,cross_subject,seed_10_downsample_t40,10,bendr,0.0798917247965686,0.0769230769230769,balanced_chance,Consciousness & State,意识与状态,静息态/多任务,HBN-EEG,/benchmark-eeg/5.0_version/result_5/linear_downsample/HBN_EEG_cross_subject_linear_downsample/seed_10_downsample_t40/ratio_full/bendr/summary.json
HBN_EEG_cross_subject_linear_downsample,HBN_EEG,cross_subject,seed_10_downsample_t40,10,biot,0.12892568793666512,0.0769230769230769,balanced_chance,Consciousness & State,意识与状态,静息态/多任务,HBN-EEG,/benchmark-eeg/5.0_version/result_5/linear_downsample/HBN_EEG_cross_subject_linear_downsample/seed_10_downsample_t40/ratio_full/biot/summary.json
HBN_EEG_cross_subject_linear_downsample,HBN_EEG,cross_subject,seed_10_downsample_t40,10,brainomni,0.14847915226553493,0.0769230769230769,balanced_chance,Consciousness & State,意识与状态,静息态/多任务,HBN-EEG,/benchmark-eeg/5.0_version/result_5/linear_downsample/HBN_EEG_cross_subject_linear_downsample/seed_10_downsample_t40/ratio_full/brainomni/summary.json
HBN_EEG_cross_subject_linear_downsample,HBN_EEG,cross_subject,seed_10_downsample_t40,10,cbramod,0.11481651875503761,0.0769230769230769,balanced_chance,Consciousness & State,意识与状态,静息态/多任务,HBN-EEG,/benchmark-eeg/5.0_version/result_5/linear_downsample/HBN_EEG_cross_subject_linear_downsample/seed_10_downsample_t40/ratio_full/cbramod/summary.json
HBN_EEG_cross_subject_linear_downsample,HBN_EEG,cross_subject,seed_10_downsample_t40,10,eegmamba,0.10215083777116146,0.0769230769230769,balanced_chance,Consciousness & State,意识与状态,静息态/多任务,HBN-EEG,/benchmark-eeg/5.0_version/result_5/linear_downsample/HBN_EEG_cross_subject_linear_downsample/seed_10_downsample_t40/ratio_full/eegmamba/summary.json
HBN_EEG_cross_subject_linear_downsample,HBN_EEG,cross_subject,seed_10_downsample_t40,10,femba,0.1218274649826076,0.0769230769230769,balanced_chance,Consciousness & State,意识与状态,静息态/多任务,HBN-EEG,/benchmark-eeg/5.0_version/result_5/linear_downsample/HBN_EEG_cross_subject_linear_downsample/seed_10_downsample_t40/ratio_full/femba/summary.json
HBN_EEG_cross_subject_linear_downsample,HBN_EEG,cross_subject,seed_10_downsample_t40,10,labram,0.1311719212719111,0.0769230769230769,balanced_chance,Consciousness & State,意识与状态,静息态/多任务,HBN-EEG,/benchmark-eeg/5.0_version/result_5/linear_downsample/HBN_EEG_cross_subject_linear_downsample/seed_10_downsample_t40/ratio_full/labram/summary.json
HBN_EEG_cross_subject_linear_downsample,HBN_EEG,cross_subject,seed_10_downsample_t40,10,neurogpt,0.09579323340228246,0.0769230769230769,balanced_chance,Consciousness & State,意识与状态,静息态/多任务,HBN-EEG,/benchmark-eeg/5.0_version/result_5/linear_downsample/HBN_EEG_cross_subject_linear_downsample/seed_10_downsample_t40/ratio_full/neurogpt/summary.json
HBN_EEG_cross_subject_linear_downsample,HBN_EEG,cross_subject,seed_10_downsample_t40,10,neurolm,0.08872231921904203,0.0769230769230769,balanced_chance,Consciousness & State,意识与状态,静息态/多任务,HBN-EEG,/benchmark-eeg/5.0_version/result_5/linear_downsample/HBN_EEG_cross_subject_linear_downsample/seed_10_downsample_t40/ratio_full/neurolm/summary.json
HBN_EEG_cross_subject_linear_downsample,HBN_EEG,cross_subject,seed_10_downsample_t40,10,reve,0.08467920464193288,0.0769230769230769,balanced_chance,Consciousness & State,意识与状态,静息态/多任务,HBN-EEG,/benchmark-eeg/5.0_version/result_5/linear_downsample/HBN_EEG_cross_subject_linear_downsample/seed_10_downsample_t40/ratio_full/reve/summary.json
HBN_EEG_cross_subject_linear_downsample,HBN_EEG,cross_subject,seed_42_downsample_t40,42,bendr,0.08057067578245213,0.0769230769230769,balanced_chance,Consciousness & State,意识与状态,静息态/多任务,HBN-EEG,/benchmark-eeg/5.0_version/result_5/linear_downsample/HBN_EEG_cross_subject_linear_downsample/seed_42_downsample_t40/ratio_full/bendr/summary.json
HBN_EEG_cross_subject_linear_downsample,HBN_EEG,cross_subject,seed_42_downsample_t40,42,biot,0.12255536875966536,0.0769230769230769,balanced_chance,Consciousness & State,意识与状态,静息态/多任务,HBN-EEG,/benchmark-eeg/5.0_version/result_5/linear_downsample/HBN_EEG_cross_subject_linear_downsample/seed_42_downsample_t40/ratio_full/biot/summary.json
HBN_EEG_cross_subject_linear_downsample,HBN_EEG,cross_subject,seed_42_downsample_t40,42,brainomni,0.15161193690233538,0.0769230769230769,balanced_chance,Consciousness & State,意识与状态,静息态/多任务,HBN-EEG,/benchmark-eeg/5.0_version/result_5/linear_downsample/HBN_EEG_cross_subject_linear_downsample/seed_42_downsample_t40/ratio_full/brainomni/summary.json
HBN_EEG_cross_subject_linear_downsample,HBN_EEG,cross_subject,seed_42_downsample_t40,42,cbramod,0.1074496844502025,0.0769230769230769,balanced_chance,Consciousness & State,意识与状态,静息态/多任务,HBN-EEG,/benchmark-eeg/5.0_version/result_5/linear_downsample/HBN_EEG_cross_subject_linear_downsample/seed_42_downsample_t40/ratio_full/cbramod/summary.json
HBN_EEG_cross_subject_linear_downsample,HBN_EEG,cross_subject,seed_42_downsample_t40,42,eegmamba,0.10351945152288952,0.0769230769230769,balanced_chance,Consciousness & State,意识与状态,静息态/多任务,HBN-EEG,/benchmark-eeg/5.0_version/result_5/linear_downsample/HBN_EEG_cross_subject_linear_downsample/seed_42_downsample_t40/ratio_full/eegmamba/summary.json
HBN_EEG_cross_subject_linear_downsample,HBN_EEG,cross_subject,seed_42_downsample_t40,42,femba,0.116416711854929,0.0769230769230769,balanced_chance,Consciousness & State,意识与状态,静息态/多任务,HBN-EEG,/benchmark-eeg/5.0_version/result_5/linear_downsample/HBN_EEG_cross_subject_linear_downsample/seed_42_downsample_t40/ratio_full/femba/summary.json
HBN_EEG_cross_subject_linear_downsample,HBN_EEG,cross_subject,seed_42_downsample_t40,42,labram,0.11693116823289389,0.0769230769230769,balanced_chance,Consciousness & State,意识与状态,静息态/多任务,HBN-EEG,/benchmark-eeg/5.0_version/result_5/linear_downsample/HBN_EEG_cross_subject_linear_downsample/seed_42_downsample_t40/ratio_full/labram/summary.json
HBN_EEG_cross_subject_linear_downsample,HBN_EEG,cross_subject,seed_42_downsample_t40,42,neurogpt,0.09722989016878204,0.0769230769230769,balanced_chance,Consciousness & State,意识与状态,静息态/多任务,HBN-EEG,/benchmark-eeg/5.0_version/result_5/linear_downsample/HBN_EEG_cross_subject_linear_downsample/seed_42_downsample_t40/ratio_full/neurogpt/summary.json
HBN_EEG_cross_subject_linear_downsample,HBN_EEG,cross_subject,seed_42_downsample_t40,42,neurolm,0.08123274780355046,0.0769230769230769,balanced_chance,Consciousness & State,意识与状态,静息态/多任务,HBN-EEG,/benchmark-eeg/5.0_version/result_5/linear_downsample/HBN_EEG_cross_subject_linear_downsample/seed_42_downsample_t40/ratio_full/neurolm/summary.json
HBN_EEG_cross_subject_linear_downsample,HBN_EEG,cross_subject,seed_42_downsample_t40,42,reve,0.093540724989392,0.0769230769230769,balanced_chance,Consciousness & State,意识与状态,静息态/多任务,HBN-EEG,/benchmark-eeg/5.0_version/result_5/linear_downsample/HBN_EEG_cross_subject_linear_downsample/seed_42_downsample_t40/ratio_full/reve/summary.json
HBN_EEG_cross_subject_linear_downsample,HBN_EEG,cross_subject,seed_5_downsample_t40,5,bendr,0.08068811626872428,0.0769230769230769,balanced_chance,Consciousness & State,意识与状态,静息态/多任务,HBN-EEG,/benchmark-eeg/5.0_version/result_5/linear_downsample/HBN_EEG_cross_subject_linear_downsample/seed_5_downsample_t40/ratio_full/bendr/summary.json
HBN_EEG_cross_subject_linear_downsample,HBN_EEG,cross_subject,seed_5_downsample_t40,5,biot,0.1352232279043583,0.0769230769230769,balanced_chance,Consciousness & State,意识与状态,静息态/多任务,HBN-EEG,/benchmark-eeg/5.0_version/result_5/linear_downsample/HBN_EEG_cross_subject_linear_downsample/seed_5_downsample_t40/ratio_full/biot/summary.json
HBN_EEG_cross_subject_linear_downsample,HBN_EEG,cross_subject,seed_5_downsample_t40,5,brainomni,0.1603417847772492,0.0769230769230769,balanced_chance,Consciousness & State,意识与状态,静息态/多任务,HBN-EEG,/benchmark-eeg/5.0_version/result_5/linear_downsample/HBN_EEG_cross_subject_linear_downsample/seed_5_downsample_t40/ratio_full/brainomni/summary.json
HBN_EEG_cross_subject_linear_downsample,HBN_EEG,cross_subject,seed_5_downsample_t40,5,cbramod,0.10866029499090954,0.0769230769230769,balanced_chance,Consciousness & State,意识与状态,静息态/多任务,HBN-EEG,/benchmark-eeg/5.0_version/result_5/linear_downsample/HBN_EEG_cross_subject_linear_downsample/seed_5_downsample_t40/ratio_full/cbramod/summary.json
HBN_EEG_cross_subject_linear_downsample,HBN_EEG,cross_subject,seed_5_downsample_t40,5,eegmamba,0.09624932326285972,0.0769230769230769,balanced_chance,Consciousness & State,意识与状态,静息态/多任务,HBN-EEG,/benchmark-eeg/5.0_version/result_5/linear_downsample/HBN_EEG_cross_subject_linear_downsample/seed_5_downsample_t40/ratio_full/eegmamba/summary.json
HBN_EEG_cross_subject_linear_downsample,HBN_EEG,cross_subject,seed_5_downsample_t40,5,femba,0.11061669523595492,0.0769230769230769,balanced_chance,Consciousness & State,意识与状态,静息态/多任务,HBN-EEG,/benchmark-eeg/5.0_version/result_5/linear_downsample/HBN_EEG_cross_subject_linear_downsample/seed_5_downsample_t40/ratio_full/femba/summary.json
HBN_EEG_cross_subject_linear_downsample,HBN_EEG,cross_subject,seed_5_downsample_t40,5,labram,0.1279045833822068,0.0769230769230769,balanced_chance,Consciousness & State,意识与状态,静息态/多任务,HBN-EEG,/benchmark-eeg/5.0_version/result_5/linear_downsample/HBN_EEG_cross_subject_linear_downsample/seed_5_downsample_t40/ratio_full/labram/summary.json
HBN_EEG_cross_subject_linear_downsample,HBN_EEG,cross_subject,seed_5_downsample_t40,5,neurogpt,0.0993023553265988,0.0769230769230769,balanced_chance,Consciousness & State,意识与状态,静息态/多任务,HBN-EEG,/benchmark-eeg/5.0_version/result_5/linear_downsample/HBN_EEG_cross_subject_linear_downsample/seed_5_downsample_t40/ratio_full/neurogpt/summary.json
HBN_EEG_cross_subject_linear_downsample,HBN_EEG,cross_subject,seed_5_downsample_t40,5,neurolm,0.09925418562420929,0.0769230769230769,balanced_chance,Consciousness & State,意识与状态,静息态/多任务,HBN-EEG,/benchmark-eeg/5.0_version/result_5/linear_downsample/HBN_EEG_cross_subject_linear_downsample/seed_5_downsample_t40/ratio_full/neurolm/summary.json
HBN_EEG_cross_subject_linear_downsample,HBN_EEG,cross_subject,seed_5_downsample_t40,5,reve,0.09320748338362443,0.0769230769230769,balanced_chance,Consciousness & State,意识与状态,静息态/多任务,HBN-EEG,/benchmark-eeg/5.0_version/result_5/linear_downsample/HBN_EEG_cross_subject_linear_downsample/seed_5_downsample_t40/ratio_full/reve/summary.json
HBN_EEG_within_subject_linear_downsample,HBN_EEG,within_subject,seed_10_downsample_t40,10,bendr,0.07828548794872955,0.0769230769230769,balanced_chance,Consciousness & State,意识与状态,静息态/多任务,HBN-EEG,/benchmark-eeg/5.0_version/result_5/linear_downsample/HBN_EEG_within_subject_linear_downsample/seed_10_downsample_t40/ratio_full/bendr/summary.json
HBN_EEG_within_subject_linear_downsample,HBN_EEG,within_subject,seed_10_downsample_t40,10,biot,0.12219081581133133,0.0769230769230769,balanced_chance,Consciousness & State,意识与状态,静息态/多任务,HBN-EEG,/benchmark-eeg/5.0_version/result_5/linear_downsample/HBN_EEG_within_subject_linear_downsample/seed_10_downsample_t40/ratio_full/biot/summary.json
HBN_EEG_within_subject_linear_downsample,HBN_EEG,within_subject,seed_10_downsample_t40,10,brainomni,0.15098544393780017,0.0769230769230769,balanced_chance,Consciousness & State,意识与状态,静息态/多任务,HBN-EEG,/benchmark-eeg/5.0_version/result_5/linear_downsample/HBN_EEG_within_subject_linear_downsample/seed_10_downsample_t40/ratio_full/brainomni/summary.json
HBN_EEG_within_subject_linear_downsample,HBN_EEG,within_subject,seed_10_downsample_t40,10,cbramod,0.10620629297937138,0.0769230769230769,balanced_chance,Consciousness & State,意识与状态,静息态/多任务,HBN-EEG,/benchmark-eeg/5.0_version/result_5/linear_downsample/HBN_EEG_within_subject_linear_downsample/seed_10_downsample_t40/ratio_full/cbramod/summary.json
HBN_EEG_within_subject_linear_downsample,HBN_EEG,within_subject,seed_10_downsample_t40,10,eegmamba,0.10765241915097416,0.0769230769230769,balanced_chance,Consciousness & State,意识与状态,静息态/多任务,HBN-EEG,/benchmark-eeg/5.0_version/result_5/linear_downsample/HBN_EEG_within_subject_linear_downsample/seed_10_downsample_t40/ratio_full/eegmamba/summary.json
HBN_EEG_within_subject_linear_downsample,HBN_EEG,within_subject,seed_10_downsample_t40,10,femba,0.11078602469755164,0.0769230769230769,balanced_chance,Consciousness & State,意识与状态,静息态/多任务,HBN-EEG,/benchmark-eeg/5.0_version/result_5/linear_downsample/HBN_EEG_within_subject_linear_downsample/seed_10_downsample_t40/ratio_full/femba/summary.json
HBN_EEG_within_subject_linear_downsample,HBN_EEG,within_subject,seed_10_downsample_t40,10,labram,0.1355032392088696,0.0769230769230769,balanced_chance,Consciousness & State,意识与状态,静息态/多任务,HBN-EEG,/benchmark-eeg/5.0_version/result_5/linear_downsample/HBN_EEG_within_subject_linear_downsample/seed_10_downsample_t40/ratio_full/labram/summary.json
HBN_EEG_within_subject_linear_downsample,HBN_EEG,within_subject,seed_10_downsample_t40,10,neurogpt,0.10906086892593492,0.0769230769230769,balanced_chance,Consciousness & State,意识与状态,静息态/多任务,HBN-EEG,/benchmark-eeg/5.0_version/result_5/linear_downsample/HBN_EEG_within_subject_linear_downsample/seed_10_downsample_t40/ratio_full/neurogpt/summary.json
HBN_EEG_within_subject_linear_downsample,HBN_EEG,within_subject,seed_10_downsample_t40,10,neurolm,0.07919036307456251,0.0769230769230769,balanced_chance,Consciousness & State,意识与状态,静息态/多任务,HBN-EEG,/benchmark-eeg/5.0_version/result_5/linear_downsample/HBN_EEG_within_subject_linear_downsample/seed_10_downsample_t40/ratio_full/neurolm/summary.json
HBN_EEG_within_subject_linear_downsample,HBN_EEG,within_subject,seed_10_downsample_t40,10,reve,0.08742478815175957,0.0769230769230769,balanced_chance,Consciousness & State,意识与状态,静息态/多任务,HBN-EEG,/benchmark-eeg/5.0_version/result_5/linear_downsample/HBN_EEG_within_subject_linear_downsample/seed_10_downsample_t40/ratio_full/reve/summary.json
HBN_EEG_within_subject_linear_downsample,HBN_EEG,within_subject,seed_42_downsample_t40,42,bendr,0.08514282100646188,0.0769230769230769,balanced_chance,Consciousness & State,意识与状态,静息态/多任务,HBN-EEG,/benchmark-eeg/5.0_version/result_5/linear_downsample/HBN_EEG_within_subject_linear_downsample/seed_42_downsample_t40/ratio_full/bendr/summary.json
HBN_EEG_within_subject_linear_downsample,HBN_EEG,within_subject,seed_42_downsample_t40,42,biot,0.11829974148831218,0.0769230769230769,balanced_chance,Consciousness & State,意识与状态,静息态/多任务,HBN-EEG,/benchmark-eeg/5.0_version/result_5/linear_downsample/HBN_EEG_within_subject_linear_downsample/seed_42_downsample_t40/ratio_full/biot/summary.json
HBN_EEG_within_subject_linear_downsample,HBN_EEG,within_subject,seed_42_downsample_t40,42,brainomni,0.12004201439582224,0.0769230769230769,balanced_chance,Consciousness & State,意识与状态,静息态/多任务,HBN-EEG,/benchmark-eeg/5.0_version/result_5/linear_downsample/HBN_EEG_within_subject_linear_downsample/seed_42_downsample_t40/ratio_full/brainomni/summary.json
HBN_EEG_within_subject_linear_downsample,HBN_EEG,within_subject,seed_42_downsample_t40,42,cbramod,0.09735744073634583,0.0769230769230769,balanced_chance,Consciousness & State,意识与状态,静息态/多任务,HBN-EEG,/benchmark-eeg/5.0_version/result_5/linear_downsample/HBN_EEG_within_subject_linear_downsample/seed_42_downsample_t40/ratio_full/cbramod/summary.json
HBN_EEG_within_subject_linear_downsample,HBN_EEG,within_subject,seed_42_downsample_t40,42,eegmamba,0.10378577163124242,0.0769230769230769,balanced_chance,Consciousness & State,意识与状态,静息态/多任务,HBN-EEG,/benchmark-eeg/5.0_version/result_5/linear_downsample/HBN_EEG_within_subject_linear_downsample/seed_42_downsample_t40/ratio_full/eegmamba/summary.json
HBN_EEG_within_subject_linear_downsample,HBN_EEG,within_subject,seed_42_downsample_t40,42,femba,0.112374070190228,0.0769230769230769,balanced_chance,Consciousness & State,意识与状态,静息态/多任务,HBN-EEG,/benchmark-eeg/5.0_version/result_5/linear_downsample/HBN_EEG_within_subject_linear_downsample/seed_42_downsample_t40/ratio_full/femba/summary.json
HBN_EEG_within_subject_linear_downsample,HBN_EEG,within_subject,seed_42_downsample_t40,42,labram,0.12123882960078632,0.0769230769230769,balanced_chance,Consciousness & State,意识与状态,静息态/多任务,HBN-EEG,/benchmark-eeg/5.0_version/result_5/linear_downsample/HBN_EEG_within_subject_linear_downsample/seed_42_downsample_t40/ratio_full/labram/summary.json
HBN_EEG_within_subject_linear_downsample,HBN_EEG,within_subject,seed_42_downsample_t40,42,neurogpt,0.09963296189236275,0.0769230769230769,balanced_chance,Consciousness & State,意识与状态,静息态/多任务,HBN-EEG,/benchmark-eeg/5.0_version/result_5/linear_downsample/HBN_EEG_within_subject_linear_downsample/seed_42_downsample_t40/ratio_full/neurogpt/summary.json
HBN_EEG_within_subject_linear_downsample,HBN_EEG,within_subject,seed_42_downsample_t40,42,neurolm,0.0883662374050586,0.0769230769230769,balanced_chance,Consciousness & State,意识与状态,静息态/多任务,HBN-EEG,/benchmark-eeg/5.0_version/result_5/linear_downsample/HBN_EEG_within_subject_linear_downsample/seed_42_downsample_t40/ratio_full/neurolm/summary.json
HBN_EEG_within_subject_linear_downsample,HBN_EEG,within_subject,seed_42_downsample_t40,42,reve,0.09903938668988738,0.0769230769230769,balanced_chance,Consciousness & State,意识与状态,静息态/多任务,HBN-EEG,/benchmark-eeg/5.0_version/result_5/linear_downsample/HBN_EEG_within_subject_linear_downsample/seed_42_downsample_t40/ratio_full/reve/summary.json
HBN_EEG_within_subject_linear_downsample,HBN_EEG,within_subject,seed_5_downsample_t40,5,bendr,0.07600101598244059,0.0769230769230769,balanced_chance,Consciousness & State,意识与状态,静息态/多任务,HBN-EEG,/benchmark-eeg/5.0_version/result_5/linear_downsample/HBN_EEG_within_subject_linear_downsample/seed_5_downsample_t40/ratio_full/bendr/summary.json
HBN_EEG_within_subject_linear_downsample,HBN_EEG,within_subject,seed_5_downsample_t40,5,biot,0.12311507562908633,0.0769230769230769,balanced_chance,Consciousness & State,意识与状态,静息态/多任务,HBN-EEG,/benchmark-eeg/5.0_version/result_5/linear_downsample/HBN_EEG_within_subject_linear_downsample/seed_5_downsample_t40/ratio_full/biot/summary.json
HBN_EEG_within_subject_linear_downsample,HBN_EEG,within_subject,seed_5_downsample_t40,5,brainomni,0.1178845992712369,0.0769230769230769,balanced_chance,Consciousness & State,意识与状态,静息态/多任务,HBN-EEG,/benchmark-eeg/5.0_version/result_5/linear_downsample/HBN_EEG_within_subject_linear_downsample/seed_5_downsample_t40/ratio_full/brainomni/summary.json
HBN_EEG_within_subject_linear_downsample,HBN_EEG,within_subject,seed_5_downsample_t40,5,cbramod,0.11846115518106543,0.0769230769230769,balanced_chance,Consciousness & State,意识与状态,静息态/多任务,HBN-EEG,/benchmark-eeg/5.0_version/result_5/linear_downsample/HBN_EEG_within_subject_linear_downsample/seed_5_downsample_t40/ratio_full/cbramod/summary.json
HBN_EEG_within_subject_linear_downsample,HBN_EEG,within_subject,seed_5_downsample_t40,5,eegmamba,0.11933339844992458,0.0769230769230769,balanced_chance,Consciousness & State,意识与状态,静息态/多任务,HBN-EEG,/benchmark-eeg/5.0_version/result_5/linear_downsample/HBN_EEG_within_subject_linear_downsample/seed_5_downsample_t40/ratio_full/eegmamba/summary.json
HBN_EEG_within_subject_linear_downsample,HBN_EEG,within_subject,seed_5_downsample_t40,5,femba,0.1181779302794867,0.0769230769230769,balanced_chance,Consciousness & State,意识与状态,静息态/多任务,HBN-EEG,/benchmark-eeg/5.0_version/result_5/linear_downsample/HBN_EEG_within_subject_linear_downsample/seed_5_downsample_t40/ratio_full/femba/summary.json
HBN_EEG_within_subject_linear_downsample,HBN_EEG,within_subject,seed_5_downsample_t40,5,labram,0.13197458993304065,0.0769230769230769,balanced_chance,Consciousness & State,意识与状态,静息态/多任务,HBN-EEG,/benchmark-eeg/5.0_version/result_5/linear_downsample/HBN_EEG_within_subject_linear_downsample/seed_5_downsample_t40/ratio_full/labram/summary.json
HBN_EEG_within_subject_linear_downsample,HBN_EEG,within_subject,seed_5_downsample_t40,5,neurogpt,0.1051827033908619,0.0769230769230769,balanced_chance,Consciousness & State,意识与状态,静息态/多任务,HBN-EEG,/benchmark-eeg/5.0_version/result_5/linear_downsample/HBN_EEG_within_subject_linear_downsample/seed_5_downsample_t40/ratio_full/neurogpt/summary.json
HBN_EEG_within_subject_linear_downsample,HBN_EEG,within_subject,seed_5_downsample_t40,5,neurolm,0.09242587670551063,0.0769230769230769,balanced_chance,Consciousness & State,意识与状态,静息态/多任务,HBN-EEG,/benchmark-eeg/5.0_version/result_5/linear_downsample/HBN_EEG_within_subject_linear_downsample/seed_5_downsample_t40/ratio_full/neurolm/summary.json
HBN_EEG_within_subject_linear_downsample,HBN_EEG,within_subject,seed_5_downsample_t40,5,reve,0.08616602876655752,0.0769230769230769,balanced_chance,Consciousness & State,意识与状态,静息态/多任务,HBN-EEG,/benchmark-eeg/5.0_version/result_5/linear_downsample/HBN_EEG_within_subject_linear_downsample/seed_5_downsample_t40/ratio_full/reve/summary.json
HFO_cross_subject_linear_downsample,HFO,cross_subject,seed_10_downsample_t40,10,bendr,0.5099689280165718,0.5,balanced_chance,Biometrics & Disease,个体与疾病,癫痫/发作,HFO,/benchmark-eeg/5.0_version/result_5/linear_downsample/HFO_cross_subject_linear_downsample/seed_10_downsample_t40/ratio_full/bendr/summary.json
HFO_cross_subject_linear_downsample,HFO,cross_subject,seed_10_downsample_t40,10,biot,0.546737441740031,0.5,balanced_chance,Biometrics & Disease,个体与疾病,癫痫/发作,HFO,/benchmark-eeg/5.0_version/result_5/linear_downsample/HFO_cross_subject_linear_downsample/seed_10_downsample_t40/ratio_full/biot/summary.json
HFO_cross_subject_linear_downsample,HFO,cross_subject,seed_10_downsample_t40,10,brainomni,0.5565769031589849,0.5,balanced_chance,Biometrics & Disease,个体与疾病,癫痫/发作,HFO,/benchmark-eeg/5.0_version/result_5/linear_downsample/HFO_cross_subject_linear_downsample/seed_10_downsample_t40/ratio_full/brainomni/summary.json
HFO_cross_subject_linear_downsample,HFO,cross_subject,seed_10_downsample_t40,10,cbramod,0.5270585189021233,0.5,balanced_chance,Biometrics & Disease,个体与疾病,癫痫/发作,HFO,/benchmark-eeg/5.0_version/result_5/linear_downsample/HFO_cross_subject_linear_downsample/seed_10_downsample_t40/ratio_full/cbramod/summary.json
HFO_cross_subject_linear_downsample,HFO,cross_subject,seed_10_downsample_t40,10,eegmamba,0.6037027446918695,0.5,balanced_chance,Biometrics & Disease,个体与疾病,癫痫/发作,HFO,/benchmark-eeg/5.0_version/result_5/linear_downsample/HFO_cross_subject_linear_downsample/seed_10_downsample_t40/ratio_full/eegmamba/summary.json
HFO_cross_subject_linear_downsample,HFO,cross_subject,seed_10_downsample_t40,10,femba,0.5497151734852408,0.5,balanced_chance,Biometrics & Disease,个体与疾病,癫痫/发作,HFO,/benchmark-eeg/5.0_version/result_5/linear_downsample/HFO_cross_subject_linear_downsample/seed_10_downsample_t40/ratio_full/femba/summary.json
HFO_cross_subject_linear_downsample,HFO,cross_subject,seed_10_downsample_t40,10,labram,0.5211030554117038,0.5,balanced_chance,Biometrics & Disease,个体与疾病,癫痫/发作,HFO,/benchmark-eeg/5.0_version/result_5/linear_downsample/HFO_cross_subject_linear_downsample/seed_10_downsample_t40/ratio_full/labram/summary.json
HFO_cross_subject_linear_downsample,HFO,cross_subject,seed_10_downsample_t40,10,neurogpt,0.5353443811496634,0.5,balanced_chance,Biometrics & Disease,个体与疾病,癫痫/发作,HFO,/benchmark-eeg/5.0_version/result_5/linear_downsample/HFO_cross_subject_linear_downsample/seed_10_downsample_t40/ratio_full/neurogpt/summary.json
HFO_cross_subject_linear_downsample,HFO,cross_subject,seed_10_downsample_t40,10,neurolm,0.5239513205592957,0.5,balanced_chance,Biometrics & Disease,个体与疾病,癫痫/发作,HFO,/benchmark-eeg/5.0_version/result_5/linear_downsample/HFO_cross_subject_linear_downsample/seed_10_downsample_t40/ratio_full/neurolm/summary.json
HFO_cross_subject_linear_downsample,HFO,cross_subject,seed_10_downsample_t40,10,reve,0.5075090626618333,0.5,balanced_chance,Biometrics & Disease,个体与疾病,癫痫/发作,HFO,/benchmark-eeg/5.0_version/result_5/linear_downsample/HFO_cross_subject_linear_downsample/seed_10_downsample_t40/ratio_full/reve/summary.json
HFO_cross_subject_linear_downsample,HFO,cross_subject,seed_42_downsample_t40,42,bendr,0.5101744186046511,0.5,balanced_chance,Biometrics & Disease,个体与疾病,癫痫/发作,HFO,/benchmark-eeg/5.0_version/result_5/linear_downsample/HFO_cross_subject_linear_downsample/seed_42_downsample_t40/ratio_full/bendr/summary.json
HFO_cross_subject_linear_downsample,HFO,cross_subject,seed_42_downsample_t40,42,biot,0.5799418604651163,0.5,balanced_chance,Biometrics & Disease,个体与疾病,癫痫/发作,HFO,/benchmark-eeg/5.0_version/result_5/linear_downsample/HFO_cross_subject_linear_downsample/seed_42_downsample_t40/ratio_full/biot/summary.json
HFO_cross_subject_linear_downsample,HFO,cross_subject,seed_42_downsample_t40,42,brainomni,0.5515988372093024,0.5,balanced_chance,Biometrics & Disease,个体与疾病,癫痫/发作,HFO,/benchmark-eeg/5.0_version/result_5/linear_downsample/HFO_cross_subject_linear_downsample/seed_42_downsample_t40/ratio_full/brainomni/summary.json
HFO_cross_subject_linear_downsample,HFO,cross_subject,seed_42_downsample_t40,42,cbramod,0.5846656976744187,0.5,balanced_chance,Biometrics & Disease,个体与疾病,癫痫/发作,HFO,/benchmark-eeg/5.0_version/result_5/linear_downsample/HFO_cross_subject_linear_downsample/seed_42_downsample_t40/ratio_full/cbramod/summary.json
HFO_cross_subject_linear_downsample,HFO,cross_subject,seed_42_downsample_t40,42,eegmamba,0.5530523255813953,0.5,balanced_chance,Biometrics & Disease,个体与疾病,癫痫/发作,HFO,/benchmark-eeg/5.0_version/result_5/linear_downsample/HFO_cross_subject_linear_downsample/seed_42_downsample_t40/ratio_full/eegmamba/summary.json
HFO_cross_subject_linear_downsample,HFO,cross_subject,seed_42_downsample_t40,42,femba,0.501453488372093,0.5,balanced_chance,Biometrics & Disease,个体与疾病,癫痫/发作,HFO,/benchmark-eeg/5.0_version/result_5/linear_downsample/HFO_cross_subject_linear_downsample/seed_42_downsample_t40/ratio_full/femba/summary.json
HFO_cross_subject_linear_downsample,HFO,cross_subject,seed_42_downsample_t40,42,labram,0.5319767441860466,0.5,balanced_chance,Biometrics & Disease,个体与疾病,癫痫/发作,HFO,/benchmark-eeg/5.0_version/result_5/linear_downsample/HFO_cross_subject_linear_downsample/seed_42_downsample_t40/ratio_full/labram/summary.json
HFO_cross_subject_linear_downsample,HFO,cross_subject,seed_42_downsample_t40,42,neurogpt,0.5417877906976745,0.5,balanced_chance,Biometrics & Disease,个体与疾病,癫痫/发作,HFO,/benchmark-eeg/5.0_version/result_5/linear_downsample/HFO_cross_subject_linear_downsample/seed_42_downsample_t40/ratio_full/neurogpt/summary.json
HFO_cross_subject_linear_downsample,HFO,cross_subject,seed_42_downsample_t40,42,neurolm,0.5436046511627908,0.5,balanced_chance,Biometrics & Disease,个体与疾病,癫痫/发作,HFO,/benchmark-eeg/5.0_version/result_5/linear_downsample/HFO_cross_subject_linear_downsample/seed_42_downsample_t40/ratio_full/neurolm/summary.json
HFO_cross_subject_linear_downsample,HFO,cross_subject,seed_42_downsample_t40,42,reve,0.512718023255814,0.5,balanced_chance,Biometrics & Disease,个体与疾病,癫痫/发作,HFO,/benchmark-eeg/5.0_version/result_5/linear_downsample/HFO_cross_subject_linear_downsample/seed_42_downsample_t40/ratio_full/reve/summary.json
HFO_cross_subject_linear_downsample,HFO,cross_subject,seed_5_downsample_t40,5,bendr,0.4932003626473255,0.5,balanced_chance,Biometrics & Disease,个体与疾病,癫痫/发作,HFO,/benchmark-eeg/5.0_version/result_5/linear_downsample/HFO_cross_subject_linear_downsample/seed_5_downsample_t40/ratio_full/bendr/summary.json
HFO_cross_subject_linear_downsample,HFO,cross_subject,seed_5_downsample_t40,5,biot,0.6151405258386219,0.5,balanced_chance,Biometrics & Disease,个体与疾病,癫痫/发作,HFO,/benchmark-eeg/5.0_version/result_5/linear_downsample/HFO_cross_subject_linear_downsample/seed_5_downsample_t40/ratio_full/biot/summary.json
HFO_cross_subject_linear_downsample,HFO,cross_subject,seed_5_downsample_t40,5,brainomni,0.5611967361740707,0.5,balanced_chance,Biometrics & Disease,个体与疾病,癫痫/发作,HFO,/benchmark-eeg/5.0_version/result_5/linear_downsample/HFO_cross_subject_linear_downsample/seed_5_downsample_t40/ratio_full/brainomni/summary.json
HFO_cross_subject_linear_downsample,HFO,cross_subject,seed_5_downsample_t40,5,cbramod,0.6183136899365367,0.5,balanced_chance,Biometrics & Disease,个体与疾病,癫痫/发作,HFO,/benchmark-eeg/5.0_version/result_5/linear_downsample/HFO_cross_subject_linear_downsample/seed_5_downsample_t40/ratio_full/cbramod/summary.json
HFO_cross_subject_linear_downsample,HFO,cross_subject,seed_5_downsample_t40,5,eegmamba,0.5747960108794198,0.5,balanced_chance,Biometrics & Disease,个体与疾病,癫痫/发作,HFO,/benchmark-eeg/5.0_version/result_5/linear_downsample/HFO_cross_subject_linear_downsample/seed_5_downsample_t40/ratio_full/eegmamba/summary.json
HFO_cross_subject_linear_downsample,HFO,cross_subject,seed_5_downsample_t40,5,femba,0.5190389845874886,0.5,balanced_chance,Biometrics & Disease,个体与疾病,癫痫/发作,HFO,/benchmark-eeg/5.0_version/result_5/linear_downsample/HFO_cross_subject_linear_downsample/seed_5_downsample_t40/ratio_full/femba/summary.json
HFO_cross_subject_linear_downsample,HFO,cross_subject,seed_5_downsample_t40,5,labram,0.5521305530371714,0.5,balanced_chance,Biometrics & Disease,个体与疾病,癫痫/发作,HFO,/benchmark-eeg/5.0_version/result_5/linear_downsample/HFO_cross_subject_linear_downsample/seed_5_downsample_t40/ratio_full/labram/summary.json
HFO_cross_subject_linear_downsample,HFO,cross_subject,seed_5_downsample_t40,5,neurogpt,0.5503173164097914,0.5,balanced_chance,Biometrics & Disease,个体与疾病,癫痫/发作,HFO,/benchmark-eeg/5.0_version/result_5/linear_downsample/HFO_cross_subject_linear_downsample/seed_5_downsample_t40/ratio_full/neurogpt/summary.json
HFO_cross_subject_linear_downsample,HFO,cross_subject,seed_5_downsample_t40,5,neurolm,0.5616500453309157,0.5,balanced_chance,Biometrics & Disease,个体与疾病,癫痫/发作,HFO,/benchmark-eeg/5.0_version/result_5/linear_downsample/HFO_cross_subject_linear_downsample/seed_5_downsample_t40/ratio_full/neurolm/summary.json
HFO_cross_subject_linear_downsample,HFO,cross_subject,seed_5_downsample_t40,5,reve,0.5036264732547597,0.5,balanced_chance,Biometrics & Disease,个体与疾病,癫痫/发作,HFO,/benchmark-eeg/5.0_version/result_5/linear_downsample/HFO_cross_subject_linear_downsample/seed_5_downsample_t40/ratio_full/reve/summary.json
HFO_within_subject_linear_downsample,HFO,within_subject,seed_10_downsample_t40,10,bendr,0.5068775790921596,0.5,balanced_chance,Biometrics & Disease,个体与疾病,癫痫/发作,HFO,/benchmark-eeg/5.0_version/result_5/linear_downsample/HFO_within_subject_linear_downsample/seed_10_downsample_t40/ratio_full/bendr/summary.json
HFO_within_subject_linear_downsample,HFO,within_subject,seed_10_downsample_t40,10,biot,0.6389270976616231,0.5,balanced_chance,Biometrics & Disease,个体与疾病,癫痫/发作,HFO,/benchmark-eeg/5.0_version/result_5/linear_downsample/HFO_within_subject_linear_downsample/seed_10_downsample_t40/ratio_full/biot/summary.json
HFO_within_subject_linear_downsample,HFO,within_subject,seed_10_downsample_t40,10,brainomni,0.6088376891334251,0.5,balanced_chance,Biometrics & Disease,个体与疾病,癫痫/发作,HFO,/benchmark-eeg/5.0_version/result_5/linear_downsample/HFO_within_subject_linear_downsample/seed_10_downsample_t40/ratio_full/brainomni/summary.json
HFO_within_subject_linear_downsample,HFO,within_subject,seed_10_downsample_t40,10,cbramod,0.6234525447042641,0.5,balanced_chance,Biometrics & Disease,个体与疾病,癫痫/发作,HFO,/benchmark-eeg/5.0_version/result_5/linear_downsample/HFO_within_subject_linear_downsample/seed_10_downsample_t40/ratio_full/cbramod/summary.json
HFO_within_subject_linear_downsample,HFO,within_subject,seed_10_downsample_t40,10,eegmamba,0.6224209078404401,0.5,balanced_chance,Biometrics & Disease,个体与疾病,癫痫/发作,HFO,/benchmark-eeg/5.0_version/result_5/linear_downsample/HFO_within_subject_linear_downsample/seed_10_downsample_t40/ratio_full/eegmamba/summary.json
HFO_within_subject_linear_downsample,HFO,within_subject,seed_10_downsample_t40,10,femba,0.5515818431911967,0.5,balanced_chance,Biometrics & Disease,个体与疾病,癫痫/发作,HFO,/benchmark-eeg/5.0_version/result_5/linear_downsample/HFO_within_subject_linear_downsample/seed_10_downsample_t40/ratio_full/femba/summary.json
HFO_within_subject_linear_downsample,HFO,within_subject,seed_10_downsample_t40,10,labram,0.5713548830811555,0.5,balanced_chance,Biometrics & Disease,个体与疾病,癫痫/发作,HFO,/benchmark-eeg/5.0_version/result_5/linear_downsample/HFO_within_subject_linear_downsample/seed_10_downsample_t40/ratio_full/labram/summary.json
HFO_within_subject_linear_downsample,HFO,within_subject,seed_10_downsample_t40,10,neurogpt,0.5873452544704264,0.5,balanced_chance,Biometrics & Disease,个体与疾病,癫痫/发作,HFO,/benchmark-eeg/5.0_version/result_5/linear_downsample/HFO_within_subject_linear_downsample/seed_10_downsample_t40/ratio_full/neurogpt/summary.json
HFO_within_subject_linear_downsample,HFO,within_subject,seed_10_downsample_t40,10,neurolm,0.6299862448418156,0.5,balanced_chance,Biometrics & Disease,个体与疾病,癫痫/发作,HFO,/benchmark-eeg/5.0_version/result_5/linear_downsample/HFO_within_subject_linear_downsample/seed_10_downsample_t40/ratio_full/neurolm/summary.json
HFO_within_subject_linear_downsample,HFO,within_subject,seed_10_downsample_t40,10,reve,0.5354195323246218,0.5,balanced_chance,Biometrics & Disease,个体与疾病,癫痫/发作,HFO,/benchmark-eeg/5.0_version/result_5/linear_downsample/HFO_within_subject_linear_downsample/seed_10_downsample_t40/ratio_full/reve/summary.json
HFO_within_subject_linear_downsample,HFO,within_subject,seed_42_downsample_t40,42,bendr,0.505251312828207,0.5,balanced_chance,Biometrics & Disease,个体与疾病,癫痫/发作,HFO,/benchmark-eeg/5.0_version/result_5/linear_downsample/HFO_within_subject_linear_downsample/seed_42_downsample_t40/ratio_full/bendr/summary.json
HFO_within_subject_linear_downsample,HFO,within_subject,seed_42_downsample_t40,42,biot,0.6361590397599399,0.5,balanced_chance,Biometrics & Disease,个体与疾病,癫痫/发作,HFO,/benchmark-eeg/5.0_version/result_5/linear_downsample/HFO_within_subject_linear_downsample/seed_42_downsample_t40/ratio_full/biot/summary.json
HFO_within_subject_linear_downsample,HFO,within_subject,seed_42_downsample_t40,42,brainomni,0.5875843960990248,0.5,balanced_chance,Biometrics & Disease,个体与疾病,癫痫/发作,HFO,/benchmark-eeg/5.0_version/result_5/linear_downsample/HFO_within_subject_linear_downsample/seed_42_downsample_t40/ratio_full/brainomni/summary.json
HFO_within_subject_linear_downsample,HFO,within_subject,seed_42_downsample_t40,42,cbramod,0.6134658664666166,0.5,balanced_chance,Biometrics & Disease,个体与疾病,癫痫/发作,HFO,/benchmark-eeg/5.0_version/result_5/linear_downsample/HFO_within_subject_linear_downsample/seed_42_downsample_t40/ratio_full/cbramod/summary.json
HFO_within_subject_linear_downsample,HFO,within_subject,seed_42_downsample_t40,42,eegmamba,0.5723930982745686,0.5,balanced_chance,Biometrics & Disease,个体与疾病,癫痫/发作,HFO,/benchmark-eeg/5.0_version/result_5/linear_downsample/HFO_within_subject_linear_downsample/seed_42_downsample_t40/ratio_full/eegmamba/summary.json
HFO_within_subject_linear_downsample,HFO,within_subject,seed_42_downsample_t40,42,femba,0.5465116279069768,0.5,balanced_chance,Biometrics & Disease,个体与疾病,癫痫/发作,HFO,/benchmark-eeg/5.0_version/result_5/linear_downsample/HFO_within_subject_linear_downsample/seed_42_downsample_t40/ratio_full/femba/summary.json
HFO_within_subject_linear_downsample,HFO,within_subject,seed_42_downsample_t40,42,labram,0.5740810202550638,0.5,balanced_chance,Biometrics & Disease,个体与疾病,癫痫/发作,HFO,/benchmark-eeg/5.0_version/result_5/linear_downsample/HFO_within_subject_linear_downsample/seed_42_downsample_t40/ratio_full/labram/summary.json
HFO_within_subject_linear_downsample,HFO,within_subject,seed_42_downsample_t40,42,neurogpt,0.5819579894973743,0.5,balanced_chance,Biometrics & Disease,个体与疾病,癫痫/发作,HFO,/benchmark-eeg/5.0_version/result_5/linear_downsample/HFO_within_subject_linear_downsample/seed_42_downsample_t40/ratio_full/neurogpt/summary.json
HFO_within_subject_linear_downsample,HFO,within_subject,seed_42_downsample_t40,42,neurolm,0.6310952738184545,0.5,balanced_chance,Biometrics & Disease,个体与疾病,癫痫/发作,HFO,/benchmark-eeg/5.0_version/result_5/linear_downsample/HFO_within_subject_linear_downsample/seed_42_downsample_t40/ratio_full/neurolm/summary.json
HFO_within_subject_linear_downsample,HFO,within_subject,seed_42_downsample_t40,42,reve,0.5228807201800449,0.5,balanced_chance,Biometrics & Disease,个体与疾病,癫痫/发作,HFO,/benchmark-eeg/5.0_version/result_5/linear_downsample/HFO_within_subject_linear_downsample/seed_42_downsample_t40/ratio_full/reve/summary.json
HFO_within_subject_linear_downsample,HFO,within_subject,seed_5_downsample_t40,5,bendr,0.48567193675889325,0.5,balanced_chance,Biometrics & Disease,个体与疾病,癫痫/发作,HFO,/benchmark-eeg/5.0_version/result_5/linear_downsample/HFO_within_subject_linear_downsample/seed_5_downsample_t40/ratio_full/bendr/summary.json
HFO_within_subject_linear_downsample,HFO,within_subject,seed_5_downsample_t40,5,biot,0.6403162055335969,0.5,balanced_chance,Biometrics & Disease,个体与疾病,癫痫/发作,HFO,/benchmark-eeg/5.0_version/result_5/linear_downsample/HFO_within_subject_linear_downsample/seed_5_downsample_t40/ratio_full/biot/summary.json
HFO_within_subject_linear_downsample,HFO,within_subject,seed_5_downsample_t40,5,brainomni,0.5854743083003953,0.5,balanced_chance,Biometrics & Disease,个体与疾病,癫痫/发作,HFO,/benchmark-eeg/5.0_version/result_5/linear_downsample/HFO_within_subject_linear_downsample/seed_5_downsample_t40/ratio_full/brainomni/summary.json
HFO_within_subject_linear_downsample,HFO,within_subject,seed_5_downsample_t40,5,cbramod,0.6245059288537549,0.5,balanced_chance,Biometrics & Disease,个体与疾病,癫痫/发作,HFO,/benchmark-eeg/5.0_version/result_5/linear_downsample/HFO_within_subject_linear_downsample/seed_5_downsample_t40/ratio_full/cbramod/summary.json
HFO_within_subject_linear_downsample,HFO,within_subject,seed_5_downsample_t40,5,eegmamba,0.6001317523056654,0.5,balanced_chance,Biometrics & Disease,个体与疾病,癫痫/发作,HFO,/benchmark-eeg/5.0_version/result_5/linear_downsample/HFO_within_subject_linear_downsample/seed_5_downsample_t40/ratio_full/eegmamba/summary.json
HFO_within_subject_linear_downsample,HFO,within_subject,seed_5_downsample_t40,5,femba,0.5604413702239789,0.5,balanced_chance,Biometrics & Disease,个体与疾病,癫痫/发作,HFO,/benchmark-eeg/5.0_version/result_5/linear_downsample/HFO_within_subject_linear_downsample/seed_5_downsample_t40/ratio_full/femba/summary.json
HFO_within_subject_linear_downsample,HFO,within_subject,seed_5_downsample_t40,5,labram,0.6124835309617919,0.5,balanced_chance,Biometrics & Disease,个体与疾病,癫痫/发作,HFO,/benchmark-eeg/5.0_version/result_5/linear_downsample/HFO_within_subject_linear_downsample/seed_5_downsample_t40/ratio_full/labram/summary.json
HFO_within_subject_linear_downsample,HFO,within_subject,seed_5_downsample_t40,5,neurogpt,0.5970026350461133,0.5,balanced_chance,Biometrics & Disease,个体与疾病,癫痫/发作,HFO,/benchmark-eeg/5.0_version/result_5/linear_downsample/HFO_within_subject_linear_downsample/seed_5_downsample_t40/ratio_full/neurogpt/summary.json
HFO_within_subject_linear_downsample,HFO,within_subject,seed_5_downsample_t40,5,neurolm,0.6345520421607378,0.5,balanced_chance,Biometrics & Disease,个体与疾病,癫痫/发作,HFO,/benchmark-eeg/5.0_version/result_5/linear_downsample/HFO_within_subject_linear_downsample/seed_5_downsample_t40/ratio_full/neurolm/summary.json
HFO_within_subject_linear_downsample,HFO,within_subject,seed_5_downsample_t40,5,reve,0.519927536231884,0.5,balanced_chance,Biometrics & Disease,个体与疾病,癫痫/发作,HFO,/benchmark-eeg/5.0_version/result_5/linear_downsample/HFO_within_subject_linear_downsample/seed_5_downsample_t40/ratio_full/reve/summary.json
HMC_cross_subject_linear_downsample,HMC,cross_subject,seed_10_downsample_t40,10,bendr,0.19977818313863546,0.2,balanced_chance,Unknown,Unknown,Unknown,,/benchmark-eeg/5.0_version/result_5/linear_downsample/HMC_cross_subject_linear_downsample/seed_10_downsample_t40/ratio_full/bendr/summary.json
HMC_cross_subject_linear_downsample,HMC,cross_subject,seed_10_downsample_t40,10,biot,0.5992176384625959,0.2,balanced_chance,Unknown,Unknown,Unknown,,/benchmark-eeg/5.0_version/result_5/linear_downsample/HMC_cross_subject_linear_downsample/seed_10_downsample_t40/ratio_full/biot/summary.json
HMC_cross_subject_linear_downsample,HMC,cross_subject,seed_10_downsample_t40,10,brainomni,0.6278887972831393,0.2,balanced_chance,Unknown,Unknown,Unknown,,/benchmark-eeg/5.0_version/result_5/linear_downsample/HMC_cross_subject_linear_downsample/seed_10_downsample_t40/ratio_full/brainomni/summary.json
HMC_cross_subject_linear_downsample,HMC,cross_subject,seed_10_downsample_t40,10,cbramod,0.4833043993998801,0.2,balanced_chance,Unknown,Unknown,Unknown,,/benchmark-eeg/5.0_version/result_5/linear_downsample/HMC_cross_subject_linear_downsample/seed_10_downsample_t40/ratio_full/cbramod/summary.json
HMC_cross_subject_linear_downsample,HMC,cross_subject,seed_10_downsample_t40,10,eegmamba,0.5332663421366118,0.2,balanced_chance,Unknown,Unknown,Unknown,,/benchmark-eeg/5.0_version/result_5/linear_downsample/HMC_cross_subject_linear_downsample/seed_10_downsample_t40/ratio_full/eegmamba/summary.json
HMC_cross_subject_linear_downsample,HMC,cross_subject,seed_10_downsample_t40,10,femba,0.6165294927154534,0.2,balanced_chance,Unknown,Unknown,Unknown,,/benchmark-eeg/5.0_version/result_5/linear_downsample/HMC_cross_subject_linear_downsample/seed_10_downsample_t40/ratio_full/femba/summary.json
HMC_cross_subject_linear_downsample,HMC,cross_subject,seed_10_downsample_t40,10,labram,0.6169171046128661,0.2,balanced_chance,Unknown,Unknown,Unknown,,/benchmark-eeg/5.0_version/result_5/linear_downsample/HMC_cross_subject_linear_downsample/seed_10_downsample_t40/ratio_full/labram/summary.json
HMC_cross_subject_linear_downsample,HMC,cross_subject,seed_10_downsample_t40,10,neurogpt,0.5506843055289438,0.2,balanced_chance,Unknown,Unknown,Unknown,,/benchmark-eeg/5.0_version/result_5/linear_downsample/HMC_cross_subject_linear_downsample/seed_10_downsample_t40/ratio_full/neurogpt/summary.json
HMC_cross_subject_linear_downsample,HMC,cross_subject,seed_10_downsample_t40,10,neurolm,0.6599332224083287,0.2,balanced_chance,Unknown,Unknown,Unknown,,/benchmark-eeg/5.0_version/result_5/linear_downsample/HMC_cross_subject_linear_downsample/seed_10_downsample_t40/ratio_full/neurolm/summary.json
HMC_cross_subject_linear_downsample,HMC,cross_subject,seed_10_downsample_t40,10,reve,0.5931195095386526,0.2,balanced_chance,Unknown,Unknown,Unknown,,/benchmark-eeg/5.0_version/result_5/linear_downsample/HMC_cross_subject_linear_downsample/seed_10_downsample_t40/ratio_full/reve/summary.json
HMC_cross_subject_linear_downsample,HMC,cross_subject,seed_42_downsample_t40,42,bendr,0.20178793365438144,0.2,balanced_chance,Unknown,Unknown,Unknown,,/benchmark-eeg/5.0_version/result_5/linear_downsample/HMC_cross_subject_linear_downsample/seed_42_downsample_t40/ratio_full/bendr/summary.json
HMC_cross_subject_linear_downsample,HMC,cross_subject,seed_42_downsample_t40,42,biot,0.5421455948971701,0.2,balanced_chance,Unknown,Unknown,Unknown,,/benchmark-eeg/5.0_version/result_5/linear_downsample/HMC_cross_subject_linear_downsample/seed_42_downsample_t40/ratio_full/biot/summary.json
HMC_cross_subject_linear_downsample,HMC,cross_subject,seed_42_downsample_t40,42,brainomni,0.6661162663593128,0.2,balanced_chance,Unknown,Unknown,Unknown,,/benchmark-eeg/5.0_version/result_5/linear_downsample/HMC_cross_subject_linear_downsample/seed_42_downsample_t40/ratio_full/brainomni/summary.json
HMC_cross_subject_linear_downsample,HMC,cross_subject,seed_42_downsample_t40,42,cbramod,0.4937292099121616,0.2,balanced_chance,Unknown,Unknown,Unknown,,/benchmark-eeg/5.0_version/result_5/linear_downsample/HMC_cross_subject_linear_downsample/seed_42_downsample_t40/ratio_full/cbramod/summary.json
HMC_cross_subject_linear_downsample,HMC,cross_subject,seed_42_downsample_t40,42,eegmamba,0.5595626364197879,0.2,balanced_chance,Unknown,Unknown,Unknown,,/benchmark-eeg/5.0_version/result_5/linear_downsample/HMC_cross_subject_linear_downsample/seed_42_downsample_t40/ratio_full/eegmamba/summary.json
HMC_cross_subject_linear_downsample,HMC,cross_subject,seed_42_downsample_t40,42,femba,0.5996070646466837,0.2,balanced_chance,Unknown,Unknown,Unknown,,/benchmark-eeg/5.0_version/result_5/linear_downsample/HMC_cross_subject_linear_downsample/seed_42_downsample_t40/ratio_full/femba/summary.json
HMC_cross_subject_linear_downsample,HMC,cross_subject,seed_42_downsample_t40,42,labram,0.6369647914484312,0.2,balanced_chance,Unknown,Unknown,Unknown,,/benchmark-eeg/5.0_version/result_5/linear_downsample/HMC_cross_subject_linear_downsample/seed_42_downsample_t40/ratio_full/labram/summary.json
HMC_cross_subject_linear_downsample,HMC,cross_subject,seed_42_downsample_t40,42,neurogpt,0.5854939274863791,0.2,balanced_chance,Unknown,Unknown,Unknown,,/benchmark-eeg/5.0_version/result_5/linear_downsample/HMC_cross_subject_linear_downsample/seed_42_downsample_t40/ratio_full/neurogpt/summary.json
HMC_cross_subject_linear_downsample,HMC,cross_subject,seed_42_downsample_t40,42,neurolm,0.6536596459656259,0.2,balanced_chance,Unknown,Unknown,Unknown,,/benchmark-eeg/5.0_version/result_5/linear_downsample/HMC_cross_subject_linear_downsample/seed_42_downsample_t40/ratio_full/neurolm/summary.json
HMC_cross_subject_linear_downsample,HMC,cross_subject,seed_42_downsample_t40,42,reve,0.6796599956602879,0.2,balanced_chance,Unknown,Unknown,Unknown,,/benchmark-eeg/5.0_version/result_5/linear_downsample/HMC_cross_subject_linear_downsample/seed_42_downsample_t40/ratio_full/reve/summary.json
HMC_cross_subject_linear_downsample,HMC,cross_subject,seed_5_downsample_t40,5,bendr,0.2060869532379042,0.2,balanced_chance,Unknown,Unknown,Unknown,,/benchmark-eeg/5.0_version/result_5/linear_downsample/HMC_cross_subject_linear_downsample/seed_5_downsample_t40/ratio_full/bendr/summary.json
HMC_cross_subject_linear_downsample,HMC,cross_subject,seed_5_downsample_t40,5,biot,0.5721488518852913,0.2,balanced_chance,Unknown,Unknown,Unknown,,/benchmark-eeg/5.0_version/result_5/linear_downsample/HMC_cross_subject_linear_downsample/seed_5_downsample_t40/ratio_full/biot/summary.json
HMC_cross_subject_linear_downsample,HMC,cross_subject,seed_5_downsample_t40,5,brainomni,0.6862605171571186,0.2,balanced_chance,Unknown,Unknown,Unknown,,/benchmark-eeg/5.0_version/result_5/linear_downsample/HMC_cross_subject_linear_downsample/seed_5_downsample_t40/ratio_full/brainomni/summary.json
HMC_cross_subject_linear_downsample,HMC,cross_subject,seed_5_downsample_t40,5,cbramod,0.4827889863049834,0.2,balanced_chance,Unknown,Unknown,Unknown,,/benchmark-eeg/5.0_version/result_5/linear_downsample/HMC_cross_subject_linear_downsample/seed_5_downsample_t40/ratio_full/cbramod/summary.json
HMC_cross_subject_linear_downsample,HMC,cross_subject,seed_5_downsample_t40,5,eegmamba,0.5693065152787854,0.2,balanced_chance,Unknown,Unknown,Unknown,,/benchmark-eeg/5.0_version/result_5/linear_downsample/HMC_cross_subject_linear_downsample/seed_5_downsample_t40/ratio_full/eegmamba/summary.json
HMC_cross_subject_linear_downsample,HMC,cross_subject,seed_5_downsample_t40,5,femba,0.6451546955826666,0.2,balanced_chance,Unknown,Unknown,Unknown,,/benchmark-eeg/5.0_version/result_5/linear_downsample/HMC_cross_subject_linear_downsample/seed_5_downsample_t40/ratio_full/femba/summary.json
HMC_cross_subject_linear_downsample,HMC,cross_subject,seed_5_downsample_t40,5,labram,0.6410682927019199,0.2,balanced_chance,Unknown,Unknown,Unknown,,/benchmark-eeg/5.0_version/result_5/linear_downsample/HMC_cross_subject_linear_downsample/seed_5_downsample_t40/ratio_full/labram/summary.json
HMC_cross_subject_linear_downsample,HMC,cross_subject,seed_5_downsample_t40,5,neurogpt,0.5908789955062875,0.2,balanced_chance,Unknown,Unknown,Unknown,,/benchmark-eeg/5.0_version/result_5/linear_downsample/HMC_cross_subject_linear_downsample/seed_5_downsample_t40/ratio_full/neurogpt/summary.json
HMC_cross_subject_linear_downsample,HMC,cross_subject,seed_5_downsample_t40,5,neurolm,0.6362629251483285,0.2,balanced_chance,Unknown,Unknown,Unknown,,/benchmark-eeg/5.0_version/result_5/linear_downsample/HMC_cross_subject_linear_downsample/seed_5_downsample_t40/ratio_full/neurolm/summary.json
HMC_cross_subject_linear_downsample,HMC,cross_subject,seed_5_downsample_t40,5,reve,0.6127638492418107,0.2,balanced_chance,Unknown,Unknown,Unknown,,/benchmark-eeg/5.0_version/result_5/linear_downsample/HMC_cross_subject_linear_downsample/seed_5_downsample_t40/ratio_full/reve/summary.json
HMC_within_subject_linear_downsample,HMC,within_subject,seed_10_downsample_t40,10,bendr,0.20655095295847695,0.2,balanced_chance,Unknown,Unknown,Unknown,,/benchmark-eeg/5.0_version/result_5/linear_downsample/HMC_within_subject_linear_downsample/seed_10_downsample_t40/ratio_full/bendr/summary.json
HMC_within_subject_linear_downsample,HMC,within_subject,seed_10_downsample_t40,10,biot,0.5784220024755851,0.2,balanced_chance,Unknown,Unknown,Unknown,,/benchmark-eeg/5.0_version/result_5/linear_downsample/HMC_within_subject_linear_downsample/seed_10_downsample_t40/ratio_full/biot/summary.json
HMC_within_subject_linear_downsample,HMC,within_subject,seed_10_downsample_t40,10,brainomni,0.6547224092430282,0.2,balanced_chance,Unknown,Unknown,Unknown,,/benchmark-eeg/5.0_version/result_5/linear_downsample/HMC_within_subject_linear_downsample/seed_10_downsample_t40/ratio_full/brainomni/summary.json
HMC_within_subject_linear_downsample,HMC,within_subject,seed_10_downsample_t40,10,cbramod,0.5054868791371927,0.2,balanced_chance,Unknown,Unknown,Unknown,,/benchmark-eeg/5.0_version/result_5/linear_downsample/HMC_within_subject_linear_downsample/seed_10_downsample_t40/ratio_full/cbramod/summary.json
HMC_within_subject_linear_downsample,HMC,within_subject,seed_10_downsample_t40,10,eegmamba,0.5675086356749259,0.2,balanced_chance,Unknown,Unknown,Unknown,,/benchmark-eeg/5.0_version/result_5/linear_downsample/HMC_within_subject_linear_downsample/seed_10_downsample_t40/ratio_full/eegmamba/summary.json
HMC_within_subject_linear_downsample,HMC,within_subject,seed_10_downsample_t40,10,femba,0.5980906003188592,0.2,balanced_chance,Unknown,Unknown,Unknown,,/benchmark-eeg/5.0_version/result_5/linear_downsample/HMC_within_subject_linear_downsample/seed_10_downsample_t40/ratio_full/femba/summary.json
HMC_within_subject_linear_downsample,HMC,within_subject,seed_10_downsample_t40,10,labram,0.6470368972609057,0.2,balanced_chance,Unknown,Unknown,Unknown,,/benchmark-eeg/5.0_version/result_5/linear_downsample/HMC_within_subject_linear_downsample/seed_10_downsample_t40/ratio_full/labram/summary.json
HMC_within_subject_linear_downsample,HMC,within_subject,seed_10_downsample_t40,10,neurogpt,0.5753785834167112,0.2,balanced_chance,Unknown,Unknown,Unknown,,/benchmark-eeg/5.0_version/result_5/linear_downsample/HMC_within_subject_linear_downsample/seed_10_downsample_t40/ratio_full/neurogpt/summary.json
HMC_within_subject_linear_downsample,HMC,within_subject,seed_10_downsample_t40,10,neurolm,0.6652768789335191,0.2,balanced_chance,Unknown,Unknown,Unknown,,/benchmark-eeg/5.0_version/result_5/linear_downsample/HMC_within_subject_linear_downsample/seed_10_downsample_t40/ratio_full/neurolm/summary.json
HMC_within_subject_linear_downsample,HMC,within_subject,seed_10_downsample_t40,10,reve,0.4872292019003429,0.2,balanced_chance,Unknown,Unknown,Unknown,,/benchmark-eeg/5.0_version/result_5/linear_downsample/HMC_within_subject_linear_downsample/seed_10_downsample_t40/ratio_full/reve/summary.json
HMC_within_subject_linear_downsample,HMC,within_subject,seed_42_downsample_t40,42,bendr,0.21781559509792286,0.2,balanced_chance,Unknown,Unknown,Unknown,,/benchmark-eeg/5.0_version/result_5/linear_downsample/HMC_within_subject_linear_downsample/seed_42_downsample_t40/ratio_full/bendr/summary.json
HMC_within_subject_linear_downsample,HMC,within_subject,seed_42_downsample_t40,42,biot,0.5785563833983952,0.2,balanced_chance,Unknown,Unknown,Unknown,,/benchmark-eeg/5.0_version/result_5/linear_downsample/HMC_within_subject_linear_downsample/seed_42_downsample_t40/ratio_full/biot/summary.json
HMC_within_subject_linear_downsample,HMC,within_subject,seed_42_downsample_t40,42,brainomni,0.6585457200521725,0.2,balanced_chance,Unknown,Unknown,Unknown,,/benchmark-eeg/5.0_version/result_5/linear_downsample/HMC_within_subject_linear_downsample/seed_42_downsample_t40/ratio_full/brainomni/summary.json
HMC_within_subject_linear_downsample,HMC,within_subject,seed_42_downsample_t40,42,cbramod,0.5107553008058945,0.2,balanced_chance,Unknown,Unknown,Unknown,,/benchmark-eeg/5.0_version/result_5/linear_downsample/HMC_within_subject_linear_downsample/seed_42_downsample_t40/ratio_full/cbramod/summary.json
HMC_within_subject_linear_downsample,HMC,within_subject,seed_42_downsample_t40,42,eegmamba,0.576364412816527,0.2,balanced_chance,Unknown,Unknown,Unknown,,/benchmark-eeg/5.0_version/result_5/linear_downsample/HMC_within_subject_linear_downsample/seed_42_downsample_t40/ratio_full/eegmamba/summary.json
HMC_within_subject_linear_downsample,HMC,within_subject,seed_42_downsample_t40,42,femba,0.6014365051687676,0.2,balanced_chance,Unknown,Unknown,Unknown,,/benchmark-eeg/5.0_version/result_5/linear_downsample/HMC_within_subject_linear_downsample/seed_42_downsample_t40/ratio_full/femba/summary.json
HMC_within_subject_linear_downsample,HMC,within_subject,seed_42_downsample_t40,42,labram,0.646848266900377,0.2,balanced_chance,Unknown,Unknown,Unknown,,/benchmark-eeg/5.0_version/result_5/linear_downsample/HMC_within_subject_linear_downsample/seed_42_downsample_t40/ratio_full/labram/summary.json
HMC_within_subject_linear_downsample,HMC,within_subject,seed_42_downsample_t40,42,neurogpt,0.5719200818361923,0.2,balanced_chance,Unknown,Unknown,Unknown,,/benchmark-eeg/5.0_version/result_5/linear_downsample/HMC_within_subject_linear_downsample/seed_42_downsample_t40/ratio_full/neurogpt/summary.json
HMC_within_subject_linear_downsample,HMC,within_subject,seed_42_downsample_t40,42,neurolm,0.6585039011126457,0.2,balanced_chance,Unknown,Unknown,Unknown,,/benchmark-eeg/5.0_version/result_5/linear_downsample/HMC_within_subject_linear_downsample/seed_42_downsample_t40/ratio_full/neurolm/summary.json
HMC_within_subject_linear_downsample,HMC,within_subject,seed_42_downsample_t40,42,reve,0.4977571289474385,0.2,balanced_chance,Unknown,Unknown,Unknown,,/benchmark-eeg/5.0_version/result_5/linear_downsample/HMC_within_subject_linear_downsample/seed_42_downsample_t40/ratio_full/reve/summary.json
HMC_within_subject_linear_downsample,HMC,within_subject,seed_5_downsample_t40,5,bendr,0.200211549176817,0.2,balanced_chance,Unknown,Unknown,Unknown,,/benchmark-eeg/5.0_version/result_5/linear_downsample/HMC_within_subject_linear_downsample/seed_5_downsample_t40/ratio_full/bendr/summary.json
HMC_within_subject_linear_downsample,HMC,within_subject,seed_5_downsample_t40,5,biot,0.5710884944969473,0.2,balanced_chance,Unknown,Unknown,Unknown,,/benchmark-eeg/5.0_version/result_5/linear_downsample/HMC_within_subject_linear_downsample/seed_5_downsample_t40/ratio_full/biot/summary.json
HMC_within_subject_linear_downsample,HMC,within_subject,seed_5_downsample_t40,5,brainomni,0.6555210613954874,0.2,balanced_chance,Unknown,Unknown,Unknown,,/benchmark-eeg/5.0_version/result_5/linear_downsample/HMC_within_subject_linear_downsample/seed_5_downsample_t40/ratio_full/brainomni/summary.json
HMC_within_subject_linear_downsample,HMC,within_subject,seed_5_downsample_t40,5,cbramod,0.5046042123526732,0.2,balanced_chance,Unknown,Unknown,Unknown,,/benchmark-eeg/5.0_version/result_5/linear_downsample/HMC_within_subject_linear_downsample/seed_5_downsample_t40/ratio_full/cbramod/summary.json
HMC_within_subject_linear_downsample,HMC,within_subject,seed_5_downsample_t40,5,eegmamba,0.5724308354675021,0.2,balanced_chance,Unknown,Unknown,Unknown,,/benchmark-eeg/5.0_version/result_5/linear_downsample/HMC_within_subject_linear_downsample/seed_5_downsample_t40/ratio_full/eegmamba/summary.json
HMC_within_subject_linear_downsample,HMC,within_subject,seed_5_downsample_t40,5,femba,0.605980552235069,0.2,balanced_chance,Unknown,Unknown,Unknown,,/benchmark-eeg/5.0_version/result_5/linear_downsample/HMC_within_subject_linear_downsample/seed_5_downsample_t40/ratio_full/femba/summary.json
HMC_within_subject_linear_downsample,HMC,within_subject,seed_5_downsample_t40,5,labram,0.6391030329924539,0.2,balanced_chance,Unknown,Unknown,Unknown,,/benchmark-eeg/5.0_version/result_5/linear_downsample/HMC_within_subject_linear_downsample/seed_5_downsample_t40/ratio_full/labram/summary.json
HMC_within_subject_linear_downsample,HMC,within_subject,seed_5_downsample_t40,5,neurogpt,0.5666609257135492,0.2,balanced_chance,Unknown,Unknown,Unknown,,/benchmark-eeg/5.0_version/result_5/linear_downsample/HMC_within_subject_linear_downsample/seed_5_downsample_t40/ratio_full/neurogpt/summary.json
HMC_within_subject_linear_downsample,HMC,within_subject,seed_5_downsample_t40,5,neurolm,0.6534671808751135,0.2,balanced_chance,Unknown,Unknown,Unknown,,/benchmark-eeg/5.0_version/result_5/linear_downsample/HMC_within_subject_linear_downsample/seed_5_downsample_t40/ratio_full/neurolm/summary.json
HMC_within_subject_linear_downsample,HMC,within_subject,seed_5_downsample_t40,5,reve,0.49437901099647324,0.2,balanced_chance,Unknown,Unknown,Unknown,,/benchmark-eeg/5.0_version/result_5/linear_downsample/HMC_within_subject_linear_downsample/seed_5_downsample_t40/ratio_full/reve/summary.json
ISRUC_S1_cross_subject_linear_downsample,ISRUC_S1,cross_subject,seed_10_downsample_t40,10,bendr,0.22840049375312624,0.2,balanced_chance,Unknown,Unknown,Unknown,,/benchmark-eeg/5.0_version/result_5/linear_downsample/ISRUC_S1_cross_subject_linear_downsample/seed_10_downsample_t40/ratio_full/bendr/summary.json
ISRUC_S1_cross_subject_linear_downsample,ISRUC_S1,cross_subject,seed_10_downsample_t40,10,biot,0.5633621926015078,0.2,balanced_chance,Unknown,Unknown,Unknown,,/benchmark-eeg/5.0_version/result_5/linear_downsample/ISRUC_S1_cross_subject_linear_downsample/seed_10_downsample_t40/ratio_full/biot/summary.json
ISRUC_S1_cross_subject_linear_downsample,ISRUC_S1,cross_subject,seed_10_downsample_t40,10,brainomni,0.5752128504131357,0.2,balanced_chance,Unknown,Unknown,Unknown,,/benchmark-eeg/5.0_version/result_5/linear_downsample/ISRUC_S1_cross_subject_linear_downsample/seed_10_downsample_t40/ratio_full/brainomni/summary.json
ISRUC_S1_cross_subject_linear_downsample,ISRUC_S1,cross_subject,seed_10_downsample_t40,10,cbramod,0.50761337563889,0.2,balanced_chance,Unknown,Unknown,Unknown,,/benchmark-eeg/5.0_version/result_5/linear_downsample/ISRUC_S1_cross_subject_linear_downsample/seed_10_downsample_t40/ratio_full/cbramod/summary.json
ISRUC_S1_cross_subject_linear_downsample,ISRUC_S1,cross_subject,seed_10_downsample_t40,10,eegmamba,0.5284056677191289,0.2,balanced_chance,Unknown,Unknown,Unknown,,/benchmark-eeg/5.0_version/result_5/linear_downsample/ISRUC_S1_cross_subject_linear_downsample/seed_10_downsample_t40/ratio_full/eegmamba/summary.json
ISRUC_S1_cross_subject_linear_downsample,ISRUC_S1,cross_subject,seed_10_downsample_t40,10,femba,0.6060494901124402,0.2,balanced_chance,Unknown,Unknown,Unknown,,/benchmark-eeg/5.0_version/result_5/linear_downsample/ISRUC_S1_cross_subject_linear_downsample/seed_10_downsample_t40/ratio_full/femba/summary.json
ISRUC_S1_cross_subject_linear_downsample,ISRUC_S1,cross_subject,seed_10_downsample_t40,10,labram,0.566426609865378,0.2,balanced_chance,Unknown,Unknown,Unknown,,/benchmark-eeg/5.0_version/result_5/linear_downsample/ISRUC_S1_cross_subject_linear_downsample/seed_10_downsample_t40/ratio_full/labram/summary.json
ISRUC_S1_cross_subject_linear_downsample,ISRUC_S1,cross_subject,seed_10_downsample_t40,10,neurogpt,0.5205912185954211,0.2,balanced_chance,Unknown,Unknown,Unknown,,/benchmark-eeg/5.0_version/result_5/linear_downsample/ISRUC_S1_cross_subject_linear_downsample/seed_10_downsample_t40/ratio_full/neurogpt/summary.json
ISRUC_S1_cross_subject_linear_downsample,ISRUC_S1,cross_subject,seed_10_downsample_t40,10,neurolm,0.6342130324201681,0.2,balanced_chance,Unknown,Unknown,Unknown,,/benchmark-eeg/5.0_version/result_5/linear_downsample/ISRUC_S1_cross_subject_linear_downsample/seed_10_downsample_t40/ratio_full/neurolm/summary.json
ISRUC_S1_cross_subject_linear_downsample,ISRUC_S1,cross_subject,seed_10_downsample_t40,10,reve,0.5943848825550115,0.2,balanced_chance,Unknown,Unknown,Unknown,,/benchmark-eeg/5.0_version/result_5/linear_downsample/ISRUC_S1_cross_subject_linear_downsample/seed_10_downsample_t40/ratio_full/reve/summary.json
ISRUC_S1_cross_subject_linear_downsample,ISRUC_S1,cross_subject,seed_42_downsample_t40,42,bendr,0.2315007663799457,0.2,balanced_chance,Unknown,Unknown,Unknown,,/benchmark-eeg/5.0_version/result_5/linear_downsample/ISRUC_S1_cross_subject_linear_downsample/seed_42_downsample_t40/ratio_full/bendr/summary.json
ISRUC_S1_cross_subject_linear_downsample,ISRUC_S1,cross_subject,seed_42_downsample_t40,42,biot,0.5713794937632961,0.2,balanced_chance,Unknown,Unknown,Unknown,,/benchmark-eeg/5.0_version/result_5/linear_downsample/ISRUC_S1_cross_subject_linear_downsample/seed_42_downsample_t40/ratio_full/biot/summary.json
ISRUC_S1_cross_subject_linear_downsample,ISRUC_S1,cross_subject,seed_42_downsample_t40,42,brainomni,0.5737445604388001,0.2,balanced_chance,Unknown,Unknown,Unknown,,/benchmark-eeg/5.0_version/result_5/linear_downsample/ISRUC_S1_cross_subject_linear_downsample/seed_42_downsample_t40/ratio_full/brainomni/summary.json
ISRUC_S1_cross_subject_linear_downsample,ISRUC_S1,cross_subject,seed_42_downsample_t40,42,cbramod,0.4031251762897849,0.2,balanced_chance,Unknown,Unknown,Unknown,,/benchmark-eeg/5.0_version/result_5/linear_downsample/ISRUC_S1_cross_subject_linear_downsample/seed_42_downsample_t40/ratio_full/cbramod/summary.json
ISRUC_S1_cross_subject_linear_downsample,ISRUC_S1,cross_subject,seed_42_downsample_t40,42,eegmamba,0.42892729023159515,0.2,balanced_chance,Unknown,Unknown,Unknown,,/benchmark-eeg/5.0_version/result_5/linear_downsample/ISRUC_S1_cross_subject_linear_downsample/seed_42_downsample_t40/ratio_full/eegmamba/summary.json
ISRUC_S1_cross_subject_linear_downsample,ISRUC_S1,cross_subject,seed_42_downsample_t40,42,femba,0.5401353430664517,0.2,balanced_chance,Unknown,Unknown,Unknown,,/benchmark-eeg/5.0_version/result_5/linear_downsample/ISRUC_S1_cross_subject_linear_downsample/seed_42_downsample_t40/ratio_full/femba/summary.json
ISRUC_S1_cross_subject_linear_downsample,ISRUC_S1,cross_subject,seed_42_downsample_t40,42,labram,0.5218511916472903,0.2,balanced_chance,Unknown,Unknown,Unknown,,/benchmark-eeg/5.0_version/result_5/linear_downsample/ISRUC_S1_cross_subject_linear_downsample/seed_42_downsample_t40/ratio_full/labram/summary.json
ISRUC_S1_cross_subject_linear_downsample,ISRUC_S1,cross_subject,seed_42_downsample_t40,42,neurogpt,0.5403846987731911,0.2,balanced_chance,Unknown,Unknown,Unknown,,/benchmark-eeg/5.0_version/result_5/linear_downsample/ISRUC_S1_cross_subject_linear_downsample/seed_42_downsample_t40/ratio_full/neurogpt/summary.json
ISRUC_S1_cross_subject_linear_downsample,ISRUC_S1,cross_subject,seed_42_downsample_t40,42,neurolm,0.5703533994323193,0.2,balanced_chance,Unknown,Unknown,Unknown,,/benchmark-eeg/5.0_version/result_5/linear_downsample/ISRUC_S1_cross_subject_linear_downsample/seed_42_downsample_t40/ratio_full/neurolm/summary.json
ISRUC_S1_cross_subject_linear_downsample,ISRUC_S1,cross_subject,seed_42_downsample_t40,42,reve,0.5314785137537316,0.2,balanced_chance,Unknown,Unknown,Unknown,,/benchmark-eeg/5.0_version/result_5/linear_downsample/ISRUC_S1_cross_subject_linear_downsample/seed_42_downsample_t40/ratio_full/reve/summary.json
ISRUC_S1_cross_subject_linear_downsample,ISRUC_S1,cross_subject,seed_5_downsample_t40,5,bendr,0.232666322946003,0.2,balanced_chance,Unknown,Unknown,Unknown,,/benchmark-eeg/5.0_version/result_5/linear_downsample/ISRUC_S1_cross_subject_linear_downsample/seed_5_downsample_t40/ratio_full/bendr/summary.json
ISRUC_S1_cross_subject_linear_downsample,ISRUC_S1,cross_subject,seed_5_downsample_t40,5,biot,0.5268156984643364,0.2,balanced_chance,Unknown,Unknown,Unknown,,/benchmark-eeg/5.0_version/result_5/linear_downsample/ISRUC_S1_cross_subject_linear_downsample/seed_5_downsample_t40/ratio_full/biot/summary.json
ISRUC_S1_cross_subject_linear_downsample,ISRUC_S1,cross_subject,seed_5_downsample_t40,5,brainomni,0.6380125131343268,0.2,balanced_chance,Unknown,Unknown,Unknown,,/benchmark-eeg/5.0_version/result_5/linear_downsample/ISRUC_S1_cross_subject_linear_downsample/seed_5_downsample_t40/ratio_full/brainomni/summary.json
ISRUC_S1_cross_subject_linear_downsample,ISRUC_S1,cross_subject,seed_5_downsample_t40,5,cbramod,0.5336996247441753,0.2,balanced_chance,Unknown,Unknown,Unknown,,/benchmark-eeg/5.0_version/result_5/linear_downsample/ISRUC_S1_cross_subject_linear_downsample/seed_5_downsample_t40/ratio_full/cbramod/summary.json
ISRUC_S1_cross_subject_linear_downsample,ISRUC_S1,cross_subject,seed_5_downsample_t40,5,eegmamba,0.5361778212579266,0.2,balanced_chance,Unknown,Unknown,Unknown,,/benchmark-eeg/5.0_version/result_5/linear_downsample/ISRUC_S1_cross_subject_linear_downsample/seed_5_downsample_t40/ratio_full/eegmamba/summary.json
ISRUC_S1_cross_subject_linear_downsample,ISRUC_S1,cross_subject,seed_5_downsample_t40,5,femba,0.6191340819830203,0.2,balanced_chance,Unknown,Unknown,Unknown,,/benchmark-eeg/5.0_version/result_5/linear_downsample/ISRUC_S1_cross_subject_linear_downsample/seed_5_downsample_t40/ratio_full/femba/summary.json
ISRUC_S1_cross_subject_linear_downsample,ISRUC_S1,cross_subject,seed_5_downsample_t40,5,labram,0.5924053524098802,0.2,balanced_chance,Unknown,Unknown,Unknown,,/benchmark-eeg/5.0_version/result_5/linear_downsample/ISRUC_S1_cross_subject_linear_downsample/seed_5_downsample_t40/ratio_full/labram/summary.json
ISRUC_S1_cross_subject_linear_downsample,ISRUC_S1,cross_subject,seed_5_downsample_t40,5,neurogpt,0.581479866167502,0.2,balanced_chance,Unknown,Unknown,Unknown,,/benchmark-eeg/5.0_version/result_5/linear_downsample/ISRUC_S1_cross_subject_linear_downsample/seed_5_downsample_t40/ratio_full/neurogpt/summary.json
ISRUC_S1_cross_subject_linear_downsample,ISRUC_S1,cross_subject,seed_5_downsample_t40,5,neurolm,0.6393782519725578,0.2,balanced_chance,Unknown,Unknown,Unknown,,/benchmark-eeg/5.0_version/result_5/linear_downsample/ISRUC_S1_cross_subject_linear_downsample/seed_5_downsample_t40/ratio_full/neurolm/summary.json
ISRUC_S1_cross_subject_linear_downsample,ISRUC_S1,cross_subject,seed_5_downsample_t40,5,reve,0.5640184771528725,0.2,balanced_chance,Unknown,Unknown,Unknown,,/benchmark-eeg/5.0_version/result_5/linear_downsample/ISRUC_S1_cross_subject_linear_downsample/seed_5_downsample_t40/ratio_full/reve/summary.json
ISRUC_S1_within_subject_linear_downsample,ISRUC_S1,within_subject,seed_42_downsample_t40,42,biot,0.2,,unknown,Unknown,Unknown,Unknown,,/benchmark-eeg/5.0_version/result_5/linear_downsample/ISRUC_S1_within_subject_linear_downsample/seed_42_downsample_t40/ratio_full/biot/summary.json
ISRUC_S1_within_subject_linear_downsample,ISRUC_S1,within_subject,seed_42_downsample_t40,42,brainomni,0.6130029502260135,,unknown,Unknown,Unknown,Unknown,,/benchmark-eeg/5.0_version/result_5/linear_downsample/ISRUC_S1_within_subject_linear_downsample/seed_42_downsample_t40/ratio_full/brainomni/summary.json
ISRUC_S1_within_subject_linear_downsample,ISRUC_S1,within_subject,seed_42_downsample_t40,42,cbramod,0.2,,unknown,Unknown,Unknown,Unknown,,/benchmark-eeg/5.0_version/result_5/linear_downsample/ISRUC_S1_within_subject_linear_downsample/seed_42_downsample_t40/ratio_full/cbramod/summary.json
ISRUC_S1_within_subject_linear_downsample,ISRUC_S1,within_subject,seed_42_downsample_t40,42,reve,0.40691433136173716,,unknown,Unknown,Unknown,Unknown,,/benchmark-eeg/5.0_version/result_5/linear_downsample/ISRUC_S1_within_subject_linear_downsample/seed_42_downsample_t40/ratio_full/reve/summary.json
ISRUC_S2_wsn_cross_subject_linear_downsample,ISRUC_S2_wsn,cross_subject,seed_10_downsample_t40,10,bendr,0.21360679274791888,0.2,balanced_chance,Unknown,Unknown,Unknown,,/benchmark-eeg/5.0_version/result_5/linear_downsample/ISRUC_S2_wsn_cross_subject_linear_downsample/seed_10_downsample_t40/ratio_full/bendr/summary.json
ISRUC_S2_wsn_cross_subject_linear_downsample,ISRUC_S2_wsn,cross_subject,seed_10_downsample_t40,10,biot,0.2753857479338591,0.2,balanced_chance,Unknown,Unknown,Unknown,,/benchmark-eeg/5.0_version/result_5/linear_downsample/ISRUC_S2_wsn_cross_subject_linear_downsample/seed_10_downsample_t40/ratio_full/biot/summary.json
ISRUC_S2_wsn_cross_subject_linear_downsample,ISRUC_S2_wsn,cross_subject,seed_10_downsample_t40,10,brainomni,0.28967322769888704,0.2,balanced_chance,Unknown,Unknown,Unknown,,/benchmark-eeg/5.0_version/result_5/linear_downsample/ISRUC_S2_wsn_cross_subject_linear_downsample/seed_10_downsample_t40/ratio_full/brainomni/summary.json
ISRUC_S2_wsn_cross_subject_linear_downsample,ISRUC_S2_wsn,cross_subject,seed_10_downsample_t40,10,cbramod,0.19891304347826086,0.2,balanced_chance,Unknown,Unknown,Unknown,,/benchmark-eeg/5.0_version/result_5/linear_downsample/ISRUC_S2_wsn_cross_subject_linear_downsample/seed_10_downsample_t40/ratio_full/cbramod/summary.json
ISRUC_S2_wsn_cross_subject_linear_downsample,ISRUC_S2_wsn,cross_subject,seed_10_downsample_t40,10,eegmamba,0.19850367815442654,0.2,balanced_chance,Unknown,Unknown,Unknown,,/benchmark-eeg/5.0_version/result_5/linear_downsample/ISRUC_S2_wsn_cross_subject_linear_downsample/seed_10_downsample_t40/ratio_full/eegmamba/summary.json
ISRUC_S2_wsn_cross_subject_linear_downsample,ISRUC_S2_wsn,cross_subject,seed_10_downsample_t40,10,femba,0.2980377352116482,0.2,balanced_chance,Unknown,Unknown,Unknown,,/benchmark-eeg/5.0_version/result_5/linear_downsample/ISRUC_S2_wsn_cross_subject_linear_downsample/seed_10_downsample_t40/ratio_full/femba/summary.json
ISRUC_S2_wsn_cross_subject_linear_downsample,ISRUC_S2_wsn,cross_subject,seed_10_downsample_t40,10,labram,0.18363222387812553,0.2,balanced_chance,Unknown,Unknown,Unknown,,/benchmark-eeg/5.0_version/result_5/linear_downsample/ISRUC_S2_wsn_cross_subject_linear_downsample/seed_10_downsample_t40/ratio_full/labram/summary.json
ISRUC_S2_wsn_cross_subject_linear_downsample,ISRUC_S2_wsn,cross_subject,seed_10_downsample_t40,10,neurogpt,0.2417773048207831,0.2,balanced_chance,Unknown,Unknown,Unknown,,/benchmark-eeg/5.0_version/result_5/linear_downsample/ISRUC_S2_wsn_cross_subject_linear_downsample/seed_10_downsample_t40/ratio_full/neurogpt/summary.json
ISRUC_S2_wsn_cross_subject_linear_downsample,ISRUC_S2_wsn,cross_subject,seed_10_downsample_t40,10,neurolm,0.21504032041451854,0.2,balanced_chance,Unknown,Unknown,Unknown,,/benchmark-eeg/5.0_version/result_5/linear_downsample/ISRUC_S2_wsn_cross_subject_linear_downsample/seed_10_downsample_t40/ratio_full/neurolm/summary.json
ISRUC_S2_wsn_cross_subject_linear_downsample,ISRUC_S2_wsn,cross_subject,seed_10_downsample_t40,10,reve,0.23531117136605376,0.2,balanced_chance,Unknown,Unknown,Unknown,,/benchmark-eeg/5.0_version/result_5/linear_downsample/ISRUC_S2_wsn_cross_subject_linear_downsample/seed_10_downsample_t40/ratio_full/reve/summary.json
ISRUC_S2_wsn_cross_subject_linear_downsample,ISRUC_S2_wsn,cross_subject,seed_42_downsample_t40,42,bendr,0.2098966140377402,0.2,balanced_chance,Unknown,Unknown,Unknown,,/benchmark-eeg/5.0_version/result_5/linear_downsample/ISRUC_S2_wsn_cross_subject_linear_downsample/seed_42_downsample_t40/ratio_full/bendr/summary.json
ISRUC_S2_wsn_cross_subject_linear_downsample,ISRUC_S2_wsn,cross_subject,seed_42_downsample_t40,42,biot,0.25393233835144025,0.2,balanced_chance,Unknown,Unknown,Unknown,,/benchmark-eeg/5.0_version/result_5/linear_downsample/ISRUC_S2_wsn_cross_subject_linear_downsample/seed_42_downsample_t40/ratio_full/biot/summary.json
ISRUC_S2_wsn_cross_subject_linear_downsample,ISRUC_S2_wsn,cross_subject,seed_42_downsample_t40,42,brainomni,0.2918750418821695,0.2,balanced_chance,Unknown,Unknown,Unknown,,/benchmark-eeg/5.0_version/result_5/linear_downsample/ISRUC_S2_wsn_cross_subject_linear_downsample/seed_42_downsample_t40/ratio_full/brainomni/summary.json
ISRUC_S2_wsn_cross_subject_linear_downsample,ISRUC_S2_wsn,cross_subject,seed_42_downsample_t40,42,cbramod,0.20939833113746156,0.2,balanced_chance,Unknown,Unknown,Unknown,,/benchmark-eeg/5.0_version/result_5/linear_downsample/ISRUC_S2_wsn_cross_subject_linear_downsample/seed_42_downsample_t40/ratio_full/cbramod/summary.json
ISRUC_S2_wsn_cross_subject_linear_downsample,ISRUC_S2_wsn,cross_subject,seed_42_downsample_t40,42,eegmamba,0.2137812911725955,0.2,balanced_chance,Unknown,Unknown,Unknown,,/benchmark-eeg/5.0_version/result_5/linear_downsample/ISRUC_S2_wsn_cross_subject_linear_downsample/seed_42_downsample_t40/ratio_full/eegmamba/summary.json
ISRUC_S2_wsn_cross_subject_linear_downsample,ISRUC_S2_wsn,cross_subject,seed_42_downsample_t40,42,femba,0.2280620919430613,0.2,balanced_chance,Unknown,Unknown,Unknown,,/benchmark-eeg/5.0_version/result_5/linear_downsample/ISRUC_S2_wsn_cross_subject_linear_downsample/seed_42_downsample_t40/ratio_full/femba/summary.json
ISRUC_S2_wsn_cross_subject_linear_downsample,ISRUC_S2_wsn,cross_subject,seed_42_downsample_t40,42,labram,0.15427957407287415,0.2,balanced_chance,Unknown,Unknown,Unknown,,/benchmark-eeg/5.0_version/result_5/linear_downsample/ISRUC_S2_wsn_cross_subject_linear_downsample/seed_42_downsample_t40/ratio_full/labram/summary.json
ISRUC_S2_wsn_cross_subject_linear_downsample,ISRUC_S2_wsn,cross_subject,seed_42_downsample_t40,42,neurogpt,0.24783960001351307,0.2,balanced_chance,Unknown,Unknown,Unknown,,/benchmark-eeg/5.0_version/result_5/linear_downsample/ISRUC_S2_wsn_cross_subject_linear_downsample/seed_42_downsample_t40/ratio_full/neurogpt/summary.json
ISRUC_S2_wsn_cross_subject_linear_downsample,ISRUC_S2_wsn,cross_subject,seed_42_downsample_t40,42,neurolm,0.1917526822587407,0.2,balanced_chance,Unknown,Unknown,Unknown,,/benchmark-eeg/5.0_version/result_5/linear_downsample/ISRUC_S2_wsn_cross_subject_linear_downsample/seed_42_downsample_t40/ratio_full/neurolm/summary.json
ISRUC_S2_wsn_cross_subject_linear_downsample,ISRUC_S2_wsn,cross_subject,seed_42_downsample_t40,42,reve,0.25201702589799524,0.2,balanced_chance,Unknown,Unknown,Unknown,,/benchmark-eeg/5.0_version/result_5/linear_downsample/ISRUC_S2_wsn_cross_subject_linear_downsample/seed_42_downsample_t40/ratio_full/reve/summary.json
ISRUC_S2_wsn_cross_subject_linear_downsample,ISRUC_S2_wsn,cross_subject,seed_5_downsample_t40,5,bendr,0.18180508412154886,0.2,balanced_chance,Unknown,Unknown,Unknown,,/benchmark-eeg/5.0_version/result_5/linear_downsample/ISRUC_S2_wsn_cross_subject_linear_downsample/seed_5_downsample_t40/ratio_full/bendr/summary.json
ISRUC_S2_wsn_cross_subject_linear_downsample,ISRUC_S2_wsn,cross_subject,seed_5_downsample_t40,5,biot,0.2701526947749328,0.2,balanced_chance,Unknown,Unknown,Unknown,,/benchmark-eeg/5.0_version/result_5/linear_downsample/ISRUC_S2_wsn_cross_subject_linear_downsample/seed_5_downsample_t40/ratio_full/biot/summary.json
ISRUC_S2_wsn_cross_subject_linear_downsample,ISRUC_S2_wsn,cross_subject,seed_5_downsample_t40,5,brainomni,0.2342887064626195,0.2,balanced_chance,Unknown,Unknown,Unknown,,/benchmark-eeg/5.0_version/result_5/linear_downsample/ISRUC_S2_wsn_cross_subject_linear_downsample/seed_5_downsample_t40/ratio_full/brainomni/summary.json
ISRUC_S2_wsn_cross_subject_linear_downsample,ISRUC_S2_wsn,cross_subject,seed_5_downsample_t40,5,cbramod,0.19891304347826086,0.2,balanced_chance,Unknown,Unknown,Unknown,,/benchmark-eeg/5.0_version/result_5/linear_downsample/ISRUC_S2_wsn_cross_subject_linear_downsample/seed_5_downsample_t40/ratio_full/cbramod/summary.json
ISRUC_S2_wsn_cross_subject_linear_downsample,ISRUC_S2_wsn,cross_subject,seed_5_downsample_t40,5,eegmamba,0.21250160190644868,0.2,balanced_chance,Unknown,Unknown,Unknown,,/benchmark-eeg/5.0_version/result_5/linear_downsample/ISRUC_S2_wsn_cross_subject_linear_downsample/seed_5_downsample_t40/ratio_full/eegmamba/summary.json
ISRUC_S2_wsn_cross_subject_linear_downsample,ISRUC_S2_wsn,cross_subject,seed_5_downsample_t40,5,femba,0.22358652870057005,0.2,balanced_chance,Unknown,Unknown,Unknown,,/benchmark-eeg/5.0_version/result_5/linear_downsample/ISRUC_S2_wsn_cross_subject_linear_downsample/seed_5_downsample_t40/ratio_full/femba/summary.json
ISRUC_S2_wsn_cross_subject_linear_downsample,ISRUC_S2_wsn,cross_subject,seed_5_downsample_t40,5,labram,0.20802971044952515,0.2,balanced_chance,Unknown,Unknown,Unknown,,/benchmark-eeg/5.0_version/result_5/linear_downsample/ISRUC_S2_wsn_cross_subject_linear_downsample/seed_5_downsample_t40/ratio_full/labram/summary.json
ISRUC_S2_wsn_cross_subject_linear_downsample,ISRUC_S2_wsn,cross_subject,seed_5_downsample_t40,5,neurogpt,0.28387486632319137,0.2,balanced_chance,Unknown,Unknown,Unknown,,/benchmark-eeg/5.0_version/result_5/linear_downsample/ISRUC_S2_wsn_cross_subject_linear_downsample/seed_5_downsample_t40/ratio_full/neurogpt/summary.json
ISRUC_S2_wsn_cross_subject_linear_downsample,ISRUC_S2_wsn,cross_subject,seed_5_downsample_t40,5,neurolm,0.1958685932741528,0.2,balanced_chance,Unknown,Unknown,Unknown,,/benchmark-eeg/5.0_version/result_5/linear_downsample/ISRUC_S2_wsn_cross_subject_linear_downsample/seed_5_downsample_t40/ratio_full/neurolm/summary.json
ISRUC_S2_wsn_cross_subject_linear_downsample,ISRUC_S2_wsn,cross_subject,seed_5_downsample_t40,5,reve,0.23775087073376455,0.2,balanced_chance,Unknown,Unknown,Unknown,,/benchmark-eeg/5.0_version/result_5/linear_downsample/ISRUC_S2_wsn_cross_subject_linear_downsample/seed_5_downsample_t40/ratio_full/reve/summary.json
ISRUC_S3_wsn_cross_subject_linear_downsample,ISRUC_S3_wsn,cross_subject,seed_10_downsample_t40,10,bendr,0.196462702987123,0.2,balanced_chance,Unknown,Unknown,Unknown,,/benchmark-eeg/5.0_version/result_5/linear_downsample/ISRUC_S3_wsn_cross_subject_linear_downsample/seed_10_downsample_t40/ratio_full/bendr/summary.json
ISRUC_S3_wsn_cross_subject_linear_downsample,ISRUC_S3_wsn,cross_subject,seed_10_downsample_t40,10,biot,0.3368418710351698,0.2,balanced_chance,Unknown,Unknown,Unknown,,/benchmark-eeg/5.0_version/result_5/linear_downsample/ISRUC_S3_wsn_cross_subject_linear_downsample/seed_10_downsample_t40/ratio_full/biot/summary.json
ISRUC_S3_wsn_cross_subject_linear_downsample,ISRUC_S3_wsn,cross_subject,seed_10_downsample_t40,10,brainomni,0.32485642985636254,0.2,balanced_chance,Unknown,Unknown,Unknown,,/benchmark-eeg/5.0_version/result_5/linear_downsample/ISRUC_S3_wsn_cross_subject_linear_downsample/seed_10_downsample_t40/ratio_full/brainomni/summary.json
ISRUC_S3_wsn_cross_subject_linear_downsample,ISRUC_S3_wsn,cross_subject,seed_10_downsample_t40,10,cbramod,0.3272516257156205,0.2,balanced_chance,Unknown,Unknown,Unknown,,/benchmark-eeg/5.0_version/result_5/linear_downsample/ISRUC_S3_wsn_cross_subject_linear_downsample/seed_10_downsample_t40/ratio_full/cbramod/summary.json
ISRUC_S3_wsn_cross_subject_linear_downsample,ISRUC_S3_wsn,cross_subject,seed_10_downsample_t40,10,eegmamba,0.2901698780043408,0.2,balanced_chance,Unknown,Unknown,Unknown,,/benchmark-eeg/5.0_version/result_5/linear_downsample/ISRUC_S3_wsn_cross_subject_linear_downsample/seed_10_downsample_t40/ratio_full/eegmamba/summary.json
ISRUC_S3_wsn_cross_subject_linear_downsample,ISRUC_S3_wsn,cross_subject,seed_10_downsample_t40,10,femba,0.3061318129854416,0.2,balanced_chance,Unknown,Unknown,Unknown,,/benchmark-eeg/5.0_version/result_5/linear_downsample/ISRUC_S3_wsn_cross_subject_linear_downsample/seed_10_downsample_t40/ratio_full/femba/summary.json
ISRUC_S3_wsn_cross_subject_linear_downsample,ISRUC_S3_wsn,cross_subject,seed_10_downsample_t40,10,labram,0.23712837986384733,0.2,balanced_chance,Unknown,Unknown,Unknown,,/benchmark-eeg/5.0_version/result_5/linear_downsample/ISRUC_S3_wsn_cross_subject_linear_downsample/seed_10_downsample_t40/ratio_full/labram/summary.json
ISRUC_S3_wsn_cross_subject_linear_downsample,ISRUC_S3_wsn,cross_subject,seed_10_downsample_t40,10,neurogpt,0.3107393766737675,0.2,balanced_chance,Unknown,Unknown,Unknown,,/benchmark-eeg/5.0_version/result_5/linear_downsample/ISRUC_S3_wsn_cross_subject_linear_downsample/seed_10_downsample_t40/ratio_full/neurogpt/summary.json
ISRUC_S3_wsn_cross_subject_linear_downsample,ISRUC_S3_wsn,cross_subject,seed_10_downsample_t40,10,neurolm,0.34126410077832836,0.2,balanced_chance,Unknown,Unknown,Unknown,,/benchmark-eeg/5.0_version/result_5/linear_downsample/ISRUC_S3_wsn_cross_subject_linear_downsample/seed_10_downsample_t40/ratio_full/neurolm/summary.json
ISRUC_S3_wsn_cross_subject_linear_downsample,ISRUC_S3_wsn,cross_subject,seed_10_downsample_t40,10,reve,0.3079306037472496,0.2,balanced_chance,Unknown,Unknown,Unknown,,/benchmark-eeg/5.0_version/result_5/linear_downsample/ISRUC_S3_wsn_cross_subject_linear_downsample/seed_10_downsample_t40/ratio_full/reve/summary.json
ISRUC_S3_wsn_cross_subject_linear_downsample,ISRUC_S3_wsn,cross_subject,seed_42_downsample_t40,42,bendr,0.1760651558564482,0.2,balanced_chance,Unknown,Unknown,Unknown,,/benchmark-eeg/5.0_version/result_5/linear_downsample/ISRUC_S3_wsn_cross_subject_linear_downsample/seed_42_downsample_t40/ratio_full/bendr/summary.json
ISRUC_S3_wsn_cross_subject_linear_downsample,ISRUC_S3_wsn,cross_subject,seed_42_downsample_t40,42,biot,0.3470745174399853,0.2,balanced_chance,Unknown,Unknown,Unknown,,/benchmark-eeg/5.0_version/result_5/linear_downsample/ISRUC_S3_wsn_cross_subject_linear_downsample/seed_42_downsample_t40/ratio_full/biot/summary.json
ISRUC_S3_wsn_cross_subject_linear_downsample,ISRUC_S3_wsn,cross_subject,seed_42_downsample_t40,42,brainomni,0.3155515735506472,0.2,balanced_chance,Unknown,Unknown,Unknown,,/benchmark-eeg/5.0_version/result_5/linear_downsample/ISRUC_S3_wsn_cross_subject_linear_downsample/seed_42_downsample_t40/ratio_full/brainomni/summary.json
ISRUC_S3_wsn_cross_subject_linear_downsample,ISRUC_S3_wsn,cross_subject,seed_42_downsample_t40,42,cbramod,0.21590480391686723,0.2,balanced_chance,Unknown,Unknown,Unknown,,/benchmark-eeg/5.0_version/result_5/linear_downsample/ISRUC_S3_wsn_cross_subject_linear_downsample/seed_42_downsample_t40/ratio_full/cbramod/summary.json
ISRUC_S3_wsn_cross_subject_linear_downsample,ISRUC_S3_wsn,cross_subject,seed_42_downsample_t40,42,eegmamba,0.3215354815047319,0.2,balanced_chance,Unknown,Unknown,Unknown,,/benchmark-eeg/5.0_version/result_5/linear_downsample/ISRUC_S3_wsn_cross_subject_linear_downsample/seed_42_downsample_t40/ratio_full/eegmamba/summary.json
ISRUC_S3_wsn_cross_subject_linear_downsample,ISRUC_S3_wsn,cross_subject,seed_42_downsample_t40,42,femba,0.3306371266960012,0.2,balanced_chance,Unknown,Unknown,Unknown,,/benchmark-eeg/5.0_version/result_5/linear_downsample/ISRUC_S3_wsn_cross_subject_linear_downsample/seed_42_downsample_t40/ratio_full/femba/summary.json
ISRUC_S3_wsn_cross_subject_linear_downsample,ISRUC_S3_wsn,cross_subject,seed_42_downsample_t40,42,labram,0.28361674506811807,0.2,balanced_chance,Unknown,Unknown,Unknown,,/benchmark-eeg/5.0_version/result_5/linear_downsample/ISRUC_S3_wsn_cross_subject_linear_downsample/seed_42_downsample_t40/ratio_full/labram/summary.json
ISRUC_S3_wsn_cross_subject_linear_downsample,ISRUC_S3_wsn,cross_subject,seed_42_downsample_t40,42,neurogpt,0.2955597670537452,0.2,balanced_chance,Unknown,Unknown,Unknown,,/benchmark-eeg/5.0_version/result_5/linear_downsample/ISRUC_S3_wsn_cross_subject_linear_downsample/seed_42_downsample_t40/ratio_full/neurogpt/summary.json
ISRUC_S3_wsn_cross_subject_linear_downsample,ISRUC_S3_wsn,cross_subject,seed_42_downsample_t40,42,neurolm,0.2721824530370759,0.2,balanced_chance,Unknown,Unknown,Unknown,,/benchmark-eeg/5.0_version/result_5/linear_downsample/ISRUC_S3_wsn_cross_subject_linear_downsample/seed_42_downsample_t40/ratio_full/neurolm/summary.json
ISRUC_S3_wsn_cross_subject_linear_downsample,ISRUC_S3_wsn,cross_subject,seed_42_downsample_t40,42,reve,0.32280580379813384,0.2,balanced_chance,Unknown,Unknown,Unknown,,/benchmark-eeg/5.0_version/result_5/linear_downsample/ISRUC_S3_wsn_cross_subject_linear_downsample/seed_42_downsample_t40/ratio_full/reve/summary.json
ISRUC_S3_wsn_cross_subject_linear_downsample,ISRUC_S3_wsn,cross_subject,seed_5_downsample_t40,5,bendr,0.2080130602245057,0.2,balanced_chance,Unknown,Unknown,Unknown,,/benchmark-eeg/5.0_version/result_5/linear_downsample/ISRUC_S3_wsn_cross_subject_linear_downsample/seed_5_downsample_t40/ratio_full/bendr/summary.json
ISRUC_S3_wsn_cross_subject_linear_downsample,ISRUC_S3_wsn,cross_subject,seed_5_downsample_t40,5,biot,0.3092191569980912,0.2,balanced_chance,Unknown,Unknown,Unknown,,/benchmark-eeg/5.0_version/result_5/linear_downsample/ISRUC_S3_wsn_cross_subject_linear_downsample/seed_5_downsample_t40/ratio_full/biot/summary.json
ISRUC_S3_wsn_cross_subject_linear_downsample,ISRUC_S3_wsn,cross_subject,seed_5_downsample_t40,5,brainomni,0.3229201020107891,0.2,balanced_chance,Unknown,Unknown,Unknown,,/benchmark-eeg/5.0_version/result_5/linear_downsample/ISRUC_S3_wsn_cross_subject_linear_downsample/seed_5_downsample_t40/ratio_full/brainomni/summary.json
ISRUC_S3_wsn_cross_subject_linear_downsample,ISRUC_S3_wsn,cross_subject,seed_5_downsample_t40,5,cbramod,0.26270504623623203,0.2,balanced_chance,Unknown,Unknown,Unknown,,/benchmark-eeg/5.0_version/result_5/linear_downsample/ISRUC_S3_wsn_cross_subject_linear_downsample/seed_5_downsample_t40/ratio_full/cbramod/summary.json
ISRUC_S3_wsn_cross_subject_linear_downsample,ISRUC_S3_wsn,cross_subject,seed_5_downsample_t40,5,eegmamba,0.28038829243796676,0.2,balanced_chance,Unknown,Unknown,Unknown,,/benchmark-eeg/5.0_version/result_5/linear_downsample/ISRUC_S3_wsn_cross_subject_linear_downsample/seed_5_downsample_t40/ratio_full/eegmamba/summary.json
ISRUC_S3_wsn_cross_subject_linear_downsample,ISRUC_S3_wsn,cross_subject,seed_5_downsample_t40,5,femba,0.36301817701051303,0.2,balanced_chance,Unknown,Unknown,Unknown,,/benchmark-eeg/5.0_version/result_5/linear_downsample/ISRUC_S3_wsn_cross_subject_linear_downsample/seed_5_downsample_t40/ratio_full/femba/summary.json
ISRUC_S3_wsn_cross_subject_linear_downsample,ISRUC_S3_wsn,cross_subject,seed_5_downsample_t40,5,labram,0.3038880785184304,0.2,balanced_chance,Unknown,Unknown,Unknown,,/benchmark-eeg/5.0_version/result_5/linear_downsample/ISRUC_S3_wsn_cross_subject_linear_downsample/seed_5_downsample_t40/ratio_full/labram/summary.json
ISRUC_S3_wsn_cross_subject_linear_downsample,ISRUC_S3_wsn,cross_subject,seed_5_downsample_t40,5,neurogpt,0.27204671496794697,0.2,balanced_chance,Unknown,Unknown,Unknown,,/benchmark-eeg/5.0_version/result_5/linear_downsample/ISRUC_S3_wsn_cross_subject_linear_downsample/seed_5_downsample_t40/ratio_full/neurogpt/summary.json
ISRUC_S3_wsn_cross_subject_linear_downsample,ISRUC_S3_wsn,cross_subject,seed_5_downsample_t40,5,neurolm,0.4007900749970673,0.2,balanced_chance,Unknown,Unknown,Unknown,,/benchmark-eeg/5.0_version/result_5/linear_downsample/ISRUC_S3_wsn_cross_subject_linear_downsample/seed_5_downsample_t40/ratio_full/neurolm/summary.json
ISRUC_S3_wsn_cross_subject_linear_downsample,ISRUC_S3_wsn,cross_subject,seed_5_downsample_t40,5,reve,0.303692895272503,0.2,balanced_chance,Unknown,Unknown,Unknown,,/benchmark-eeg/5.0_version/result_5/linear_downsample/ISRUC_S3_wsn_cross_subject_linear_downsample/seed_5_downsample_t40/ratio_full/reve/summary.json
LEMON_age_wsn_cross_subject_linear_downsample,LEMON_age_wsn,cross_subject,seed_10_downsample_t40,10,bendr,0.333398786028015,0.25,balanced_chance,Unknown,Unknown,Unknown,,/benchmark-eeg/5.0_version/result_5/linear_downsample/LEMON_age_wsn_cross_subject_linear_downsample/seed_10_downsample_t40/ratio_full/bendr/summary.json
LEMON_age_wsn_cross_subject_linear_downsample,LEMON_age_wsn,cross_subject,seed_10_downsample_t40,10,biot,0.4622952187816967,0.25,balanced_chance,Unknown,Unknown,Unknown,,/benchmark-eeg/5.0_version/result_5/linear_downsample/LEMON_age_wsn_cross_subject_linear_downsample/seed_10_downsample_t40/ratio_full/biot/summary.json
LEMON_age_wsn_cross_subject_linear_downsample,LEMON_age_wsn,cross_subject,seed_10_downsample_t40,10,brainomni,0.39322834006723356,0.25,balanced_chance,Unknown,Unknown,Unknown,,/benchmark-eeg/5.0_version/result_5/linear_downsample/LEMON_age_wsn_cross_subject_linear_downsample/seed_10_downsample_t40/ratio_full/brainomni/summary.json
LEMON_age_wsn_cross_subject_linear_downsample,LEMON_age_wsn,cross_subject,seed_10_downsample_t40,10,cbramod,0.3333333333333333,0.25,balanced_chance,Unknown,Unknown,Unknown,,/benchmark-eeg/5.0_version/result_5/linear_downsample/LEMON_age_wsn_cross_subject_linear_downsample/seed_10_downsample_t40/ratio_full/cbramod/summary.json
LEMON_age_wsn_cross_subject_linear_downsample,LEMON_age_wsn,cross_subject,seed_10_downsample_t40,10,eegmamba,0.3319562547833977,0.25,balanced_chance,Unknown,Unknown,Unknown,,/benchmark-eeg/5.0_version/result_5/linear_downsample/LEMON_age_wsn_cross_subject_linear_downsample/seed_10_downsample_t40/ratio_full/eegmamba/summary.json
LEMON_age_wsn_cross_subject_linear_downsample,LEMON_age_wsn,cross_subject,seed_10_downsample_t40,10,femba,0.45867857024070324,0.25,balanced_chance,Unknown,Unknown,Unknown,,/benchmark-eeg/5.0_version/result_5/linear_downsample/LEMON_age_wsn_cross_subject_linear_downsample/seed_10_downsample_t40/ratio_full/femba/summary.json
LEMON_age_wsn_cross_subject_linear_downsample,LEMON_age_wsn,cross_subject,seed_10_downsample_t40,10,labram,0.3855266479866896,0.25,balanced_chance,Unknown,Unknown,Unknown,,/benchmark-eeg/5.0_version/result_5/linear_downsample/LEMON_age_wsn_cross_subject_linear_downsample/seed_10_downsample_t40/ratio_full/labram/summary.json
LEMON_age_wsn_cross_subject_linear_downsample,LEMON_age_wsn,cross_subject,seed_10_downsample_t40,10,neurogpt,0.3834235299404789,0.25,balanced_chance,Unknown,Unknown,Unknown,,/benchmark-eeg/5.0_version/result_5/linear_downsample/LEMON_age_wsn_cross_subject_linear_downsample/seed_10_downsample_t40/ratio_full/neurogpt/summary.json
LEMON_age_wsn_cross_subject_linear_downsample,LEMON_age_wsn,cross_subject,seed_10_downsample_t40,10,neurolm,0.3166035126369651,0.25,balanced_chance,Unknown,Unknown,Unknown,,/benchmark-eeg/5.0_version/result_5/linear_downsample/LEMON_age_wsn_cross_subject_linear_downsample/seed_10_downsample_t40/ratio_full/neurolm/summary.json
LEMON_age_wsn_cross_subject_linear_downsample,LEMON_age_wsn,cross_subject,seed_10_downsample_t40,10,reve,0.4694597007177545,0.25,balanced_chance,Unknown,Unknown,Unknown,,/benchmark-eeg/5.0_version/result_5/linear_downsample/LEMON_age_wsn_cross_subject_linear_downsample/seed_10_downsample_t40/ratio_full/reve/summary.json
LEMON_age_wsn_cross_subject_linear_downsample,LEMON_age_wsn,cross_subject,seed_42_downsample_t40,42,bendr,0.3333333333333333,0.25,balanced_chance,Unknown,Unknown,Unknown,,/benchmark-eeg/5.0_version/result_5/linear_downsample/LEMON_age_wsn_cross_subject_linear_downsample/seed_42_downsample_t40/ratio_full/bendr/summary.json
LEMON_age_wsn_cross_subject_linear_downsample,LEMON_age_wsn,cross_subject,seed_42_downsample_t40,42,biot,0.47830247360255523,0.25,balanced_chance,Unknown,Unknown,Unknown,,/benchmark-eeg/5.0_version/result_5/linear_downsample/LEMON_age_wsn_cross_subject_linear_downsample/seed_42_downsample_t40/ratio_full/biot/summary.json
LEMON_age_wsn_cross_subject_linear_downsample,LEMON_age_wsn,cross_subject,seed_42_downsample_t40,42,brainomni,0.47309949177487703,0.25,balanced_chance,Unknown,Unknown,Unknown,,/benchmark-eeg/5.0_version/result_5/linear_downsample/LEMON_age_wsn_cross_subject_linear_downsample/seed_42_downsample_t40/ratio_full/brainomni/summary.json
LEMON_age_wsn_cross_subject_linear_downsample,LEMON_age_wsn,cross_subject,seed_42_downsample_t40,42,cbramod,0.3333333333333333,0.25,balanced_chance,Unknown,Unknown,Unknown,,/benchmark-eeg/5.0_version/result_5/linear_downsample/LEMON_age_wsn_cross_subject_linear_downsample/seed_42_downsample_t40/ratio_full/cbramod/summary.json
LEMON_age_wsn_cross_subject_linear_downsample,LEMON_age_wsn,cross_subject,seed_42_downsample_t40,42,eegmamba,0.3302907116577632,0.25,balanced_chance,Unknown,Unknown,Unknown,,/benchmark-eeg/5.0_version/result_5/linear_downsample/LEMON_age_wsn_cross_subject_linear_downsample/seed_42_downsample_t40/ratio_full/eegmamba/summary.json
LEMON_age_wsn_cross_subject_linear_downsample,LEMON_age_wsn,cross_subject,seed_42_downsample_t40,42,femba,0.4806497421134572,0.25,balanced_chance,Unknown,Unknown,Unknown,,/benchmark-eeg/5.0_version/result_5/linear_downsample/LEMON_age_wsn_cross_subject_linear_downsample/seed_42_downsample_t40/ratio_full/femba/summary.json
LEMON_age_wsn_cross_subject_linear_downsample,LEMON_age_wsn,cross_subject,seed_42_downsample_t40,42,labram,0.4511479928794883,0.25,balanced_chance,Unknown,Unknown,Unknown,,/benchmark-eeg/5.0_version/result_5/linear_downsample/LEMON_age_wsn_cross_subject_linear_downsample/seed_42_downsample_t40/ratio_full/labram/summary.json
LEMON_age_wsn_cross_subject_linear_downsample,LEMON_age_wsn,cross_subject,seed_42_downsample_t40,42,neurogpt,0.4402320048727706,0.25,balanced_chance,Unknown,Unknown,Unknown,,/benchmark-eeg/5.0_version/result_5/linear_downsample/LEMON_age_wsn_cross_subject_linear_downsample/seed_42_downsample_t40/ratio_full/neurogpt/summary.json
LEMON_age_wsn_cross_subject_linear_downsample,LEMON_age_wsn,cross_subject,seed_42_downsample_t40,42,neurolm,0.41797149440373577,0.25,balanced_chance,Unknown,Unknown,Unknown,,/benchmark-eeg/5.0_version/result_5/linear_downsample/LEMON_age_wsn_cross_subject_linear_downsample/seed_42_downsample_t40/ratio_full/neurolm/summary.json
LEMON_age_wsn_cross_subject_linear_downsample,LEMON_age_wsn,cross_subject,seed_42_downsample_t40,42,reve,0.47379333498511994,0.25,balanced_chance,Unknown,Unknown,Unknown,,/benchmark-eeg/5.0_version/result_5/linear_downsample/LEMON_age_wsn_cross_subject_linear_downsample/seed_42_downsample_t40/ratio_full/reve/summary.json
LEMON_age_wsn_cross_subject_linear_downsample,LEMON_age_wsn,cross_subject,seed_5_downsample_t40,5,bendr,0.33330819317696153,0.25,balanced_chance,Unknown,Unknown,Unknown,,/benchmark-eeg/5.0_version/result_5/linear_downsample/LEMON_age_wsn_cross_subject_linear_downsample/seed_5_downsample_t40/ratio_full/bendr/summary.json
LEMON_age_wsn_cross_subject_linear_downsample,LEMON_age_wsn,cross_subject,seed_5_downsample_t40,5,biot,0.5165333762037455,0.25,balanced_chance,Unknown,Unknown,Unknown,,/benchmark-eeg/5.0_version/result_5/linear_downsample/LEMON_age_wsn_cross_subject_linear_downsample/seed_5_downsample_t40/ratio_full/biot/summary.json
LEMON_age_wsn_cross_subject_linear_downsample,LEMON_age_wsn,cross_subject,seed_5_downsample_t40,5,brainomni,0.4994375000096594,0.25,balanced_chance,Unknown,Unknown,Unknown,,/benchmark-eeg/5.0_version/result_5/linear_downsample/LEMON_age_wsn_cross_subject_linear_downsample/seed_5_downsample_t40/ratio_full/brainomni/summary.json
LEMON_age_wsn_cross_subject_linear_downsample,LEMON_age_wsn,cross_subject,seed_5_downsample_t40,5,cbramod,0.3333333333333333,0.25,balanced_chance,Unknown,Unknown,Unknown,,/benchmark-eeg/5.0_version/result_5/linear_downsample/LEMON_age_wsn_cross_subject_linear_downsample/seed_5_downsample_t40/ratio_full/cbramod/summary.json
LEMON_age_wsn_cross_subject_linear_downsample,LEMON_age_wsn,cross_subject,seed_5_downsample_t40,5,eegmamba,0.33228249113053465,0.25,balanced_chance,Unknown,Unknown,Unknown,,/benchmark-eeg/5.0_version/result_5/linear_downsample/LEMON_age_wsn_cross_subject_linear_downsample/seed_5_downsample_t40/ratio_full/eegmamba/summary.json
LEMON_age_wsn_cross_subject_linear_downsample,LEMON_age_wsn,cross_subject,seed_5_downsample_t40,5,femba,0.5079738791840481,0.25,balanced_chance,Unknown,Unknown,Unknown,,/benchmark-eeg/5.0_version/result_5/linear_downsample/LEMON_age_wsn_cross_subject_linear_downsample/seed_5_downsample_t40/ratio_full/femba/summary.json
LEMON_age_wsn_cross_subject_linear_downsample,LEMON_age_wsn,cross_subject,seed_5_downsample_t40,5,labram,0.4760855017141532,0.25,balanced_chance,Unknown,Unknown,Unknown,,/benchmark-eeg/5.0_version/result_5/linear_downsample/LEMON_age_wsn_cross_subject_linear_downsample/seed_5_downsample_t40/ratio_full/labram/summary.json
LEMON_age_wsn_cross_subject_linear_downsample,LEMON_age_wsn,cross_subject,seed_5_downsample_t40,5,neurogpt,0.46861043310084294,0.25,balanced_chance,Unknown,Unknown,Unknown,,/benchmark-eeg/5.0_version/result_5/linear_downsample/LEMON_age_wsn_cross_subject_linear_downsample/seed_5_downsample_t40/ratio_full/neurogpt/summary.json
LEMON_age_wsn_cross_subject_linear_downsample,LEMON_age_wsn,cross_subject,seed_5_downsample_t40,5,neurolm,0.43110882803618855,0.25,balanced_chance,Unknown,Unknown,Unknown,,/benchmark-eeg/5.0_version/result_5/linear_downsample/LEMON_age_wsn_cross_subject_linear_downsample/seed_5_downsample_t40/ratio_full/neurolm/summary.json
LEMON_age_wsn_cross_subject_linear_downsample,LEMON_age_wsn,cross_subject,seed_5_downsample_t40,5,reve,0.4390467140934916,0.25,balanced_chance,Unknown,Unknown,Unknown,,/benchmark-eeg/5.0_version/result_5/linear_downsample/LEMON_age_wsn_cross_subject_linear_downsample/seed_5_downsample_t40/ratio_full/reve/summary.json
LEMON_extraversion_cross_subject_linear_downsample,LEMON_extraversion,cross_subject,seed_10_downsample_t40,10,bendr,0.5063586141284319,0.5,balanced_chance,Unknown,Unknown,Unknown,,/benchmark-eeg/5.0_version/result_5/linear_downsample/LEMON_extraversion_cross_subject_linear_downsample/seed_10_downsample_t40/ratio_full/bendr/summary.json
LEMON_extraversion_cross_subject_linear_downsample,LEMON_extraversion,cross_subject,seed_10_downsample_t40,10,biot,0.5127334644111768,0.5,balanced_chance,Unknown,Unknown,Unknown,,/benchmark-eeg/5.0_version/result_5/linear_downsample/LEMON_extraversion_cross_subject_linear_downsample/seed_10_downsample_t40/ratio_full/biot/summary.json
LEMON_extraversion_cross_subject_linear_downsample,LEMON_extraversion,cross_subject,seed_10_downsample_t40,10,brainomni,0.4730579093384172,0.5,balanced_chance,Unknown,Unknown,Unknown,,/benchmark-eeg/5.0_version/result_5/linear_downsample/LEMON_extraversion_cross_subject_linear_downsample/seed_10_downsample_t40/ratio_full/brainomni/summary.json
LEMON_extraversion_cross_subject_linear_downsample,LEMON_extraversion,cross_subject,seed_10_downsample_t40,10,cbramod,0.5430460122197587,0.5,balanced_chance,Unknown,Unknown,Unknown,,/benchmark-eeg/5.0_version/result_5/linear_downsample/LEMON_extraversion_cross_subject_linear_downsample/seed_10_downsample_t40/ratio_full/cbramod/summary.json
LEMON_extraversion_cross_subject_linear_downsample,LEMON_extraversion,cross_subject,seed_10_downsample_t40,10,eegmamba,0.5042447434225041,0.5,balanced_chance,Unknown,Unknown,Unknown,,/benchmark-eeg/5.0_version/result_5/linear_downsample/LEMON_extraversion_cross_subject_linear_downsample/seed_10_downsample_t40/ratio_full/eegmamba/summary.json
LEMON_extraversion_cross_subject_linear_downsample,LEMON_extraversion,cross_subject,seed_10_downsample_t40,10,femba,0.5258369752865513,0.5,balanced_chance,Unknown,Unknown,Unknown,,/benchmark-eeg/5.0_version/result_5/linear_downsample/LEMON_extraversion_cross_subject_linear_downsample/seed_10_downsample_t40/ratio_full/femba/summary.json
LEMON_extraversion_cross_subject_linear_downsample,LEMON_extraversion,cross_subject,seed_10_downsample_t40,10,labram,0.4988257431149975,0.5,balanced_chance,Unknown,Unknown,Unknown,,/benchmark-eeg/5.0_version/result_5/linear_downsample/LEMON_extraversion_cross_subject_linear_downsample/seed_10_downsample_t40/ratio_full/labram/summary.json
LEMON_extraversion_cross_subject_linear_downsample,LEMON_extraversion,cross_subject,seed_10_downsample_t40,10,neurogpt,0.5038454412462896,0.5,balanced_chance,Unknown,Unknown,Unknown,,/benchmark-eeg/5.0_version/result_5/linear_downsample/LEMON_extraversion_cross_subject_linear_downsample/seed_10_downsample_t40/ratio_full/neurogpt/summary.json
LEMON_extraversion_cross_subject_linear_downsample,LEMON_extraversion,cross_subject,seed_10_downsample_t40,10,neurolm,0.4927286076566395,0.5,balanced_chance,Unknown,Unknown,Unknown,,/benchmark-eeg/5.0_version/result_5/linear_downsample/LEMON_extraversion_cross_subject_linear_downsample/seed_10_downsample_t40/ratio_full/neurolm/summary.json
LEMON_extraversion_cross_subject_linear_downsample,LEMON_extraversion,cross_subject,seed_10_downsample_t40,10,reve,0.5094653409877304,0.5,balanced_chance,Unknown,Unknown,Unknown,,/benchmark-eeg/5.0_version/result_5/linear_downsample/LEMON_extraversion_cross_subject_linear_downsample/seed_10_downsample_t40/ratio_full/reve/summary.json
LEMON_extraversion_cross_subject_linear_downsample,LEMON_extraversion,cross_subject,seed_42_downsample_t40,42,bendr,0.49581988194531407,0.5,balanced_chance,Unknown,Unknown,Unknown,,/benchmark-eeg/5.0_version/result_5/linear_downsample/LEMON_extraversion_cross_subject_linear_downsample/seed_42_downsample_t40/ratio_full/bendr/summary.json
LEMON_extraversion_cross_subject_linear_downsample,LEMON_extraversion,cross_subject,seed_42_downsample_t40,42,biot,0.4840523063522273,0.5,balanced_chance,Unknown,Unknown,Unknown,,/benchmark-eeg/5.0_version/result_5/linear_downsample/LEMON_extraversion_cross_subject_linear_downsample/seed_42_downsample_t40/ratio_full/biot/summary.json
LEMON_extraversion_cross_subject_linear_downsample,LEMON_extraversion,cross_subject,seed_42_downsample_t40,42,brainomni,0.46504969542536756,0.5,balanced_chance,Unknown,Unknown,Unknown,,/benchmark-eeg/5.0_version/result_5/linear_downsample/LEMON_extraversion_cross_subject_linear_downsample/seed_42_downsample_t40/ratio_full/brainomni/summary.json
LEMON_extraversion_cross_subject_linear_downsample,LEMON_extraversion,cross_subject,seed_42_downsample_t40,42,cbramod,0.4929162226055807,0.5,balanced_chance,Unknown,Unknown,Unknown,,/benchmark-eeg/5.0_version/result_5/linear_downsample/LEMON_extraversion_cross_subject_linear_downsample/seed_42_downsample_t40/ratio_full/cbramod/summary.json
LEMON_extraversion_cross_subject_linear_downsample,LEMON_extraversion,cross_subject,seed_42_downsample_t40,42,eegmamba,0.5120769696878901,0.5,balanced_chance,Unknown,Unknown,Unknown,,/benchmark-eeg/5.0_version/result_5/linear_downsample/LEMON_extraversion_cross_subject_linear_downsample/seed_42_downsample_t40/ratio_full/eegmamba/summary.json
LEMON_extraversion_cross_subject_linear_downsample,LEMON_extraversion,cross_subject,seed_42_downsample_t40,42,femba,0.4980521143275094,0.5,balanced_chance,Unknown,Unknown,Unknown,,/benchmark-eeg/5.0_version/result_5/linear_downsample/LEMON_extraversion_cross_subject_linear_downsample/seed_42_downsample_t40/ratio_full/femba/summary.json
LEMON_extraversion_cross_subject_linear_downsample,LEMON_extraversion,cross_subject,seed_42_downsample_t40,42,labram,0.4575599776517651,0.5,balanced_chance,Unknown,Unknown,Unknown,,/benchmark-eeg/5.0_version/result_5/linear_downsample/LEMON_extraversion_cross_subject_linear_downsample/seed_42_downsample_t40/ratio_full/labram/summary.json
LEMON_extraversion_cross_subject_linear_downsample,LEMON_extraversion,cross_subject,seed_42_downsample_t40,42,neurogpt,0.4789710163594444,0.5,balanced_chance,Unknown,Unknown,Unknown,,/benchmark-eeg/5.0_version/result_5/linear_downsample/LEMON_extraversion_cross_subject_linear_downsample/seed_42_downsample_t40/ratio_full/neurogpt/summary.json
LEMON_extraversion_cross_subject_linear_downsample,LEMON_extraversion,cross_subject,seed_42_downsample_t40,42,neurolm,0.49972182484035393,0.5,balanced_chance,Unknown,Unknown,Unknown,,/benchmark-eeg/5.0_version/result_5/linear_downsample/LEMON_extraversion_cross_subject_linear_downsample/seed_42_downsample_t40/ratio_full/neurolm/summary.json
LEMON_extraversion_cross_subject_linear_downsample,LEMON_extraversion,cross_subject,seed_42_downsample_t40,42,reve,0.4963277078633808,0.5,balanced_chance,Unknown,Unknown,Unknown,,/benchmark-eeg/5.0_version/result_5/linear_downsample/LEMON_extraversion_cross_subject_linear_downsample/seed_42_downsample_t40/ratio_full/reve/summary.json
LEMON_extraversion_cross_subject_linear_downsample,LEMON_extraversion,cross_subject,seed_5_downsample_t40,5,bendr,0.507557399248048,0.5,balanced_chance,Unknown,Unknown,Unknown,,/benchmark-eeg/5.0_version/result_5/linear_downsample/LEMON_extraversion_cross_subject_linear_downsample/seed_5_downsample_t40/ratio_full/bendr/summary.json
LEMON_extraversion_cross_subject_linear_downsample,LEMON_extraversion,cross_subject,seed_5_downsample_t40,5,biot,0.4966374006210682,0.5,balanced_chance,Unknown,Unknown,Unknown,,/benchmark-eeg/5.0_version/result_5/linear_downsample/LEMON_extraversion_cross_subject_linear_downsample/seed_5_downsample_t40/ratio_full/biot/summary.json
LEMON_extraversion_cross_subject_linear_downsample,LEMON_extraversion,cross_subject,seed_5_downsample_t40,5,brainomni,0.4866389300354853,0.5,balanced_chance,Unknown,Unknown,Unknown,,/benchmark-eeg/5.0_version/result_5/linear_downsample/LEMON_extraversion_cross_subject_linear_downsample/seed_5_downsample_t40/ratio_full/brainomni/summary.json
LEMON_extraversion_cross_subject_linear_downsample,LEMON_extraversion,cross_subject,seed_5_downsample_t40,5,cbramod,0.5460700041210914,0.5,balanced_chance,Unknown,Unknown,Unknown,,/benchmark-eeg/5.0_version/result_5/linear_downsample/LEMON_extraversion_cross_subject_linear_downsample/seed_5_downsample_t40/ratio_full/cbramod/summary.json
LEMON_extraversion_cross_subject_linear_downsample,LEMON_extraversion,cross_subject,seed_5_downsample_t40,5,eegmamba,0.5024763006775935,0.5,balanced_chance,Unknown,Unknown,Unknown,,/benchmark-eeg/5.0_version/result_5/linear_downsample/LEMON_extraversion_cross_subject_linear_downsample/seed_5_downsample_t40/ratio_full/eegmamba/summary.json
LEMON_extraversion_cross_subject_linear_downsample,LEMON_extraversion,cross_subject,seed_5_downsample_t40,5,femba,0.5338251121722905,0.5,balanced_chance,Unknown,Unknown,Unknown,,/benchmark-eeg/5.0_version/result_5/linear_downsample/LEMON_extraversion_cross_subject_linear_downsample/seed_5_downsample_t40/ratio_full/femba/summary.json
LEMON_extraversion_cross_subject_linear_downsample,LEMON_extraversion,cross_subject,seed_5_downsample_t40,5,labram,0.5485129846877791,0.5,balanced_chance,Unknown,Unknown,Unknown,,/benchmark-eeg/5.0_version/result_5/linear_downsample/LEMON_extraversion_cross_subject_linear_downsample/seed_5_downsample_t40/ratio_full/labram/summary.json
LEMON_extraversion_cross_subject_linear_downsample,LEMON_extraversion,cross_subject,seed_5_downsample_t40,5,neurogpt,0.45086790713753133,0.5,balanced_chance,Unknown,Unknown,Unknown,,/benchmark-eeg/5.0_version/result_5/linear_downsample/LEMON_extraversion_cross_subject_linear_downsample/seed_5_downsample_t40/ratio_full/neurogpt/summary.json
LEMON_extraversion_cross_subject_linear_downsample,LEMON_extraversion,cross_subject,seed_5_downsample_t40,5,neurolm,0.5338635506422017,0.5,balanced_chance,Unknown,Unknown,Unknown,,/benchmark-eeg/5.0_version/result_5/linear_downsample/LEMON_extraversion_cross_subject_linear_downsample/seed_5_downsample_t40/ratio_full/neurolm/summary.json
LEMON_extraversion_cross_subject_linear_downsample,LEMON_extraversion,cross_subject,seed_5_downsample_t40,5,reve,0.5060222469880387,0.5,balanced_chance,Unknown,Unknown,Unknown,,/benchmark-eeg/5.0_version/result_5/linear_downsample/LEMON_extraversion_cross_subject_linear_downsample/seed_5_downsample_t40/ratio_full/reve/summary.json
LEMON_gender_wsn_cross_subject_linear_downsample,LEMON_gender_wsn,cross_subject,seed_10_downsample_t40,10,bendr,0.49968986902500834,0.5,balanced_chance,Unknown,Unknown,Unknown,,/benchmark-eeg/5.0_version/result_5/linear_downsample/LEMON_gender_wsn_cross_subject_linear_downsample/seed_10_downsample_t40/ratio_full/bendr/summary.json
LEMON_gender_wsn_cross_subject_linear_downsample,LEMON_gender_wsn,cross_subject,seed_10_downsample_t40,10,biot,0.5632664277443284,0.5,balanced_chance,Unknown,Unknown,Unknown,,/benchmark-eeg/5.0_version/result_5/linear_downsample/LEMON_gender_wsn_cross_subject_linear_downsample/seed_10_downsample_t40/ratio_full/biot/summary.json
LEMON_gender_wsn_cross_subject_linear_downsample,LEMON_gender_wsn,cross_subject,seed_10_downsample_t40,10,brainomni,0.534336760499839,0.5,balanced_chance,Unknown,Unknown,Unknown,,/benchmark-eeg/5.0_version/result_5/linear_downsample/LEMON_gender_wsn_cross_subject_linear_downsample/seed_10_downsample_t40/ratio_full/brainomni/summary.json
LEMON_gender_wsn_cross_subject_linear_downsample,LEMON_gender_wsn,cross_subject,seed_10_downsample_t40,10,cbramod,0.5303173590803844,0.5,balanced_chance,Unknown,Unknown,Unknown,,/benchmark-eeg/5.0_version/result_5/linear_downsample/LEMON_gender_wsn_cross_subject_linear_downsample/seed_10_downsample_t40/ratio_full/cbramod/summary.json
LEMON_gender_wsn_cross_subject_linear_downsample,LEMON_gender_wsn,cross_subject,seed_10_downsample_t40,10,eegmamba,0.500735465338816,0.5,balanced_chance,Unknown,Unknown,Unknown,,/benchmark-eeg/5.0_version/result_5/linear_downsample/LEMON_gender_wsn_cross_subject_linear_downsample/seed_10_downsample_t40/ratio_full/eegmamba/summary.json
LEMON_gender_wsn_cross_subject_linear_downsample,LEMON_gender_wsn,cross_subject,seed_10_downsample_t40,10,femba,0.542365211775107,0.5,balanced_chance,Unknown,Unknown,Unknown,,/benchmark-eeg/5.0_version/result_5/linear_downsample/LEMON_gender_wsn_cross_subject_linear_downsample/seed_10_downsample_t40/ratio_full/femba/summary.json
LEMON_gender_wsn_cross_subject_linear_downsample,LEMON_gender_wsn,cross_subject,seed_10_downsample_t40,10,labram,0.6851660200518158,0.5,balanced_chance,Unknown,Unknown,Unknown,,/benchmark-eeg/5.0_version/result_5/linear_downsample/LEMON_gender_wsn_cross_subject_linear_downsample/seed_10_downsample_t40/ratio_full/labram/summary.json
LEMON_gender_wsn_cross_subject_linear_downsample,LEMON_gender_wsn,cross_subject,seed_10_downsample_t40,10,neurogpt,0.5268471104517352,0.5,balanced_chance,Unknown,Unknown,Unknown,,/benchmark-eeg/5.0_version/result_5/linear_downsample/LEMON_gender_wsn_cross_subject_linear_downsample/seed_10_downsample_t40/ratio_full/neurogpt/summary.json
LEMON_gender_wsn_cross_subject_linear_downsample,LEMON_gender_wsn,cross_subject,seed_10_downsample_t40,10,neurolm,0.6630336491016038,0.5,balanced_chance,Unknown,Unknown,Unknown,,/benchmark-eeg/5.0_version/result_5/linear_downsample/LEMON_gender_wsn_cross_subject_linear_downsample/seed_10_downsample_t40/ratio_full/neurolm/summary.json
LEMON_gender_wsn_cross_subject_linear_downsample,LEMON_gender_wsn,cross_subject,seed_10_downsample_t40,10,reve,0.5605594168002873,0.5,balanced_chance,Unknown,Unknown,Unknown,,/benchmark-eeg/5.0_version/result_5/linear_downsample/LEMON_gender_wsn_cross_subject_linear_downsample/seed_10_downsample_t40/ratio_full/reve/summary.json
LEMON_gender_wsn_cross_subject_linear_downsample,LEMON_gender_wsn,cross_subject,seed_42_downsample_t40,42,bendr,0.49980460721773734,0.5,balanced_chance,Unknown,Unknown,Unknown,,/benchmark-eeg/5.0_version/result_5/linear_downsample/LEMON_gender_wsn_cross_subject_linear_downsample/seed_42_downsample_t40/ratio_full/bendr/summary.json
LEMON_gender_wsn_cross_subject_linear_downsample,LEMON_gender_wsn,cross_subject,seed_42_downsample_t40,42,biot,0.526031360991767,0.5,balanced_chance,Unknown,Unknown,Unknown,,/benchmark-eeg/5.0_version/result_5/linear_downsample/LEMON_gender_wsn_cross_subject_linear_downsample/seed_42_downsample_t40/ratio_full/biot/summary.json
LEMON_gender_wsn_cross_subject_linear_downsample,LEMON_gender_wsn,cross_subject,seed_42_downsample_t40,42,brainomni,0.5168701858077308,0.5,balanced_chance,Unknown,Unknown,Unknown,,/benchmark-eeg/5.0_version/result_5/linear_downsample/LEMON_gender_wsn_cross_subject_linear_downsample/seed_42_downsample_t40/ratio_full/brainomni/summary.json
LEMON_gender_wsn_cross_subject_linear_downsample,LEMON_gender_wsn,cross_subject,seed_42_downsample_t40,42,cbramod,0.5156368251464207,0.5,balanced_chance,Unknown,Unknown,Unknown,,/benchmark-eeg/5.0_version/result_5/linear_downsample/LEMON_gender_wsn_cross_subject_linear_downsample/seed_42_downsample_t40/ratio_full/cbramod/summary.json
LEMON_gender_wsn_cross_subject_linear_downsample,LEMON_gender_wsn,cross_subject,seed_42_downsample_t40,42,eegmamba,0.4976372780614875,0.5,balanced_chance,Unknown,Unknown,Unknown,,/benchmark-eeg/5.0_version/result_5/linear_downsample/LEMON_gender_wsn_cross_subject_linear_downsample/seed_42_downsample_t40/ratio_full/eegmamba/summary.json
LEMON_gender_wsn_cross_subject_linear_downsample,LEMON_gender_wsn,cross_subject,seed_42_downsample_t40,42,femba,0.48133571226296806,0.5,balanced_chance,Unknown,Unknown,Unknown,,/benchmark-eeg/5.0_version/result_5/linear_downsample/LEMON_gender_wsn_cross_subject_linear_downsample/seed_42_downsample_t40/ratio_full/femba/summary.json
LEMON_gender_wsn_cross_subject_linear_downsample,LEMON_gender_wsn,cross_subject,seed_42_downsample_t40,42,labram,0.5329412421488343,0.5,balanced_chance,Unknown,Unknown,Unknown,,/benchmark-eeg/5.0_version/result_5/linear_downsample/LEMON_gender_wsn_cross_subject_linear_downsample/seed_42_downsample_t40/ratio_full/labram/summary.json
LEMON_gender_wsn_cross_subject_linear_downsample,LEMON_gender_wsn,cross_subject,seed_42_downsample_t40,42,neurogpt,0.4949949733631015,0.5,balanced_chance,Unknown,Unknown,Unknown,,/benchmark-eeg/5.0_version/result_5/linear_downsample/LEMON_gender_wsn_cross_subject_linear_downsample/seed_42_downsample_t40/ratio_full/neurogpt/summary.json
LEMON_gender_wsn_cross_subject_linear_downsample,LEMON_gender_wsn,cross_subject,seed_42_downsample_t40,42,neurolm,0.5565234401555579,0.5,balanced_chance,Unknown,Unknown,Unknown,,/benchmark-eeg/5.0_version/result_5/linear_downsample/LEMON_gender_wsn_cross_subject_linear_downsample/seed_42_downsample_t40/ratio_full/neurolm/summary.json
LEMON_gender_wsn_cross_subject_linear_downsample,LEMON_gender_wsn,cross_subject,seed_42_downsample_t40,42,reve,0.5504299541637347,0.5,balanced_chance,Unknown,Unknown,Unknown,,/benchmark-eeg/5.0_version/result_5/linear_downsample/LEMON_gender_wsn_cross_subject_linear_downsample/seed_42_downsample_t40/ratio_full/reve/summary.json
LEMON_gender_wsn_cross_subject_linear_downsample,LEMON_gender_wsn,cross_subject,seed_5_downsample_t40,5,bendr,0.5,0.5,balanced_chance,Unknown,Unknown,Unknown,,/benchmark-eeg/5.0_version/result_5/linear_downsample/LEMON_gender_wsn_cross_subject_linear_downsample/seed_5_downsample_t40/ratio_full/bendr/summary.json
LEMON_gender_wsn_cross_subject_linear_downsample,LEMON_gender_wsn,cross_subject,seed_5_downsample_t40,5,biot,0.6514960759931272,0.5,balanced_chance,Unknown,Unknown,Unknown,,/benchmark-eeg/5.0_version/result_5/linear_downsample/LEMON_gender_wsn_cross_subject_linear_downsample/seed_5_downsample_t40/ratio_full/biot/summary.json
LEMON_gender_wsn_cross_subject_linear_downsample,LEMON_gender_wsn,cross_subject,seed_5_downsample_t40,5,brainomni,0.5613708198784821,0.5,balanced_chance,Unknown,Unknown,Unknown,,/benchmark-eeg/5.0_version/result_5/linear_downsample/LEMON_gender_wsn_cross_subject_linear_downsample/seed_5_downsample_t40/ratio_full/brainomni/summary.json
LEMON_gender_wsn_cross_subject_linear_downsample,LEMON_gender_wsn,cross_subject,seed_5_downsample_t40,5,cbramod,0.4693702709112064,0.5,balanced_chance,Unknown,Unknown,Unknown,,/benchmark-eeg/5.0_version/result_5/linear_downsample/LEMON_gender_wsn_cross_subject_linear_downsample/seed_5_downsample_t40/ratio_full/cbramod/summary.json
LEMON_gender_wsn_cross_subject_linear_downsample,LEMON_gender_wsn,cross_subject,seed_5_downsample_t40,5,eegmamba,0.49857913276740246,0.5,balanced_chance,Unknown,Unknown,Unknown,,/benchmark-eeg/5.0_version/result_5/linear_downsample/LEMON_gender_wsn_cross_subject_linear_downsample/seed_5_downsample_t40/ratio_full/eegmamba/summary.json
LEMON_gender_wsn_cross_subject_linear_downsample,LEMON_gender_wsn,cross_subject,seed_5_downsample_t40,5,femba,0.6369040671153935,0.5,balanced_chance,Unknown,Unknown,Unknown,,/benchmark-eeg/5.0_version/result_5/linear_downsample/LEMON_gender_wsn_cross_subject_linear_downsample/seed_5_downsample_t40/ratio_full/femba/summary.json
LEMON_gender_wsn_cross_subject_linear_downsample,LEMON_gender_wsn,cross_subject,seed_5_downsample_t40,5,labram,0.515511596100821,0.5,balanced_chance,Unknown,Unknown,Unknown,,/benchmark-eeg/5.0_version/result_5/linear_downsample/LEMON_gender_wsn_cross_subject_linear_downsample/seed_5_downsample_t40/ratio_full/labram/summary.json
LEMON_gender_wsn_cross_subject_linear_downsample,LEMON_gender_wsn,cross_subject,seed_5_downsample_t40,5,neurogpt,0.5763548089423649,0.5,balanced_chance,Unknown,Unknown,Unknown,,/benchmark-eeg/5.0_version/result_5/linear_downsample/LEMON_gender_wsn_cross_subject_linear_downsample/seed_5_downsample_t40/ratio_full/neurogpt/summary.json
LEMON_gender_wsn_cross_subject_linear_downsample,LEMON_gender_wsn,cross_subject,seed_5_downsample_t40,5,neurolm,0.5255327475109278,0.5,balanced_chance,Unknown,Unknown,Unknown,,/benchmark-eeg/5.0_version/result_5/linear_downsample/LEMON_gender_wsn_cross_subject_linear_downsample/seed_5_downsample_t40/ratio_full/neurolm/summary.json
LEMON_gender_wsn_cross_subject_linear_downsample,LEMON_gender_wsn,cross_subject,seed_5_downsample_t40,5,reve,0.5372104917754651,0.5,balanced_chance,Unknown,Unknown,Unknown,,/benchmark-eeg/5.0_version/result_5/linear_downsample/LEMON_gender_wsn_cross_subject_linear_downsample/seed_5_downsample_t40/ratio_full/reve/summary.json
Longitudinal_EEG_Reliability_wsn_within_subject_linear_downsample,Longitudinal_EEG_Reliability_wsn,within_subject,seed_10_downsample_t40,10,bendr,0.493395812508048,0.5,balanced_chance,Unknown,Unknown,Unknown,,/benchmark-eeg/5.0_version/result_5/linear_downsample/Longitudinal_EEG_Reliability_wsn_within_subject_linear_downsample/seed_10_downsample_t40/ratio_full/bendr/summary.json
Longitudinal_EEG_Reliability_wsn_within_subject_linear_downsample,Longitudinal_EEG_Reliability_wsn,within_subject,seed_10_downsample_t40,10,biot,0.7118548807831236,0.5,balanced_chance,Unknown,Unknown,Unknown,,/benchmark-eeg/5.0_version/result_5/linear_downsample/Longitudinal_EEG_Reliability_wsn_within_subject_linear_downsample/seed_10_downsample_t40/ratio_full/biot/summary.json
Longitudinal_EEG_Reliability_wsn_within_subject_linear_downsample,Longitudinal_EEG_Reliability_wsn,within_subject,seed_10_downsample_t40,10,brainomni,0.7075710117338452,0.5,balanced_chance,Unknown,Unknown,Unknown,,/benchmark-eeg/5.0_version/result_5/linear_downsample/Longitudinal_EEG_Reliability_wsn_within_subject_linear_downsample/seed_10_downsample_t40/ratio_full/brainomni/summary.json
Longitudinal_EEG_Reliability_wsn_within_subject_linear_downsample,Longitudinal_EEG_Reliability_wsn,within_subject,seed_10_downsample_t40,10,cbramod,0.6864483645762395,0.5,balanced_chance,Unknown,Unknown,Unknown,,/benchmark-eeg/5.0_version/result_5/linear_downsample/Longitudinal_EEG_Reliability_wsn_within_subject_linear_downsample/seed_10_downsample_t40/ratio_full/cbramod/summary.json
Longitudinal_EEG_Reliability_wsn_within_subject_linear_downsample,Longitudinal_EEG_Reliability_wsn,within_subject,seed_10_downsample_t40,10,eegmamba,0.6580825006537978,0.5,balanced_chance,Unknown,Unknown,Unknown,,/benchmark-eeg/5.0_version/result_5/linear_downsample/Longitudinal_EEG_Reliability_wsn_within_subject_linear_downsample/seed_10_downsample_t40/ratio_full/eegmamba/summary.json
Longitudinal_EEG_Reliability_wsn_within_subject_linear_downsample,Longitudinal_EEG_Reliability_wsn,within_subject,seed_10_downsample_t40,10,femba,0.6389516136526256,0.5,balanced_chance,Unknown,Unknown,Unknown,,/benchmark-eeg/5.0_version/result_5/linear_downsample/Longitudinal_EEG_Reliability_wsn_within_subject_linear_downsample/seed_10_downsample_t40/ratio_full/femba/summary.json
Longitudinal_EEG_Reliability_wsn_within_subject_linear_downsample,Longitudinal_EEG_Reliability_wsn,within_subject,seed_10_downsample_t40,10,labram,0.6707270165181849,0.5,balanced_chance,Unknown,Unknown,Unknown,,/benchmark-eeg/5.0_version/result_5/linear_downsample/Longitudinal_EEG_Reliability_wsn_within_subject_linear_downsample/seed_10_downsample_t40/ratio_full/labram/summary.json
Longitudinal_EEG_Reliability_wsn_within_subject_linear_downsample,Longitudinal_EEG_Reliability_wsn,within_subject,seed_10_downsample_t40,10,neurogpt,0.6839498281540599,0.5,balanced_chance,Unknown,Unknown,Unknown,,/benchmark-eeg/5.0_version/result_5/linear_downsample/Longitudinal_EEG_Reliability_wsn_within_subject_linear_downsample/seed_10_downsample_t40/ratio_full/neurogpt/summary.json
Longitudinal_EEG_Reliability_wsn_within_subject_linear_downsample,Longitudinal_EEG_Reliability_wsn,within_subject,seed_10_downsample_t40,10,neurolm,0.6753165244241602,0.5,balanced_chance,Unknown,Unknown,Unknown,,/benchmark-eeg/5.0_version/result_5/linear_downsample/Longitudinal_EEG_Reliability_wsn_within_subject_linear_downsample/seed_10_downsample_t40/ratio_full/neurolm/summary.json
Longitudinal_EEG_Reliability_wsn_within_subject_linear_downsample,Longitudinal_EEG_Reliability_wsn,within_subject,seed_10_downsample_t40,10,reve,0.7788588274650832,0.5,balanced_chance,Unknown,Unknown,Unknown,,/benchmark-eeg/5.0_version/result_5/linear_downsample/Longitudinal_EEG_Reliability_wsn_within_subject_linear_downsample/seed_10_downsample_t40/ratio_full/reve/summary.json
Longitudinal_EEG_Reliability_wsn_within_subject_linear_downsample,Longitudinal_EEG_Reliability_wsn,within_subject,seed_42_downsample_t40,42,bendr,0.5209636915732647,0.5,balanced_chance,Unknown,Unknown,Unknown,,/benchmark-eeg/5.0_version/result_5/linear_downsample/Longitudinal_EEG_Reliability_wsn_within_subject_linear_downsample/seed_42_downsample_t40/ratio_full/bendr/summary.json
Longitudinal_EEG_Reliability_wsn_within_subject_linear_downsample,Longitudinal_EEG_Reliability_wsn,within_subject,seed_42_downsample_t40,42,biot,0.6948826108991535,0.5,balanced_chance,Unknown,Unknown,Unknown,,/benchmark-eeg/5.0_version/result_5/linear_downsample/Longitudinal_EEG_Reliability_wsn_within_subject_linear_downsample/seed_42_downsample_t40/ratio_full/biot/summary.json
Longitudinal_EEG_Reliability_wsn_within_subject_linear_downsample,Longitudinal_EEG_Reliability_wsn,within_subject,seed_42_downsample_t40,42,brainomni,0.7115652926994223,0.5,balanced_chance,Unknown,Unknown,Unknown,,/benchmark-eeg/5.0_version/result_5/linear_downsample/Longitudinal_EEG_Reliability_wsn_within_subject_linear_downsample/seed_42_downsample_t40/ratio_full/brainomni/summary.json
Longitudinal_EEG_Reliability_wsn_within_subject_linear_downsample,Longitudinal_EEG_Reliability_wsn,within_subject,seed_42_downsample_t40,42,cbramod,0.6855598456179841,0.5,balanced_chance,Unknown,Unknown,Unknown,,/benchmark-eeg/5.0_version/result_5/linear_downsample/Longitudinal_EEG_Reliability_wsn_within_subject_linear_downsample/seed_42_downsample_t40/ratio_full/cbramod/summary.json
Longitudinal_EEG_Reliability_wsn_within_subject_linear_downsample,Longitudinal_EEG_Reliability_wsn,within_subject,seed_42_downsample_t40,42,eegmamba,0.6362218331552201,0.5,balanced_chance,Unknown,Unknown,Unknown,,/benchmark-eeg/5.0_version/result_5/linear_downsample/Longitudinal_EEG_Reliability_wsn_within_subject_linear_downsample/seed_42_downsample_t40/ratio_full/eegmamba/summary.json
Longitudinal_EEG_Reliability_wsn_within_subject_linear_downsample,Longitudinal_EEG_Reliability_wsn,within_subject,seed_42_downsample_t40,42,femba,0.6730024320631364,0.5,balanced_chance,Unknown,Unknown,Unknown,,/benchmark-eeg/5.0_version/result_5/linear_downsample/Longitudinal_EEG_Reliability_wsn_within_subject_linear_downsample/seed_42_downsample_t40/ratio_full/femba/summary.json
Longitudinal_EEG_Reliability_wsn_within_subject_linear_downsample,Longitudinal_EEG_Reliability_wsn,within_subject,seed_42_downsample_t40,42,labram,0.6810439866561349,0.5,balanced_chance,Unknown,Unknown,Unknown,,/benchmark-eeg/5.0_version/result_5/linear_downsample/Longitudinal_EEG_Reliability_wsn_within_subject_linear_downsample/seed_42_downsample_t40/ratio_full/labram/summary.json
Longitudinal_EEG_Reliability_wsn_within_subject_linear_downsample,Longitudinal_EEG_Reliability_wsn,within_subject,seed_42_downsample_t40,42,neurogpt,0.6853504872730777,0.5,balanced_chance,Unknown,Unknown,Unknown,,/benchmark-eeg/5.0_version/result_5/linear_downsample/Longitudinal_EEG_Reliability_wsn_within_subject_linear_downsample/seed_42_downsample_t40/ratio_full/neurogpt/summary.json
Longitudinal_EEG_Reliability_wsn_within_subject_linear_downsample,Longitudinal_EEG_Reliability_wsn,within_subject,seed_42_downsample_t40,42,neurolm,0.645865410925311,0.5,balanced_chance,Unknown,Unknown,Unknown,,/benchmark-eeg/5.0_version/result_5/linear_downsample/Longitudinal_EEG_Reliability_wsn_within_subject_linear_downsample/seed_42_downsample_t40/ratio_full/neurolm/summary.json
Longitudinal_EEG_Reliability_wsn_within_subject_linear_downsample,Longitudinal_EEG_Reliability_wsn,within_subject,seed_42_downsample_t40,42,reve,0.6853276638254594,0.5,balanced_chance,Unknown,Unknown,Unknown,,/benchmark-eeg/5.0_version/result_5/linear_downsample/Longitudinal_EEG_Reliability_wsn_within_subject_linear_downsample/seed_42_downsample_t40/ratio_full/reve/summary.json
Longitudinal_EEG_Reliability_wsn_within_subject_linear_downsample,Longitudinal_EEG_Reliability_wsn,within_subject,seed_5_downsample_t40,5,bendr,0.5192199070866627,0.5,balanced_chance,Unknown,Unknown,Unknown,,/benchmark-eeg/5.0_version/result_5/linear_downsample/Longitudinal_EEG_Reliability_wsn_within_subject_linear_downsample/seed_5_downsample_t40/ratio_full/bendr/summary.json
Longitudinal_EEG_Reliability_wsn_within_subject_linear_downsample,Longitudinal_EEG_Reliability_wsn,within_subject,seed_5_downsample_t40,5,biot,0.7184422053253892,0.5,balanced_chance,Unknown,Unknown,Unknown,,/benchmark-eeg/5.0_version/result_5/linear_downsample/Longitudinal_EEG_Reliability_wsn_within_subject_linear_downsample/seed_5_downsample_t40/ratio_full/biot/summary.json
Longitudinal_EEG_Reliability_wsn_within_subject_linear_downsample,Longitudinal_EEG_Reliability_wsn,within_subject,seed_5_downsample_t40,5,brainomni,0.7599682655150648,0.5,balanced_chance,Unknown,Unknown,Unknown,,/benchmark-eeg/5.0_version/result_5/linear_downsample/Longitudinal_EEG_Reliability_wsn_within_subject_linear_downsample/seed_5_downsample_t40/ratio_full/brainomni/summary.json
Longitudinal_EEG_Reliability_wsn_within_subject_linear_downsample,Longitudinal_EEG_Reliability_wsn,within_subject,seed_5_downsample_t40,5,cbramod,0.633114882107062,0.5,balanced_chance,Unknown,Unknown,Unknown,,/benchmark-eeg/5.0_version/result_5/linear_downsample/Longitudinal_EEG_Reliability_wsn_within_subject_linear_downsample/seed_5_downsample_t40/ratio_full/cbramod/summary.json
Longitudinal_EEG_Reliability_wsn_within_subject_linear_downsample,Longitudinal_EEG_Reliability_wsn,within_subject,seed_5_downsample_t40,5,eegmamba,0.6272178296229581,0.5,balanced_chance,Unknown,Unknown,Unknown,,/benchmark-eeg/5.0_version/result_5/linear_downsample/Longitudinal_EEG_Reliability_wsn_within_subject_linear_downsample/seed_5_downsample_t40/ratio_full/eegmamba/summary.json
Longitudinal_EEG_Reliability_wsn_within_subject_linear_downsample,Longitudinal_EEG_Reliability_wsn,within_subject,seed_5_downsample_t40,5,femba,0.7313989298030883,0.5,balanced_chance,Unknown,Unknown,Unknown,,/benchmark-eeg/5.0_version/result_5/linear_downsample/Longitudinal_EEG_Reliability_wsn_within_subject_linear_downsample/seed_5_downsample_t40/ratio_full/femba/summary.json
Longitudinal_EEG_Reliability_wsn_within_subject_linear_downsample,Longitudinal_EEG_Reliability_wsn,within_subject,seed_5_downsample_t40,5,labram,0.680541963997044,0.5,balanced_chance,Unknown,Unknown,Unknown,,/benchmark-eeg/5.0_version/result_5/linear_downsample/Longitudinal_EEG_Reliability_wsn_within_subject_linear_downsample/seed_5_downsample_t40/ratio_full/labram/summary.json
Longitudinal_EEG_Reliability_wsn_within_subject_linear_downsample,Longitudinal_EEG_Reliability_wsn,within_subject,seed_5_downsample_t40,5,neurogpt,0.7248473174834111,0.5,balanced_chance,Unknown,Unknown,Unknown,,/benchmark-eeg/5.0_version/result_5/linear_downsample/Longitudinal_EEG_Reliability_wsn_within_subject_linear_downsample/seed_5_downsample_t40/ratio_full/neurogpt/summary.json
Longitudinal_EEG_Reliability_wsn_within_subject_linear_downsample,Longitudinal_EEG_Reliability_wsn,within_subject,seed_5_downsample_t40,5,neurolm,0.6701239261465983,0.5,balanced_chance,Unknown,Unknown,Unknown,,/benchmark-eeg/5.0_version/result_5/linear_downsample/Longitudinal_EEG_Reliability_wsn_within_subject_linear_downsample/seed_5_downsample_t40/ratio_full/neurolm/summary.json
Longitudinal_EEG_Reliability_wsn_within_subject_linear_downsample,Longitudinal_EEG_Reliability_wsn,within_subject,seed_5_downsample_t40,5,reve,0.6942072970070667,0.5,balanced_chance,Unknown,Unknown,Unknown,,/benchmark-eeg/5.0_version/result_5/linear_downsample/Longitudinal_EEG_Reliability_wsn_within_subject_linear_downsample/seed_5_downsample_t40/ratio_full/reve/summary.json
MDD_cross_subject_linear_downsample,MDD,cross_subject,seed_10_downsample_t40,10,bendr,0.5263440823398092,0.5,balanced_chance,Biometrics & Disease,个体与疾病,精神心理（抑郁/焦虑/精神分裂等）,MDD,/benchmark-eeg/5.0_version/result_5/linear_downsample/MDD_cross_subject_linear_downsample/seed_10_downsample_t40/ratio_full/bendr/summary.json
MDD_cross_subject_linear_downsample,MDD,cross_subject,seed_10_downsample_t40,10,biot,0.7994473700429366,0.5,balanced_chance,Biometrics & Disease,个体与疾病,精神心理（抑郁/焦虑/精神分裂等）,MDD,/benchmark-eeg/5.0_version/result_5/linear_downsample/MDD_cross_subject_linear_downsample/seed_10_downsample_t40/ratio_full/biot/summary.json
MDD_cross_subject_linear_downsample,MDD,cross_subject,seed_10_downsample_t40,10,brainomni,0.9895397489539749,0.5,balanced_chance,Biometrics & Disease,个体与疾病,精神心理（抑郁/焦虑/精神分裂等）,MDD,/benchmark-eeg/5.0_version/result_5/linear_downsample/MDD_cross_subject_linear_downsample/seed_10_downsample_t40/ratio_full/brainomni/summary.json
MDD_cross_subject_linear_downsample,MDD,cross_subject,seed_10_downsample_t40,10,cbramod,0.6276527265132268,0.5,balanced_chance,Biometrics & Disease,个体与疾病,精神心理（抑郁/焦虑/精神分裂等）,MDD,/benchmark-eeg/5.0_version/result_5/linear_downsample/MDD_cross_subject_linear_downsample/seed_10_downsample_t40/ratio_full/cbramod/summary.json
MDD_cross_subject_linear_downsample,MDD,cross_subject,seed_10_downsample_t40,10,eegmamba,0.6402426915201775,0.5,balanced_chance,Biometrics & Disease,个体与疾病,精神心理（抑郁/焦虑/精神分裂等）,MDD,/benchmark-eeg/5.0_version/result_5/linear_downsample/MDD_cross_subject_linear_downsample/seed_10_downsample_t40/ratio_full/eegmamba/summary.json
MDD_cross_subject_linear_downsample,MDD,cross_subject,seed_10_downsample_t40,10,femba,0.777229180505242,0.5,balanced_chance,Biometrics & Disease,个体与疾病,精神心理（抑郁/焦虑/精神分裂等）,MDD,/benchmark-eeg/5.0_version/result_5/linear_downsample/MDD_cross_subject_linear_downsample/seed_10_downsample_t40/ratio_full/femba/summary.json
MDD_cross_subject_linear_downsample,MDD,cross_subject,seed_10_downsample_t40,10,labram,0.7046203151428826,0.5,balanced_chance,Biometrics & Disease,个体与疾病,精神心理（抑郁/焦虑/精神分裂等）,MDD,/benchmark-eeg/5.0_version/result_5/linear_downsample/MDD_cross_subject_linear_downsample/seed_10_downsample_t40/ratio_full/labram/summary.json
MDD_cross_subject_linear_downsample,MDD,cross_subject,seed_10_downsample_t40,10,neurogpt,0.573666874387964,0.5,balanced_chance,Biometrics & Disease,个体与疾病,精神心理（抑郁/焦虑/精神分裂等）,MDD,/benchmark-eeg/5.0_version/result_5/linear_downsample/MDD_cross_subject_linear_downsample/seed_10_downsample_t40/ratio_full/neurogpt/summary.json
MDD_cross_subject_linear_downsample,MDD,cross_subject,seed_10_downsample_t40,10,neurolm,0.8939525710646515,0.5,balanced_chance,Biometrics & Disease,个体与疾病,精神心理（抑郁/焦虑/精神分裂等）,MDD,/benchmark-eeg/5.0_version/result_5/linear_downsample/MDD_cross_subject_linear_downsample/seed_10_downsample_t40/ratio_full/neurolm/summary.json
MDD_cross_subject_linear_downsample,MDD,cross_subject,seed_10_downsample_t40,10,reve,0.8214840887768868,0.5,balanced_chance,Biometrics & Disease,个体与疾病,精神心理（抑郁/焦虑/精神分裂等）,MDD,/benchmark-eeg/5.0_version/result_5/linear_downsample/MDD_cross_subject_linear_downsample/seed_10_downsample_t40/ratio_full/reve/summary.json
MDD_cross_subject_linear_downsample,MDD,cross_subject,seed_42_downsample_t40,42,bendr,0.5401440903485428,0.5,balanced_chance,Biometrics & Disease,个体与疾病,精神心理（抑郁/焦虑/精神分裂等）,MDD,/benchmark-eeg/5.0_version/result_5/linear_downsample/MDD_cross_subject_linear_downsample/seed_42_downsample_t40/ratio_full/bendr/summary.json
MDD_cross_subject_linear_downsample,MDD,cross_subject,seed_42_downsample_t40,42,biot,0.9391834880249237,0.5,balanced_chance,Biometrics & Disease,个体与疾病,精神心理（抑郁/焦虑/精神分裂等）,MDD,/benchmark-eeg/5.0_version/result_5/linear_downsample/MDD_cross_subject_linear_downsample/seed_42_downsample_t40/ratio_full/biot/summary.json
MDD_cross_subject_linear_downsample,MDD,cross_subject,seed_42_downsample_t40,42,brainomni,0.9989939637826961,0.5,balanced_chance,Biometrics & Disease,个体与疾病,精神心理（抑郁/焦虑/精神分裂等）,MDD,/benchmark-eeg/5.0_version/result_5/linear_downsample/MDD_cross_subject_linear_downsample/seed_42_downsample_t40/ratio_full/brainomni/summary.json
MDD_cross_subject_linear_downsample,MDD,cross_subject,seed_42_downsample_t40,42,cbramod,0.7396637891867333,0.5,balanced_chance,Biometrics & Disease,个体与疾病,精神心理（抑郁/焦虑/精神分裂等）,MDD,/benchmark-eeg/5.0_version/result_5/linear_downsample/MDD_cross_subject_linear_downsample/seed_42_downsample_t40/ratio_full/cbramod/summary.json
MDD_cross_subject_linear_downsample,MDD,cross_subject,seed_42_downsample_t40,42,eegmamba,0.7442720841176089,0.5,balanced_chance,Biometrics & Disease,个体与疾病,精神心理（抑郁/焦虑/精神分裂等）,MDD,/benchmark-eeg/5.0_version/result_5/linear_downsample/MDD_cross_subject_linear_downsample/seed_42_downsample_t40/ratio_full/eegmamba/summary.json
MDD_cross_subject_linear_downsample,MDD,cross_subject,seed_42_downsample_t40,42,femba,0.8317647822418381,0.5,balanced_chance,Biometrics & Disease,个体与疾病,精神心理（抑郁/焦虑/精神分裂等）,MDD,/benchmark-eeg/5.0_version/result_5/linear_downsample/MDD_cross_subject_linear_downsample/seed_42_downsample_t40/ratio_full/femba/summary.json
MDD_cross_subject_linear_downsample,MDD,cross_subject,seed_42_downsample_t40,42,labram,0.9252287921074837,0.5,balanced_chance,Biometrics & Disease,个体与疾病,精神心理（抑郁/焦虑/精神分裂等）,MDD,/benchmark-eeg/5.0_version/result_5/linear_downsample/MDD_cross_subject_linear_downsample/seed_42_downsample_t40/ratio_full/labram/summary.json
MDD_cross_subject_linear_downsample,MDD,cross_subject,seed_42_downsample_t40,42,neurogpt,0.7217498539624846,0.5,balanced_chance,Biometrics & Disease,个体与疾病,精神心理（抑郁/焦虑/精神分裂等）,MDD,/benchmark-eeg/5.0_version/result_5/linear_downsample/MDD_cross_subject_linear_downsample/seed_42_downsample_t40/ratio_full/neurogpt/summary.json
MDD_cross_subject_linear_downsample,MDD,cross_subject,seed_42_downsample_t40,42,neurolm,0.9605698708379309,0.5,balanced_chance,Biometrics & Disease,个体与疾病,精神心理（抑郁/焦虑/精神分裂等）,MDD,/benchmark-eeg/5.0_version/result_5/linear_downsample/MDD_cross_subject_linear_downsample/seed_42_downsample_t40/ratio_full/neurolm/summary.json
MDD_cross_subject_linear_downsample,MDD,cross_subject,seed_42_downsample_t40,42,reve,0.8562666320503667,0.5,balanced_chance,Biometrics & Disease,个体与疾病,精神心理（抑郁/焦虑/精神分裂等）,MDD,/benchmark-eeg/5.0_version/result_5/linear_downsample/MDD_cross_subject_linear_downsample/seed_42_downsample_t40/ratio_full/reve/summary.json
MDD_cross_subject_linear_downsample,MDD,cross_subject,seed_5_downsample_t40,5,bendr,0.5112645868063824,0.5,balanced_chance,Biometrics & Disease,个体与疾病,精神心理（抑郁/焦虑/精神分裂等）,MDD,/benchmark-eeg/5.0_version/result_5/linear_downsample/MDD_cross_subject_linear_downsample/seed_5_downsample_t40/ratio_full/bendr/summary.json
MDD_cross_subject_linear_downsample,MDD,cross_subject,seed_5_downsample_t40,5,biot,0.8464515360800191,0.5,balanced_chance,Biometrics & Disease,个体与疾病,精神心理（抑郁/焦虑/精神分裂等）,MDD,/benchmark-eeg/5.0_version/result_5/linear_downsample/MDD_cross_subject_linear_downsample/seed_5_downsample_t40/ratio_full/biot/summary.json
MDD_cross_subject_linear_downsample,MDD,cross_subject,seed_5_downsample_t40,5,brainomni,0.9992260061919505,0.5,balanced_chance,Biometrics & Disease,个体与疾病,精神心理（抑郁/焦虑/精神分裂等）,MDD,/benchmark-eeg/5.0_version/result_5/linear_downsample/MDD_cross_subject_linear_downsample/seed_5_downsample_t40/ratio_full/brainomni/summary.json
MDD_cross_subject_linear_downsample,MDD,cross_subject,seed_5_downsample_t40,5,cbramod,0.8813288878304358,0.5,balanced_chance,Biometrics & Disease,个体与疾病,精神心理（抑郁/焦虑/精神分裂等）,MDD,/benchmark-eeg/5.0_version/result_5/linear_downsample/MDD_cross_subject_linear_downsample/seed_5_downsample_t40/ratio_full/cbramod/summary.json
MDD_cross_subject_linear_downsample,MDD,cross_subject,seed_5_downsample_t40,5,eegmamba,0.7324243867587521,0.5,balanced_chance,Biometrics & Disease,个体与疾病,精神心理（抑郁/焦虑/精神分裂等）,MDD,/benchmark-eeg/5.0_version/result_5/linear_downsample/MDD_cross_subject_linear_downsample/seed_5_downsample_t40/ratio_full/eegmamba/summary.json
MDD_cross_subject_linear_downsample,MDD,cross_subject,seed_5_downsample_t40,5,femba,0.6230292926887354,0.5,balanced_chance,Biometrics & Disease,个体与疾病,精神心理（抑郁/焦虑/精神分裂等）,MDD,/benchmark-eeg/5.0_version/result_5/linear_downsample/MDD_cross_subject_linear_downsample/seed_5_downsample_t40/ratio_full/femba/summary.json
MDD_cross_subject_linear_downsample,MDD,cross_subject,seed_5_downsample_t40,5,labram,0.6026673017385091,0.5,balanced_chance,Biometrics & Disease,个体与疾病,精神心理（抑郁/焦虑/精神分裂等）,MDD,/benchmark-eeg/5.0_version/result_5/linear_downsample/MDD_cross_subject_linear_downsample/seed_5_downsample_t40/ratio_full/labram/summary.json
MDD_cross_subject_linear_downsample,MDD,cross_subject,seed_5_downsample_t40,5,neurogpt,0.5987973326982615,0.5,balanced_chance,Biometrics & Disease,个体与疾病,精神心理（抑郁/焦虑/精神分裂等）,MDD,/benchmark-eeg/5.0_version/result_5/linear_downsample/MDD_cross_subject_linear_downsample/seed_5_downsample_t40/ratio_full/neurogpt/summary.json
MDD_cross_subject_linear_downsample,MDD,cross_subject,seed_5_downsample_t40,5,neurolm,0.9040247678018576,0.5,balanced_chance,Biometrics & Disease,个体与疾病,精神心理（抑郁/焦虑/精神分裂等）,MDD,/benchmark-eeg/5.0_version/result_5/linear_downsample/MDD_cross_subject_linear_downsample/seed_5_downsample_t40/ratio_full/neurolm/summary.json
MDD_cross_subject_linear_downsample,MDD,cross_subject,seed_5_downsample_t40,5,reve,0.7934984520123839,0.5,balanced_chance,Biometrics & Disease,个体与疾病,精神心理（抑郁/焦虑/精神分裂等）,MDD,/benchmark-eeg/5.0_version/result_5/linear_downsample/MDD_cross_subject_linear_downsample/seed_5_downsample_t40/ratio_full/reve/summary.json
MODMA_cross_subject_linear_downsample,MODMA,cross_subject,seed_10_downsample_t40,10,bendr,0.5,0.5,balanced_chance,Unknown,Unknown,Unknown,,/benchmark-eeg/5.0_version/result_5/linear_downsample/MODMA_cross_subject_linear_downsample/seed_10_downsample_t40/ratio_full/bendr/summary.json
MODMA_cross_subject_linear_downsample,MODMA,cross_subject,seed_10_downsample_t40,10,brainomni,0.49333333333333335,0.5,balanced_chance,Unknown,Unknown,Unknown,,/benchmark-eeg/5.0_version/result_5/linear_downsample/MODMA_cross_subject_linear_downsample/seed_10_downsample_t40/ratio_full/brainomni/summary.json
MODMA_cross_subject_linear_downsample,MODMA,cross_subject,seed_10_downsample_t40,10,femba,0.7066666666666667,0.5,balanced_chance,Unknown,Unknown,Unknown,,/benchmark-eeg/5.0_version/result_5/linear_downsample/MODMA_cross_subject_linear_downsample/seed_10_downsample_t40/ratio_full/femba/summary.json
MODMA_cross_subject_linear_downsample,MODMA,cross_subject,seed_10_downsample_t40,10,reve,0.68,0.5,balanced_chance,Unknown,Unknown,Unknown,,/benchmark-eeg/5.0_version/result_5/linear_downsample/MODMA_cross_subject_linear_downsample/seed_10_downsample_t40/ratio_full/reve/summary.json
MODMA_cross_subject_linear_downsample,MODMA,cross_subject,seed_42_downsample_t40,42,bendr,0.5,0.5,balanced_chance,Unknown,Unknown,Unknown,,/benchmark-eeg/5.0_version/result_5/linear_downsample/MODMA_cross_subject_linear_downsample/seed_42_downsample_t40/ratio_full/bendr/summary.json
MODMA_cross_subject_linear_downsample,MODMA,cross_subject,seed_42_downsample_t40,42,biot,0.5,0.5,balanced_chance,Unknown,Unknown,Unknown,,/benchmark-eeg/5.0_version/result_5/linear_downsample/MODMA_cross_subject_linear_downsample/seed_42_downsample_t40/ratio_full/biot/summary.json
MODMA_cross_subject_linear_downsample,MODMA,cross_subject,seed_42_downsample_t40,42,brainomni,0.6185483870967742,0.5,balanced_chance,Unknown,Unknown,Unknown,,/benchmark-eeg/5.0_version/result_5/linear_downsample/MODMA_cross_subject_linear_downsample/seed_42_downsample_t40/ratio_full/brainomni/summary.json
MODMA_cross_subject_linear_downsample,MODMA,cross_subject,seed_42_downsample_t40,42,cbramod,0.5,0.5,balanced_chance,Unknown,Unknown,Unknown,,/benchmark-eeg/5.0_version/result_5/linear_downsample/MODMA_cross_subject_linear_downsample/seed_42_downsample_t40/ratio_full/cbramod/summary.json
MODMA_cross_subject_linear_downsample,MODMA,cross_subject,seed_42_downsample_t40,42,eegmamba,0.6102150537634409,0.5,balanced_chance,Unknown,Unknown,Unknown,,/benchmark-eeg/5.0_version/result_5/linear_downsample/MODMA_cross_subject_linear_downsample/seed_42_downsample_t40/ratio_full/eegmamba/summary.json
MODMA_cross_subject_linear_downsample,MODMA,cross_subject,seed_42_downsample_t40,42,femba,0.7381720430107528,0.5,balanced_chance,Unknown,Unknown,Unknown,,/benchmark-eeg/5.0_version/result_5/linear_downsample/MODMA_cross_subject_linear_downsample/seed_42_downsample_t40/ratio_full/femba/summary.json
MODMA_cross_subject_linear_downsample,MODMA,cross_subject,seed_42_downsample_t40,42,labram,0.5,0.5,balanced_chance,Unknown,Unknown,Unknown,,/benchmark-eeg/5.0_version/result_5/linear_downsample/MODMA_cross_subject_linear_downsample/seed_42_downsample_t40/ratio_full/labram/summary.json
MODMA_cross_subject_linear_downsample,MODMA,cross_subject,seed_42_downsample_t40,42,neurogpt,0.5435483870967741,0.5,balanced_chance,Unknown,Unknown,Unknown,,/benchmark-eeg/5.0_version/result_5/linear_downsample/MODMA_cross_subject_linear_downsample/seed_42_downsample_t40/ratio_full/neurogpt/summary.json
MODMA_cross_subject_linear_downsample,MODMA,cross_subject,seed_42_downsample_t40,42,reve,0.5161290322580645,0.5,balanced_chance,Unknown,Unknown,Unknown,,/benchmark-eeg/5.0_version/result_5/linear_downsample/MODMA_cross_subject_linear_downsample/seed_42_downsample_t40/ratio_full/reve/summary.json
MODMA_cross_subject_linear_downsample,MODMA,cross_subject,seed_5_downsample_t40,5,bendr,0.5,0.5,balanced_chance,Unknown,Unknown,Unknown,,/benchmark-eeg/5.0_version/result_5/linear_downsample/MODMA_cross_subject_linear_downsample/seed_5_downsample_t40/ratio_full/bendr/summary.json
MODMA_cross_subject_linear_downsample,MODMA,cross_subject,seed_5_downsample_t40,5,brainomni,0.86,0.5,balanced_chance,Unknown,Unknown,Unknown,,/benchmark-eeg/5.0_version/result_5/linear_downsample/MODMA_cross_subject_linear_downsample/seed_5_downsample_t40/ratio_full/brainomni/summary.json
MODMA_cross_subject_linear_downsample,MODMA,cross_subject,seed_5_downsample_t40,5,femba,0.8733333333333333,0.5,balanced_chance,Unknown,Unknown,Unknown,,/benchmark-eeg/5.0_version/result_5/linear_downsample/MODMA_cross_subject_linear_downsample/seed_5_downsample_t40/ratio_full/femba/summary.json
MODMA_cross_subject_linear_downsample,MODMA,cross_subject,seed_5_downsample_t40,5,reve,0.52,0.5,balanced_chance,Unknown,Unknown,Unknown,,/benchmark-eeg/5.0_version/result_5/linear_downsample/MODMA_cross_subject_linear_downsample/seed_5_downsample_t40/ratio_full/reve/summary.json
MonitoringErrP_cross_subject_linear_downsample,MonitoringErrP,cross_subject,seed_10_downsample_t40,10,bendr,0.5036116983791402,0.5,balanced_chance,Interaction & Control,交互与控制,ErrP/错误相关反馈,Monitoring ErrP,/benchmark-eeg/5.0_version/result_5/linear_downsample/MonitoringErrP_cross_subject_linear_downsample/seed_10_downsample_t40/ratio_full/bendr/summary.json
MonitoringErrP_cross_subject_linear_downsample,MonitoringErrP,cross_subject,seed_10_downsample_t40,10,biot,0.5052193446088795,0.5,balanced_chance,Interaction & Control,交互与控制,ErrP/错误相关反馈,Monitoring ErrP,/benchmark-eeg/5.0_version/result_5/linear_downsample/MonitoringErrP_cross_subject_linear_downsample/seed_10_downsample_t40/ratio_full/biot/summary.json
MonitoringErrP_cross_subject_linear_downsample,MonitoringErrP,cross_subject,seed_10_downsample_t40,10,brainomni,0.5093816067653276,0.5,balanced_chance,Interaction & Control,交互与控制,ErrP/错误相关反馈,Monitoring ErrP,/benchmark-eeg/5.0_version/result_5/linear_downsample/MonitoringErrP_cross_subject_linear_downsample/seed_10_downsample_t40/ratio_full/brainomni/summary.json
MonitoringErrP_cross_subject_linear_downsample,MonitoringErrP,cross_subject,seed_10_downsample_t40,10,cbramod,0.4805540873854827,0.5,balanced_chance,Interaction & Control,交互与控制,ErrP/错误相关反馈,Monitoring ErrP,/benchmark-eeg/5.0_version/result_5/linear_downsample/MonitoringErrP_cross_subject_linear_downsample/seed_10_downsample_t40/ratio_full/cbramod/summary.json
MonitoringErrP_cross_subject_linear_downsample,MonitoringErrP,cross_subject,seed_10_downsample_t40,10,eegmamba,0.5153056730091614,0.5,balanced_chance,Interaction & Control,交互与控制,ErrP/错误相关反馈,Monitoring ErrP,/benchmark-eeg/5.0_version/result_5/linear_downsample/MonitoringErrP_cross_subject_linear_downsample/seed_10_downsample_t40/ratio_full/eegmamba/summary.json
MonitoringErrP_cross_subject_linear_downsample,MonitoringErrP,cross_subject,seed_10_downsample_t40,10,femba,0.5025986610288936,0.5,balanced_chance,Interaction & Control,交互与控制,ErrP/错误相关反馈,Monitoring ErrP,/benchmark-eeg/5.0_version/result_5/linear_downsample/MonitoringErrP_cross_subject_linear_downsample/seed_10_downsample_t40/ratio_full/femba/summary.json
MonitoringErrP_cross_subject_linear_downsample,MonitoringErrP,cross_subject,seed_10_downsample_t40,10,labram,0.5128831923890064,0.5,balanced_chance,Interaction & Control,交互与控制,ErrP/错误相关反馈,Monitoring ErrP,/benchmark-eeg/5.0_version/result_5/linear_downsample/MonitoringErrP_cross_subject_linear_downsample/seed_10_downsample_t40/ratio_full/labram/summary.json
MonitoringErrP_cross_subject_linear_downsample,MonitoringErrP,cross_subject,seed_10_downsample_t40,10,neurogpt,0.5202827695560254,0.5,balanced_chance,Interaction & Control,交互与控制,ErrP/错误相关反馈,Monitoring ErrP,/benchmark-eeg/5.0_version/result_5/linear_downsample/MonitoringErrP_cross_subject_linear_downsample/seed_10_downsample_t40/ratio_full/neurogpt/summary.json
MonitoringErrP_cross_subject_linear_downsample,MonitoringErrP,cross_subject,seed_10_downsample_t40,10,neurolm,0.5010350599013389,0.5,balanced_chance,Interaction & Control,交互与控制,ErrP/错误相关反馈,Monitoring ErrP,/benchmark-eeg/5.0_version/result_5/linear_downsample/MonitoringErrP_cross_subject_linear_downsample/seed_10_downsample_t40/ratio_full/neurolm/summary.json
MonitoringErrP_cross_subject_linear_downsample,MonitoringErrP,cross_subject,seed_10_downsample_t40,10,reve,0.4969608879492601,0.5,balanced_chance,Interaction & Control,交互与控制,ErrP/错误相关反馈,Monitoring ErrP,/benchmark-eeg/5.0_version/result_5/linear_downsample/MonitoringErrP_cross_subject_linear_downsample/seed_10_downsample_t40/ratio_full/reve/summary.json
MonitoringErrP_cross_subject_linear_downsample,MonitoringErrP,cross_subject,seed_42_downsample_t40,42,bendr,0.5183007399577167,0.5,balanced_chance,Interaction & Control,交互与控制,ErrP/错误相关反馈,Monitoring ErrP,/benchmark-eeg/5.0_version/result_5/linear_downsample/MonitoringErrP_cross_subject_linear_downsample/seed_42_downsample_t40/ratio_full/bendr/summary.json
MonitoringErrP_cross_subject_linear_downsample,MonitoringErrP,cross_subject,seed_42_downsample_t40,42,biot,0.5258324524312896,0.5,balanced_chance,Interaction & Control,交互与控制,ErrP/错误相关反馈,Monitoring ErrP,/benchmark-eeg/5.0_version/result_5/linear_downsample/MonitoringErrP_cross_subject_linear_downsample/seed_42_downsample_t40/ratio_full/biot/summary.json
MonitoringErrP_cross_subject_linear_downsample,MonitoringErrP,cross_subject,seed_42_downsample_t40,42,brainomni,0.48059813248766736,0.5,balanced_chance,Interaction & Control,交互与控制,ErrP/错误相关反馈,Monitoring ErrP,/benchmark-eeg/5.0_version/result_5/linear_downsample/MonitoringErrP_cross_subject_linear_downsample/seed_42_downsample_t40/ratio_full/brainomni/summary.json
MonitoringErrP_cross_subject_linear_downsample,MonitoringErrP,cross_subject,seed_42_downsample_t40,42,cbramod,0.4825361169837914,0.5,balanced_chance,Interaction & Control,交互与控制,ErrP/错误相关反馈,Monitoring ErrP,/benchmark-eeg/5.0_version/result_5/linear_downsample/MonitoringErrP_cross_subject_linear_downsample/seed_42_downsample_t40/ratio_full/cbramod/summary.json
MonitoringErrP_cross_subject_linear_downsample,MonitoringErrP,cross_subject,seed_42_downsample_t40,42,eegmamba,0.5051092318534178,0.5,balanced_chance,Interaction & Control,交互与控制,ErrP/错误相关反馈,Monitoring ErrP,/benchmark-eeg/5.0_version/result_5/linear_downsample/MonitoringErrP_cross_subject_linear_downsample/seed_42_downsample_t40/ratio_full/eegmamba/summary.json
MonitoringErrP_cross_subject_linear_downsample,MonitoringErrP,cross_subject,seed_42_downsample_t40,42,femba,0.48436398872445385,0.5,balanced_chance,Interaction & Control,交互与控制,ErrP/错误相关反馈,Monitoring ErrP,/benchmark-eeg/5.0_version/result_5/linear_downsample/MonitoringErrP_cross_subject_linear_downsample/seed_42_downsample_t40/ratio_full/femba/summary.json
MonitoringErrP_cross_subject_linear_downsample,MonitoringErrP,cross_subject,seed_42_downsample_t40,42,labram,0.4703136011275546,0.5,balanced_chance,Interaction & Control,交互与控制,ErrP/错误相关反馈,Monitoring ErrP,/benchmark-eeg/5.0_version/result_5/linear_downsample/MonitoringErrP_cross_subject_linear_downsample/seed_42_downsample_t40/ratio_full/labram/summary.json
MonitoringErrP_cross_subject_linear_downsample,MonitoringErrP,cross_subject,seed_42_downsample_t40,42,neurogpt,0.5,0.5,balanced_chance,Interaction & Control,交互与控制,ErrP/错误相关反馈,Monitoring ErrP,/benchmark-eeg/5.0_version/result_5/linear_downsample/MonitoringErrP_cross_subject_linear_downsample/seed_42_downsample_t40/ratio_full/neurogpt/summary.json
MonitoringErrP_cross_subject_linear_downsample,MonitoringErrP,cross_subject,seed_42_downsample_t40,42,neurolm,0.4885042283298098,0.5,balanced_chance,Interaction & Control,交互与控制,ErrP/错误相关反馈,Monitoring ErrP,/benchmark-eeg/5.0_version/result_5/linear_downsample/MonitoringErrP_cross_subject_linear_downsample/seed_42_downsample_t40/ratio_full/neurolm/summary.json
MonitoringErrP_cross_subject_linear_downsample,MonitoringErrP,cross_subject,seed_42_downsample_t40,42,reve,0.49702695560253696,0.5,balanced_chance,Interaction & Control,交互与控制,ErrP/错误相关反馈,Monitoring ErrP,/benchmark-eeg/5.0_version/result_5/linear_downsample/MonitoringErrP_cross_subject_linear_downsample/seed_42_downsample_t40/ratio_full/reve/summary.json
MonitoringErrP_cross_subject_linear_downsample,MonitoringErrP,cross_subject,seed_5_downsample_t40,5,bendr,0.47958509513742076,0.5,balanced_chance,Interaction & Control,交互与控制,ErrP/错误相关反馈,Monitoring ErrP,/benchmark-eeg/5.0_version/result_5/linear_downsample/MonitoringErrP_cross_subject_linear_downsample/seed_5_downsample_t40/ratio_full/bendr/summary.json
MonitoringErrP_cross_subject_linear_downsample,MonitoringErrP,cross_subject,seed_5_downsample_t40,5,biot,0.49707100070472165,0.5,balanced_chance,Interaction & Control,交互与控制,ErrP/错误相关反馈,Monitoring ErrP,/benchmark-eeg/5.0_version/result_5/linear_downsample/MonitoringErrP_cross_subject_linear_downsample/seed_5_downsample_t40/ratio_full/biot/summary.json
MonitoringErrP_cross_subject_linear_downsample,MonitoringErrP,cross_subject,seed_5_downsample_t40,5,brainomni,0.4898696264975335,0.5,balanced_chance,Interaction & Control,交互与控制,ErrP/错误相关反馈,Monitoring ErrP,/benchmark-eeg/5.0_version/result_5/linear_downsample/MonitoringErrP_cross_subject_linear_downsample/seed_5_downsample_t40/ratio_full/brainomni/summary.json
MonitoringErrP_cross_subject_linear_downsample,MonitoringErrP,cross_subject,seed_5_downsample_t40,5,cbramod,0.5118040873854828,0.5,balanced_chance,Interaction & Control,交互与控制,ErrP/错误相关反馈,Monitoring ErrP,/benchmark-eeg/5.0_version/result_5/linear_downsample/MonitoringErrP_cross_subject_linear_downsample/seed_5_downsample_t40/ratio_full/cbramod/summary.json
MonitoringErrP_cross_subject_linear_downsample,MonitoringErrP,cross_subject,seed_5_downsample_t40,5,eegmamba,0.5142265680056377,0.5,balanced_chance,Interaction & Control,交互与控制,ErrP/错误相关反馈,Monitoring ErrP,/benchmark-eeg/5.0_version/result_5/linear_downsample/MonitoringErrP_cross_subject_linear_downsample/seed_5_downsample_t40/ratio_full/eegmamba/summary.json
MonitoringErrP_cross_subject_linear_downsample,MonitoringErrP,cross_subject,seed_5_downsample_t40,5,femba,0.4977536997885835,0.5,balanced_chance,Interaction & Control,交互与控制,ErrP/错误相关反馈,Monitoring ErrP,/benchmark-eeg/5.0_version/result_5/linear_downsample/MonitoringErrP_cross_subject_linear_downsample/seed_5_downsample_t40/ratio_full/femba/summary.json
MonitoringErrP_cross_subject_linear_downsample,MonitoringErrP,cross_subject,seed_5_downsample_t40,5,labram,0.48806377730796335,0.5,balanced_chance,Interaction & Control,交互与控制,ErrP/错误相关反馈,Monitoring ErrP,/benchmark-eeg/5.0_version/result_5/linear_downsample/MonitoringErrP_cross_subject_linear_downsample/seed_5_downsample_t40/ratio_full/labram/summary.json
MonitoringErrP_cross_subject_linear_downsample,MonitoringErrP,cross_subject,seed_5_downsample_t40,5,neurogpt,0.4665477448907681,0.5,balanced_chance,Interaction & Control,交互与控制,ErrP/错误相关反馈,Monitoring ErrP,/benchmark-eeg/5.0_version/result_5/linear_downsample/MonitoringErrP_cross_subject_linear_downsample/seed_5_downsample_t40/ratio_full/neurogpt/summary.json
MonitoringErrP_cross_subject_linear_downsample,MonitoringErrP,cross_subject,seed_5_downsample_t40,5,neurolm,0.5012552854122622,0.5,balanced_chance,Interaction & Control,交互与控制,ErrP/错误相关反馈,Monitoring ErrP,/benchmark-eeg/5.0_version/result_5/linear_downsample/MonitoringErrP_cross_subject_linear_downsample/seed_5_downsample_t40/ratio_full/neurolm/summary.json
MonitoringErrP_cross_subject_linear_downsample,MonitoringErrP,cross_subject,seed_5_downsample_t40,5,reve,0.4753787878787879,0.5,balanced_chance,Interaction & Control,交互与控制,ErrP/错误相关反馈,Monitoring ErrP,/benchmark-eeg/5.0_version/result_5/linear_downsample/MonitoringErrP_cross_subject_linear_downsample/seed_5_downsample_t40/ratio_full/reve/summary.json
MonitoringErrP_within_subject_linear_downsample,MonitoringErrP,within_subject,seed_10_downsample_t40,10,bendr,0.48140432098765434,0.5,balanced_chance,Interaction & Control,交互与控制,ErrP/错误相关反馈,Monitoring ErrP,/benchmark-eeg/5.0_version/result_5/linear_downsample/MonitoringErrP_within_subject_linear_downsample/seed_10_downsample_t40/ratio_full/bendr/summary.json
MonitoringErrP_within_subject_linear_downsample,MonitoringErrP,within_subject,seed_10_downsample_t40,10,biot,0.5031057098765432,0.5,balanced_chance,Interaction & Control,交互与控制,ErrP/错误相关反馈,Monitoring ErrP,/benchmark-eeg/5.0_version/result_5/linear_downsample/MonitoringErrP_within_subject_linear_downsample/seed_10_downsample_t40/ratio_full/biot/summary.json
MonitoringErrP_within_subject_linear_downsample,MonitoringErrP,within_subject,seed_10_downsample_t40,10,brainomni,0.5083333333333333,0.5,balanced_chance,Interaction & Control,交互与控制,ErrP/错误相关反馈,Monitoring ErrP,/benchmark-eeg/5.0_version/result_5/linear_downsample/MonitoringErrP_within_subject_linear_downsample/seed_10_downsample_t40/ratio_full/brainomni/summary.json
MonitoringErrP_within_subject_linear_downsample,MonitoringErrP,within_subject,seed_10_downsample_t40,10,cbramod,0.5234375,0.5,balanced_chance,Interaction & Control,交互与控制,ErrP/错误相关反馈,Monitoring ErrP,/benchmark-eeg/5.0_version/result_5/linear_downsample/MonitoringErrP_within_subject_linear_downsample/seed_10_downsample_t40/ratio_full/cbramod/summary.json
MonitoringErrP_within_subject_linear_downsample,MonitoringErrP,within_subject,seed_10_downsample_t40,10,eegmamba,0.49745370370370373,0.5,balanced_chance,Interaction & Control,交互与控制,ErrP/错误相关反馈,Monitoring ErrP,/benchmark-eeg/5.0_version/result_5/linear_downsample/MonitoringErrP_within_subject_linear_downsample/seed_10_downsample_t40/ratio_full/eegmamba/summary.json
MonitoringErrP_within_subject_linear_downsample,MonitoringErrP,within_subject,seed_10_downsample_t40,10,femba,0.49625771604938274,0.5,balanced_chance,Interaction & Control,交互与控制,ErrP/错误相关反馈,Monitoring ErrP,/benchmark-eeg/5.0_version/result_5/linear_downsample/MonitoringErrP_within_subject_linear_downsample/seed_10_downsample_t40/ratio_full/femba/summary.json
MonitoringErrP_within_subject_linear_downsample,MonitoringErrP,within_subject,seed_10_downsample_t40,10,labram,0.4814429012345679,0.5,balanced_chance,Interaction & Control,交互与控制,ErrP/错误相关反馈,Monitoring ErrP,/benchmark-eeg/5.0_version/result_5/linear_downsample/MonitoringErrP_within_subject_linear_downsample/seed_10_downsample_t40/ratio_full/labram/summary.json
MonitoringErrP_within_subject_linear_downsample,MonitoringErrP,within_subject,seed_10_downsample_t40,10,neurogpt,0.5053433641975309,0.5,balanced_chance,Interaction & Control,交互与控制,ErrP/错误相关反馈,Monitoring ErrP,/benchmark-eeg/5.0_version/result_5/linear_downsample/MonitoringErrP_within_subject_linear_downsample/seed_10_downsample_t40/ratio_full/neurogpt/summary.json
MonitoringErrP_within_subject_linear_downsample,MonitoringErrP,within_subject,seed_10_downsample_t40,10,neurolm,0.4795717592592592,0.5,balanced_chance,Interaction & Control,交互与控制,ErrP/错误相关反馈,Monitoring ErrP,/benchmark-eeg/5.0_version/result_5/linear_downsample/MonitoringErrP_within_subject_linear_downsample/seed_10_downsample_t40/ratio_full/neurolm/summary.json
MonitoringErrP_within_subject_linear_downsample,MonitoringErrP,within_subject,seed_10_downsample_t40,10,reve,0.481520061728395,0.5,balanced_chance,Interaction & Control,交互与控制,ErrP/错误相关反馈,Monitoring ErrP,/benchmark-eeg/5.0_version/result_5/linear_downsample/MonitoringErrP_within_subject_linear_downsample/seed_10_downsample_t40/ratio_full/reve/summary.json
MonitoringErrP_within_subject_linear_downsample,MonitoringErrP,within_subject,seed_42_downsample_t40,42,bendr,0.5335687000810279,0.5,balanced_chance,Interaction & Control,交互与控制,ErrP/错误相关反馈,Monitoring ErrP,/benchmark-eeg/5.0_version/result_5/linear_downsample/MonitoringErrP_within_subject_linear_downsample/seed_42_downsample_t40/ratio_full/bendr/summary.json
MonitoringErrP_within_subject_linear_downsample,MonitoringErrP,within_subject,seed_42_downsample_t40,42,biot,0.506163907859706,0.5,balanced_chance,Interaction & Control,交互与控制,ErrP/错误相关反馈,Monitoring ErrP,/benchmark-eeg/5.0_version/result_5/linear_downsample/MonitoringErrP_within_subject_linear_downsample/seed_42_downsample_t40/ratio_full/biot/summary.json
MonitoringErrP_within_subject_linear_downsample,MonitoringErrP,within_subject,seed_42_downsample_t40,42,brainomni,0.49034417563761235,0.5,balanced_chance,Interaction & Control,交互与控制,ErrP/错误相关反馈,Monitoring ErrP,/benchmark-eeg/5.0_version/result_5/linear_downsample/MonitoringErrP_within_subject_linear_downsample/seed_42_downsample_t40/ratio_full/brainomni/summary.json
MonitoringErrP_within_subject_linear_downsample,MonitoringErrP,within_subject,seed_42_downsample_t40,42,cbramod,0.5212505305398001,0.5,balanced_chance,Interaction & Control,交互与控制,ErrP/错误相关反馈,Monitoring ErrP,/benchmark-eeg/5.0_version/result_5/linear_downsample/MonitoringErrP_within_subject_linear_downsample/seed_42_downsample_t40/ratio_full/cbramod/summary.json
MonitoringErrP_within_subject_linear_downsample,MonitoringErrP,within_subject,seed_42_downsample_t40,42,eegmamba,0.5136396959524636,0.5,balanced_chance,Interaction & Control,交互与控制,ErrP/错误相关反馈,Monitoring ErrP,/benchmark-eeg/5.0_version/result_5/linear_downsample/MonitoringErrP_within_subject_linear_downsample/seed_42_downsample_t40/ratio_full/eegmamba/summary.json
MonitoringErrP_within_subject_linear_downsample,MonitoringErrP,within_subject,seed_42_downsample_t40,42,femba,0.4923795192344793,0.5,balanced_chance,Interaction & Control,交互与控制,ErrP/错误相关反馈,Monitoring ErrP,/benchmark-eeg/5.0_version/result_5/linear_downsample/MonitoringErrP_within_subject_linear_downsample/seed_42_downsample_t40/ratio_full/femba/summary.json
MonitoringErrP_within_subject_linear_downsample,MonitoringErrP,within_subject,seed_42_downsample_t40,42,labram,0.4990836130725007,0.5,balanced_chance,Interaction & Control,交互与控制,ErrP/错误相关反馈,Monitoring ErrP,/benchmark-eeg/5.0_version/result_5/linear_downsample/MonitoringErrP_within_subject_linear_downsample/seed_42_downsample_t40/ratio_full/labram/summary.json
MonitoringErrP_within_subject_linear_downsample,MonitoringErrP,within_subject,seed_42_downsample_t40,42,neurogpt,0.49867847358876416,0.5,balanced_chance,Interaction & Control,交互与控制,ErrP/错误相关反馈,Monitoring ErrP,/benchmark-eeg/5.0_version/result_5/linear_downsample/MonitoringErrP_within_subject_linear_downsample/seed_42_downsample_t40/ratio_full/neurogpt/summary.json
MonitoringErrP_within_subject_linear_downsample,MonitoringErrP,within_subject,seed_42_downsample_t40,42,neurolm,0.5311957402477139,0.5,balanced_chance,Interaction & Control,交互与控制,ErrP/错误相关反馈,Monitoring ErrP,/benchmark-eeg/5.0_version/result_5/linear_downsample/MonitoringErrP_within_subject_linear_downsample/seed_42_downsample_t40/ratio_full/neurolm/summary.json
MonitoringErrP_within_subject_linear_downsample,MonitoringErrP,within_subject,seed_42_downsample_t40,42,reve,0.5025658833969981,0.5,balanced_chance,Interaction & Control,交互与控制,ErrP/错误相关反馈,Monitoring ErrP,/benchmark-eeg/5.0_version/result_5/linear_downsample/MonitoringErrP_within_subject_linear_downsample/seed_42_downsample_t40/ratio_full/reve/summary.json
MonitoringErrP_within_subject_linear_downsample,MonitoringErrP,within_subject,seed_5_downsample_t40,5,bendr,0.5125141163865912,0.5,balanced_chance,Interaction & Control,交互与控制,ErrP/错误相关反馈,Monitoring ErrP,/benchmark-eeg/5.0_version/result_5/linear_downsample/MonitoringErrP_within_subject_linear_downsample/seed_5_downsample_t40/ratio_full/bendr/summary.json
MonitoringErrP_within_subject_linear_downsample,MonitoringErrP,within_subject,seed_5_downsample_t40,5,biot,0.49077246797872653,0.5,balanced_chance,Interaction & Control,交互与控制,ErrP/错误相关反馈,Monitoring ErrP,/benchmark-eeg/5.0_version/result_5/linear_downsample/MonitoringErrP_within_subject_linear_downsample/seed_5_downsample_t40/ratio_full/biot/summary.json
MonitoringErrP_within_subject_linear_downsample,MonitoringErrP,within_subject,seed_5_downsample_t40,5,brainomni,0.5365771261449959,0.5,balanced_chance,Interaction & Control,交互与控制,ErrP/错误相关反馈,Monitoring ErrP,/benchmark-eeg/5.0_version/result_5/linear_downsample/MonitoringErrP_within_subject_linear_downsample/seed_5_downsample_t40/ratio_full/brainomni/summary.json
MonitoringErrP_within_subject_linear_downsample,MonitoringErrP,within_subject,seed_5_downsample_t40,5,cbramod,0.4714293987625841,0.5,balanced_chance,Interaction & Control,交互与控制,ErrP/错误相关反馈,Monitoring ErrP,/benchmark-eeg/5.0_version/result_5/linear_downsample/MonitoringErrP_within_subject_linear_downsample/seed_5_downsample_t40/ratio_full/cbramod/summary.json
MonitoringErrP_within_subject_linear_downsample,MonitoringErrP,within_subject,seed_5_downsample_t40,5,eegmamba,0.5187108481414631,0.5,balanced_chance,Interaction & Control,交互与控制,ErrP/错误相关反馈,Monitoring ErrP,/benchmark-eeg/5.0_version/result_5/linear_downsample/MonitoringErrP_within_subject_linear_downsample/seed_5_downsample_t40/ratio_full/eegmamba/summary.json
MonitoringErrP_within_subject_linear_downsample,MonitoringErrP,within_subject,seed_5_downsample_t40,5,femba,0.4943293147881818,0.5,balanced_chance,Interaction & Control,交互与控制,ErrP/错误相关反馈,Monitoring ErrP,/benchmark-eeg/5.0_version/result_5/linear_downsample/MonitoringErrP_within_subject_linear_downsample/seed_5_downsample_t40/ratio_full/femba/summary.json
MonitoringErrP_within_subject_linear_downsample,MonitoringErrP,within_subject,seed_5_downsample_t40,5,labram,0.4939625300425663,0.5,balanced_chance,Interaction & Control,交互与控制,ErrP/错误相关反馈,Monitoring ErrP,/benchmark-eeg/5.0_version/result_5/linear_downsample/MonitoringErrP_within_subject_linear_downsample/seed_5_downsample_t40/ratio_full/labram/summary.json
MonitoringErrP_within_subject_linear_downsample,MonitoringErrP,within_subject,seed_5_downsample_t40,5,neurogpt,0.5058444253544782,0.5,balanced_chance,Interaction & Control,交互与控制,ErrP/错误相关反馈,Monitoring ErrP,/benchmark-eeg/5.0_version/result_5/linear_downsample/MonitoringErrP_within_subject_linear_downsample/seed_5_downsample_t40/ratio_full/neurogpt/summary.json
MonitoringErrP_within_subject_linear_downsample,MonitoringErrP,within_subject,seed_5_downsample_t40,5,neurolm,0.5253564085982066,0.5,balanced_chance,Interaction & Control,交互与控制,ErrP/错误相关反馈,Monitoring ErrP,/benchmark-eeg/5.0_version/result_5/linear_downsample/MonitoringErrP_within_subject_linear_downsample/seed_5_downsample_t40/ratio_full/neurolm/summary.json
MonitoringErrP_within_subject_linear_downsample,MonitoringErrP,within_subject,seed_5_downsample_t40,5,reve,0.49585919326660427,0.5,balanced_chance,Interaction & Control,交互与控制,ErrP/错误相关反馈,Monitoring ErrP,/benchmark-eeg/5.0_version/result_5/linear_downsample/MonitoringErrP_within_subject_linear_downsample/seed_5_downsample_t40/ratio_full/reve/summary.json
MusicEEG_cross_subject_linear_downsample,MusicEEG,cross_subject,seed_10_downsample_t40,10,bendr,0.4861111111111111,0.5,balanced_chance,Cognition & Emotion,认知与情绪,情绪诱发 / 情绪解码,MusicEEG,/benchmark-eeg/5.0_version/result_5/linear_downsample/MusicEEG_cross_subject_linear_downsample/seed_10_downsample_t40/ratio_full/bendr/summary.json
MusicEEG_cross_subject_linear_downsample,MusicEEG,cross_subject,seed_10_downsample_t40,10,biot,0.4722222222222222,0.5,balanced_chance,Cognition & Emotion,认知与情绪,情绪诱发 / 情绪解码,MusicEEG,/benchmark-eeg/5.0_version/result_5/linear_downsample/MusicEEG_cross_subject_linear_downsample/seed_10_downsample_t40/ratio_full/biot/summary.json
MusicEEG_cross_subject_linear_downsample,MusicEEG,cross_subject,seed_10_downsample_t40,10,brainomni,0.48148148148148145,0.5,balanced_chance,Cognition & Emotion,认知与情绪,情绪诱发 / 情绪解码,MusicEEG,/benchmark-eeg/5.0_version/result_5/linear_downsample/MusicEEG_cross_subject_linear_downsample/seed_10_downsample_t40/ratio_full/brainomni/summary.json
MusicEEG_cross_subject_linear_downsample,MusicEEG,cross_subject,seed_10_downsample_t40,10,cbramod,0.5324074074074074,0.5,balanced_chance,Cognition & Emotion,认知与情绪,情绪诱发 / 情绪解码,MusicEEG,/benchmark-eeg/5.0_version/result_5/linear_downsample/MusicEEG_cross_subject_linear_downsample/seed_10_downsample_t40/ratio_full/cbramod/summary.json
MusicEEG_cross_subject_linear_downsample,MusicEEG,cross_subject,seed_10_downsample_t40,10,eegmamba,0.5833333333333333,0.5,balanced_chance,Cognition & Emotion,认知与情绪,情绪诱发 / 情绪解码,MusicEEG,/benchmark-eeg/5.0_version/result_5/linear_downsample/MusicEEG_cross_subject_linear_downsample/seed_10_downsample_t40/ratio_full/eegmamba/summary.json
MusicEEG_cross_subject_linear_downsample,MusicEEG,cross_subject,seed_10_downsample_t40,10,femba,0.5324074074074074,0.5,balanced_chance,Cognition & Emotion,认知与情绪,情绪诱发 / 情绪解码,MusicEEG,/benchmark-eeg/5.0_version/result_5/linear_downsample/MusicEEG_cross_subject_linear_downsample/seed_10_downsample_t40/ratio_full/femba/summary.json
MusicEEG_cross_subject_linear_downsample,MusicEEG,cross_subject,seed_10_downsample_t40,10,labram,0.5740740740740741,0.5,balanced_chance,Cognition & Emotion,认知与情绪,情绪诱发 / 情绪解码,MusicEEG,/benchmark-eeg/5.0_version/result_5/linear_downsample/MusicEEG_cross_subject_linear_downsample/seed_10_downsample_t40/ratio_full/labram/summary.json
MusicEEG_cross_subject_linear_downsample,MusicEEG,cross_subject,seed_10_downsample_t40,10,neurogpt,0.5,0.5,balanced_chance,Cognition & Emotion,认知与情绪,情绪诱发 / 情绪解码,MusicEEG,/benchmark-eeg/5.0_version/result_5/linear_downsample/MusicEEG_cross_subject_linear_downsample/seed_10_downsample_t40/ratio_full/neurogpt/summary.json
MusicEEG_cross_subject_linear_downsample,MusicEEG,cross_subject,seed_10_downsample_t40,10,neurolm,0.5185185185185185,0.5,balanced_chance,Cognition & Emotion,认知与情绪,情绪诱发 / 情绪解码,MusicEEG,/benchmark-eeg/5.0_version/result_5/linear_downsample/MusicEEG_cross_subject_linear_downsample/seed_10_downsample_t40/ratio_full/neurolm/summary.json
MusicEEG_cross_subject_linear_downsample,MusicEEG,cross_subject,seed_10_downsample_t40,10,reve,0.5462962962962963,0.5,balanced_chance,Cognition & Emotion,认知与情绪,情绪诱发 / 情绪解码,MusicEEG,/benchmark-eeg/5.0_version/result_5/linear_downsample/MusicEEG_cross_subject_linear_downsample/seed_10_downsample_t40/ratio_full/reve/summary.json
MusicEEG_cross_subject_linear_downsample,MusicEEG,cross_subject,seed_42_downsample_t40,42,bendr,0.44999999999999996,0.5,balanced_chance,Cognition & Emotion,认知与情绪,情绪诱发 / 情绪解码,MusicEEG,/benchmark-eeg/5.0_version/result_5/linear_downsample/MusicEEG_cross_subject_linear_downsample/seed_42_downsample_t40/ratio_full/bendr/summary.json
MusicEEG_cross_subject_linear_downsample,MusicEEG,cross_subject,seed_42_downsample_t40,42,biot,0.5125,0.5,balanced_chance,Cognition & Emotion,认知与情绪,情绪诱发 / 情绪解码,MusicEEG,/benchmark-eeg/5.0_version/result_5/linear_downsample/MusicEEG_cross_subject_linear_downsample/seed_42_downsample_t40/ratio_full/biot/summary.json
MusicEEG_cross_subject_linear_downsample,MusicEEG,cross_subject,seed_42_downsample_t40,42,brainomni,0.5125,0.5,balanced_chance,Cognition & Emotion,认知与情绪,情绪诱发 / 情绪解码,MusicEEG,/benchmark-eeg/5.0_version/result_5/linear_downsample/MusicEEG_cross_subject_linear_downsample/seed_42_downsample_t40/ratio_full/brainomni/summary.json
MusicEEG_cross_subject_linear_downsample,MusicEEG,cross_subject,seed_42_downsample_t40,42,cbramod,0.6000000000000001,0.5,balanced_chance,Cognition & Emotion,认知与情绪,情绪诱发 / 情绪解码,MusicEEG,/benchmark-eeg/5.0_version/result_5/linear_downsample/MusicEEG_cross_subject_linear_downsample/seed_42_downsample_t40/ratio_full/cbramod/summary.json
MusicEEG_cross_subject_linear_downsample,MusicEEG,cross_subject,seed_42_downsample_t40,42,eegmamba,0.45416666666666666,0.5,balanced_chance,Cognition & Emotion,认知与情绪,情绪诱发 / 情绪解码,MusicEEG,/benchmark-eeg/5.0_version/result_5/linear_downsample/MusicEEG_cross_subject_linear_downsample/seed_42_downsample_t40/ratio_full/eegmamba/summary.json
MusicEEG_cross_subject_linear_downsample,MusicEEG,cross_subject,seed_42_downsample_t40,42,femba,0.44999999999999996,0.5,balanced_chance,Cognition & Emotion,认知与情绪,情绪诱发 / 情绪解码,MusicEEG,/benchmark-eeg/5.0_version/result_5/linear_downsample/MusicEEG_cross_subject_linear_downsample/seed_42_downsample_t40/ratio_full/femba/summary.json
MusicEEG_cross_subject_linear_downsample,MusicEEG,cross_subject,seed_42_downsample_t40,42,labram,0.4708333333333333,0.5,balanced_chance,Cognition & Emotion,认知与情绪,情绪诱发 / 情绪解码,MusicEEG,/benchmark-eeg/5.0_version/result_5/linear_downsample/MusicEEG_cross_subject_linear_downsample/seed_42_downsample_t40/ratio_full/labram/summary.json
MusicEEG_cross_subject_linear_downsample,MusicEEG,cross_subject,seed_42_downsample_t40,42,neurogpt,0.45416666666666666,0.5,balanced_chance,Cognition & Emotion,认知与情绪,情绪诱发 / 情绪解码,MusicEEG,/benchmark-eeg/5.0_version/result_5/linear_downsample/MusicEEG_cross_subject_linear_downsample/seed_42_downsample_t40/ratio_full/neurogpt/summary.json
MusicEEG_cross_subject_linear_downsample,MusicEEG,cross_subject,seed_42_downsample_t40,42,neurolm,0.5291666666666667,0.5,balanced_chance,Cognition & Emotion,认知与情绪,情绪诱发 / 情绪解码,MusicEEG,/benchmark-eeg/5.0_version/result_5/linear_downsample/MusicEEG_cross_subject_linear_downsample/seed_42_downsample_t40/ratio_full/neurolm/summary.json
MusicEEG_cross_subject_linear_downsample,MusicEEG,cross_subject,seed_42_downsample_t40,42,reve,0.42916666666666664,0.5,balanced_chance,Cognition & Emotion,认知与情绪,情绪诱发 / 情绪解码,MusicEEG,/benchmark-eeg/5.0_version/result_5/linear_downsample/MusicEEG_cross_subject_linear_downsample/seed_42_downsample_t40/ratio_full/reve/summary.json
MusicEEG_cross_subject_linear_downsample,MusicEEG,cross_subject,seed_5_downsample_t40,5,bendr,0.48148148148148145,0.5,balanced_chance,Cognition & Emotion,认知与情绪,情绪诱发 / 情绪解码,MusicEEG,/benchmark-eeg/5.0_version/result_5/linear_downsample/MusicEEG_cross_subject_linear_downsample/seed_5_downsample_t40/ratio_full/bendr/summary.json
MusicEEG_cross_subject_linear_downsample,MusicEEG,cross_subject,seed_5_downsample_t40,5,biot,0.3648148148148148,0.5,balanced_chance,Cognition & Emotion,认知与情绪,情绪诱发 / 情绪解码,MusicEEG,/benchmark-eeg/5.0_version/result_5/linear_downsample/MusicEEG_cross_subject_linear_downsample/seed_5_downsample_t40/ratio_full/biot/summary.json
MusicEEG_cross_subject_linear_downsample,MusicEEG,cross_subject,seed_5_downsample_t40,5,brainomni,0.562037037037037,0.5,balanced_chance,Cognition & Emotion,认知与情绪,情绪诱发 / 情绪解码,MusicEEG,/benchmark-eeg/5.0_version/result_5/linear_downsample/MusicEEG_cross_subject_linear_downsample/seed_5_downsample_t40/ratio_full/brainomni/summary.json
MusicEEG_cross_subject_linear_downsample,MusicEEG,cross_subject,seed_5_downsample_t40,5,cbramod,0.5731481481481482,0.5,balanced_chance,Cognition & Emotion,认知与情绪,情绪诱发 / 情绪解码,MusicEEG,/benchmark-eeg/5.0_version/result_5/linear_downsample/MusicEEG_cross_subject_linear_downsample/seed_5_downsample_t40/ratio_full/cbramod/summary.json
MusicEEG_cross_subject_linear_downsample,MusicEEG,cross_subject,seed_5_downsample_t40,5,eegmamba,0.5157407407407407,0.5,balanced_chance,Cognition & Emotion,认知与情绪,情绪诱发 / 情绪解码,MusicEEG,/benchmark-eeg/5.0_version/result_5/linear_downsample/MusicEEG_cross_subject_linear_downsample/seed_5_downsample_t40/ratio_full/eegmamba/summary.json
MusicEEG_cross_subject_linear_downsample,MusicEEG,cross_subject,seed_5_downsample_t40,5,femba,0.5462962962962963,0.5,balanced_chance,Cognition & Emotion,认知与情绪,情绪诱发 / 情绪解码,MusicEEG,/benchmark-eeg/5.0_version/result_5/linear_downsample/MusicEEG_cross_subject_linear_downsample/seed_5_downsample_t40/ratio_full/femba/summary.json
MusicEEG_cross_subject_linear_downsample,MusicEEG,cross_subject,seed_5_downsample_t40,5,labram,0.5833333333333333,0.5,balanced_chance,Cognition & Emotion,认知与情绪,情绪诱发 / 情绪解码,MusicEEG,/benchmark-eeg/5.0_version/result_5/linear_downsample/MusicEEG_cross_subject_linear_downsample/seed_5_downsample_t40/ratio_full/labram/summary.json
MusicEEG_cross_subject_linear_downsample,MusicEEG,cross_subject,seed_5_downsample_t40,5,neurogpt,0.5,0.5,balanced_chance,Cognition & Emotion,认知与情绪,情绪诱发 / 情绪解码,MusicEEG,/benchmark-eeg/5.0_version/result_5/linear_downsample/MusicEEG_cross_subject_linear_downsample/seed_5_downsample_t40/ratio_full/neurogpt/summary.json
MusicEEG_cross_subject_linear_downsample,MusicEEG,cross_subject,seed_5_downsample_t40,5,neurolm,0.5,0.5,balanced_chance,Cognition & Emotion,认知与情绪,情绪诱发 / 情绪解码,MusicEEG,/benchmark-eeg/5.0_version/result_5/linear_downsample/MusicEEG_cross_subject_linear_downsample/seed_5_downsample_t40/ratio_full/neurolm/summary.json
MusicEEG_cross_subject_linear_downsample,MusicEEG,cross_subject,seed_5_downsample_t40,5,reve,0.575925925925926,0.5,balanced_chance,Cognition & Emotion,认知与情绪,情绪诱发 / 情绪解码,MusicEEG,/benchmark-eeg/5.0_version/result_5/linear_downsample/MusicEEG_cross_subject_linear_downsample/seed_5_downsample_t40/ratio_full/reve/summary.json
PD31_cross_subject_linear_downsample,PD31,cross_subject,seed_10_downsample_t40,10,bendr,0.5,0.5,balanced_chance,Biometrics & Disease,个体与疾病,神经退行性（阿尔茨海默/帕金森等）,PD31,/benchmark-eeg/5.0_version/result_5/linear_downsample/PD31_cross_subject_linear_downsample/seed_10_downsample_t40/ratio_full/bendr/summary.json
PD31_cross_subject_linear_downsample,PD31,cross_subject,seed_10_downsample_t40,10,biot,0.5942806076854334,0.5,balanced_chance,Biometrics & Disease,个体与疾病,神经退行性（阿尔茨海默/帕金森等）,PD31,/benchmark-eeg/5.0_version/result_5/linear_downsample/PD31_cross_subject_linear_downsample/seed_10_downsample_t40/ratio_full/biot/summary.json
PD31_cross_subject_linear_downsample,PD31,cross_subject,seed_10_downsample_t40,10,brainomni,0.5590843472881006,0.5,balanced_chance,Biometrics & Disease,个体与疾病,神经退行性（阿尔茨海默/帕金森等）,PD31,/benchmark-eeg/5.0_version/result_5/linear_downsample/PD31_cross_subject_linear_downsample/seed_10_downsample_t40/ratio_full/brainomni/summary.json
PD31_cross_subject_linear_downsample,PD31,cross_subject,seed_10_downsample_t40,10,cbramod,0.6123461882175019,0.5,balanced_chance,Biometrics & Disease,个体与疾病,神经退行性（阿尔茨海默/帕金森等）,PD31,/benchmark-eeg/5.0_version/result_5/linear_downsample/PD31_cross_subject_linear_downsample/seed_10_downsample_t40/ratio_full/cbramod/summary.json
PD31_cross_subject_linear_downsample,PD31,cross_subject,seed_10_downsample_t40,10,eegmamba,0.4090534130748608,0.5,balanced_chance,Biometrics & Disease,个体与疾病,神经退行性（阿尔茨海默/帕金森等）,PD31,/benchmark-eeg/5.0_version/result_5/linear_downsample/PD31_cross_subject_linear_downsample/seed_10_downsample_t40/ratio_full/eegmamba/summary.json
PD31_cross_subject_linear_downsample,PD31,cross_subject,seed_10_downsample_t40,10,femba,0.6423626864645631,0.5,balanced_chance,Biometrics & Disease,个体与疾病,神经退行性（阿尔茨海默/帕金森等）,PD31,/benchmark-eeg/5.0_version/result_5/linear_downsample/PD31_cross_subject_linear_downsample/seed_10_downsample_t40/ratio_full/femba/summary.json
PD31_cross_subject_linear_downsample,PD31,cross_subject,seed_10_downsample_t40,10,labram,0.5122258884993469,0.5,balanced_chance,Biometrics & Disease,个体与疾病,神经退行性（阿尔茨海默/帕金森等）,PD31,/benchmark-eeg/5.0_version/result_5/linear_downsample/PD31_cross_subject_linear_downsample/seed_10_downsample_t40/ratio_full/labram/summary.json
PD31_cross_subject_linear_downsample,PD31,cross_subject,seed_10_downsample_t40,10,neurogpt,0.5153227469581356,0.5,balanced_chance,Biometrics & Disease,个体与疾病,神经退行性（阿尔茨海默/帕金森等）,PD31,/benchmark-eeg/5.0_version/result_5/linear_downsample/PD31_cross_subject_linear_downsample/seed_10_downsample_t40/ratio_full/neurogpt/summary.json
PD31_cross_subject_linear_downsample,PD31,cross_subject,seed_10_downsample_t40,10,neurolm,0.5854781054512957,0.5,balanced_chance,Biometrics & Disease,个体与疾病,神经退行性（阿尔茨海默/帕金森等）,PD31,/benchmark-eeg/5.0_version/result_5/linear_downsample/PD31_cross_subject_linear_downsample/seed_10_downsample_t40/ratio_full/neurolm/summary.json
PD31_cross_subject_linear_downsample,PD31,cross_subject,seed_10_downsample_t40,10,reve,0.6113116106413693,0.5,balanced_chance,Biometrics & Disease,个体与疾病,神经退行性（阿尔茨海默/帕金森等）,PD31,/benchmark-eeg/5.0_version/result_5/linear_downsample/PD31_cross_subject_linear_downsample/seed_10_downsample_t40/ratio_full/reve/summary.json
PD31_cross_subject_linear_downsample,PD31,cross_subject,seed_42_downsample_t40,42,bendr,0.0,0.5,balanced_chance,Biometrics & Disease,个体与疾病,神经退行性（阿尔茨海默/帕金森等）,PD31,/benchmark-eeg/5.0_version/result_5/linear_downsample/PD31_cross_subject_linear_downsample/seed_42_downsample_t40/ratio_full/bendr/summary.json
PD31_cross_subject_linear_downsample,PD31,cross_subject,seed_42_downsample_t40,42,biot,0.6299483648881239,0.5,balanced_chance,Biometrics & Disease,个体与疾病,神经退行性（阿尔茨海默/帕金森等）,PD31,/benchmark-eeg/5.0_version/result_5/linear_downsample/PD31_cross_subject_linear_downsample/seed_42_downsample_t40/ratio_full/biot/summary.json
PD31_cross_subject_linear_downsample,PD31,cross_subject,seed_42_downsample_t40,42,brainomni,0.6437177280550774,0.5,balanced_chance,Biometrics & Disease,个体与疾病,神经退行性（阿尔茨海默/帕金森等）,PD31,/benchmark-eeg/5.0_version/result_5/linear_downsample/PD31_cross_subject_linear_downsample/seed_42_downsample_t40/ratio_full/brainomni/summary.json
PD31_cross_subject_linear_downsample,PD31,cross_subject,seed_42_downsample_t40,42,cbramod,0.2977624784853701,0.5,balanced_chance,Biometrics & Disease,个体与疾病,神经退行性（阿尔茨海默/帕金森等）,PD31,/benchmark-eeg/5.0_version/result_5/linear_downsample/PD31_cross_subject_linear_downsample/seed_42_downsample_t40/ratio_full/cbramod/summary.json
PD31_cross_subject_linear_downsample,PD31,cross_subject,seed_42_downsample_t40,42,eegmamba,0.04991394148020654,0.5,balanced_chance,Biometrics & Disease,个体与疾病,神经退行性（阿尔茨海默/帕金森等）,PD31,/benchmark-eeg/5.0_version/result_5/linear_downsample/PD31_cross_subject_linear_downsample/seed_42_downsample_t40/ratio_full/eegmamba/summary.json
PD31_cross_subject_linear_downsample,PD31,cross_subject,seed_42_downsample_t40,42,femba,0.6265060240963856,0.5,balanced_chance,Biometrics & Disease,个体与疾病,神经退行性（阿尔茨海默/帕金森等）,PD31,/benchmark-eeg/5.0_version/result_5/linear_downsample/PD31_cross_subject_linear_downsample/seed_42_downsample_t40/ratio_full/femba/summary.json
PD31_cross_subject_linear_downsample,PD31,cross_subject,seed_42_downsample_t40,42,labram,0.4268502581755594,0.5,balanced_chance,Biometrics & Disease,个体与疾病,神经退行性（阿尔茨海默/帕金森等）,PD31,/benchmark-eeg/5.0_version/result_5/linear_downsample/PD31_cross_subject_linear_downsample/seed_42_downsample_t40/ratio_full/labram/summary.json
PD31_cross_subject_linear_downsample,PD31,cross_subject,seed_42_downsample_t40,42,neurogpt,0.15834767641996558,0.5,balanced_chance,Biometrics & Disease,个体与疾病,神经退行性（阿尔茨海默/帕金森等）,PD31,/benchmark-eeg/5.0_version/result_5/linear_downsample/PD31_cross_subject_linear_downsample/seed_42_downsample_t40/ratio_full/neurogpt/summary.json
PD31_cross_subject_linear_downsample,PD31,cross_subject,seed_42_downsample_t40,42,neurolm,0.2908777969018933,0.5,balanced_chance,Biometrics & Disease,个体与疾病,神经退行性（阿尔茨海默/帕金森等）,PD31,/benchmark-eeg/5.0_version/result_5/linear_downsample/PD31_cross_subject_linear_downsample/seed_42_downsample_t40/ratio_full/neurolm/summary.json
PD31_cross_subject_linear_downsample,PD31,cross_subject,seed_42_downsample_t40,42,reve,0.6144578313253012,0.5,balanced_chance,Biometrics & Disease,个体与疾病,神经退行性（阿尔茨海默/帕金森等）,PD31,/benchmark-eeg/5.0_version/result_5/linear_downsample/PD31_cross_subject_linear_downsample/seed_42_downsample_t40/ratio_full/reve/summary.json
PD31_cross_subject_linear_downsample,PD31,cross_subject,seed_5_downsample_t40,5,bendr,0.5,0.5,balanced_chance,Biometrics & Disease,个体与疾病,神经退行性（阿尔茨海默/帕金森等）,PD31,/benchmark-eeg/5.0_version/result_5/linear_downsample/PD31_cross_subject_linear_downsample/seed_5_downsample_t40/ratio_full/bendr/summary.json
PD31_cross_subject_linear_downsample,PD31,cross_subject,seed_5_downsample_t40,5,biot,0.32977323103154305,0.5,balanced_chance,Biometrics & Disease,个体与疾病,神经退行性（阿尔茨海默/帕金森等）,PD31,/benchmark-eeg/5.0_version/result_5/linear_downsample/PD31_cross_subject_linear_downsample/seed_5_downsample_t40/ratio_full/biot/summary.json
PD31_cross_subject_linear_downsample,PD31,cross_subject,seed_5_downsample_t40,5,brainomni,0.2709872122762148,0.5,balanced_chance,Biometrics & Disease,个体与疾病,神经退行性（阿尔茨海默/帕金森等）,PD31,/benchmark-eeg/5.0_version/result_5/linear_downsample/PD31_cross_subject_linear_downsample/seed_5_downsample_t40/ratio_full/brainomni/summary.json
PD31_cross_subject_linear_downsample,PD31,cross_subject,seed_5_downsample_t40,5,cbramod,0.21327195225916457,0.5,balanced_chance,Biometrics & Disease,个体与疾病,神经退行性（阿尔茨海默/帕金森等）,PD31,/benchmark-eeg/5.0_version/result_5/linear_downsample/PD31_cross_subject_linear_downsample/seed_5_downsample_t40/ratio_full/cbramod/summary.json
PD31_cross_subject_linear_downsample,PD31,cross_subject,seed_5_downsample_t40,5,eegmamba,0.4331935208866155,0.5,balanced_chance,Biometrics & Disease,个体与疾病,神经退行性（阿尔茨海默/帕金森等）,PD31,/benchmark-eeg/5.0_version/result_5/linear_downsample/PD31_cross_subject_linear_downsample/seed_5_downsample_t40/ratio_full/eegmamba/summary.json
PD31_cross_subject_linear_downsample,PD31,cross_subject,seed_5_downsample_t40,5,femba,0.26493776641091216,0.5,balanced_chance,Biometrics & Disease,个体与疾病,神经退行性（阿尔茨海默/帕金森等）,PD31,/benchmark-eeg/5.0_version/result_5/linear_downsample/PD31_cross_subject_linear_downsample/seed_5_downsample_t40/ratio_full/femba/summary.json
PD31_cross_subject_linear_downsample,PD31,cross_subject,seed_5_downsample_t40,5,labram,0.23359249786871272,0.5,balanced_chance,Biometrics & Disease,个体与疾病,神经退行性（阿尔茨海默/帕金森等）,PD31,/benchmark-eeg/5.0_version/result_5/linear_downsample/PD31_cross_subject_linear_downsample/seed_5_downsample_t40/ratio_full/labram/summary.json
PD31_cross_subject_linear_downsample,PD31,cross_subject,seed_5_downsample_t40,5,neurogpt,0.17732651321398124,0.5,balanced_chance,Biometrics & Disease,个体与疾病,神经退行性（阿尔茨海默/帕金森等）,PD31,/benchmark-eeg/5.0_version/result_5/linear_downsample/PD31_cross_subject_linear_downsample/seed_5_downsample_t40/ratio_full/neurogpt/summary.json
PD31_cross_subject_linear_downsample,PD31,cross_subject,seed_5_downsample_t40,5,neurolm,0.47455072463768116,0.5,balanced_chance,Biometrics & Disease,个体与疾病,神经退行性（阿尔茨海默/帕金森等）,PD31,/benchmark-eeg/5.0_version/result_5/linear_downsample/PD31_cross_subject_linear_downsample/seed_5_downsample_t40/ratio_full/neurolm/summary.json
PD31_cross_subject_linear_downsample,PD31,cross_subject,seed_5_downsample_t40,5,reve,0.4820289855072464,0.5,balanced_chance,Biometrics & Disease,个体与疾病,神经退行性（阿尔茨海默/帕金森等）,PD31,/benchmark-eeg/5.0_version/result_5/linear_downsample/PD31_cross_subject_linear_downsample/seed_5_downsample_t40/ratio_full/reve/summary.json
PEARL_Neuro_wsn_cross_subject_linear_downsample,PEARL_Neuro_wsn,cross_subject,seed_10_downsample_t40,10,bendr,0.33817835388896905,0.3333333333333333,balanced_chance,Unknown,Unknown,Unknown,,/benchmark-eeg/5.0_version/result_5/linear_downsample/PEARL_Neuro_wsn_cross_subject_linear_downsample/seed_10_downsample_t40/ratio_full/bendr/summary.json
PEARL_Neuro_wsn_cross_subject_linear_downsample,PEARL_Neuro_wsn,cross_subject,seed_10_downsample_t40,10,biot,0.4685478264883129,0.3333333333333333,balanced_chance,Unknown,Unknown,Unknown,,/benchmark-eeg/5.0_version/result_5/linear_downsample/PEARL_Neuro_wsn_cross_subject_linear_downsample/seed_10_downsample_t40/ratio_full/biot/summary.json
PEARL_Neuro_wsn_cross_subject_linear_downsample,PEARL_Neuro_wsn,cross_subject,seed_10_downsample_t40,10,brainomni,0.48438922567202064,0.3333333333333333,balanced_chance,Unknown,Unknown,Unknown,,/benchmark-eeg/5.0_version/result_5/linear_downsample/PEARL_Neuro_wsn_cross_subject_linear_downsample/seed_10_downsample_t40/ratio_full/brainomni/summary.json
PEARL_Neuro_wsn_cross_subject_linear_downsample,PEARL_Neuro_wsn,cross_subject,seed_10_downsample_t40,10,cbramod,0.48021729589459805,0.3333333333333333,balanced_chance,Unknown,Unknown,Unknown,,/benchmark-eeg/5.0_version/result_5/linear_downsample/PEARL_Neuro_wsn_cross_subject_linear_downsample/seed_10_downsample_t40/ratio_full/cbramod/summary.json
PEARL_Neuro_wsn_cross_subject_linear_downsample,PEARL_Neuro_wsn,cross_subject,seed_10_downsample_t40,10,eegmamba,0.4254338714599259,0.3333333333333333,balanced_chance,Unknown,Unknown,Unknown,,/benchmark-eeg/5.0_version/result_5/linear_downsample/PEARL_Neuro_wsn_cross_subject_linear_downsample/seed_10_downsample_t40/ratio_full/eegmamba/summary.json
PEARL_Neuro_wsn_cross_subject_linear_downsample,PEARL_Neuro_wsn,cross_subject,seed_10_downsample_t40,10,femba,0.46470123992381146,0.3333333333333333,balanced_chance,Unknown,Unknown,Unknown,,/benchmark-eeg/5.0_version/result_5/linear_downsample/PEARL_Neuro_wsn_cross_subject_linear_downsample/seed_10_downsample_t40/ratio_full/femba/summary.json
PEARL_Neuro_wsn_cross_subject_linear_downsample,PEARL_Neuro_wsn,cross_subject,seed_10_downsample_t40,10,labram,0.459216389063104,0.3333333333333333,balanced_chance,Unknown,Unknown,Unknown,,/benchmark-eeg/5.0_version/result_5/linear_downsample/PEARL_Neuro_wsn_cross_subject_linear_downsample/seed_10_downsample_t40/ratio_full/labram/summary.json
PEARL_Neuro_wsn_cross_subject_linear_downsample,PEARL_Neuro_wsn,cross_subject,seed_10_downsample_t40,10,neurogpt,0.4490139811822252,0.3333333333333333,balanced_chance,Unknown,Unknown,Unknown,,/benchmark-eeg/5.0_version/result_5/linear_downsample/PEARL_Neuro_wsn_cross_subject_linear_downsample/seed_10_downsample_t40/ratio_full/neurogpt/summary.json
PEARL_Neuro_wsn_cross_subject_linear_downsample,PEARL_Neuro_wsn,cross_subject,seed_10_downsample_t40,10,neurolm,0.498837058100525,0.3333333333333333,balanced_chance,Unknown,Unknown,Unknown,,/benchmark-eeg/5.0_version/result_5/linear_downsample/PEARL_Neuro_wsn_cross_subject_linear_downsample/seed_10_downsample_t40/ratio_full/neurolm/summary.json
PEARL_Neuro_wsn_cross_subject_linear_downsample,PEARL_Neuro_wsn,cross_subject,seed_10_downsample_t40,10,reve,0.38857351308329763,0.3333333333333333,balanced_chance,Unknown,Unknown,Unknown,,/benchmark-eeg/5.0_version/result_5/linear_downsample/PEARL_Neuro_wsn_cross_subject_linear_downsample/seed_10_downsample_t40/ratio_full/reve/summary.json
PEARL_Neuro_wsn_cross_subject_linear_downsample,PEARL_Neuro_wsn,cross_subject,seed_42_downsample_t40,42,bendr,0.33275910666325054,0.3333333333333333,balanced_chance,Unknown,Unknown,Unknown,,/benchmark-eeg/5.0_version/result_5/linear_downsample/PEARL_Neuro_wsn_cross_subject_linear_downsample/seed_42_downsample_t40/ratio_full/bendr/summary.json
PEARL_Neuro_wsn_cross_subject_linear_downsample,PEARL_Neuro_wsn,cross_subject,seed_42_downsample_t40,42,biot,0.47734490462779516,0.3333333333333333,balanced_chance,Unknown,Unknown,Unknown,,/benchmark-eeg/5.0_version/result_5/linear_downsample/PEARL_Neuro_wsn_cross_subject_linear_downsample/seed_42_downsample_t40/ratio_full/biot/summary.json
PEARL_Neuro_wsn_cross_subject_linear_downsample,PEARL_Neuro_wsn,cross_subject,seed_42_downsample_t40,42,brainomni,0.48710579185288677,0.3333333333333333,balanced_chance,Unknown,Unknown,Unknown,,/benchmark-eeg/5.0_version/result_5/linear_downsample/PEARL_Neuro_wsn_cross_subject_linear_downsample/seed_42_downsample_t40/ratio_full/brainomni/summary.json
PEARL_Neuro_wsn_cross_subject_linear_downsample,PEARL_Neuro_wsn,cross_subject,seed_42_downsample_t40,42,cbramod,0.4235227778302275,0.3333333333333333,balanced_chance,Unknown,Unknown,Unknown,,/benchmark-eeg/5.0_version/result_5/linear_downsample/PEARL_Neuro_wsn_cross_subject_linear_downsample/seed_42_downsample_t40/ratio_full/cbramod/summary.json
PEARL_Neuro_wsn_cross_subject_linear_downsample,PEARL_Neuro_wsn,cross_subject,seed_42_downsample_t40,42,eegmamba,0.42829479268560516,0.3333333333333333,balanced_chance,Unknown,Unknown,Unknown,,/benchmark-eeg/5.0_version/result_5/linear_downsample/PEARL_Neuro_wsn_cross_subject_linear_downsample/seed_42_downsample_t40/ratio_full/eegmamba/summary.json
PEARL_Neuro_wsn_cross_subject_linear_downsample,PEARL_Neuro_wsn,cross_subject,seed_42_downsample_t40,42,femba,0.4747436461322181,0.3333333333333333,balanced_chance,Unknown,Unknown,Unknown,,/benchmark-eeg/5.0_version/result_5/linear_downsample/PEARL_Neuro_wsn_cross_subject_linear_downsample/seed_42_downsample_t40/ratio_full/femba/summary.json
PEARL_Neuro_wsn_cross_subject_linear_downsample,PEARL_Neuro_wsn,cross_subject,seed_42_downsample_t40,42,labram,0.46269641823741076,0.3333333333333333,balanced_chance,Unknown,Unknown,Unknown,,/benchmark-eeg/5.0_version/result_5/linear_downsample/PEARL_Neuro_wsn_cross_subject_linear_downsample/seed_42_downsample_t40/ratio_full/labram/summary.json
PEARL_Neuro_wsn_cross_subject_linear_downsample,PEARL_Neuro_wsn,cross_subject,seed_42_downsample_t40,42,neurogpt,0.4503581467681786,0.3333333333333333,balanced_chance,Unknown,Unknown,Unknown,,/benchmark-eeg/5.0_version/result_5/linear_downsample/PEARL_Neuro_wsn_cross_subject_linear_downsample/seed_42_downsample_t40/ratio_full/neurogpt/summary.json
PEARL_Neuro_wsn_cross_subject_linear_downsample,PEARL_Neuro_wsn,cross_subject,seed_42_downsample_t40,42,neurolm,0.45974533465496353,0.3333333333333333,balanced_chance,Unknown,Unknown,Unknown,,/benchmark-eeg/5.0_version/result_5/linear_downsample/PEARL_Neuro_wsn_cross_subject_linear_downsample/seed_42_downsample_t40/ratio_full/neurolm/summary.json
PEARL_Neuro_wsn_cross_subject_linear_downsample,PEARL_Neuro_wsn,cross_subject,seed_42_downsample_t40,42,reve,0.38457309273367263,0.3333333333333333,balanced_chance,Unknown,Unknown,Unknown,,/benchmark-eeg/5.0_version/result_5/linear_downsample/PEARL_Neuro_wsn_cross_subject_linear_downsample/seed_42_downsample_t40/ratio_full/reve/summary.json
PEARL_Neuro_wsn_cross_subject_linear_downsample,PEARL_Neuro_wsn,cross_subject,seed_5_downsample_t40,5,bendr,0.336481320861056,0.3333333333333333,balanced_chance,Unknown,Unknown,Unknown,,/benchmark-eeg/5.0_version/result_5/linear_downsample/PEARL_Neuro_wsn_cross_subject_linear_downsample/seed_5_downsample_t40/ratio_full/bendr/summary.json
PEARL_Neuro_wsn_cross_subject_linear_downsample,PEARL_Neuro_wsn,cross_subject,seed_5_downsample_t40,5,biot,0.4465825605722653,0.3333333333333333,balanced_chance,Unknown,Unknown,Unknown,,/benchmark-eeg/5.0_version/result_5/linear_downsample/PEARL_Neuro_wsn_cross_subject_linear_downsample/seed_5_downsample_t40/ratio_full/biot/summary.json
PEARL_Neuro_wsn_cross_subject_linear_downsample,PEARL_Neuro_wsn,cross_subject,seed_5_downsample_t40,5,brainomni,0.4756542952929559,0.3333333333333333,balanced_chance,Unknown,Unknown,Unknown,,/benchmark-eeg/5.0_version/result_5/linear_downsample/PEARL_Neuro_wsn_cross_subject_linear_downsample/seed_5_downsample_t40/ratio_full/brainomni/summary.json
PEARL_Neuro_wsn_cross_subject_linear_downsample,PEARL_Neuro_wsn,cross_subject,seed_5_downsample_t40,5,cbramod,0.4619001375726119,0.3333333333333333,balanced_chance,Unknown,Unknown,Unknown,,/benchmark-eeg/5.0_version/result_5/linear_downsample/PEARL_Neuro_wsn_cross_subject_linear_downsample/seed_5_downsample_t40/ratio_full/cbramod/summary.json
PEARL_Neuro_wsn_cross_subject_linear_downsample,PEARL_Neuro_wsn,cross_subject,seed_5_downsample_t40,5,eegmamba,0.4199162729778021,0.3333333333333333,balanced_chance,Unknown,Unknown,Unknown,,/benchmark-eeg/5.0_version/result_5/linear_downsample/PEARL_Neuro_wsn_cross_subject_linear_downsample/seed_5_downsample_t40/ratio_full/eegmamba/summary.json
PEARL_Neuro_wsn_cross_subject_linear_downsample,PEARL_Neuro_wsn,cross_subject,seed_5_downsample_t40,5,femba,0.4579766466610282,0.3333333333333333,balanced_chance,Unknown,Unknown,Unknown,,/benchmark-eeg/5.0_version/result_5/linear_downsample/PEARL_Neuro_wsn_cross_subject_linear_downsample/seed_5_downsample_t40/ratio_full/femba/summary.json
PEARL_Neuro_wsn_cross_subject_linear_downsample,PEARL_Neuro_wsn,cross_subject,seed_5_downsample_t40,5,labram,0.47196645885128197,0.3333333333333333,balanced_chance,Unknown,Unknown,Unknown,,/benchmark-eeg/5.0_version/result_5/linear_downsample/PEARL_Neuro_wsn_cross_subject_linear_downsample/seed_5_downsample_t40/ratio_full/labram/summary.json
PEARL_Neuro_wsn_cross_subject_linear_downsample,PEARL_Neuro_wsn,cross_subject,seed_5_downsample_t40,5,neurogpt,0.44609980934788823,0.3333333333333333,balanced_chance,Unknown,Unknown,Unknown,,/benchmark-eeg/5.0_version/result_5/linear_downsample/PEARL_Neuro_wsn_cross_subject_linear_downsample/seed_5_downsample_t40/ratio_full/neurogpt/summary.json
PEARL_Neuro_wsn_cross_subject_linear_downsample,PEARL_Neuro_wsn,cross_subject,seed_5_downsample_t40,5,neurolm,0.47058659369502337,0.3333333333333333,balanced_chance,Unknown,Unknown,Unknown,,/benchmark-eeg/5.0_version/result_5/linear_downsample/PEARL_Neuro_wsn_cross_subject_linear_downsample/seed_5_downsample_t40/ratio_full/neurolm/summary.json
PEARL_Neuro_wsn_cross_subject_linear_downsample,PEARL_Neuro_wsn,cross_subject,seed_5_downsample_t40,5,reve,0.3878865143736045,0.3333333333333333,balanced_chance,Unknown,Unknown,Unknown,,/benchmark-eeg/5.0_version/result_5/linear_downsample/PEARL_Neuro_wsn_cross_subject_linear_downsample/seed_5_downsample_t40/ratio_full/reve/summary.json
PEARL_Neuro_wsn_within_subject_linear_downsample,PEARL_Neuro_wsn,within_subject,seed_10_downsample_t40,10,bendr,0.3389065448763678,0.3333333333333333,balanced_chance,Unknown,Unknown,Unknown,,/benchmark-eeg/5.0_version/result_5/linear_downsample/PEARL_Neuro_wsn_within_subject_linear_downsample/seed_10_downsample_t40/ratio_full/bendr/summary.json
PEARL_Neuro_wsn_within_subject_linear_downsample,PEARL_Neuro_wsn,within_subject,seed_10_downsample_t40,10,biot,0.42313459745994253,0.3333333333333333,balanced_chance,Unknown,Unknown,Unknown,,/benchmark-eeg/5.0_version/result_5/linear_downsample/PEARL_Neuro_wsn_within_subject_linear_downsample/seed_10_downsample_t40/ratio_full/biot/summary.json
PEARL_Neuro_wsn_within_subject_linear_downsample,PEARL_Neuro_wsn,within_subject,seed_10_downsample_t40,10,brainomni,0.4476273063695903,0.3333333333333333,balanced_chance,Unknown,Unknown,Unknown,,/benchmark-eeg/5.0_version/result_5/linear_downsample/PEARL_Neuro_wsn_within_subject_linear_downsample/seed_10_downsample_t40/ratio_full/brainomni/summary.json
PEARL_Neuro_wsn_within_subject_linear_downsample,PEARL_Neuro_wsn,within_subject,seed_10_downsample_t40,10,cbramod,0.3644961143753329,0.3333333333333333,balanced_chance,Unknown,Unknown,Unknown,,/benchmark-eeg/5.0_version/result_5/linear_downsample/PEARL_Neuro_wsn_within_subject_linear_downsample/seed_10_downsample_t40/ratio_full/cbramod/summary.json
PEARL_Neuro_wsn_within_subject_linear_downsample,PEARL_Neuro_wsn,within_subject,seed_10_downsample_t40,10,eegmamba,0.3664692079887959,0.3333333333333333,balanced_chance,Unknown,Unknown,Unknown,,/benchmark-eeg/5.0_version/result_5/linear_downsample/PEARL_Neuro_wsn_within_subject_linear_downsample/seed_10_downsample_t40/ratio_full/eegmamba/summary.json
PEARL_Neuro_wsn_within_subject_linear_downsample,PEARL_Neuro_wsn,within_subject,seed_10_downsample_t40,10,femba,0.45760360015520624,0.3333333333333333,balanced_chance,Unknown,Unknown,Unknown,,/benchmark-eeg/5.0_version/result_5/linear_downsample/PEARL_Neuro_wsn_within_subject_linear_downsample/seed_10_downsample_t40/ratio_full/femba/summary.json
PEARL_Neuro_wsn_within_subject_linear_downsample,PEARL_Neuro_wsn,within_subject,seed_10_downsample_t40,10,labram,0.4302594370559431,0.3333333333333333,balanced_chance,Unknown,Unknown,Unknown,,/benchmark-eeg/5.0_version/result_5/linear_downsample/PEARL_Neuro_wsn_within_subject_linear_downsample/seed_10_downsample_t40/ratio_full/labram/summary.json
PEARL_Neuro_wsn_within_subject_linear_downsample,PEARL_Neuro_wsn,within_subject,seed_10_downsample_t40,10,neurogpt,0.400571064820291,0.3333333333333333,balanced_chance,Unknown,Unknown,Unknown,,/benchmark-eeg/5.0_version/result_5/linear_downsample/PEARL_Neuro_wsn_within_subject_linear_downsample/seed_10_downsample_t40/ratio_full/neurogpt/summary.json
PEARL_Neuro_wsn_within_subject_linear_downsample,PEARL_Neuro_wsn,within_subject,seed_10_downsample_t40,10,neurolm,0.4276458873681175,0.3333333333333333,balanced_chance,Unknown,Unknown,Unknown,,/benchmark-eeg/5.0_version/result_5/linear_downsample/PEARL_Neuro_wsn_within_subject_linear_downsample/seed_10_downsample_t40/ratio_full/neurolm/summary.json
PEARL_Neuro_wsn_within_subject_linear_downsample,PEARL_Neuro_wsn,within_subject,seed_10_downsample_t40,10,reve,0.36100285822895745,0.3333333333333333,balanced_chance,Unknown,Unknown,Unknown,,/benchmark-eeg/5.0_version/result_5/linear_downsample/PEARL_Neuro_wsn_within_subject_linear_downsample/seed_10_downsample_t40/ratio_full/reve/summary.json
PEARL_Neuro_wsn_within_subject_linear_downsample,PEARL_Neuro_wsn,within_subject,seed_42_downsample_t40,42,bendr,0.3333589244677526,0.3333333333333333,balanced_chance,Unknown,Unknown,Unknown,,/benchmark-eeg/5.0_version/result_5/linear_downsample/PEARL_Neuro_wsn_within_subject_linear_downsample/seed_42_downsample_t40/ratio_full/bendr/summary.json
PEARL_Neuro_wsn_within_subject_linear_downsample,PEARL_Neuro_wsn,within_subject,seed_42_downsample_t40,42,biot,0.4275287417516351,0.3333333333333333,balanced_chance,Unknown,Unknown,Unknown,,/benchmark-eeg/5.0_version/result_5/linear_downsample/PEARL_Neuro_wsn_within_subject_linear_downsample/seed_42_downsample_t40/ratio_full/biot/summary.json
PEARL_Neuro_wsn_within_subject_linear_downsample,PEARL_Neuro_wsn,within_subject,seed_42_downsample_t40,42,brainomni,0.43475911803944456,0.3333333333333333,balanced_chance,Unknown,Unknown,Unknown,,/benchmark-eeg/5.0_version/result_5/linear_downsample/PEARL_Neuro_wsn_within_subject_linear_downsample/seed_42_downsample_t40/ratio_full/brainomni/summary.json
PEARL_Neuro_wsn_within_subject_linear_downsample,PEARL_Neuro_wsn,within_subject,seed_42_downsample_t40,42,cbramod,0.3469063942891975,0.3333333333333333,balanced_chance,Unknown,Unknown,Unknown,,/benchmark-eeg/5.0_version/result_5/linear_downsample/PEARL_Neuro_wsn_within_subject_linear_downsample/seed_42_downsample_t40/ratio_full/cbramod/summary.json
PEARL_Neuro_wsn_within_subject_linear_downsample,PEARL_Neuro_wsn,within_subject,seed_42_downsample_t40,42,eegmamba,0.3533493564178775,0.3333333333333333,balanced_chance,Unknown,Unknown,Unknown,,/benchmark-eeg/5.0_version/result_5/linear_downsample/PEARL_Neuro_wsn_within_subject_linear_downsample/seed_42_downsample_t40/ratio_full/eegmamba/summary.json
PEARL_Neuro_wsn_within_subject_linear_downsample,PEARL_Neuro_wsn,within_subject,seed_42_downsample_t40,42,femba,0.4294676737700683,0.3333333333333333,balanced_chance,Unknown,Unknown,Unknown,,/benchmark-eeg/5.0_version/result_5/linear_downsample/PEARL_Neuro_wsn_within_subject_linear_downsample/seed_42_downsample_t40/ratio_full/femba/summary.json
PEARL_Neuro_wsn_within_subject_linear_downsample,PEARL_Neuro_wsn,within_subject,seed_42_downsample_t40,42,labram,0.4172534508132389,0.3333333333333333,balanced_chance,Unknown,Unknown,Unknown,,/benchmark-eeg/5.0_version/result_5/linear_downsample/PEARL_Neuro_wsn_within_subject_linear_downsample/seed_42_downsample_t40/ratio_full/labram/summary.json
PEARL_Neuro_wsn_within_subject_linear_downsample,PEARL_Neuro_wsn,within_subject,seed_42_downsample_t40,42,neurogpt,0.421986725732218,0.3333333333333333,balanced_chance,Unknown,Unknown,Unknown,,/benchmark-eeg/5.0_version/result_5/linear_downsample/PEARL_Neuro_wsn_within_subject_linear_downsample/seed_42_downsample_t40/ratio_full/neurogpt/summary.json
PEARL_Neuro_wsn_within_subject_linear_downsample,PEARL_Neuro_wsn,within_subject,seed_42_downsample_t40,42,neurolm,0.430558836321282,0.3333333333333333,balanced_chance,Unknown,Unknown,Unknown,,/benchmark-eeg/5.0_version/result_5/linear_downsample/PEARL_Neuro_wsn_within_subject_linear_downsample/seed_42_downsample_t40/ratio_full/neurolm/summary.json
PEARL_Neuro_wsn_within_subject_linear_downsample,PEARL_Neuro_wsn,within_subject,seed_42_downsample_t40,42,reve,0.3640189947746994,0.3333333333333333,balanced_chance,Unknown,Unknown,Unknown,,/benchmark-eeg/5.0_version/result_5/linear_downsample/PEARL_Neuro_wsn_within_subject_linear_downsample/seed_42_downsample_t40/ratio_full/reve/summary.json
PEARL_Neuro_wsn_within_subject_linear_downsample,PEARL_Neuro_wsn,within_subject,seed_5_downsample_t40,5,bendr,0.3332452093486299,0.3333333333333333,balanced_chance,Unknown,Unknown,Unknown,,/benchmark-eeg/5.0_version/result_5/linear_downsample/PEARL_Neuro_wsn_within_subject_linear_downsample/seed_5_downsample_t40/ratio_full/bendr/summary.json
PEARL_Neuro_wsn_within_subject_linear_downsample,PEARL_Neuro_wsn,within_subject,seed_5_downsample_t40,5,biot,0.4129711989372669,0.3333333333333333,balanced_chance,Unknown,Unknown,Unknown,,/benchmark-eeg/5.0_version/result_5/linear_downsample/PEARL_Neuro_wsn_within_subject_linear_downsample/seed_5_downsample_t40/ratio_full/biot/summary.json
PEARL_Neuro_wsn_within_subject_linear_downsample,PEARL_Neuro_wsn,within_subject,seed_5_downsample_t40,5,brainomni,0.42133857921514406,0.3333333333333333,balanced_chance,Unknown,Unknown,Unknown,,/benchmark-eeg/5.0_version/result_5/linear_downsample/PEARL_Neuro_wsn_within_subject_linear_downsample/seed_5_downsample_t40/ratio_full/brainomni/summary.json
PEARL_Neuro_wsn_within_subject_linear_downsample,PEARL_Neuro_wsn,within_subject,seed_5_downsample_t40,5,cbramod,0.43719847962966013,0.3333333333333333,balanced_chance,Unknown,Unknown,Unknown,,/benchmark-eeg/5.0_version/result_5/linear_downsample/PEARL_Neuro_wsn_within_subject_linear_downsample/seed_5_downsample_t40/ratio_full/cbramod/summary.json
PEARL_Neuro_wsn_within_subject_linear_downsample,PEARL_Neuro_wsn,within_subject,seed_5_downsample_t40,5,eegmamba,0.39916307087221375,0.3333333333333333,balanced_chance,Unknown,Unknown,Unknown,,/benchmark-eeg/5.0_version/result_5/linear_downsample/PEARL_Neuro_wsn_within_subject_linear_downsample/seed_5_downsample_t40/ratio_full/eegmamba/summary.json
PEARL_Neuro_wsn_within_subject_linear_downsample,PEARL_Neuro_wsn,within_subject,seed_5_downsample_t40,5,femba,0.42299112513764453,0.3333333333333333,balanced_chance,Unknown,Unknown,Unknown,,/benchmark-eeg/5.0_version/result_5/linear_downsample/PEARL_Neuro_wsn_within_subject_linear_downsample/seed_5_downsample_t40/ratio_full/femba/summary.json
PEARL_Neuro_wsn_within_subject_linear_downsample,PEARL_Neuro_wsn,within_subject,seed_5_downsample_t40,5,labram,0.4116486652511407,0.3333333333333333,balanced_chance,Unknown,Unknown,Unknown,,/benchmark-eeg/5.0_version/result_5/linear_downsample/PEARL_Neuro_wsn_within_subject_linear_downsample/seed_5_downsample_t40/ratio_full/labram/summary.json
PEARL_Neuro_wsn_within_subject_linear_downsample,PEARL_Neuro_wsn,within_subject,seed_5_downsample_t40,5,neurogpt,0.4274092518909931,0.3333333333333333,balanced_chance,Unknown,Unknown,Unknown,,/benchmark-eeg/5.0_version/result_5/linear_downsample/PEARL_Neuro_wsn_within_subject_linear_downsample/seed_5_downsample_t40/ratio_full/neurogpt/summary.json
PEARL_Neuro_wsn_within_subject_linear_downsample,PEARL_Neuro_wsn,within_subject,seed_5_downsample_t40,5,neurolm,0.42789686913406716,0.3333333333333333,balanced_chance,Unknown,Unknown,Unknown,,/benchmark-eeg/5.0_version/result_5/linear_downsample/PEARL_Neuro_wsn_within_subject_linear_downsample/seed_5_downsample_t40/ratio_full/neurolm/summary.json
PEARL_Neuro_wsn_within_subject_linear_downsample,PEARL_Neuro_wsn,within_subject,seed_5_downsample_t40,5,reve,0.37981450814695555,0.3333333333333333,balanced_chance,Unknown,Unknown,Unknown,,/benchmark-eeg/5.0_version/result_5/linear_downsample/PEARL_Neuro_wsn_within_subject_linear_downsample/seed_5_downsample_t40/ratio_full/reve/summary.json
Physionet_MI_wsn_cross_subject_linear_downsample,Physionet_MI_wsn,cross_subject,seed_10_downsample_t40,10,bendr,0.26658861705842063,0.25,balanced_chance,Unknown,Unknown,Unknown,,/benchmark-eeg/5.0_version/result_5/linear_downsample/Physionet_MI_wsn_cross_subject_linear_downsample/seed_10_downsample_t40/ratio_full/bendr/summary.json
Physionet_MI_wsn_cross_subject_linear_downsample,Physionet_MI_wsn,cross_subject,seed_10_downsample_t40,10,biot,0.24636152526832855,0.25,balanced_chance,Unknown,Unknown,Unknown,,/benchmark-eeg/5.0_version/result_5/linear_downsample/Physionet_MI_wsn_cross_subject_linear_downsample/seed_10_downsample_t40/ratio_full/biot/summary.json
Physionet_MI_wsn_cross_subject_linear_downsample,Physionet_MI_wsn,cross_subject,seed_10_downsample_t40,10,brainomni,0.37288115916341724,0.25,balanced_chance,Unknown,Unknown,Unknown,,/benchmark-eeg/5.0_version/result_5/linear_downsample/Physionet_MI_wsn_cross_subject_linear_downsample/seed_10_downsample_t40/ratio_full/brainomni/summary.json
Physionet_MI_wsn_cross_subject_linear_downsample,Physionet_MI_wsn,cross_subject,seed_10_downsample_t40,10,cbramod,0.26612933210374395,0.25,balanced_chance,Unknown,Unknown,Unknown,,/benchmark-eeg/5.0_version/result_5/linear_downsample/Physionet_MI_wsn_cross_subject_linear_downsample/seed_10_downsample_t40/ratio_full/cbramod/summary.json
Physionet_MI_wsn_cross_subject_linear_downsample,Physionet_MI_wsn,cross_subject,seed_10_downsample_t40,10,eegmamba,0.28119175530993384,0.25,balanced_chance,Unknown,Unknown,Unknown,,/benchmark-eeg/5.0_version/result_5/linear_downsample/Physionet_MI_wsn_cross_subject_linear_downsample/seed_10_downsample_t40/ratio_full/eegmamba/summary.json
Physionet_MI_wsn_cross_subject_linear_downsample,Physionet_MI_wsn,cross_subject,seed_10_downsample_t40,10,femba,0.2885328437630766,0.25,balanced_chance,Unknown,Unknown,Unknown,,/benchmark-eeg/5.0_version/result_5/linear_downsample/Physionet_MI_wsn_cross_subject_linear_downsample/seed_10_downsample_t40/ratio_full/femba/summary.json
Physionet_MI_wsn_cross_subject_linear_downsample,Physionet_MI_wsn,cross_subject,seed_10_downsample_t40,10,labram,0.2728123599054353,0.25,balanced_chance,Unknown,Unknown,Unknown,,/benchmark-eeg/5.0_version/result_5/linear_downsample/Physionet_MI_wsn_cross_subject_linear_downsample/seed_10_downsample_t40/ratio_full/labram/summary.json
Physionet_MI_wsn_cross_subject_linear_downsample,Physionet_MI_wsn,cross_subject,seed_10_downsample_t40,10,neurogpt,0.2616975270061008,0.25,balanced_chance,Unknown,Unknown,Unknown,,/benchmark-eeg/5.0_version/result_5/linear_downsample/Physionet_MI_wsn_cross_subject_linear_downsample/seed_10_downsample_t40/ratio_full/neurogpt/summary.json
Physionet_MI_wsn_cross_subject_linear_downsample,Physionet_MI_wsn,cross_subject,seed_10_downsample_t40,10,neurolm,0.28440773415282267,0.25,balanced_chance,Unknown,Unknown,Unknown,,/benchmark-eeg/5.0_version/result_5/linear_downsample/Physionet_MI_wsn_cross_subject_linear_downsample/seed_10_downsample_t40/ratio_full/neurolm/summary.json
Physionet_MI_wsn_cross_subject_linear_downsample,Physionet_MI_wsn,cross_subject,seed_10_downsample_t40,10,reve,0.3060996207285317,0.25,balanced_chance,Unknown,Unknown,Unknown,,/benchmark-eeg/5.0_version/result_5/linear_downsample/Physionet_MI_wsn_cross_subject_linear_downsample/seed_10_downsample_t40/ratio_full/reve/summary.json
Physionet_MI_wsn_cross_subject_linear_downsample,Physionet_MI_wsn,cross_subject,seed_42_downsample_t40,42,bendr,0.24720812688403038,0.25,balanced_chance,Unknown,Unknown,Unknown,,/benchmark-eeg/5.0_version/result_5/linear_downsample/Physionet_MI_wsn_cross_subject_linear_downsample/seed_42_downsample_t40/ratio_full/bendr/summary.json
Physionet_MI_wsn_cross_subject_linear_downsample,Physionet_MI_wsn,cross_subject,seed_42_downsample_t40,42,biot,0.25278565964716826,0.25,balanced_chance,Unknown,Unknown,Unknown,,/benchmark-eeg/5.0_version/result_5/linear_downsample/Physionet_MI_wsn_cross_subject_linear_downsample/seed_42_downsample_t40/ratio_full/biot/summary.json
Physionet_MI_wsn_cross_subject_linear_downsample,Physionet_MI_wsn,cross_subject,seed_42_downsample_t40,42,brainomni,0.3923212786485889,0.25,balanced_chance,Unknown,Unknown,Unknown,,/benchmark-eeg/5.0_version/result_5/linear_downsample/Physionet_MI_wsn_cross_subject_linear_downsample/seed_42_downsample_t40/ratio_full/brainomni/summary.json
Physionet_MI_wsn_cross_subject_linear_downsample,Physionet_MI_wsn,cross_subject,seed_42_downsample_t40,42,cbramod,0.27409820812221974,0.25,balanced_chance,Unknown,Unknown,Unknown,,/benchmark-eeg/5.0_version/result_5/linear_downsample/Physionet_MI_wsn_cross_subject_linear_downsample/seed_42_downsample_t40/ratio_full/cbramod/summary.json
Physionet_MI_wsn_cross_subject_linear_downsample,Physionet_MI_wsn,cross_subject,seed_42_downsample_t40,42,eegmamba,0.27883208641952273,0.25,balanced_chance,Unknown,Unknown,Unknown,,/benchmark-eeg/5.0_version/result_5/linear_downsample/Physionet_MI_wsn_cross_subject_linear_downsample/seed_42_downsample_t40/ratio_full/eegmamba/summary.json
Physionet_MI_wsn_cross_subject_linear_downsample,Physionet_MI_wsn,cross_subject,seed_42_downsample_t40,42,femba,0.310298962134155,0.25,balanced_chance,Unknown,Unknown,Unknown,,/benchmark-eeg/5.0_version/result_5/linear_downsample/Physionet_MI_wsn_cross_subject_linear_downsample/seed_42_downsample_t40/ratio_full/femba/summary.json
Physionet_MI_wsn_cross_subject_linear_downsample,Physionet_MI_wsn,cross_subject,seed_42_downsample_t40,42,labram,0.2726418336696047,0.25,balanced_chance,Unknown,Unknown,Unknown,,/benchmark-eeg/5.0_version/result_5/linear_downsample/Physionet_MI_wsn_cross_subject_linear_downsample/seed_42_downsample_t40/ratio_full/labram/summary.json
Physionet_MI_wsn_cross_subject_linear_downsample,Physionet_MI_wsn,cross_subject,seed_42_downsample_t40,42,neurogpt,0.27101964189097344,0.25,balanced_chance,Unknown,Unknown,Unknown,,/benchmark-eeg/5.0_version/result_5/linear_downsample/Physionet_MI_wsn_cross_subject_linear_downsample/seed_42_downsample_t40/ratio_full/neurogpt/summary.json
Physionet_MI_wsn_cross_subject_linear_downsample,Physionet_MI_wsn,cross_subject,seed_42_downsample_t40,42,neurolm,0.29716625310173694,0.25,balanced_chance,Unknown,Unknown,Unknown,,/benchmark-eeg/5.0_version/result_5/linear_downsample/Physionet_MI_wsn_cross_subject_linear_downsample/seed_42_downsample_t40/ratio_full/neurolm/summary.json
Physionet_MI_wsn_cross_subject_linear_downsample,Physionet_MI_wsn,cross_subject,seed_42_downsample_t40,42,reve,0.29451287603979814,0.25,balanced_chance,Unknown,Unknown,Unknown,,/benchmark-eeg/5.0_version/result_5/linear_downsample/Physionet_MI_wsn_cross_subject_linear_downsample/seed_42_downsample_t40/ratio_full/reve/summary.json
Physionet_MI_wsn_cross_subject_linear_downsample,Physionet_MI_wsn,cross_subject,seed_5_downsample_t40,5,bendr,0.2451971725218754,0.25,balanced_chance,Unknown,Unknown,Unknown,,/benchmark-eeg/5.0_version/result_5/linear_downsample/Physionet_MI_wsn_cross_subject_linear_downsample/seed_5_downsample_t40/ratio_full/bendr/summary.json
Physionet_MI_wsn_cross_subject_linear_downsample,Physionet_MI_wsn,cross_subject,seed_5_downsample_t40,5,biot,0.23598668418653868,0.25,balanced_chance,Unknown,Unknown,Unknown,,/benchmark-eeg/5.0_version/result_5/linear_downsample/Physionet_MI_wsn_cross_subject_linear_downsample/seed_5_downsample_t40/ratio_full/biot/summary.json
Physionet_MI_wsn_cross_subject_linear_downsample,Physionet_MI_wsn,cross_subject,seed_5_downsample_t40,5,brainomni,0.39858726508756825,0.25,balanced_chance,Unknown,Unknown,Unknown,,/benchmark-eeg/5.0_version/result_5/linear_downsample/Physionet_MI_wsn_cross_subject_linear_downsample/seed_5_downsample_t40/ratio_full/brainomni/summary.json
Physionet_MI_wsn_cross_subject_linear_downsample,Physionet_MI_wsn,cross_subject,seed_5_downsample_t40,5,cbramod,0.2626535523050803,0.25,balanced_chance,Unknown,Unknown,Unknown,,/benchmark-eeg/5.0_version/result_5/linear_downsample/Physionet_MI_wsn_cross_subject_linear_downsample/seed_5_downsample_t40/ratio_full/cbramod/summary.json
Physionet_MI_wsn_cross_subject_linear_downsample,Physionet_MI_wsn,cross_subject,seed_5_downsample_t40,5,eegmamba,0.27646723752841873,0.25,balanced_chance,Unknown,Unknown,Unknown,,/benchmark-eeg/5.0_version/result_5/linear_downsample/Physionet_MI_wsn_cross_subject_linear_downsample/seed_5_downsample_t40/ratio_full/eegmamba/summary.json
Physionet_MI_wsn_cross_subject_linear_downsample,Physionet_MI_wsn,cross_subject,seed_5_downsample_t40,5,femba,0.2809600025853361,0.25,balanced_chance,Unknown,Unknown,Unknown,,/benchmark-eeg/5.0_version/result_5/linear_downsample/Physionet_MI_wsn_cross_subject_linear_downsample/seed_5_downsample_t40/ratio_full/femba/summary.json
Physionet_MI_wsn_cross_subject_linear_downsample,Physionet_MI_wsn,cross_subject,seed_5_downsample_t40,5,labram,0.2918359657562908,0.25,balanced_chance,Unknown,Unknown,Unknown,,/benchmark-eeg/5.0_version/result_5/linear_downsample/Physionet_MI_wsn_cross_subject_linear_downsample/seed_5_downsample_t40/ratio_full/labram/summary.json
Physionet_MI_wsn_cross_subject_linear_downsample,Physionet_MI_wsn,cross_subject,seed_5_downsample_t40,5,neurogpt,0.2716646832430243,0.25,balanced_chance,Unknown,Unknown,Unknown,,/benchmark-eeg/5.0_version/result_5/linear_downsample/Physionet_MI_wsn_cross_subject_linear_downsample/seed_5_downsample_t40/ratio_full/neurogpt/summary.json
Physionet_MI_wsn_cross_subject_linear_downsample,Physionet_MI_wsn,cross_subject,seed_5_downsample_t40,5,neurolm,0.306823583462378,0.25,balanced_chance,Unknown,Unknown,Unknown,,/benchmark-eeg/5.0_version/result_5/linear_downsample/Physionet_MI_wsn_cross_subject_linear_downsample/seed_5_downsample_t40/ratio_full/neurolm/summary.json
Physionet_MI_wsn_cross_subject_linear_downsample,Physionet_MI_wsn,cross_subject,seed_5_downsample_t40,5,reve,0.3208460778852484,0.25,balanced_chance,Unknown,Unknown,Unknown,,/benchmark-eeg/5.0_version/result_5/linear_downsample/Physionet_MI_wsn_cross_subject_linear_downsample/seed_5_downsample_t40/ratio_full/reve/summary.json
Physionet_MI_wsn_within_subject_linear_downsample,Physionet_MI_wsn,within_subject,seed_10_downsample_t40,10,bendr,0.2754247892957802,0.25,balanced_chance,Unknown,Unknown,Unknown,,/benchmark-eeg/5.0_version/result_5/linear_downsample/Physionet_MI_wsn_within_subject_linear_downsample/seed_10_downsample_t40/ratio_full/bendr/summary.json
Physionet_MI_wsn_within_subject_linear_downsample,Physionet_MI_wsn,within_subject,seed_10_downsample_t40,10,biot,0.2605010250036242,0.25,balanced_chance,Unknown,Unknown,Unknown,,/benchmark-eeg/5.0_version/result_5/linear_downsample/Physionet_MI_wsn_within_subject_linear_downsample/seed_10_downsample_t40/ratio_full/biot/summary.json
Physionet_MI_wsn_within_subject_linear_downsample,Physionet_MI_wsn,within_subject,seed_10_downsample_t40,10,brainomni,0.3707014207737237,0.25,balanced_chance,Unknown,Unknown,Unknown,,/benchmark-eeg/5.0_version/result_5/linear_downsample/Physionet_MI_wsn_within_subject_linear_downsample/seed_10_downsample_t40/ratio_full/brainomni/summary.json
Physionet_MI_wsn_within_subject_linear_downsample,Physionet_MI_wsn,within_subject,seed_10_downsample_t40,10,cbramod,0.28322832588198715,0.25,balanced_chance,Unknown,Unknown,Unknown,,/benchmark-eeg/5.0_version/result_5/linear_downsample/Physionet_MI_wsn_within_subject_linear_downsample/seed_10_downsample_t40/ratio_full/cbramod/summary.json
Physionet_MI_wsn_within_subject_linear_downsample,Physionet_MI_wsn,within_subject,seed_10_downsample_t40,10,eegmamba,0.2675386557116738,0.25,balanced_chance,Unknown,Unknown,Unknown,,/benchmark-eeg/5.0_version/result_5/linear_downsample/Physionet_MI_wsn_within_subject_linear_downsample/seed_10_downsample_t40/ratio_full/eegmamba/summary.json
Physionet_MI_wsn_within_subject_linear_downsample,Physionet_MI_wsn,within_subject,seed_10_downsample_t40,10,femba,0.2785255258741176,0.25,balanced_chance,Unknown,Unknown,Unknown,,/benchmark-eeg/5.0_version/result_5/linear_downsample/Physionet_MI_wsn_within_subject_linear_downsample/seed_10_downsample_t40/ratio_full/femba/summary.json
Physionet_MI_wsn_within_subject_linear_downsample,Physionet_MI_wsn,within_subject,seed_10_downsample_t40,10,labram,0.27485778397514893,0.25,balanced_chance,Unknown,Unknown,Unknown,,/benchmark-eeg/5.0_version/result_5/linear_downsample/Physionet_MI_wsn_within_subject_linear_downsample/seed_10_downsample_t40/ratio_full/labram/summary.json
Physionet_MI_wsn_within_subject_linear_downsample,Physionet_MI_wsn,within_subject,seed_10_downsample_t40,10,neurogpt,0.28650566154381174,0.25,balanced_chance,Unknown,Unknown,Unknown,,/benchmark-eeg/5.0_version/result_5/linear_downsample/Physionet_MI_wsn_within_subject_linear_downsample/seed_10_downsample_t40/ratio_full/neurogpt/summary.json
Physionet_MI_wsn_within_subject_linear_downsample,Physionet_MI_wsn,within_subject,seed_10_downsample_t40,10,neurolm,0.28572368136956705,0.25,balanced_chance,Unknown,Unknown,Unknown,,/benchmark-eeg/5.0_version/result_5/linear_downsample/Physionet_MI_wsn_within_subject_linear_downsample/seed_10_downsample_t40/ratio_full/neurolm/summary.json
Physionet_MI_wsn_within_subject_linear_downsample,Physionet_MI_wsn,within_subject,seed_10_downsample_t40,10,reve,0.259171087218743,0.25,balanced_chance,Unknown,Unknown,Unknown,,/benchmark-eeg/5.0_version/result_5/linear_downsample/Physionet_MI_wsn_within_subject_linear_downsample/seed_10_downsample_t40/ratio_full/reve/summary.json
Physionet_MI_wsn_within_subject_linear_downsample,Physionet_MI_wsn,within_subject,seed_42_downsample_t40,42,bendr,0.2800716075278402,0.25,balanced_chance,Unknown,Unknown,Unknown,,/benchmark-eeg/5.0_version/result_5/linear_downsample/Physionet_MI_wsn_within_subject_linear_downsample/seed_42_downsample_t40/ratio_full/bendr/summary.json
Physionet_MI_wsn_within_subject_linear_downsample,Physionet_MI_wsn,within_subject,seed_42_downsample_t40,42,biot,0.2326626670943339,0.25,balanced_chance,Unknown,Unknown,Unknown,,/benchmark-eeg/5.0_version/result_5/linear_downsample/Physionet_MI_wsn_within_subject_linear_downsample/seed_42_downsample_t40/ratio_full/biot/summary.json
Physionet_MI_wsn_within_subject_linear_downsample,Physionet_MI_wsn,within_subject,seed_42_downsample_t40,42,brainomni,0.31398011049745544,0.25,balanced_chance,Unknown,Unknown,Unknown,,/benchmark-eeg/5.0_version/result_5/linear_downsample/Physionet_MI_wsn_within_subject_linear_downsample/seed_42_downsample_t40/ratio_full/brainomni/summary.json
Physionet_MI_wsn_within_subject_linear_downsample,Physionet_MI_wsn,within_subject,seed_42_downsample_t40,42,cbramod,0.25287808807675166,0.25,balanced_chance,Unknown,Unknown,Unknown,,/benchmark-eeg/5.0_version/result_5/linear_downsample/Physionet_MI_wsn_within_subject_linear_downsample/seed_42_downsample_t40/ratio_full/cbramod/summary.json
Physionet_MI_wsn_within_subject_linear_downsample,Physionet_MI_wsn,within_subject,seed_42_downsample_t40,42,eegmamba,0.2541360863228251,0.25,balanced_chance,Unknown,Unknown,Unknown,,/benchmark-eeg/5.0_version/result_5/linear_downsample/Physionet_MI_wsn_within_subject_linear_downsample/seed_42_downsample_t40/ratio_full/eegmamba/summary.json
Physionet_MI_wsn_within_subject_linear_downsample,Physionet_MI_wsn,within_subject,seed_42_downsample_t40,42,femba,0.2294185179372466,0.25,balanced_chance,Unknown,Unknown,Unknown,,/benchmark-eeg/5.0_version/result_5/linear_downsample/Physionet_MI_wsn_within_subject_linear_downsample/seed_42_downsample_t40/ratio_full/femba/summary.json
Physionet_MI_wsn_within_subject_linear_downsample,Physionet_MI_wsn,within_subject,seed_42_downsample_t40,42,labram,0.23732067530080972,0.25,balanced_chance,Unknown,Unknown,Unknown,,/benchmark-eeg/5.0_version/result_5/linear_downsample/Physionet_MI_wsn_within_subject_linear_downsample/seed_42_downsample_t40/ratio_full/labram/summary.json
Physionet_MI_wsn_within_subject_linear_downsample,Physionet_MI_wsn,within_subject,seed_42_downsample_t40,42,neurogpt,0.2585241816353935,0.25,balanced_chance,Unknown,Unknown,Unknown,,/benchmark-eeg/5.0_version/result_5/linear_downsample/Physionet_MI_wsn_within_subject_linear_downsample/seed_42_downsample_t40/ratio_full/neurogpt/summary.json
Physionet_MI_wsn_within_subject_linear_downsample,Physionet_MI_wsn,within_subject,seed_42_downsample_t40,42,neurolm,0.2818831466502475,0.25,balanced_chance,Unknown,Unknown,Unknown,,/benchmark-eeg/5.0_version/result_5/linear_downsample/Physionet_MI_wsn_within_subject_linear_downsample/seed_42_downsample_t40/ratio_full/neurolm/summary.json
Physionet_MI_wsn_within_subject_linear_downsample,Physionet_MI_wsn,within_subject,seed_42_downsample_t40,42,reve,0.26235886660149466,0.25,balanced_chance,Unknown,Unknown,Unknown,,/benchmark-eeg/5.0_version/result_5/linear_downsample/Physionet_MI_wsn_within_subject_linear_downsample/seed_42_downsample_t40/ratio_full/reve/summary.json
Physionet_MI_wsn_within_subject_linear_downsample,Physionet_MI_wsn,within_subject,seed_5_downsample_t40,5,bendr,0.27449222382298366,0.25,balanced_chance,Unknown,Unknown,Unknown,,/benchmark-eeg/5.0_version/result_5/linear_downsample/Physionet_MI_wsn_within_subject_linear_downsample/seed_5_downsample_t40/ratio_full/bendr/summary.json
Physionet_MI_wsn_within_subject_linear_downsample,Physionet_MI_wsn,within_subject,seed_5_downsample_t40,5,biot,0.26127179992864596,0.25,balanced_chance,Unknown,Unknown,Unknown,,/benchmark-eeg/5.0_version/result_5/linear_downsample/Physionet_MI_wsn_within_subject_linear_downsample/seed_5_downsample_t40/ratio_full/biot/summary.json
Physionet_MI_wsn_within_subject_linear_downsample,Physionet_MI_wsn,within_subject,seed_5_downsample_t40,5,brainomni,0.3502866735675747,0.25,balanced_chance,Unknown,Unknown,Unknown,,/benchmark-eeg/5.0_version/result_5/linear_downsample/Physionet_MI_wsn_within_subject_linear_downsample/seed_5_downsample_t40/ratio_full/brainomni/summary.json
Physionet_MI_wsn_within_subject_linear_downsample,Physionet_MI_wsn,within_subject,seed_5_downsample_t40,5,cbramod,0.22638715949595453,0.25,balanced_chance,Unknown,Unknown,Unknown,,/benchmark-eeg/5.0_version/result_5/linear_downsample/Physionet_MI_wsn_within_subject_linear_downsample/seed_5_downsample_t40/ratio_full/cbramod/summary.json
Physionet_MI_wsn_within_subject_linear_downsample,Physionet_MI_wsn,within_subject,seed_5_downsample_t40,5,eegmamba,0.2731030243334185,0.25,balanced_chance,Unknown,Unknown,Unknown,,/benchmark-eeg/5.0_version/result_5/linear_downsample/Physionet_MI_wsn_within_subject_linear_downsample/seed_5_downsample_t40/ratio_full/eegmamba/summary.json
Physionet_MI_wsn_within_subject_linear_downsample,Physionet_MI_wsn,within_subject,seed_5_downsample_t40,5,femba,0.26301625814991964,0.25,balanced_chance,Unknown,Unknown,Unknown,,/benchmark-eeg/5.0_version/result_5/linear_downsample/Physionet_MI_wsn_within_subject_linear_downsample/seed_5_downsample_t40/ratio_full/femba/summary.json
Physionet_MI_wsn_within_subject_linear_downsample,Physionet_MI_wsn,within_subject,seed_5_downsample_t40,5,labram,0.29047980033003884,0.25,balanced_chance,Unknown,Unknown,Unknown,,/benchmark-eeg/5.0_version/result_5/linear_downsample/Physionet_MI_wsn_within_subject_linear_downsample/seed_5_downsample_t40/ratio_full/labram/summary.json
Physionet_MI_wsn_within_subject_linear_downsample,Physionet_MI_wsn,within_subject,seed_5_downsample_t40,5,neurogpt,0.2866589988976027,0.25,balanced_chance,Unknown,Unknown,Unknown,,/benchmark-eeg/5.0_version/result_5/linear_downsample/Physionet_MI_wsn_within_subject_linear_downsample/seed_5_downsample_t40/ratio_full/neurogpt/summary.json
Physionet_MI_wsn_within_subject_linear_downsample,Physionet_MI_wsn,within_subject,seed_5_downsample_t40,5,neurolm,0.28379220060030663,0.25,balanced_chance,Unknown,Unknown,Unknown,,/benchmark-eeg/5.0_version/result_5/linear_downsample/Physionet_MI_wsn_within_subject_linear_downsample/seed_5_downsample_t40/ratio_full/neurolm/summary.json
Physionet_MI_wsn_within_subject_linear_downsample,Physionet_MI_wsn,within_subject,seed_5_downsample_t40,5,reve,0.26379846541473184,0.25,balanced_chance,Unknown,Unknown,Unknown,,/benchmark-eeg/5.0_version/result_5/linear_downsample/Physionet_MI_wsn_within_subject_linear_downsample/seed_5_downsample_t40/ratio_full/reve/summary.json
RestCog_wsn_cross_subject_linear_downsample,RestCog_wsn,cross_subject,seed_10_downsample_t40,10,bendr,0.19944444444444445,0.2,balanced_chance,Unknown,Unknown,Unknown,,/benchmark-eeg/5.0_version/result_5/linear_downsample/RestCog_wsn_cross_subject_linear_downsample/seed_10_downsample_t40/ratio_full/bendr/summary.json
RestCog_wsn_cross_subject_linear_downsample,RestCog_wsn,cross_subject,seed_10_downsample_t40,10,biot,0.36870370370370364,0.2,balanced_chance,Unknown,Unknown,Unknown,,/benchmark-eeg/5.0_version/result_5/linear_downsample/RestCog_wsn_cross_subject_linear_downsample/seed_10_downsample_t40/ratio_full/biot/summary.json
RestCog_wsn_cross_subject_linear_downsample,RestCog_wsn,cross_subject,seed_10_downsample_t40,10,brainomni,0.34540740740740744,0.2,balanced_chance,Unknown,Unknown,Unknown,,/benchmark-eeg/5.0_version/result_5/linear_downsample/RestCog_wsn_cross_subject_linear_downsample/seed_10_downsample_t40/ratio_full/brainomni/summary.json
RestCog_wsn_cross_subject_linear_downsample,RestCog_wsn,cross_subject,seed_10_downsample_t40,10,cbramod,0.24496296296296297,0.2,balanced_chance,Unknown,Unknown,Unknown,,/benchmark-eeg/5.0_version/result_5/linear_downsample/RestCog_wsn_cross_subject_linear_downsample/seed_10_downsample_t40/ratio_full/cbramod/summary.json
RestCog_wsn_cross_subject_linear_downsample,RestCog_wsn,cross_subject,seed_10_downsample_t40,10,eegmamba,0.23718518518518517,0.2,balanced_chance,Unknown,Unknown,Unknown,,/benchmark-eeg/5.0_version/result_5/linear_downsample/RestCog_wsn_cross_subject_linear_downsample/seed_10_downsample_t40/ratio_full/eegmamba/summary.json
RestCog_wsn_cross_subject_linear_downsample,RestCog_wsn,cross_subject,seed_10_downsample_t40,10,femba,0.33877777777777773,0.2,balanced_chance,Unknown,Unknown,Unknown,,/benchmark-eeg/5.0_version/result_5/linear_downsample/RestCog_wsn_cross_subject_linear_downsample/seed_10_downsample_t40/ratio_full/femba/summary.json
RestCog_wsn_cross_subject_linear_downsample,RestCog_wsn,cross_subject,seed_10_downsample_t40,10,labram,0.3535555555555555,0.2,balanced_chance,Unknown,Unknown,Unknown,,/benchmark-eeg/5.0_version/result_5/linear_downsample/RestCog_wsn_cross_subject_linear_downsample/seed_10_downsample_t40/ratio_full/labram/summary.json
RestCog_wsn_cross_subject_linear_downsample,RestCog_wsn,cross_subject,seed_10_downsample_t40,10,neurogpt,0.2745925925925926,0.2,balanced_chance,Unknown,Unknown,Unknown,,/benchmark-eeg/5.0_version/result_5/linear_downsample/RestCog_wsn_cross_subject_linear_downsample/seed_10_downsample_t40/ratio_full/neurogpt/summary.json
RestCog_wsn_cross_subject_linear_downsample,RestCog_wsn,cross_subject,seed_10_downsample_t40,10,neurolm,0.33822222222222226,0.2,balanced_chance,Unknown,Unknown,Unknown,,/benchmark-eeg/5.0_version/result_5/linear_downsample/RestCog_wsn_cross_subject_linear_downsample/seed_10_downsample_t40/ratio_full/neurolm/summary.json
RestCog_wsn_cross_subject_linear_downsample,RestCog_wsn,cross_subject,seed_10_downsample_t40,10,reve,0.23399999999999999,0.2,balanced_chance,Unknown,Unknown,Unknown,,/benchmark-eeg/5.0_version/result_5/linear_downsample/RestCog_wsn_cross_subject_linear_downsample/seed_10_downsample_t40/ratio_full/reve/summary.json
RestCog_wsn_cross_subject_linear_downsample,RestCog_wsn,cross_subject,seed_42_downsample_t40,42,bendr,0.20225925925925928,0.2,balanced_chance,Unknown,Unknown,Unknown,,/benchmark-eeg/5.0_version/result_5/linear_downsample/RestCog_wsn_cross_subject_linear_downsample/seed_42_downsample_t40/ratio_full/bendr/summary.json
RestCog_wsn_cross_subject_linear_downsample,RestCog_wsn,cross_subject,seed_42_downsample_t40,42,biot,0.368925925925926,0.2,balanced_chance,Unknown,Unknown,Unknown,,/benchmark-eeg/5.0_version/result_5/linear_downsample/RestCog_wsn_cross_subject_linear_downsample/seed_42_downsample_t40/ratio_full/biot/summary.json
RestCog_wsn_cross_subject_linear_downsample,RestCog_wsn,cross_subject,seed_42_downsample_t40,42,brainomni,0.35677777777777775,0.2,balanced_chance,Unknown,Unknown,Unknown,,/benchmark-eeg/5.0_version/result_5/linear_downsample/RestCog_wsn_cross_subject_linear_downsample/seed_42_downsample_t40/ratio_full/brainomni/summary.json
RestCog_wsn_cross_subject_linear_downsample,RestCog_wsn,cross_subject,seed_42_downsample_t40,42,cbramod,0.2745925925925926,0.2,balanced_chance,Unknown,Unknown,Unknown,,/benchmark-eeg/5.0_version/result_5/linear_downsample/RestCog_wsn_cross_subject_linear_downsample/seed_42_downsample_t40/ratio_full/cbramod/summary.json
RestCog_wsn_cross_subject_linear_downsample,RestCog_wsn,cross_subject,seed_42_downsample_t40,42,eegmamba,0.23340740740740737,0.2,balanced_chance,Unknown,Unknown,Unknown,,/benchmark-eeg/5.0_version/result_5/linear_downsample/RestCog_wsn_cross_subject_linear_downsample/seed_42_downsample_t40/ratio_full/eegmamba/summary.json
RestCog_wsn_cross_subject_linear_downsample,RestCog_wsn,cross_subject,seed_42_downsample_t40,42,femba,0.34311111111111103,0.2,balanced_chance,Unknown,Unknown,Unknown,,/benchmark-eeg/5.0_version/result_5/linear_downsample/RestCog_wsn_cross_subject_linear_downsample/seed_42_downsample_t40/ratio_full/femba/summary.json
RestCog_wsn_cross_subject_linear_downsample,RestCog_wsn,cross_subject,seed_42_downsample_t40,42,labram,0.35218518518518516,0.2,balanced_chance,Unknown,Unknown,Unknown,,/benchmark-eeg/5.0_version/result_5/linear_downsample/RestCog_wsn_cross_subject_linear_downsample/seed_42_downsample_t40/ratio_full/labram/summary.json
RestCog_wsn_cross_subject_linear_downsample,RestCog_wsn,cross_subject,seed_42_downsample_t40,42,neurogpt,0.28625925925925927,0.2,balanced_chance,Unknown,Unknown,Unknown,,/benchmark-eeg/5.0_version/result_5/linear_downsample/RestCog_wsn_cross_subject_linear_downsample/seed_42_downsample_t40/ratio_full/neurogpt/summary.json
RestCog_wsn_cross_subject_linear_downsample,RestCog_wsn,cross_subject,seed_42_downsample_t40,42,neurolm,0.3381851851851852,0.2,balanced_chance,Unknown,Unknown,Unknown,,/benchmark-eeg/5.0_version/result_5/linear_downsample/RestCog_wsn_cross_subject_linear_downsample/seed_42_downsample_t40/ratio_full/neurolm/summary.json
RestCog_wsn_cross_subject_linear_downsample,RestCog_wsn,cross_subject,seed_42_downsample_t40,42,reve,0.23285185185185187,0.2,balanced_chance,Unknown,Unknown,Unknown,,/benchmark-eeg/5.0_version/result_5/linear_downsample/RestCog_wsn_cross_subject_linear_downsample/seed_42_downsample_t40/ratio_full/reve/summary.json
RestCog_wsn_within_subject_linear_downsample,RestCog_wsn,within_subject,seed_10_downsample_t40,10,bendr,0.20202404628085563,0.2,balanced_chance,Unknown,Unknown,Unknown,,/benchmark-eeg/5.0_version/result_5/linear_downsample/RestCog_wsn_within_subject_linear_downsample/seed_10_downsample_t40/ratio_full/bendr/summary.json
RestCog_wsn_within_subject_linear_downsample,RestCog_wsn,within_subject,seed_10_downsample_t40,10,biot,0.3707304057809895,0.2,balanced_chance,Unknown,Unknown,Unknown,,/benchmark-eeg/5.0_version/result_5/linear_downsample/RestCog_wsn_within_subject_linear_downsample/seed_10_downsample_t40/ratio_full/biot/summary.json
RestCog_wsn_within_subject_linear_downsample,RestCog_wsn,within_subject,seed_10_downsample_t40,10,brainomni,0.35073962901200256,0.2,balanced_chance,Unknown,Unknown,Unknown,,/benchmark-eeg/5.0_version/result_5/linear_downsample/RestCog_wsn_within_subject_linear_downsample/seed_10_downsample_t40/ratio_full/brainomni/summary.json
RestCog_wsn_within_subject_linear_downsample,RestCog_wsn,within_subject,seed_10_downsample_t40,10,cbramod,0.3061029172585593,0.2,balanced_chance,Unknown,Unknown,Unknown,,/benchmark-eeg/5.0_version/result_5/linear_downsample/RestCog_wsn_within_subject_linear_downsample/seed_10_downsample_t40/ratio_full/cbramod/summary.json
RestCog_wsn_within_subject_linear_downsample,RestCog_wsn,within_subject,seed_10_downsample_t40,10,eegmamba,0.23817237971712676,0.2,balanced_chance,Unknown,Unknown,Unknown,,/benchmark-eeg/5.0_version/result_5/linear_downsample/RestCog_wsn_within_subject_linear_downsample/seed_10_downsample_t40/ratio_full/eegmamba/summary.json
RestCog_wsn_within_subject_linear_downsample,RestCog_wsn,within_subject,seed_10_downsample_t40,10,femba,0.3228154324418916,0.2,balanced_chance,Unknown,Unknown,Unknown,,/benchmark-eeg/5.0_version/result_5/linear_downsample/RestCog_wsn_within_subject_linear_downsample/seed_10_downsample_t40/ratio_full/femba/summary.json
RestCog_wsn_within_subject_linear_downsample,RestCog_wsn,within_subject,seed_10_downsample_t40,10,labram,0.3408151648034917,0.2,balanced_chance,Unknown,Unknown,Unknown,,/benchmark-eeg/5.0_version/result_5/linear_downsample/RestCog_wsn_within_subject_linear_downsample/seed_10_downsample_t40/ratio_full/labram/summary.json
RestCog_wsn_within_subject_linear_downsample,RestCog_wsn,within_subject,seed_10_downsample_t40,10,neurogpt,0.2938791715562144,0.2,balanced_chance,Unknown,Unknown,Unknown,,/benchmark-eeg/5.0_version/result_5/linear_downsample/RestCog_wsn_within_subject_linear_downsample/seed_10_downsample_t40/ratio_full/neurogpt/summary.json
RestCog_wsn_within_subject_linear_downsample,RestCog_wsn,within_subject,seed_10_downsample_t40,10,neurolm,0.3352152430362547,0.2,balanced_chance,Unknown,Unknown,Unknown,,/benchmark-eeg/5.0_version/result_5/linear_downsample/RestCog_wsn_within_subject_linear_downsample/seed_10_downsample_t40/ratio_full/neurolm/summary.json
RestCog_wsn_within_subject_linear_downsample,RestCog_wsn,within_subject,seed_10_downsample_t40,10,reve,0.23801200255285856,0.2,balanced_chance,Unknown,Unknown,Unknown,,/benchmark-eeg/5.0_version/result_5/linear_downsample/RestCog_wsn_within_subject_linear_downsample/seed_10_downsample_t40/ratio_full/reve/summary.json
RestCog_wsn_within_subject_linear_downsample,RestCog_wsn,within_subject,seed_42_downsample_t40,42,bendr,0.20928830116385527,0.2,balanced_chance,Unknown,Unknown,Unknown,,/benchmark-eeg/5.0_version/result_5/linear_downsample/RestCog_wsn_within_subject_linear_downsample/seed_42_downsample_t40/ratio_full/bendr/summary.json
RestCog_wsn_within_subject_linear_downsample,RestCog_wsn,within_subject,seed_42_downsample_t40,42,biot,0.3713050181236882,0.2,balanced_chance,Unknown,Unknown,Unknown,,/benchmark-eeg/5.0_version/result_5/linear_downsample/RestCog_wsn_within_subject_linear_downsample/seed_42_downsample_t40/ratio_full/biot/summary.json
RestCog_wsn_within_subject_linear_downsample,RestCog_wsn,within_subject,seed_42_downsample_t40,42,brainomni,0.3511364379308464,0.2,balanced_chance,Unknown,Unknown,Unknown,,/benchmark-eeg/5.0_version/result_5/linear_downsample/RestCog_wsn_within_subject_linear_downsample/seed_42_downsample_t40/ratio_full/brainomni/summary.json
RestCog_wsn_within_subject_linear_downsample,RestCog_wsn,within_subject,seed_42_downsample_t40,42,cbramod,0.3057973122384752,0.2,balanced_chance,Unknown,Unknown,Unknown,,/benchmark-eeg/5.0_version/result_5/linear_downsample/RestCog_wsn_within_subject_linear_downsample/seed_42_downsample_t40/ratio_full/cbramod/summary.json
RestCog_wsn_within_subject_linear_downsample,RestCog_wsn,within_subject,seed_42_downsample_t40,42,eegmamba,0.23265696813786022,0.2,balanced_chance,Unknown,Unknown,Unknown,,/benchmark-eeg/5.0_version/result_5/linear_downsample/RestCog_wsn_within_subject_linear_downsample/seed_42_downsample_t40/ratio_full/eegmamba/summary.json
RestCog_wsn_within_subject_linear_downsample,RestCog_wsn,within_subject,seed_42_downsample_t40,42,femba,0.32658617801531065,0.2,balanced_chance,Unknown,Unknown,Unknown,,/benchmark-eeg/5.0_version/result_5/linear_downsample/RestCog_wsn_within_subject_linear_downsample/seed_42_downsample_t40/ratio_full/femba/summary.json
RestCog_wsn_within_subject_linear_downsample,RestCog_wsn,within_subject,seed_42_downsample_t40,42,labram,0.3387311719080335,0.2,balanced_chance,Unknown,Unknown,Unknown,,/benchmark-eeg/5.0_version/result_5/linear_downsample/RestCog_wsn_within_subject_linear_downsample/seed_42_downsample_t40/ratio_full/labram/summary.json
RestCog_wsn_within_subject_linear_downsample,RestCog_wsn,within_subject,seed_42_downsample_t40,42,neurogpt,0.2840667004603983,0.2,balanced_chance,Unknown,Unknown,Unknown,,/benchmark-eeg/5.0_version/result_5/linear_downsample/RestCog_wsn_within_subject_linear_downsample/seed_42_downsample_t40/ratio_full/neurogpt/summary.json
RestCog_wsn_within_subject_linear_downsample,RestCog_wsn,within_subject,seed_42_downsample_t40,42,neurolm,0.33017533190621834,0.2,balanced_chance,Unknown,Unknown,Unknown,,/benchmark-eeg/5.0_version/result_5/linear_downsample/RestCog_wsn_within_subject_linear_downsample/seed_42_downsample_t40/ratio_full/neurolm/summary.json
RestCog_wsn_within_subject_linear_downsample,RestCog_wsn,within_subject,seed_42_downsample_t40,42,reve,0.2350267567834538,0.2,balanced_chance,Unknown,Unknown,Unknown,,/benchmark-eeg/5.0_version/result_5/linear_downsample/RestCog_wsn_within_subject_linear_downsample/seed_42_downsample_t40/ratio_full/reve/summary.json
RestCog_wsn_within_subject_linear_downsample,RestCog_wsn,within_subject,seed_5_downsample_t40,5,bendr,0.20615345121459833,0.2,balanced_chance,Unknown,Unknown,Unknown,,/benchmark-eeg/5.0_version/result_5/linear_downsample/RestCog_wsn_within_subject_linear_downsample/seed_5_downsample_t40/ratio_full/bendr/summary.json
RestCog_wsn_within_subject_linear_downsample,RestCog_wsn,within_subject,seed_5_downsample_t40,5,biot,0.3610913780790422,0.2,balanced_chance,Unknown,Unknown,Unknown,,/benchmark-eeg/5.0_version/result_5/linear_downsample/RestCog_wsn_within_subject_linear_downsample/seed_5_downsample_t40/ratio_full/biot/summary.json
RestCog_wsn_within_subject_linear_downsample,RestCog_wsn,within_subject,seed_5_downsample_t40,5,brainomni,0.34725365840265765,0.2,balanced_chance,Unknown,Unknown,Unknown,,/benchmark-eeg/5.0_version/result_5/linear_downsample/RestCog_wsn_within_subject_linear_downsample/seed_5_downsample_t40/ratio_full/brainomni/summary.json
RestCog_wsn_within_subject_linear_downsample,RestCog_wsn,within_subject,seed_5_downsample_t40,5,cbramod,0.303145499342107,0.2,balanced_chance,Unknown,Unknown,Unknown,,/benchmark-eeg/5.0_version/result_5/linear_downsample/RestCog_wsn_within_subject_linear_downsample/seed_5_downsample_t40/ratio_full/cbramod/summary.json
RestCog_wsn_within_subject_linear_downsample,RestCog_wsn,within_subject,seed_5_downsample_t40,5,eegmamba,0.23204367734031456,0.2,balanced_chance,Unknown,Unknown,Unknown,,/benchmark-eeg/5.0_version/result_5/linear_downsample/RestCog_wsn_within_subject_linear_downsample/seed_5_downsample_t40/ratio_full/eegmamba/summary.json
RestCog_wsn_within_subject_linear_downsample,RestCog_wsn,within_subject,seed_5_downsample_t40,5,femba,0.3227281798815687,0.2,balanced_chance,Unknown,Unknown,Unknown,,/benchmark-eeg/5.0_version/result_5/linear_downsample/RestCog_wsn_within_subject_linear_downsample/seed_5_downsample_t40/ratio_full/femba/summary.json
RestCog_wsn_within_subject_linear_downsample,RestCog_wsn,within_subject,seed_5_downsample_t40,5,labram,0.3426650302646372,0.2,balanced_chance,Unknown,Unknown,Unknown,,/benchmark-eeg/5.0_version/result_5/linear_downsample/RestCog_wsn_within_subject_linear_downsample/seed_5_downsample_t40/ratio_full/labram/summary.json
RestCog_wsn_within_subject_linear_downsample,RestCog_wsn,within_subject,seed_5_downsample_t40,5,neurogpt,0.2987782663332994,0.2,balanced_chance,Unknown,Unknown,Unknown,,/benchmark-eeg/5.0_version/result_5/linear_downsample/RestCog_wsn_within_subject_linear_downsample/seed_5_downsample_t40/ratio_full/neurogpt/summary.json
RestCog_wsn_within_subject_linear_downsample,RestCog_wsn,within_subject,seed_5_downsample_t40,5,neurolm,0.3401225897595298,0.2,balanced_chance,Unknown,Unknown,Unknown,,/benchmark-eeg/5.0_version/result_5/linear_downsample/RestCog_wsn_within_subject_linear_downsample/seed_5_downsample_t40/ratio_full/neurolm/summary.json
RestCog_wsn_within_subject_linear_downsample,RestCog_wsn,within_subject,seed_5_downsample_t40,5,reve,0.23654266633427107,0.2,balanced_chance,Unknown,Unknown,Unknown,,/benchmark-eeg/5.0_version/result_5/linear_downsample/RestCog_wsn_within_subject_linear_downsample/seed_5_downsample_t40/ratio_full/reve/summary.json
SEEDIV_cross_subject_linear_downsample,SEEDIV,cross_subject,seed_10_downsample_t40,10,bendr,0.25172763854021707,0.25,balanced_chance,Cognition & Emotion,认知与情绪,情绪识别,SEED‑IV,/benchmark-eeg/5.0_version/result_5/linear_downsample/SEEDIV_cross_subject_linear_downsample/seed_10_downsample_t40/ratio_full/bendr/summary.json
SEEDIV_cross_subject_linear_downsample,SEEDIV,cross_subject,seed_10_downsample_t40,10,biot,0.17271048534809458,0.25,balanced_chance,Cognition & Emotion,认知与情绪,情绪识别,SEED‑IV,/benchmark-eeg/5.0_version/result_5/linear_downsample/SEEDIV_cross_subject_linear_downsample/seed_10_downsample_t40/ratio_full/biot/summary.json
SEEDIV_cross_subject_linear_downsample,SEEDIV,cross_subject,seed_10_downsample_t40,10,brainomni,0.3150554263954816,0.25,balanced_chance,Cognition & Emotion,认知与情绪,情绪识别,SEED‑IV,/benchmark-eeg/5.0_version/result_5/linear_downsample/SEEDIV_cross_subject_linear_downsample/seed_10_downsample_t40/ratio_full/brainomni/summary.json
SEEDIV_cross_subject_linear_downsample,SEEDIV,cross_subject,seed_10_downsample_t40,10,cbramod,0.31178824977657793,0.25,balanced_chance,Cognition & Emotion,认知与情绪,情绪识别,SEED‑IV,/benchmark-eeg/5.0_version/result_5/linear_downsample/SEEDIV_cross_subject_linear_downsample/seed_10_downsample_t40/ratio_full/cbramod/summary.json
SEEDIV_cross_subject_linear_downsample,SEEDIV,cross_subject,seed_10_downsample_t40,10,eegmamba,0.2789720113446844,0.25,balanced_chance,Cognition & Emotion,认知与情绪,情绪识别,SEED‑IV,/benchmark-eeg/5.0_version/result_5/linear_downsample/SEEDIV_cross_subject_linear_downsample/seed_10_downsample_t40/ratio_full/eegmamba/summary.json
SEEDIV_cross_subject_linear_downsample,SEEDIV,cross_subject,seed_10_downsample_t40,10,femba,0.3006823732198688,0.25,balanced_chance,Cognition & Emotion,认知与情绪,情绪识别,SEED‑IV,/benchmark-eeg/5.0_version/result_5/linear_downsample/SEEDIV_cross_subject_linear_downsample/seed_10_downsample_t40/ratio_full/femba/summary.json
SEEDIV_cross_subject_linear_downsample,SEEDIV,cross_subject,seed_10_downsample_t40,10,labram,0.3149389864681298,0.25,balanced_chance,Cognition & Emotion,认知与情绪,情绪识别,SEED‑IV,/benchmark-eeg/5.0_version/result_5/linear_downsample/SEEDIV_cross_subject_linear_downsample/seed_10_downsample_t40/ratio_full/labram/summary.json
SEEDIV_cross_subject_linear_downsample,SEEDIV,cross_subject,seed_10_downsample_t40,10,neurogpt,0.2847124096277289,0.25,balanced_chance,Cognition & Emotion,认知与情绪,情绪识别,SEED‑IV,/benchmark-eeg/5.0_version/result_5/linear_downsample/SEEDIV_cross_subject_linear_downsample/seed_10_downsample_t40/ratio_full/neurogpt/summary.json
SEEDIV_cross_subject_linear_downsample,SEEDIV,cross_subject,seed_10_downsample_t40,10,neurolm,0.3162518946348711,0.25,balanced_chance,Cognition & Emotion,认知与情绪,情绪识别,SEED‑IV,/benchmark-eeg/5.0_version/result_5/linear_downsample/SEEDIV_cross_subject_linear_downsample/seed_10_downsample_t40/ratio_full/neurolm/summary.json
SEEDIV_cross_subject_linear_downsample,SEEDIV,cross_subject,seed_10_downsample_t40,10,reve,0.25372277854840664,0.25,balanced_chance,Cognition & Emotion,认知与情绪,情绪识别,SEED‑IV,/benchmark-eeg/5.0_version/result_5/linear_downsample/SEEDIV_cross_subject_linear_downsample/seed_10_downsample_t40/ratio_full/reve/summary.json
SEEDIV_cross_subject_linear_downsample,SEEDIV,cross_subject,seed_42_downsample_t40,42,bendr,0.2503587067834781,0.25,balanced_chance,Cognition & Emotion,认知与情绪,情绪识别,SEED‑IV,/benchmark-eeg/5.0_version/result_5/linear_downsample/SEEDIV_cross_subject_linear_downsample/seed_42_downsample_t40/ratio_full/bendr/summary.json
SEEDIV_cross_subject_linear_downsample,SEEDIV,cross_subject,seed_42_downsample_t40,42,biot,0.21837198624929038,0.25,balanced_chance,Cognition & Emotion,认知与情绪,情绪识别,SEED‑IV,/benchmark-eeg/5.0_version/result_5/linear_downsample/SEEDIV_cross_subject_linear_downsample/seed_42_downsample_t40/ratio_full/biot/summary.json
SEEDIV_cross_subject_linear_downsample,SEEDIV,cross_subject,seed_42_downsample_t40,42,brainomni,0.32754483643291155,0.25,balanced_chance,Cognition & Emotion,认知与情绪,情绪识别,SEED‑IV,/benchmark-eeg/5.0_version/result_5/linear_downsample/SEEDIV_cross_subject_linear_downsample/seed_42_downsample_t40/ratio_full/brainomni/summary.json
SEEDIV_cross_subject_linear_downsample,SEEDIV,cross_subject,seed_42_downsample_t40,42,cbramod,0.2988167356757145,0.25,balanced_chance,Cognition & Emotion,认知与情绪,情绪识别,SEED‑IV,/benchmark-eeg/5.0_version/result_5/linear_downsample/SEEDIV_cross_subject_linear_downsample/seed_42_downsample_t40/ratio_full/cbramod/summary.json
SEEDIV_cross_subject_linear_downsample,SEEDIV,cross_subject,seed_42_downsample_t40,42,eegmamba,0.28637553982165553,0.25,balanced_chance,Cognition & Emotion,认知与情绪,情绪识别,SEED‑IV,/benchmark-eeg/5.0_version/result_5/linear_downsample/SEEDIV_cross_subject_linear_downsample/seed_42_downsample_t40/ratio_full/eegmamba/summary.json
SEEDIV_cross_subject_linear_downsample,SEEDIV,cross_subject,seed_42_downsample_t40,42,femba,0.31140642557773934,0.25,balanced_chance,Cognition & Emotion,认知与情绪,情绪识别,SEED‑IV,/benchmark-eeg/5.0_version/result_5/linear_downsample/SEEDIV_cross_subject_linear_downsample/seed_42_downsample_t40/ratio_full/femba/summary.json
SEEDIV_cross_subject_linear_downsample,SEEDIV,cross_subject,seed_42_downsample_t40,42,labram,0.28366713825378165,0.25,balanced_chance,Cognition & Emotion,认知与情绪,情绪识别,SEED‑IV,/benchmark-eeg/5.0_version/result_5/linear_downsample/SEEDIV_cross_subject_linear_downsample/seed_42_downsample_t40/ratio_full/labram/summary.json
SEEDIV_cross_subject_linear_downsample,SEEDIV,cross_subject,seed_42_downsample_t40,42,neurogpt,0.2782802931749976,0.25,balanced_chance,Cognition & Emotion,认知与情绪,情绪识别,SEED‑IV,/benchmark-eeg/5.0_version/result_5/linear_downsample/SEEDIV_cross_subject_linear_downsample/seed_42_downsample_t40/ratio_full/neurogpt/summary.json
SEEDIV_cross_subject_linear_downsample,SEEDIV,cross_subject,seed_42_downsample_t40,42,neurolm,0.33484049360805324,0.25,balanced_chance,Cognition & Emotion,认知与情绪,情绪识别,SEED‑IV,/benchmark-eeg/5.0_version/result_5/linear_downsample/SEEDIV_cross_subject_linear_downsample/seed_42_downsample_t40/ratio_full/neurolm/summary.json
SEEDIV_cross_subject_linear_downsample,SEEDIV,cross_subject,seed_42_downsample_t40,42,reve,0.2538431211404626,0.25,balanced_chance,Cognition & Emotion,认知与情绪,情绪识别,SEED‑IV,/benchmark-eeg/5.0_version/result_5/linear_downsample/SEEDIV_cross_subject_linear_downsample/seed_42_downsample_t40/ratio_full/reve/summary.json
SEEDIV_cross_subject_linear_downsample,SEEDIV,cross_subject,seed_5_downsample_t40,5,bendr,0.2624492126561927,0.25,balanced_chance,Cognition & Emotion,认知与情绪,情绪识别,SEED‑IV,/benchmark-eeg/5.0_version/result_5/linear_downsample/SEEDIV_cross_subject_linear_downsample/seed_5_downsample_t40/ratio_full/bendr/summary.json
SEEDIV_cross_subject_linear_downsample,SEEDIV,cross_subject,seed_5_downsample_t40,5,biot,0.2897647285266203,0.25,balanced_chance,Cognition & Emotion,认知与情绪,情绪识别,SEED‑IV,/benchmark-eeg/5.0_version/result_5/linear_downsample/SEEDIV_cross_subject_linear_downsample/seed_5_downsample_t40/ratio_full/biot/summary.json
SEEDIV_cross_subject_linear_downsample,SEEDIV,cross_subject,seed_5_downsample_t40,5,brainomni,0.30624858955995915,0.25,balanced_chance,Cognition & Emotion,认知与情绪,情绪识别,SEED‑IV,/benchmark-eeg/5.0_version/result_5/linear_downsample/SEEDIV_cross_subject_linear_downsample/seed_5_downsample_t40/ratio_full/brainomni/summary.json
SEEDIV_cross_subject_linear_downsample,SEEDIV,cross_subject,seed_5_downsample_t40,5,cbramod,0.3236380133094481,0.25,balanced_chance,Cognition & Emotion,认知与情绪,情绪识别,SEED‑IV,/benchmark-eeg/5.0_version/result_5/linear_downsample/SEEDIV_cross_subject_linear_downsample/seed_5_downsample_t40/ratio_full/cbramod/summary.json
SEEDIV_cross_subject_linear_downsample,SEEDIV,cross_subject,seed_5_downsample_t40,5,eegmamba,0.28082267180188936,0.25,balanced_chance,Cognition & Emotion,认知与情绪,情绪识别,SEED‑IV,/benchmark-eeg/5.0_version/result_5/linear_downsample/SEEDIV_cross_subject_linear_downsample/seed_5_downsample_t40/ratio_full/eegmamba/summary.json
SEEDIV_cross_subject_linear_downsample,SEEDIV,cross_subject,seed_5_downsample_t40,5,femba,0.30773409071440405,0.25,balanced_chance,Cognition & Emotion,认知与情绪,情绪识别,SEED‑IV,/benchmark-eeg/5.0_version/result_5/linear_downsample/SEEDIV_cross_subject_linear_downsample/seed_5_downsample_t40/ratio_full/femba/summary.json
SEEDIV_cross_subject_linear_downsample,SEEDIV,cross_subject,seed_5_downsample_t40,5,labram,0.3102785810965119,0.25,balanced_chance,Cognition & Emotion,认知与情绪,情绪识别,SEED‑IV,/benchmark-eeg/5.0_version/result_5/linear_downsample/SEEDIV_cross_subject_linear_downsample/seed_5_downsample_t40/ratio_full/labram/summary.json
SEEDIV_cross_subject_linear_downsample,SEEDIV,cross_subject,seed_5_downsample_t40,5,neurogpt,0.28744898444148237,0.25,balanced_chance,Cognition & Emotion,认知与情绪,情绪识别,SEED‑IV,/benchmark-eeg/5.0_version/result_5/linear_downsample/SEEDIV_cross_subject_linear_downsample/seed_5_downsample_t40/ratio_full/neurogpt/summary.json
SEEDIV_cross_subject_linear_downsample,SEEDIV,cross_subject,seed_5_downsample_t40,5,neurolm,0.3277297099876236,0.25,balanced_chance,Cognition & Emotion,认知与情绪,情绪识别,SEED‑IV,/benchmark-eeg/5.0_version/result_5/linear_downsample/SEEDIV_cross_subject_linear_downsample/seed_5_downsample_t40/ratio_full/neurolm/summary.json
SEEDIV_cross_subject_linear_downsample,SEEDIV,cross_subject,seed_5_downsample_t40,5,reve,0.23582053339490688,0.25,balanced_chance,Cognition & Emotion,认知与情绪,情绪识别,SEED‑IV,/benchmark-eeg/5.0_version/result_5/linear_downsample/SEEDIV_cross_subject_linear_downsample/seed_5_downsample_t40/ratio_full/reve/summary.json
SEED_FRA_cross_subject_linear_downsample,SEED_FRA,cross_subject,seed_10_downsample_t40,10,bendr,0.3333333333333333,0.3333333333333333,balanced_chance,Cognition & Emotion,认知与情绪,情绪识别,SEED-FRA,/benchmark-eeg/5.0_version/result_5/linear_downsample/SEED_FRA_cross_subject_linear_downsample/seed_10_downsample_t40/ratio_full/bendr/summary.json
SEED_FRA_cross_subject_linear_downsample,SEED_FRA,cross_subject,seed_10_downsample_t40,10,biot,0.3676833424506956,0.3333333333333333,balanced_chance,Cognition & Emotion,认知与情绪,情绪识别,SEED-FRA,/benchmark-eeg/5.0_version/result_5/linear_downsample/SEED_FRA_cross_subject_linear_downsample/seed_10_downsample_t40/ratio_full/biot/summary.json
SEED_FRA_cross_subject_linear_downsample,SEED_FRA,cross_subject,seed_10_downsample_t40,10,brainomni,0.43021786643449494,0.3333333333333333,balanced_chance,Cognition & Emotion,认知与情绪,情绪识别,SEED-FRA,/benchmark-eeg/5.0_version/result_5/linear_downsample/SEED_FRA_cross_subject_linear_downsample/seed_10_downsample_t40/ratio_full/brainomni/summary.json
SEED_FRA_cross_subject_linear_downsample,SEED_FRA,cross_subject,seed_10_downsample_t40,10,cbramod,0.43640637239416796,0.3333333333333333,balanced_chance,Cognition & Emotion,认知与情绪,情绪识别,SEED-FRA,/benchmark-eeg/5.0_version/result_5/linear_downsample/SEED_FRA_cross_subject_linear_downsample/seed_10_downsample_t40/ratio_full/cbramod/summary.json
SEED_FRA_cross_subject_linear_downsample,SEED_FRA,cross_subject,seed_10_downsample_t40,10,eegmamba,0.3996580090249045,0.3333333333333333,balanced_chance,Cognition & Emotion,认知与情绪,情绪识别,SEED-FRA,/benchmark-eeg/5.0_version/result_5/linear_downsample/SEED_FRA_cross_subject_linear_downsample/seed_10_downsample_t40/ratio_full/eegmamba/summary.json
SEED_FRA_cross_subject_linear_downsample,SEED_FRA,cross_subject,seed_10_downsample_t40,10,femba,0.38418109392937766,0.3333333333333333,balanced_chance,Cognition & Emotion,认知与情绪,情绪识别,SEED-FRA,/benchmark-eeg/5.0_version/result_5/linear_downsample/SEED_FRA_cross_subject_linear_downsample/seed_10_downsample_t40/ratio_full/femba/summary.json
SEED_FRA_cross_subject_linear_downsample,SEED_FRA,cross_subject,seed_10_downsample_t40,10,labram,0.36654077001903085,0.3333333333333333,balanced_chance,Cognition & Emotion,认知与情绪,情绪识别,SEED-FRA,/benchmark-eeg/5.0_version/result_5/linear_downsample/SEED_FRA_cross_subject_linear_downsample/seed_10_downsample_t40/ratio_full/labram/summary.json
SEED_FRA_cross_subject_linear_downsample,SEED_FRA,cross_subject,seed_10_downsample_t40,10,neurogpt,0.3444623709764824,0.3333333333333333,balanced_chance,Cognition & Emotion,认知与情绪,情绪识别,SEED-FRA,/benchmark-eeg/5.0_version/result_5/linear_downsample/SEED_FRA_cross_subject_linear_downsample/seed_10_downsample_t40/ratio_full/neurogpt/summary.json
SEED_FRA_cross_subject_linear_downsample,SEED_FRA,cross_subject,seed_10_downsample_t40,10,neurolm,0.3531616187298872,0.3333333333333333,balanced_chance,Cognition & Emotion,认知与情绪,情绪识别,SEED-FRA,/benchmark-eeg/5.0_version/result_5/linear_downsample/SEED_FRA_cross_subject_linear_downsample/seed_10_downsample_t40/ratio_full/neurolm/summary.json
SEED_FRA_cross_subject_linear_downsample,SEED_FRA,cross_subject,seed_10_downsample_t40,10,reve,0.3602698739235734,0.3333333333333333,balanced_chance,Cognition & Emotion,认知与情绪,情绪识别,SEED-FRA,/benchmark-eeg/5.0_version/result_5/linear_downsample/SEED_FRA_cross_subject_linear_downsample/seed_10_downsample_t40/ratio_full/reve/summary.json
SEED_FRA_cross_subject_linear_downsample,SEED_FRA,cross_subject,seed_42_downsample_t40,42,bendr,0.3333333333333333,0.3333333333333333,balanced_chance,Cognition & Emotion,认知与情绪,情绪识别,SEED-FRA,/benchmark-eeg/5.0_version/result_5/linear_downsample/SEED_FRA_cross_subject_linear_downsample/seed_42_downsample_t40/ratio_full/bendr/summary.json
SEED_FRA_cross_subject_linear_downsample,SEED_FRA,cross_subject,seed_42_downsample_t40,42,biot,0.382193868509658,0.3333333333333333,balanced_chance,Cognition & Emotion,认知与情绪,情绪识别,SEED-FRA,/benchmark-eeg/5.0_version/result_5/linear_downsample/SEED_FRA_cross_subject_linear_downsample/seed_42_downsample_t40/ratio_full/biot/summary.json
SEED_FRA_cross_subject_linear_downsample,SEED_FRA,cross_subject,seed_42_downsample_t40,42,brainomni,0.4139044140874805,0.3333333333333333,balanced_chance,Cognition & Emotion,认知与情绪,情绪识别,SEED-FRA,/benchmark-eeg/5.0_version/result_5/linear_downsample/SEED_FRA_cross_subject_linear_downsample/seed_42_downsample_t40/ratio_full/brainomni/summary.json
SEED_FRA_cross_subject_linear_downsample,SEED_FRA,cross_subject,seed_42_downsample_t40,42,cbramod,0.480921701120023,0.3333333333333333,balanced_chance,Cognition & Emotion,认知与情绪,情绪识别,SEED-FRA,/benchmark-eeg/5.0_version/result_5/linear_downsample/SEED_FRA_cross_subject_linear_downsample/seed_42_downsample_t40/ratio_full/cbramod/summary.json
SEED_FRA_cross_subject_linear_downsample,SEED_FRA,cross_subject,seed_42_downsample_t40,42,eegmamba,0.41893113694791806,0.3333333333333333,balanced_chance,Cognition & Emotion,认知与情绪,情绪识别,SEED-FRA,/benchmark-eeg/5.0_version/result_5/linear_downsample/SEED_FRA_cross_subject_linear_downsample/seed_42_downsample_t40/ratio_full/eegmamba/summary.json
SEED_FRA_cross_subject_linear_downsample,SEED_FRA,cross_subject,seed_42_downsample_t40,42,femba,0.43749850398210427,0.3333333333333333,balanced_chance,Cognition & Emotion,认知与情绪,情绪识别,SEED-FRA,/benchmark-eeg/5.0_version/result_5/linear_downsample/SEED_FRA_cross_subject_linear_downsample/seed_42_downsample_t40/ratio_full/femba/summary.json
SEED_FRA_cross_subject_linear_downsample,SEED_FRA,cross_subject,seed_42_downsample_t40,42,labram,0.36134844504028335,0.3333333333333333,balanced_chance,Cognition & Emotion,认知与情绪,情绪识别,SEED-FRA,/benchmark-eeg/5.0_version/result_5/linear_downsample/SEED_FRA_cross_subject_linear_downsample/seed_42_downsample_t40/ratio_full/labram/summary.json
SEED_FRA_cross_subject_linear_downsample,SEED_FRA,cross_subject,seed_42_downsample_t40,42,neurogpt,0.3761180582843435,0.3333333333333333,balanced_chance,Cognition & Emotion,认知与情绪,情绪识别,SEED-FRA,/benchmark-eeg/5.0_version/result_5/linear_downsample/SEED_FRA_cross_subject_linear_downsample/seed_42_downsample_t40/ratio_full/neurogpt/summary.json
SEED_FRA_cross_subject_linear_downsample,SEED_FRA,cross_subject,seed_42_downsample_t40,42,neurolm,0.3307704042715484,0.3333333333333333,balanced_chance,Cognition & Emotion,认知与情绪,情绪识别,SEED-FRA,/benchmark-eeg/5.0_version/result_5/linear_downsample/SEED_FRA_cross_subject_linear_downsample/seed_42_downsample_t40/ratio_full/neurolm/summary.json
SEED_FRA_cross_subject_linear_downsample,SEED_FRA,cross_subject,seed_42_downsample_t40,42,reve,0.3627057249330323,0.3333333333333333,balanced_chance,Cognition & Emotion,认知与情绪,情绪识别,SEED-FRA,/benchmark-eeg/5.0_version/result_5/linear_downsample/SEED_FRA_cross_subject_linear_downsample/seed_42_downsample_t40/ratio_full/reve/summary.json
SEED_FRA_cross_subject_linear_downsample,SEED_FRA,cross_subject,seed_5_downsample_t40,5,bendr,0.3333333333333333,0.3333333333333333,balanced_chance,Cognition & Emotion,认知与情绪,情绪识别,SEED-FRA,/benchmark-eeg/5.0_version/result_5/linear_downsample/SEED_FRA_cross_subject_linear_downsample/seed_5_downsample_t40/ratio_full/bendr/summary.json
SEED_FRA_cross_subject_linear_downsample,SEED_FRA,cross_subject,seed_5_downsample_t40,5,biot,0.4088176964149504,0.3333333333333333,balanced_chance,Cognition & Emotion,认知与情绪,情绪识别,SEED-FRA,/benchmark-eeg/5.0_version/result_5/linear_downsample/SEED_FRA_cross_subject_linear_downsample/seed_5_downsample_t40/ratio_full/biot/summary.json
SEED_FRA_cross_subject_linear_downsample,SEED_FRA,cross_subject,seed_5_downsample_t40,5,brainomni,0.4062519936204147,0.3333333333333333,balanced_chance,Cognition & Emotion,认知与情绪,情绪识别,SEED-FRA,/benchmark-eeg/5.0_version/result_5/linear_downsample/SEED_FRA_cross_subject_linear_downsample/seed_5_downsample_t40/ratio_full/brainomni/summary.json
SEED_FRA_cross_subject_linear_downsample,SEED_FRA,cross_subject,seed_5_downsample_t40,5,cbramod,0.42056671469333556,0.3333333333333333,balanced_chance,Cognition & Emotion,认知与情绪,情绪识别,SEED-FRA,/benchmark-eeg/5.0_version/result_5/linear_downsample/SEED_FRA_cross_subject_linear_downsample/seed_5_downsample_t40/ratio_full/cbramod/summary.json
SEED_FRA_cross_subject_linear_downsample,SEED_FRA,cross_subject,seed_5_downsample_t40,5,eegmamba,0.4170282535499927,0.3333333333333333,balanced_chance,Cognition & Emotion,认知与情绪,情绪识别,SEED-FRA,/benchmark-eeg/5.0_version/result_5/linear_downsample/SEED_FRA_cross_subject_linear_downsample/seed_5_downsample_t40/ratio_full/eegmamba/summary.json
SEED_FRA_cross_subject_linear_downsample,SEED_FRA,cross_subject,seed_5_downsample_t40,5,femba,0.4188329262623694,0.3333333333333333,balanced_chance,Cognition & Emotion,认知与情绪,情绪识别,SEED-FRA,/benchmark-eeg/5.0_version/result_5/linear_downsample/SEED_FRA_cross_subject_linear_downsample/seed_5_downsample_t40/ratio_full/femba/summary.json
SEED_FRA_cross_subject_linear_downsample,SEED_FRA,cross_subject,seed_5_downsample_t40,5,labram,0.38891400657991043,0.3333333333333333,balanced_chance,Cognition & Emotion,认知与情绪,情绪识别,SEED-FRA,/benchmark-eeg/5.0_version/result_5/linear_downsample/SEED_FRA_cross_subject_linear_downsample/seed_5_downsample_t40/ratio_full/labram/summary.json
SEED_FRA_cross_subject_linear_downsample,SEED_FRA,cross_subject,seed_5_downsample_t40,5,neurogpt,0.3575459656313966,0.3333333333333333,balanced_chance,Cognition & Emotion,认知与情绪,情绪识别,SEED-FRA,/benchmark-eeg/5.0_version/result_5/linear_downsample/SEED_FRA_cross_subject_linear_downsample/seed_5_downsample_t40/ratio_full/neurogpt/summary.json
SEED_FRA_cross_subject_linear_downsample,SEED_FRA,cross_subject,seed_5_downsample_t40,5,neurolm,0.3320399520246965,0.3333333333333333,balanced_chance,Cognition & Emotion,认知与情绪,情绪识别,SEED-FRA,/benchmark-eeg/5.0_version/result_5/linear_downsample/SEED_FRA_cross_subject_linear_downsample/seed_5_downsample_t40/ratio_full/neurolm/summary.json
SEED_FRA_cross_subject_linear_downsample,SEED_FRA,cross_subject,seed_5_downsample_t40,5,reve,0.33970449473119185,0.3333333333333333,balanced_chance,Cognition & Emotion,认知与情绪,情绪识别,SEED-FRA,/benchmark-eeg/5.0_version/result_5/linear_downsample/SEED_FRA_cross_subject_linear_downsample/seed_5_downsample_t40/ratio_full/reve/summary.json
SEED_FRA_within_subject_linear_downsample,SEED_FRA,within_subject,seed_10_downsample_t40,10,bendr,0.3333333333333333,0.3333333333333333,balanced_chance,Cognition & Emotion,认知与情绪,情绪识别,SEED-FRA,/benchmark-eeg/5.0_version/result_5/linear_downsample/SEED_FRA_within_subject_linear_downsample/seed_10_downsample_t40/ratio_full/bendr/summary.json
SEED_FRA_within_subject_linear_downsample,SEED_FRA,within_subject,seed_10_downsample_t40,10,biot,0.46077064541798546,0.3333333333333333,balanced_chance,Cognition & Emotion,认知与情绪,情绪识别,SEED-FRA,/benchmark-eeg/5.0_version/result_5/linear_downsample/SEED_FRA_within_subject_linear_downsample/seed_10_downsample_t40/ratio_full/biot/summary.json
SEED_FRA_within_subject_linear_downsample,SEED_FRA,within_subject,seed_10_downsample_t40,10,brainomni,0.4226497207157232,0.3333333333333333,balanced_chance,Cognition & Emotion,认知与情绪,情绪识别,SEED-FRA,/benchmark-eeg/5.0_version/result_5/linear_downsample/SEED_FRA_within_subject_linear_downsample/seed_10_downsample_t40/ratio_full/brainomni/summary.json
SEED_FRA_within_subject_linear_downsample,SEED_FRA,within_subject,seed_10_downsample_t40,10,cbramod,0.4222877482499783,0.3333333333333333,balanced_chance,Cognition & Emotion,认知与情绪,情绪识别,SEED-FRA,/benchmark-eeg/5.0_version/result_5/linear_downsample/SEED_FRA_within_subject_linear_downsample/seed_10_downsample_t40/ratio_full/cbramod/summary.json
SEED_FRA_within_subject_linear_downsample,SEED_FRA,within_subject,seed_10_downsample_t40,10,eegmamba,0.37828162712606367,0.3333333333333333,balanced_chance,Cognition & Emotion,认知与情绪,情绪识别,SEED-FRA,/benchmark-eeg/5.0_version/result_5/linear_downsample/SEED_FRA_within_subject_linear_downsample/seed_10_downsample_t40/ratio_full/eegmamba/summary.json
SEED_FRA_within_subject_linear_downsample,SEED_FRA,within_subject,seed_10_downsample_t40,10,femba,0.4239697513116481,0.3333333333333333,balanced_chance,Cognition & Emotion,认知与情绪,情绪识别,SEED-FRA,/benchmark-eeg/5.0_version/result_5/linear_downsample/SEED_FRA_within_subject_linear_downsample/seed_10_downsample_t40/ratio_full/femba/summary.json
SEED_FRA_within_subject_linear_downsample,SEED_FRA,within_subject,seed_10_downsample_t40,10,labram,0.3303816428771842,0.3333333333333333,balanced_chance,Cognition & Emotion,认知与情绪,情绪识别,SEED-FRA,/benchmark-eeg/5.0_version/result_5/linear_downsample/SEED_FRA_within_subject_linear_downsample/seed_10_downsample_t40/ratio_full/labram/summary.json
SEED_FRA_within_subject_linear_downsample,SEED_FRA,within_subject,seed_10_downsample_t40,10,neurogpt,0.37612400199450485,0.3333333333333333,balanced_chance,Cognition & Emotion,认知与情绪,情绪识别,SEED-FRA,/benchmark-eeg/5.0_version/result_5/linear_downsample/SEED_FRA_within_subject_linear_downsample/seed_10_downsample_t40/ratio_full/neurogpt/summary.json
SEED_FRA_within_subject_linear_downsample,SEED_FRA,within_subject,seed_10_downsample_t40,10,neurolm,0.3575042469372394,0.3333333333333333,balanced_chance,Cognition & Emotion,认知与情绪,情绪识别,SEED-FRA,/benchmark-eeg/5.0_version/result_5/linear_downsample/SEED_FRA_within_subject_linear_downsample/seed_10_downsample_t40/ratio_full/neurolm/summary.json
SEED_FRA_within_subject_linear_downsample,SEED_FRA,within_subject,seed_10_downsample_t40,10,reve,0.34738693924511815,0.3333333333333333,balanced_chance,Cognition & Emotion,认知与情绪,情绪识别,SEED-FRA,/benchmark-eeg/5.0_version/result_5/linear_downsample/SEED_FRA_within_subject_linear_downsample/seed_10_downsample_t40/ratio_full/reve/summary.json
SEED_FRA_within_subject_linear_downsample,SEED_FRA,within_subject,seed_42_downsample_t40,42,bendr,0.3333333333333333,0.3333333333333333,balanced_chance,Cognition & Emotion,认知与情绪,情绪识别,SEED-FRA,/benchmark-eeg/5.0_version/result_5/linear_downsample/SEED_FRA_within_subject_linear_downsample/seed_42_downsample_t40/ratio_full/bendr/summary.json
SEED_FRA_within_subject_linear_downsample,SEED_FRA,within_subject,seed_42_downsample_t40,42,biot,0.40052635507703305,0.3333333333333333,balanced_chance,Cognition & Emotion,认知与情绪,情绪识别,SEED-FRA,/benchmark-eeg/5.0_version/result_5/linear_downsample/SEED_FRA_within_subject_linear_downsample/seed_42_downsample_t40/ratio_full/biot/summary.json
SEED_FRA_within_subject_linear_downsample,SEED_FRA,within_subject,seed_42_downsample_t40,42,brainomni,0.4345474171376263,0.3333333333333333,balanced_chance,Cognition & Emotion,认知与情绪,情绪识别,SEED-FRA,/benchmark-eeg/5.0_version/result_5/linear_downsample/SEED_FRA_within_subject_linear_downsample/seed_42_downsample_t40/ratio_full/brainomni/summary.json
SEED_FRA_within_subject_linear_downsample,SEED_FRA,within_subject,seed_42_downsample_t40,42,cbramod,0.43440941958524126,0.3333333333333333,balanced_chance,Cognition & Emotion,认知与情绪,情绪识别,SEED-FRA,/benchmark-eeg/5.0_version/result_5/linear_downsample/SEED_FRA_within_subject_linear_downsample/seed_42_downsample_t40/ratio_full/cbramod/summary.json
SEED_FRA_within_subject_linear_downsample,SEED_FRA,within_subject,seed_42_downsample_t40,42,eegmamba,0.38814709065800773,0.3333333333333333,balanced_chance,Cognition & Emotion,认知与情绪,情绪识别,SEED-FRA,/benchmark-eeg/5.0_version/result_5/linear_downsample/SEED_FRA_within_subject_linear_downsample/seed_42_downsample_t40/ratio_full/eegmamba/summary.json
SEED_FRA_within_subject_linear_downsample,SEED_FRA,within_subject,seed_42_downsample_t40,42,femba,0.44266700977801876,0.3333333333333333,balanced_chance,Cognition & Emotion,认知与情绪,情绪识别,SEED-FRA,/benchmark-eeg/5.0_version/result_5/linear_downsample/SEED_FRA_within_subject_linear_downsample/seed_42_downsample_t40/ratio_full/femba/summary.json
SEED_FRA_within_subject_linear_downsample,SEED_FRA,within_subject,seed_42_downsample_t40,42,labram,0.397917742982096,0.3333333333333333,balanced_chance,Cognition & Emotion,认知与情绪,情绪识别,SEED-FRA,/benchmark-eeg/5.0_version/result_5/linear_downsample/SEED_FRA_within_subject_linear_downsample/seed_42_downsample_t40/ratio_full/labram/summary.json
SEED_FRA_within_subject_linear_downsample,SEED_FRA,within_subject,seed_42_downsample_t40,42,neurogpt,0.3739504492205021,0.3333333333333333,balanced_chance,Cognition & Emotion,认知与情绪,情绪识别,SEED-FRA,/benchmark-eeg/5.0_version/result_5/linear_downsample/SEED_FRA_within_subject_linear_downsample/seed_42_downsample_t40/ratio_full/neurogpt/summary.json
SEED_FRA_within_subject_linear_downsample,SEED_FRA,within_subject,seed_42_downsample_t40,42,neurolm,0.3327255220498153,0.3333333333333333,balanced_chance,Cognition & Emotion,认知与情绪,情绪识别,SEED-FRA,/benchmark-eeg/5.0_version/result_5/linear_downsample/SEED_FRA_within_subject_linear_downsample/seed_42_downsample_t40/ratio_full/neurolm/summary.json
SEED_FRA_within_subject_linear_downsample,SEED_FRA,within_subject,seed_42_downsample_t40,42,reve,0.35191888625007445,0.3333333333333333,balanced_chance,Cognition & Emotion,认知与情绪,情绪识别,SEED-FRA,/benchmark-eeg/5.0_version/result_5/linear_downsample/SEED_FRA_within_subject_linear_downsample/seed_42_downsample_t40/ratio_full/reve/summary.json
SEED_FRA_within_subject_linear_downsample,SEED_FRA,within_subject,seed_5_downsample_t40,5,bendr,0.3333333333333333,0.3333333333333333,balanced_chance,Cognition & Emotion,认知与情绪,情绪识别,SEED-FRA,/benchmark-eeg/5.0_version/result_5/linear_downsample/SEED_FRA_within_subject_linear_downsample/seed_5_downsample_t40/ratio_full/bendr/summary.json
SEED_FRA_within_subject_linear_downsample,SEED_FRA,within_subject,seed_5_downsample_t40,5,biot,0.43145510583830404,0.3333333333333333,balanced_chance,Cognition & Emotion,认知与情绪,情绪识别,SEED-FRA,/benchmark-eeg/5.0_version/result_5/linear_downsample/SEED_FRA_within_subject_linear_downsample/seed_5_downsample_t40/ratio_full/biot/summary.json
SEED_FRA_within_subject_linear_downsample,SEED_FRA,within_subject,seed_5_downsample_t40,5,brainomni,0.4214865505401206,0.3333333333333333,balanced_chance,Cognition & Emotion,认知与情绪,情绪识别,SEED-FRA,/benchmark-eeg/5.0_version/result_5/linear_downsample/SEED_FRA_within_subject_linear_downsample/seed_5_downsample_t40/ratio_full/brainomni/summary.json
SEED_FRA_within_subject_linear_downsample,SEED_FRA,within_subject,seed_5_downsample_t40,5,cbramod,0.4079326465601946,0.3333333333333333,balanced_chance,Cognition & Emotion,认知与情绪,情绪识别,SEED-FRA,/benchmark-eeg/5.0_version/result_5/linear_downsample/SEED_FRA_within_subject_linear_downsample/seed_5_downsample_t40/ratio_full/cbramod/summary.json
SEED_FRA_within_subject_linear_downsample,SEED_FRA,within_subject,seed_5_downsample_t40,5,eegmamba,0.40259921220230205,0.3333333333333333,balanced_chance,Cognition & Emotion,认知与情绪,情绪识别,SEED-FRA,/benchmark-eeg/5.0_version/result_5/linear_downsample/SEED_FRA_within_subject_linear_downsample/seed_5_downsample_t40/ratio_full/eegmamba/summary.json
SEED_FRA_within_subject_linear_downsample,SEED_FRA,within_subject,seed_5_downsample_t40,5,femba,0.3672287154016464,0.3333333333333333,balanced_chance,Cognition & Emotion,认知与情绪,情绪识别,SEED-FRA,/benchmark-eeg/5.0_version/result_5/linear_downsample/SEED_FRA_within_subject_linear_downsample/seed_5_downsample_t40/ratio_full/femba/summary.json
SEED_FRA_within_subject_linear_downsample,SEED_FRA,within_subject,seed_5_downsample_t40,5,labram,0.35189869627698656,0.3333333333333333,balanced_chance,Cognition & Emotion,认知与情绪,情绪识别,SEED-FRA,/benchmark-eeg/5.0_version/result_5/linear_downsample/SEED_FRA_within_subject_linear_downsample/seed_5_downsample_t40/ratio_full/labram/summary.json
SEED_FRA_within_subject_linear_downsample,SEED_FRA,within_subject,seed_5_downsample_t40,5,neurogpt,0.36996004037105096,0.3333333333333333,balanced_chance,Cognition & Emotion,认知与情绪,情绪识别,SEED-FRA,/benchmark-eeg/5.0_version/result_5/linear_downsample/SEED_FRA_within_subject_linear_downsample/seed_5_downsample_t40/ratio_full/neurogpt/summary.json
SEED_FRA_within_subject_linear_downsample,SEED_FRA,within_subject,seed_5_downsample_t40,5,neurolm,0.3334786503765103,0.3333333333333333,balanced_chance,Cognition & Emotion,认知与情绪,情绪识别,SEED-FRA,/benchmark-eeg/5.0_version/result_5/linear_downsample/SEED_FRA_within_subject_linear_downsample/seed_5_downsample_t40/ratio_full/neurolm/summary.json
SEED_FRA_within_subject_linear_downsample,SEED_FRA,within_subject,seed_5_downsample_t40,5,reve,0.34032010245484295,0.3333333333333333,balanced_chance,Cognition & Emotion,认知与情绪,情绪识别,SEED-FRA,/benchmark-eeg/5.0_version/result_5/linear_downsample/SEED_FRA_within_subject_linear_downsample/seed_5_downsample_t40/ratio_full/reve/summary.json
SEED_VIG_wsn_cross_subject_linear_downsample,SEED_VIG_wsn,cross_subject,seed_10_downsample_t40,10,bendr,0.32981470184065714,0.3333333333333333,balanced_chance,Unknown,Unknown,Unknown,,/benchmark-eeg/5.0_version/result_5/linear_downsample/SEED_VIG_wsn_cross_subject_linear_downsample/seed_10_downsample_t40/ratio_full/bendr/summary.json
SEED_VIG_wsn_cross_subject_linear_downsample,SEED_VIG_wsn,cross_subject,seed_10_downsample_t40,10,biot,0.3333333333333333,0.3333333333333333,balanced_chance,Unknown,Unknown,Unknown,,/benchmark-eeg/5.0_version/result_5/linear_downsample/SEED_VIG_wsn_cross_subject_linear_downsample/seed_10_downsample_t40/ratio_full/biot/summary.json
SEED_VIG_wsn_cross_subject_linear_downsample,SEED_VIG_wsn,cross_subject,seed_10_downsample_t40,10,brainomni,0.5044429655100168,0.3333333333333333,balanced_chance,Unknown,Unknown,Unknown,,/benchmark-eeg/5.0_version/result_5/linear_downsample/SEED_VIG_wsn_cross_subject_linear_downsample/seed_10_downsample_t40/ratio_full/brainomni/summary.json
SEED_VIG_wsn_cross_subject_linear_downsample,SEED_VIG_wsn,cross_subject,seed_10_downsample_t40,10,cbramod,0.40856558325916653,0.3333333333333333,balanced_chance,Unknown,Unknown,Unknown,,/benchmark-eeg/5.0_version/result_5/linear_downsample/SEED_VIG_wsn_cross_subject_linear_downsample/seed_10_downsample_t40/ratio_full/cbramod/summary.json
SEED_VIG_wsn_cross_subject_linear_downsample,SEED_VIG_wsn,cross_subject,seed_10_downsample_t40,10,eegmamba,0.44156782895066965,0.3333333333333333,balanced_chance,Unknown,Unknown,Unknown,,/benchmark-eeg/5.0_version/result_5/linear_downsample/SEED_VIG_wsn_cross_subject_linear_downsample/seed_10_downsample_t40/ratio_full/eegmamba/summary.json
SEED_VIG_wsn_cross_subject_linear_downsample,SEED_VIG_wsn,cross_subject,seed_10_downsample_t40,10,femba,0.5264800568333373,0.3333333333333333,balanced_chance,Unknown,Unknown,Unknown,,/benchmark-eeg/5.0_version/result_5/linear_downsample/SEED_VIG_wsn_cross_subject_linear_downsample/seed_10_downsample_t40/ratio_full/femba/summary.json
SEED_VIG_wsn_cross_subject_linear_downsample,SEED_VIG_wsn,cross_subject,seed_10_downsample_t40,10,labram,0.547410852385618,0.3333333333333333,balanced_chance,Unknown,Unknown,Unknown,,/benchmark-eeg/5.0_version/result_5/linear_downsample/SEED_VIG_wsn_cross_subject_linear_downsample/seed_10_downsample_t40/ratio_full/labram/summary.json
SEED_VIG_wsn_cross_subject_linear_downsample,SEED_VIG_wsn,cross_subject,seed_10_downsample_t40,10,neurogpt,0.4160270715425727,0.3333333333333333,balanced_chance,Unknown,Unknown,Unknown,,/benchmark-eeg/5.0_version/result_5/linear_downsample/SEED_VIG_wsn_cross_subject_linear_downsample/seed_10_downsample_t40/ratio_full/neurogpt/summary.json
SEED_VIG_wsn_cross_subject_linear_downsample,SEED_VIG_wsn,cross_subject,seed_10_downsample_t40,10,neurolm,0.5222290006716828,0.3333333333333333,balanced_chance,Unknown,Unknown,Unknown,,/benchmark-eeg/5.0_version/result_5/linear_downsample/SEED_VIG_wsn_cross_subject_linear_downsample/seed_10_downsample_t40/ratio_full/neurolm/summary.json
SEED_VIG_wsn_cross_subject_linear_downsample,SEED_VIG_wsn,cross_subject,seed_10_downsample_t40,10,reve,0.3723938402381084,0.3333333333333333,balanced_chance,Unknown,Unknown,Unknown,,/benchmark-eeg/5.0_version/result_5/linear_downsample/SEED_VIG_wsn_cross_subject_linear_downsample/seed_10_downsample_t40/ratio_full/reve/summary.json
SEED_VIG_wsn_cross_subject_linear_downsample,SEED_VIG_wsn,cross_subject,seed_42_downsample_t40,42,bendr,0.3400335551169604,0.3333333333333333,balanced_chance,Unknown,Unknown,Unknown,,/benchmark-eeg/5.0_version/result_5/linear_downsample/SEED_VIG_wsn_cross_subject_linear_downsample/seed_42_downsample_t40/ratio_full/bendr/summary.json
SEED_VIG_wsn_cross_subject_linear_downsample,SEED_VIG_wsn,cross_subject,seed_42_downsample_t40,42,biot,0.3333333333333333,0.3333333333333333,balanced_chance,Unknown,Unknown,Unknown,,/benchmark-eeg/5.0_version/result_5/linear_downsample/SEED_VIG_wsn_cross_subject_linear_downsample/seed_42_downsample_t40/ratio_full/biot/summary.json
SEED_VIG_wsn_cross_subject_linear_downsample,SEED_VIG_wsn,cross_subject,seed_42_downsample_t40,42,brainomni,0.36493979599084264,0.3333333333333333,balanced_chance,Unknown,Unknown,Unknown,,/benchmark-eeg/5.0_version/result_5/linear_downsample/SEED_VIG_wsn_cross_subject_linear_downsample/seed_42_downsample_t40/ratio_full/brainomni/summary.json
SEED_VIG_wsn_cross_subject_linear_downsample,SEED_VIG_wsn,cross_subject,seed_42_downsample_t40,42,cbramod,0.36927576719302707,0.3333333333333333,balanced_chance,Unknown,Unknown,Unknown,,/benchmark-eeg/5.0_version/result_5/linear_downsample/SEED_VIG_wsn_cross_subject_linear_downsample/seed_42_downsample_t40/ratio_full/cbramod/summary.json
SEED_VIG_wsn_cross_subject_linear_downsample,SEED_VIG_wsn,cross_subject,seed_42_downsample_t40,42,eegmamba,0.3794432215086499,0.3333333333333333,balanced_chance,Unknown,Unknown,Unknown,,/benchmark-eeg/5.0_version/result_5/linear_downsample/SEED_VIG_wsn_cross_subject_linear_downsample/seed_42_downsample_t40/ratio_full/eegmamba/summary.json
SEED_VIG_wsn_cross_subject_linear_downsample,SEED_VIG_wsn,cross_subject,seed_42_downsample_t40,42,femba,0.49341544288591094,0.3333333333333333,balanced_chance,Unknown,Unknown,Unknown,,/benchmark-eeg/5.0_version/result_5/linear_downsample/SEED_VIG_wsn_cross_subject_linear_downsample/seed_42_downsample_t40/ratio_full/femba/summary.json
SEED_VIG_wsn_cross_subject_linear_downsample,SEED_VIG_wsn,cross_subject,seed_42_downsample_t40,42,labram,0.37452101477036787,0.3333333333333333,balanced_chance,Unknown,Unknown,Unknown,,/benchmark-eeg/5.0_version/result_5/linear_downsample/SEED_VIG_wsn_cross_subject_linear_downsample/seed_42_downsample_t40/ratio_full/labram/summary.json
SEED_VIG_wsn_cross_subject_linear_downsample,SEED_VIG_wsn,cross_subject,seed_42_downsample_t40,42,neurogpt,0.45824432070288545,0.3333333333333333,balanced_chance,Unknown,Unknown,Unknown,,/benchmark-eeg/5.0_version/result_5/linear_downsample/SEED_VIG_wsn_cross_subject_linear_downsample/seed_42_downsample_t40/ratio_full/neurogpt/summary.json
SEED_VIG_wsn_cross_subject_linear_downsample,SEED_VIG_wsn,cross_subject,seed_42_downsample_t40,42,neurolm,0.5023123350187643,0.3333333333333333,balanced_chance,Unknown,Unknown,Unknown,,/benchmark-eeg/5.0_version/result_5/linear_downsample/SEED_VIG_wsn_cross_subject_linear_downsample/seed_42_downsample_t40/ratio_full/neurolm/summary.json
SEED_VIG_wsn_cross_subject_linear_downsample,SEED_VIG_wsn,cross_subject,seed_42_downsample_t40,42,reve,0.3555766487305611,0.3333333333333333,balanced_chance,Unknown,Unknown,Unknown,,/benchmark-eeg/5.0_version/result_5/linear_downsample/SEED_VIG_wsn_cross_subject_linear_downsample/seed_42_downsample_t40/ratio_full/reve/summary.json
SEED_VIG_wsn_cross_subject_linear_downsample,SEED_VIG_wsn,cross_subject,seed_5_downsample_t40,5,bendr,0.3274468349707748,0.3333333333333333,balanced_chance,Unknown,Unknown,Unknown,,/benchmark-eeg/5.0_version/result_5/linear_downsample/SEED_VIG_wsn_cross_subject_linear_downsample/seed_5_downsample_t40/ratio_full/bendr/summary.json
SEED_VIG_wsn_cross_subject_linear_downsample,SEED_VIG_wsn,cross_subject,seed_5_downsample_t40,5,biot,0.3333333333333333,0.3333333333333333,balanced_chance,Unknown,Unknown,Unknown,,/benchmark-eeg/5.0_version/result_5/linear_downsample/SEED_VIG_wsn_cross_subject_linear_downsample/seed_5_downsample_t40/ratio_full/biot/summary.json
SEED_VIG_wsn_cross_subject_linear_downsample,SEED_VIG_wsn,cross_subject,seed_5_downsample_t40,5,brainomni,0.4204632072750852,0.3333333333333333,balanced_chance,Unknown,Unknown,Unknown,,/benchmark-eeg/5.0_version/result_5/linear_downsample/SEED_VIG_wsn_cross_subject_linear_downsample/seed_5_downsample_t40/ratio_full/brainomni/summary.json
SEED_VIG_wsn_cross_subject_linear_downsample,SEED_VIG_wsn,cross_subject,seed_5_downsample_t40,5,cbramod,0.40113041522895765,0.3333333333333333,balanced_chance,Unknown,Unknown,Unknown,,/benchmark-eeg/5.0_version/result_5/linear_downsample/SEED_VIG_wsn_cross_subject_linear_downsample/seed_5_downsample_t40/ratio_full/cbramod/summary.json
SEED_VIG_wsn_cross_subject_linear_downsample,SEED_VIG_wsn,cross_subject,seed_5_downsample_t40,5,eegmamba,0.3132388115995834,0.3333333333333333,balanced_chance,Unknown,Unknown,Unknown,,/benchmark-eeg/5.0_version/result_5/linear_downsample/SEED_VIG_wsn_cross_subject_linear_downsample/seed_5_downsample_t40/ratio_full/eegmamba/summary.json
SEED_VIG_wsn_cross_subject_linear_downsample,SEED_VIG_wsn,cross_subject,seed_5_downsample_t40,5,femba,0.5185177385575989,0.3333333333333333,balanced_chance,Unknown,Unknown,Unknown,,/benchmark-eeg/5.0_version/result_5/linear_downsample/SEED_VIG_wsn_cross_subject_linear_downsample/seed_5_downsample_t40/ratio_full/femba/summary.json
SEED_VIG_wsn_cross_subject_linear_downsample,SEED_VIG_wsn,cross_subject,seed_5_downsample_t40,5,labram,0.3274466137454958,0.3333333333333333,balanced_chance,Unknown,Unknown,Unknown,,/benchmark-eeg/5.0_version/result_5/linear_downsample/SEED_VIG_wsn_cross_subject_linear_downsample/seed_5_downsample_t40/ratio_full/labram/summary.json
SEED_VIG_wsn_cross_subject_linear_downsample,SEED_VIG_wsn,cross_subject,seed_5_downsample_t40,5,neurogpt,0.5226244625331847,0.3333333333333333,balanced_chance,Unknown,Unknown,Unknown,,/benchmark-eeg/5.0_version/result_5/linear_downsample/SEED_VIG_wsn_cross_subject_linear_downsample/seed_5_downsample_t40/ratio_full/neurogpt/summary.json
SEED_VIG_wsn_cross_subject_linear_downsample,SEED_VIG_wsn,cross_subject,seed_5_downsample_t40,5,neurolm,0.47535347885600254,0.3333333333333333,balanced_chance,Unknown,Unknown,Unknown,,/benchmark-eeg/5.0_version/result_5/linear_downsample/SEED_VIG_wsn_cross_subject_linear_downsample/seed_5_downsample_t40/ratio_full/neurolm/summary.json
SEED_VIG_wsn_cross_subject_linear_downsample,SEED_VIG_wsn,cross_subject,seed_5_downsample_t40,5,reve,0.34694760507298833,0.3333333333333333,balanced_chance,Unknown,Unknown,Unknown,,/benchmark-eeg/5.0_version/result_5/linear_downsample/SEED_VIG_wsn_cross_subject_linear_downsample/seed_5_downsample_t40/ratio_full/reve/summary.json
SEED_VII_cross_subject_linear_downsample,SEED_VII,cross_subject,seed_10_downsample_t40,10,bendr,0.143598490220525,0.1428571428571428,balanced_chance,Unknown,Unknown,Unknown,,/benchmark-eeg/5.0_version/result_5/linear_downsample/SEED_VII_cross_subject_linear_downsample/seed_10_downsample_t40/ratio_full/bendr/summary.json
SEED_VII_cross_subject_linear_downsample,SEED_VII,cross_subject,seed_10_downsample_t40,10,biot,0.1635026850107806,0.1428571428571428,balanced_chance,Unknown,Unknown,Unknown,,/benchmark-eeg/5.0_version/result_5/linear_downsample/SEED_VII_cross_subject_linear_downsample/seed_10_downsample_t40/ratio_full/biot/summary.json
SEED_VII_cross_subject_linear_downsample,SEED_VII,cross_subject,seed_10_downsample_t40,10,brainomni,0.190204135467922,0.1428571428571428,balanced_chance,Unknown,Unknown,Unknown,,/benchmark-eeg/5.0_version/result_5/linear_downsample/SEED_VII_cross_subject_linear_downsample/seed_10_downsample_t40/ratio_full/brainomni/summary.json
SEED_VII_cross_subject_linear_downsample,SEED_VII,cross_subject,seed_10_downsample_t40,10,cbramod,0.19980136540008103,0.1428571428571428,balanced_chance,Unknown,Unknown,Unknown,,/benchmark-eeg/5.0_version/result_5/linear_downsample/SEED_VII_cross_subject_linear_downsample/seed_10_downsample_t40/ratio_full/cbramod/summary.json
SEED_VII_cross_subject_linear_downsample,SEED_VII,cross_subject,seed_10_downsample_t40,10,eegmamba,0.18572953694818284,0.1428571428571428,balanced_chance,Unknown,Unknown,Unknown,,/benchmark-eeg/5.0_version/result_5/linear_downsample/SEED_VII_cross_subject_linear_downsample/seed_10_downsample_t40/ratio_full/eegmamba/summary.json
SEED_VII_cross_subject_linear_downsample,SEED_VII,cross_subject,seed_10_downsample_t40,10,femba,0.19558079801704378,0.1428571428571428,balanced_chance,Unknown,Unknown,Unknown,,/benchmark-eeg/5.0_version/result_5/linear_downsample/SEED_VII_cross_subject_linear_downsample/seed_10_downsample_t40/ratio_full/femba/summary.json
SEED_VII_cross_subject_linear_downsample,SEED_VII,cross_subject,seed_10_downsample_t40,10,labram,0.20215798751765757,0.1428571428571428,balanced_chance,Unknown,Unknown,Unknown,,/benchmark-eeg/5.0_version/result_5/linear_downsample/SEED_VII_cross_subject_linear_downsample/seed_10_downsample_t40/ratio_full/labram/summary.json
SEED_VII_cross_subject_linear_downsample,SEED_VII,cross_subject,seed_10_downsample_t40,10,neurogpt,0.16629901889569879,0.1428571428571428,balanced_chance,Unknown,Unknown,Unknown,,/benchmark-eeg/5.0_version/result_5/linear_downsample/SEED_VII_cross_subject_linear_downsample/seed_10_downsample_t40/ratio_full/neurogpt/summary.json
SEED_VII_cross_subject_linear_downsample,SEED_VII,cross_subject,seed_10_downsample_t40,10,neurolm,0.2011087923529875,0.1428571428571428,balanced_chance,Unknown,Unknown,Unknown,,/benchmark-eeg/5.0_version/result_5/linear_downsample/SEED_VII_cross_subject_linear_downsample/seed_10_downsample_t40/ratio_full/neurolm/summary.json
SEED_VII_cross_subject_linear_downsample,SEED_VII,cross_subject,seed_10_downsample_t40,10,reve,0.15229097839713246,0.1428571428571428,balanced_chance,Unknown,Unknown,Unknown,,/benchmark-eeg/5.0_version/result_5/linear_downsample/SEED_VII_cross_subject_linear_downsample/seed_10_downsample_t40/ratio_full/reve/summary.json
SEED_VII_cross_subject_linear_downsample,SEED_VII,cross_subject,seed_42_downsample_t40,42,bendr,0.14752647148361292,0.1428571428571428,balanced_chance,Unknown,Unknown,Unknown,,/benchmark-eeg/5.0_version/result_5/linear_downsample/SEED_VII_cross_subject_linear_downsample/seed_42_downsample_t40/ratio_full/bendr/summary.json
SEED_VII_cross_subject_linear_downsample,SEED_VII,cross_subject,seed_42_downsample_t40,42,biot,0.15674812765341464,0.1428571428571428,balanced_chance,Unknown,Unknown,Unknown,,/benchmark-eeg/5.0_version/result_5/linear_downsample/SEED_VII_cross_subject_linear_downsample/seed_42_downsample_t40/ratio_full/biot/summary.json
SEED_VII_cross_subject_linear_downsample,SEED_VII,cross_subject,seed_42_downsample_t40,42,brainomni,0.18536455385714165,0.1428571428571428,balanced_chance,Unknown,Unknown,Unknown,,/benchmark-eeg/5.0_version/result_5/linear_downsample/SEED_VII_cross_subject_linear_downsample/seed_42_downsample_t40/ratio_full/brainomni/summary.json
SEED_VII_cross_subject_linear_downsample,SEED_VII,cross_subject,seed_42_downsample_t40,42,cbramod,0.20371097128929905,0.1428571428571428,balanced_chance,Unknown,Unknown,Unknown,,/benchmark-eeg/5.0_version/result_5/linear_downsample/SEED_VII_cross_subject_linear_downsample/seed_42_downsample_t40/ratio_full/cbramod/summary.json
SEED_VII_cross_subject_linear_downsample,SEED_VII,cross_subject,seed_42_downsample_t40,42,eegmamba,0.19529970291544754,0.1428571428571428,balanced_chance,Unknown,Unknown,Unknown,,/benchmark-eeg/5.0_version/result_5/linear_downsample/SEED_VII_cross_subject_linear_downsample/seed_42_downsample_t40/ratio_full/eegmamba/summary.json
SEED_VII_cross_subject_linear_downsample,SEED_VII,cross_subject,seed_42_downsample_t40,42,femba,0.21390363210526808,0.1428571428571428,balanced_chance,Unknown,Unknown,Unknown,,/benchmark-eeg/5.0_version/result_5/linear_downsample/SEED_VII_cross_subject_linear_downsample/seed_42_downsample_t40/ratio_full/femba/summary.json
SEED_VII_cross_subject_linear_downsample,SEED_VII,cross_subject,seed_42_downsample_t40,42,labram,0.19050034154615764,0.1428571428571428,balanced_chance,Unknown,Unknown,Unknown,,/benchmark-eeg/5.0_version/result_5/linear_downsample/SEED_VII_cross_subject_linear_downsample/seed_42_downsample_t40/ratio_full/labram/summary.json
SEED_VII_cross_subject_linear_downsample,SEED_VII,cross_subject,seed_42_downsample_t40,42,neurogpt,0.18454012003807094,0.1428571428571428,balanced_chance,Unknown,Unknown,Unknown,,/benchmark-eeg/5.0_version/result_5/linear_downsample/SEED_VII_cross_subject_linear_downsample/seed_42_downsample_t40/ratio_full/neurogpt/summary.json
SEED_VII_cross_subject_linear_downsample,SEED_VII,cross_subject,seed_42_downsample_t40,42,neurolm,0.18416120853280674,0.1428571428571428,balanced_chance,Unknown,Unknown,Unknown,,/benchmark-eeg/5.0_version/result_5/linear_downsample/SEED_VII_cross_subject_linear_downsample/seed_42_downsample_t40/ratio_full/neurolm/summary.json
SEED_VII_cross_subject_linear_downsample,SEED_VII,cross_subject,seed_42_downsample_t40,42,reve,0.1536985917709746,0.1428571428571428,balanced_chance,Unknown,Unknown,Unknown,,/benchmark-eeg/5.0_version/result_5/linear_downsample/SEED_VII_cross_subject_linear_downsample/seed_42_downsample_t40/ratio_full/reve/summary.json
SEED_VII_cross_subject_linear_downsample,SEED_VII,cross_subject,seed_5_downsample_t40,5,bendr,0.1536570010365945,0.1428571428571428,balanced_chance,Unknown,Unknown,Unknown,,/benchmark-eeg/5.0_version/result_5/linear_downsample/SEED_VII_cross_subject_linear_downsample/seed_5_downsample_t40/ratio_full/bendr/summary.json
SEED_VII_cross_subject_linear_downsample,SEED_VII,cross_subject,seed_5_downsample_t40,5,biot,0.17202894421482492,0.1428571428571428,balanced_chance,Unknown,Unknown,Unknown,,/benchmark-eeg/5.0_version/result_5/linear_downsample/SEED_VII_cross_subject_linear_downsample/seed_5_downsample_t40/ratio_full/biot/summary.json
SEED_VII_cross_subject_linear_downsample,SEED_VII,cross_subject,seed_5_downsample_t40,5,brainomni,0.18601287665871272,0.1428571428571428,balanced_chance,Unknown,Unknown,Unknown,,/benchmark-eeg/5.0_version/result_5/linear_downsample/SEED_VII_cross_subject_linear_downsample/seed_5_downsample_t40/ratio_full/brainomni/summary.json
SEED_VII_cross_subject_linear_downsample,SEED_VII,cross_subject,seed_5_downsample_t40,5,cbramod,0.1683322582898618,0.1428571428571428,balanced_chance,Unknown,Unknown,Unknown,,/benchmark-eeg/5.0_version/result_5/linear_downsample/SEED_VII_cross_subject_linear_downsample/seed_5_downsample_t40/ratio_full/cbramod/summary.json
SEED_VII_cross_subject_linear_downsample,SEED_VII,cross_subject,seed_5_downsample_t40,5,eegmamba,0.1723738236605428,0.1428571428571428,balanced_chance,Unknown,Unknown,Unknown,,/benchmark-eeg/5.0_version/result_5/linear_downsample/SEED_VII_cross_subject_linear_downsample/seed_5_downsample_t40/ratio_full/eegmamba/summary.json
SEED_VII_cross_subject_linear_downsample,SEED_VII,cross_subject,seed_5_downsample_t40,5,femba,0.16613954073290602,0.1428571428571428,balanced_chance,Unknown,Unknown,Unknown,,/benchmark-eeg/5.0_version/result_5/linear_downsample/SEED_VII_cross_subject_linear_downsample/seed_5_downsample_t40/ratio_full/femba/summary.json
SEED_VII_cross_subject_linear_downsample,SEED_VII,cross_subject,seed_5_downsample_t40,5,labram,0.14985356987028423,0.1428571428571428,balanced_chance,Unknown,Unknown,Unknown,,/benchmark-eeg/5.0_version/result_5/linear_downsample/SEED_VII_cross_subject_linear_downsample/seed_5_downsample_t40/ratio_full/labram/summary.json
SEED_VII_cross_subject_linear_downsample,SEED_VII,cross_subject,seed_5_downsample_t40,5,neurogpt,0.1677751483625722,0.1428571428571428,balanced_chance,Unknown,Unknown,Unknown,,/benchmark-eeg/5.0_version/result_5/linear_downsample/SEED_VII_cross_subject_linear_downsample/seed_5_downsample_t40/ratio_full/neurogpt/summary.json
SEED_VII_cross_subject_linear_downsample,SEED_VII,cross_subject,seed_5_downsample_t40,5,neurolm,0.14584282854467598,0.1428571428571428,balanced_chance,Unknown,Unknown,Unknown,,/benchmark-eeg/5.0_version/result_5/linear_downsample/SEED_VII_cross_subject_linear_downsample/seed_5_downsample_t40/ratio_full/neurolm/summary.json
SEED_VII_cross_subject_linear_downsample,SEED_VII,cross_subject,seed_5_downsample_t40,5,reve,0.15010827276441044,0.1428571428571428,balanced_chance,Unknown,Unknown,Unknown,,/benchmark-eeg/5.0_version/result_5/linear_downsample/SEED_VII_cross_subject_linear_downsample/seed_5_downsample_t40/ratio_full/reve/summary.json
SEED_VII_within_subject_linear_downsample,SEED_VII,within_subject,seed_10_downsample_t40,10,bendr,0.1404841144583758,0.1428571428571428,balanced_chance,Unknown,Unknown,Unknown,,/benchmark-eeg/5.0_version/result_5/linear_downsample/SEED_VII_within_subject_linear_downsample/seed_10_downsample_t40/ratio_full/bendr/summary.json
SEED_VII_within_subject_linear_downsample,SEED_VII,within_subject,seed_10_downsample_t40,10,biot,0.15733164238418565,0.1428571428571428,balanced_chance,Unknown,Unknown,Unknown,,/benchmark-eeg/5.0_version/result_5/linear_downsample/SEED_VII_within_subject_linear_downsample/seed_10_downsample_t40/ratio_full/biot/summary.json
SEED_VII_within_subject_linear_downsample,SEED_VII,within_subject,seed_10_downsample_t40,10,brainomni,0.20549205609526888,0.1428571428571428,balanced_chance,Unknown,Unknown,Unknown,,/benchmark-eeg/5.0_version/result_5/linear_downsample/SEED_VII_within_subject_linear_downsample/seed_10_downsample_t40/ratio_full/brainomni/summary.json
SEED_VII_within_subject_linear_downsample,SEED_VII,within_subject,seed_10_downsample_t40,10,cbramod,0.17696997967022782,0.1428571428571428,balanced_chance,Unknown,Unknown,Unknown,,/benchmark-eeg/5.0_version/result_5/linear_downsample/SEED_VII_within_subject_linear_downsample/seed_10_downsample_t40/ratio_full/cbramod/summary.json
SEED_VII_within_subject_linear_downsample,SEED_VII,within_subject,seed_10_downsample_t40,10,eegmamba,0.17796011763885652,0.1428571428571428,balanced_chance,Unknown,Unknown,Unknown,,/benchmark-eeg/5.0_version/result_5/linear_downsample/SEED_VII_within_subject_linear_downsample/seed_10_downsample_t40/ratio_full/eegmamba/summary.json
SEED_VII_within_subject_linear_downsample,SEED_VII,within_subject,seed_10_downsample_t40,10,femba,0.19015094356234957,0.1428571428571428,balanced_chance,Unknown,Unknown,Unknown,,/benchmark-eeg/5.0_version/result_5/linear_downsample/SEED_VII_within_subject_linear_downsample/seed_10_downsample_t40/ratio_full/femba/summary.json
SEED_VII_within_subject_linear_downsample,SEED_VII,within_subject,seed_10_downsample_t40,10,labram,0.20257994686767092,0.1428571428571428,balanced_chance,Unknown,Unknown,Unknown,,/benchmark-eeg/5.0_version/result_5/linear_downsample/SEED_VII_within_subject_linear_downsample/seed_10_downsample_t40/ratio_full/labram/summary.json
SEED_VII_within_subject_linear_downsample,SEED_VII,within_subject,seed_10_downsample_t40,10,neurogpt,0.16759592068818913,0.1428571428571428,balanced_chance,Unknown,Unknown,Unknown,,/benchmark-eeg/5.0_version/result_5/linear_downsample/SEED_VII_within_subject_linear_downsample/seed_10_downsample_t40/ratio_full/neurogpt/summary.json
SEED_VII_within_subject_linear_downsample,SEED_VII,within_subject,seed_10_downsample_t40,10,neurolm,0.20048450236341125,0.1428571428571428,balanced_chance,Unknown,Unknown,Unknown,,/benchmark-eeg/5.0_version/result_5/linear_downsample/SEED_VII_within_subject_linear_downsample/seed_10_downsample_t40/ratio_full/neurolm/summary.json
SEED_VII_within_subject_linear_downsample,SEED_VII,within_subject,seed_10_downsample_t40,10,reve,0.15019139634108783,0.1428571428571428,balanced_chance,Unknown,Unknown,Unknown,,/benchmark-eeg/5.0_version/result_5/linear_downsample/SEED_VII_within_subject_linear_downsample/seed_10_downsample_t40/ratio_full/reve/summary.json
SEED_VII_within_subject_linear_downsample,SEED_VII,within_subject,seed_42_downsample_t40,42,bendr,0.14009130202030878,0.1428571428571428,balanced_chance,Unknown,Unknown,Unknown,,/benchmark-eeg/5.0_version/result_5/linear_downsample/SEED_VII_within_subject_linear_downsample/seed_42_downsample_t40/ratio_full/bendr/summary.json
SEED_VII_within_subject_linear_downsample,SEED_VII,within_subject,seed_42_downsample_t40,42,biot,0.16370723025337283,0.1428571428571428,balanced_chance,Unknown,Unknown,Unknown,,/benchmark-eeg/5.0_version/result_5/linear_downsample/SEED_VII_within_subject_linear_downsample/seed_42_downsample_t40/ratio_full/biot/summary.json
SEED_VII_within_subject_linear_downsample,SEED_VII,within_subject,seed_42_downsample_t40,42,brainomni,0.21542243477247253,0.1428571428571428,balanced_chance,Unknown,Unknown,Unknown,,/benchmark-eeg/5.0_version/result_5/linear_downsample/SEED_VII_within_subject_linear_downsample/seed_42_downsample_t40/ratio_full/brainomni/summary.json
SEED_VII_within_subject_linear_downsample,SEED_VII,within_subject,seed_42_downsample_t40,42,cbramod,0.17038516841410364,0.1428571428571428,balanced_chance,Unknown,Unknown,Unknown,,/benchmark-eeg/5.0_version/result_5/linear_downsample/SEED_VII_within_subject_linear_downsample/seed_42_downsample_t40/ratio_full/cbramod/summary.json
SEED_VII_within_subject_linear_downsample,SEED_VII,within_subject,seed_42_downsample_t40,42,eegmamba,0.16244805499297993,0.1428571428571428,balanced_chance,Unknown,Unknown,Unknown,,/benchmark-eeg/5.0_version/result_5/linear_downsample/SEED_VII_within_subject_linear_downsample/seed_42_downsample_t40/ratio_full/eegmamba/summary.json
SEED_VII_within_subject_linear_downsample,SEED_VII,within_subject,seed_42_downsample_t40,42,femba,0.19678667090108126,0.1428571428571428,balanced_chance,Unknown,Unknown,Unknown,,/benchmark-eeg/5.0_version/result_5/linear_downsample/SEED_VII_within_subject_linear_downsample/seed_42_downsample_t40/ratio_full/femba/summary.json
SEED_VII_within_subject_linear_downsample,SEED_VII,within_subject,seed_42_downsample_t40,42,labram,0.17887694683139682,0.1428571428571428,balanced_chance,Unknown,Unknown,Unknown,,/benchmark-eeg/5.0_version/result_5/linear_downsample/SEED_VII_within_subject_linear_downsample/seed_42_downsample_t40/ratio_full/labram/summary.json
SEED_VII_within_subject_linear_downsample,SEED_VII,within_subject,seed_42_downsample_t40,42,neurogpt,0.16741960862425748,0.1428571428571428,balanced_chance,Unknown,Unknown,Unknown,,/benchmark-eeg/5.0_version/result_5/linear_downsample/SEED_VII_within_subject_linear_downsample/seed_42_downsample_t40/ratio_full/neurogpt/summary.json
SEED_VII_within_subject_linear_downsample,SEED_VII,within_subject,seed_42_downsample_t40,42,neurolm,0.17754964734086773,0.1428571428571428,balanced_chance,Unknown,Unknown,Unknown,,/benchmark-eeg/5.0_version/result_5/linear_downsample/SEED_VII_within_subject_linear_downsample/seed_42_downsample_t40/ratio_full/neurolm/summary.json
SEED_VII_within_subject_linear_downsample,SEED_VII,within_subject,seed_42_downsample_t40,42,reve,0.15448529270762434,0.1428571428571428,balanced_chance,Unknown,Unknown,Unknown,,/benchmark-eeg/5.0_version/result_5/linear_downsample/SEED_VII_within_subject_linear_downsample/seed_42_downsample_t40/ratio_full/reve/summary.json
SEED_VII_within_subject_linear_downsample,SEED_VII,within_subject,seed_5_downsample_t40,5,bendr,0.16715146106582032,0.1428571428571428,balanced_chance,Unknown,Unknown,Unknown,,/benchmark-eeg/5.0_version/result_5/linear_downsample/SEED_VII_within_subject_linear_downsample/seed_5_downsample_t40/ratio_full/bendr/summary.json
SEED_VII_within_subject_linear_downsample,SEED_VII,within_subject,seed_5_downsample_t40,5,biot,0.17330690276043456,0.1428571428571428,balanced_chance,Unknown,Unknown,Unknown,,/benchmark-eeg/5.0_version/result_5/linear_downsample/SEED_VII_within_subject_linear_downsample/seed_5_downsample_t40/ratio_full/biot/summary.json
SEED_VII_within_subject_linear_downsample,SEED_VII,within_subject,seed_5_downsample_t40,5,brainomni,0.1955114521413331,0.1428571428571428,balanced_chance,Unknown,Unknown,Unknown,,/benchmark-eeg/5.0_version/result_5/linear_downsample/SEED_VII_within_subject_linear_downsample/seed_5_downsample_t40/ratio_full/brainomni/summary.json
SEED_VII_within_subject_linear_downsample,SEED_VII,within_subject,seed_5_downsample_t40,5,cbramod,0.1993997838143166,0.1428571428571428,balanced_chance,Unknown,Unknown,Unknown,,/benchmark-eeg/5.0_version/result_5/linear_downsample/SEED_VII_within_subject_linear_downsample/seed_5_downsample_t40/ratio_full/cbramod/summary.json
SEED_VII_within_subject_linear_downsample,SEED_VII,within_subject,seed_5_downsample_t40,5,eegmamba,0.1790831815150528,0.1428571428571428,balanced_chance,Unknown,Unknown,Unknown,,/benchmark-eeg/5.0_version/result_5/linear_downsample/SEED_VII_within_subject_linear_downsample/seed_5_downsample_t40/ratio_full/eegmamba/summary.json
SEED_VII_within_subject_linear_downsample,SEED_VII,within_subject,seed_5_downsample_t40,5,femba,0.1841715985730475,0.1428571428571428,balanced_chance,Unknown,Unknown,Unknown,,/benchmark-eeg/5.0_version/result_5/linear_downsample/SEED_VII_within_subject_linear_downsample/seed_5_downsample_t40/ratio_full/femba/summary.json
SEED_VII_within_subject_linear_downsample,SEED_VII,within_subject,seed_5_downsample_t40,5,labram,0.20747110844138864,0.1428571428571428,balanced_chance,Unknown,Unknown,Unknown,,/benchmark-eeg/5.0_version/result_5/linear_downsample/SEED_VII_within_subject_linear_downsample/seed_5_downsample_t40/ratio_full/labram/summary.json
SEED_VII_within_subject_linear_downsample,SEED_VII,within_subject,seed_5_downsample_t40,5,neurogpt,0.20859952595797632,0.1428571428571428,balanced_chance,Unknown,Unknown,Unknown,,/benchmark-eeg/5.0_version/result_5/linear_downsample/SEED_VII_within_subject_linear_downsample/seed_5_downsample_t40/ratio_full/neurogpt/summary.json
SEED_VII_within_subject_linear_downsample,SEED_VII,within_subject,seed_5_downsample_t40,5,neurolm,0.17697974299305647,0.1428571428571428,balanced_chance,Unknown,Unknown,Unknown,,/benchmark-eeg/5.0_version/result_5/linear_downsample/SEED_VII_within_subject_linear_downsample/seed_5_downsample_t40/ratio_full/neurolm/summary.json
SEED_VII_within_subject_linear_downsample,SEED_VII,within_subject,seed_5_downsample_t40,5,reve,0.14589369430102408,0.1428571428571428,balanced_chance,Unknown,Unknown,Unknown,,/benchmark-eeg/5.0_version/result_5/linear_downsample/SEED_VII_within_subject_linear_downsample/seed_5_downsample_t40/ratio_full/reve/summary.json
SEED_V_cross_subject_linear_downsample,SEED_V,cross_subject,seed_10_downsample_t40,10,bendr,0.20183089750247624,0.2,balanced_chance,Unknown,Unknown,Unknown,,/benchmark-eeg/5.0_version/result_5/linear_downsample/SEED_V_cross_subject_linear_downsample/seed_10_downsample_t40/ratio_full/bendr/summary.json
SEED_V_cross_subject_linear_downsample,SEED_V,cross_subject,seed_10_downsample_t40,10,biot,0.2642821807081258,0.2,balanced_chance,Unknown,Unknown,Unknown,,/benchmark-eeg/5.0_version/result_5/linear_downsample/SEED_V_cross_subject_linear_downsample/seed_10_downsample_t40/ratio_full/biot/summary.json
SEED_V_cross_subject_linear_downsample,SEED_V,cross_subject,seed_10_downsample_t40,10,brainomni,0.23161811636171875,0.2,balanced_chance,Unknown,Unknown,Unknown,,/benchmark-eeg/5.0_version/result_5/linear_downsample/SEED_V_cross_subject_linear_downsample/seed_10_downsample_t40/ratio_full/brainomni/summary.json
SEED_V_cross_subject_linear_downsample,SEED_V,cross_subject,seed_10_downsample_t40,10,cbramod,0.21871705343988457,0.2,balanced_chance,Unknown,Unknown,Unknown,,/benchmark-eeg/5.0_version/result_5/linear_downsample/SEED_V_cross_subject_linear_downsample/seed_10_downsample_t40/ratio_full/cbramod/summary.json
SEED_V_cross_subject_linear_downsample,SEED_V,cross_subject,seed_10_downsample_t40,10,eegmamba,0.2189738424114497,0.2,balanced_chance,Unknown,Unknown,Unknown,,/benchmark-eeg/5.0_version/result_5/linear_downsample/SEED_V_cross_subject_linear_downsample/seed_10_downsample_t40/ratio_full/eegmamba/summary.json
SEED_V_cross_subject_linear_downsample,SEED_V,cross_subject,seed_10_downsample_t40,10,femba,0.3064428264724624,0.2,balanced_chance,Unknown,Unknown,Unknown,,/benchmark-eeg/5.0_version/result_5/linear_downsample/SEED_V_cross_subject_linear_downsample/seed_10_downsample_t40/ratio_full/femba/summary.json
SEED_V_cross_subject_linear_downsample,SEED_V,cross_subject,seed_10_downsample_t40,10,labram,0.24301262134857038,0.2,balanced_chance,Unknown,Unknown,Unknown,,/benchmark-eeg/5.0_version/result_5/linear_downsample/SEED_V_cross_subject_linear_downsample/seed_10_downsample_t40/ratio_full/labram/summary.json
SEED_V_cross_subject_linear_downsample,SEED_V,cross_subject,seed_10_downsample_t40,10,neurogpt,0.21985621698878904,0.2,balanced_chance,Unknown,Unknown,Unknown,,/benchmark-eeg/5.0_version/result_5/linear_downsample/SEED_V_cross_subject_linear_downsample/seed_10_downsample_t40/ratio_full/neurogpt/summary.json
SEED_V_cross_subject_linear_downsample,SEED_V,cross_subject,seed_10_downsample_t40,10,neurolm,0.2176704538761401,0.2,balanced_chance,Unknown,Unknown,Unknown,,/benchmark-eeg/5.0_version/result_5/linear_downsample/SEED_V_cross_subject_linear_downsample/seed_10_downsample_t40/ratio_full/neurolm/summary.json
SEED_V_cross_subject_linear_downsample,SEED_V,cross_subject,seed_10_downsample_t40,10,reve,0.2031232707132357,0.2,balanced_chance,Unknown,Unknown,Unknown,,/benchmark-eeg/5.0_version/result_5/linear_downsample/SEED_V_cross_subject_linear_downsample/seed_10_downsample_t40/ratio_full/reve/summary.json
SEED_V_cross_subject_linear_downsample,SEED_V,cross_subject,seed_42_downsample_t40,42,bendr,0.20808710620143725,0.2,balanced_chance,Unknown,Unknown,Unknown,,/benchmark-eeg/5.0_version/result_5/linear_downsample/SEED_V_cross_subject_linear_downsample/seed_42_downsample_t40/ratio_full/bendr/summary.json
SEED_V_cross_subject_linear_downsample,SEED_V,cross_subject,seed_42_downsample_t40,42,biot,0.27322293758352945,0.2,balanced_chance,Unknown,Unknown,Unknown,,/benchmark-eeg/5.0_version/result_5/linear_downsample/SEED_V_cross_subject_linear_downsample/seed_42_downsample_t40/ratio_full/biot/summary.json
SEED_V_cross_subject_linear_downsample,SEED_V,cross_subject,seed_42_downsample_t40,42,brainomni,0.23205599648331848,0.2,balanced_chance,Unknown,Unknown,Unknown,,/benchmark-eeg/5.0_version/result_5/linear_downsample/SEED_V_cross_subject_linear_downsample/seed_42_downsample_t40/ratio_full/brainomni/summary.json
SEED_V_cross_subject_linear_downsample,SEED_V,cross_subject,seed_42_downsample_t40,42,cbramod,0.20382839480457465,0.2,balanced_chance,Unknown,Unknown,Unknown,,/benchmark-eeg/5.0_version/result_5/linear_downsample/SEED_V_cross_subject_linear_downsample/seed_42_downsample_t40/ratio_full/cbramod/summary.json
SEED_V_cross_subject_linear_downsample,SEED_V,cross_subject,seed_42_downsample_t40,42,eegmamba,0.20355304197842564,0.2,balanced_chance,Unknown,Unknown,Unknown,,/benchmark-eeg/5.0_version/result_5/linear_downsample/SEED_V_cross_subject_linear_downsample/seed_42_downsample_t40/ratio_full/eegmamba/summary.json
SEED_V_cross_subject_linear_downsample,SEED_V,cross_subject,seed_42_downsample_t40,42,femba,0.30539654172438657,0.2,balanced_chance,Unknown,Unknown,Unknown,,/benchmark-eeg/5.0_version/result_5/linear_downsample/SEED_V_cross_subject_linear_downsample/seed_42_downsample_t40/ratio_full/femba/summary.json
SEED_V_cross_subject_linear_downsample,SEED_V,cross_subject,seed_42_downsample_t40,42,labram,0.22285100205353614,0.2,balanced_chance,Unknown,Unknown,Unknown,,/benchmark-eeg/5.0_version/result_5/linear_downsample/SEED_V_cross_subject_linear_downsample/seed_42_downsample_t40/ratio_full/labram/summary.json
SEED_V_cross_subject_linear_downsample,SEED_V,cross_subject,seed_42_downsample_t40,42,neurogpt,0.24199666534064396,0.2,balanced_chance,Unknown,Unknown,Unknown,,/benchmark-eeg/5.0_version/result_5/linear_downsample/SEED_V_cross_subject_linear_downsample/seed_42_downsample_t40/ratio_full/neurogpt/summary.json
SEED_V_cross_subject_linear_downsample,SEED_V,cross_subject,seed_42_downsample_t40,42,neurolm,0.21011657914359255,0.2,balanced_chance,Unknown,Unknown,Unknown,,/benchmark-eeg/5.0_version/result_5/linear_downsample/SEED_V_cross_subject_linear_downsample/seed_42_downsample_t40/ratio_full/neurolm/summary.json
SEED_V_cross_subject_linear_downsample,SEED_V,cross_subject,seed_42_downsample_t40,42,reve,0.2080291833608265,0.2,balanced_chance,Unknown,Unknown,Unknown,,/benchmark-eeg/5.0_version/result_5/linear_downsample/SEED_V_cross_subject_linear_downsample/seed_42_downsample_t40/ratio_full/reve/summary.json
SEED_V_cross_subject_linear_downsample,SEED_V,cross_subject,seed_5_downsample_t40,5,bendr,0.19754202279060534,0.2,balanced_chance,Unknown,Unknown,Unknown,,/benchmark-eeg/5.0_version/result_5/linear_downsample/SEED_V_cross_subject_linear_downsample/seed_5_downsample_t40/ratio_full/bendr/summary.json
SEED_V_cross_subject_linear_downsample,SEED_V,cross_subject,seed_5_downsample_t40,5,biot,0.26072660965048744,0.2,balanced_chance,Unknown,Unknown,Unknown,,/benchmark-eeg/5.0_version/result_5/linear_downsample/SEED_V_cross_subject_linear_downsample/seed_5_downsample_t40/ratio_full/biot/summary.json
SEED_V_cross_subject_linear_downsample,SEED_V,cross_subject,seed_5_downsample_t40,5,brainomni,0.2397606276257856,0.2,balanced_chance,Unknown,Unknown,Unknown,,/benchmark-eeg/5.0_version/result_5/linear_downsample/SEED_V_cross_subject_linear_downsample/seed_5_downsample_t40/ratio_full/brainomni/summary.json
SEED_V_cross_subject_linear_downsample,SEED_V,cross_subject,seed_5_downsample_t40,5,cbramod,0.20029971401011465,0.2,balanced_chance,Unknown,Unknown,Unknown,,/benchmark-eeg/5.0_version/result_5/linear_downsample/SEED_V_cross_subject_linear_downsample/seed_5_downsample_t40/ratio_full/cbramod/summary.json
SEED_V_cross_subject_linear_downsample,SEED_V,cross_subject,seed_5_downsample_t40,5,eegmamba,0.22257437430309449,0.2,balanced_chance,Unknown,Unknown,Unknown,,/benchmark-eeg/5.0_version/result_5/linear_downsample/SEED_V_cross_subject_linear_downsample/seed_5_downsample_t40/ratio_full/eegmamba/summary.json
SEED_V_cross_subject_linear_downsample,SEED_V,cross_subject,seed_5_downsample_t40,5,femba,0.2863554708535595,0.2,balanced_chance,Unknown,Unknown,Unknown,,/benchmark-eeg/5.0_version/result_5/linear_downsample/SEED_V_cross_subject_linear_downsample/seed_5_downsample_t40/ratio_full/femba/summary.json
SEED_V_cross_subject_linear_downsample,SEED_V,cross_subject,seed_5_downsample_t40,5,labram,0.2342503274844832,0.2,balanced_chance,Unknown,Unknown,Unknown,,/benchmark-eeg/5.0_version/result_5/linear_downsample/SEED_V_cross_subject_linear_downsample/seed_5_downsample_t40/ratio_full/labram/summary.json
SEED_V_cross_subject_linear_downsample,SEED_V,cross_subject,seed_5_downsample_t40,5,neurogpt,0.21121556889894405,0.2,balanced_chance,Unknown,Unknown,Unknown,,/benchmark-eeg/5.0_version/result_5/linear_downsample/SEED_V_cross_subject_linear_downsample/seed_5_downsample_t40/ratio_full/neurogpt/summary.json
SEED_V_cross_subject_linear_downsample,SEED_V,cross_subject,seed_5_downsample_t40,5,neurolm,0.22214138946584594,0.2,balanced_chance,Unknown,Unknown,Unknown,,/benchmark-eeg/5.0_version/result_5/linear_downsample/SEED_V_cross_subject_linear_downsample/seed_5_downsample_t40/ratio_full/neurolm/summary.json
SEED_V_cross_subject_linear_downsample,SEED_V,cross_subject,seed_5_downsample_t40,5,reve,0.20519654465178122,0.2,balanced_chance,Unknown,Unknown,Unknown,,/benchmark-eeg/5.0_version/result_5/linear_downsample/SEED_V_cross_subject_linear_downsample/seed_5_downsample_t40/ratio_full/reve/summary.json
SEED_cross_subject_linear_downsample,SEED,cross_subject,seed_10_downsample_t40,10,bendr,0.34557419429193664,0.3333333333333333,balanced_chance,Cognition & Emotion,认知与情绪,情绪识别,SEED,/benchmark-eeg/5.0_version/result_5/linear_downsample/SEED_cross_subject_linear_downsample/seed_10_downsample_t40/ratio_full/bendr/summary.json
SEED_cross_subject_linear_downsample,SEED,cross_subject,seed_10_downsample_t40,10,biot,0.4435040625689266,0.3333333333333333,balanced_chance,Cognition & Emotion,认知与情绪,情绪识别,SEED,/benchmark-eeg/5.0_version/result_5/linear_downsample/SEED_cross_subject_linear_downsample/seed_10_downsample_t40/ratio_full/biot/summary.json
SEED_cross_subject_linear_downsample,SEED,cross_subject,seed_10_downsample_t40,10,brainomni,0.491587233459115,0.3333333333333333,balanced_chance,Cognition & Emotion,认知与情绪,情绪识别,SEED,/benchmark-eeg/5.0_version/result_5/linear_downsample/SEED_cross_subject_linear_downsample/seed_10_downsample_t40/ratio_full/brainomni/summary.json
SEED_cross_subject_linear_downsample,SEED,cross_subject,seed_10_downsample_t40,10,cbramod,0.5124817934518026,0.3333333333333333,balanced_chance,Cognition & Emotion,认知与情绪,情绪识别,SEED,/benchmark-eeg/5.0_version/result_5/linear_downsample/SEED_cross_subject_linear_downsample/seed_10_downsample_t40/ratio_full/cbramod/summary.json
SEED_cross_subject_linear_downsample,SEED,cross_subject,seed_10_downsample_t40,10,eegmamba,0.4793558110930287,0.3333333333333333,balanced_chance,Cognition & Emotion,认知与情绪,情绪识别,SEED,/benchmark-eeg/5.0_version/result_5/linear_downsample/SEED_cross_subject_linear_downsample/seed_10_downsample_t40/ratio_full/eegmamba/summary.json
SEED_cross_subject_linear_downsample,SEED,cross_subject,seed_10_downsample_t40,10,femba,0.4212006684510574,0.3333333333333333,balanced_chance,Cognition & Emotion,认知与情绪,情绪识别,SEED,/benchmark-eeg/5.0_version/result_5/linear_downsample/SEED_cross_subject_linear_downsample/seed_10_downsample_t40/ratio_full/femba/summary.json
SEED_cross_subject_linear_downsample,SEED,cross_subject,seed_10_downsample_t40,10,labram,0.5300023050036463,0.3333333333333333,balanced_chance,Cognition & Emotion,认知与情绪,情绪识别,SEED,/benchmark-eeg/5.0_version/result_5/linear_downsample/SEED_cross_subject_linear_downsample/seed_10_downsample_t40/ratio_full/labram/summary.json
SEED_cross_subject_linear_downsample,SEED,cross_subject,seed_10_downsample_t40,10,neurogpt,0.4482372683322305,0.3333333333333333,balanced_chance,Cognition & Emotion,认知与情绪,情绪识别,SEED,/benchmark-eeg/5.0_version/result_5/linear_downsample/SEED_cross_subject_linear_downsample/seed_10_downsample_t40/ratio_full/neurogpt/summary.json
SEED_cross_subject_linear_downsample,SEED,cross_subject,seed_10_downsample_t40,10,neurolm,0.49813662312991674,0.3333333333333333,balanced_chance,Cognition & Emotion,认知与情绪,情绪识别,SEED,/benchmark-eeg/5.0_version/result_5/linear_downsample/SEED_cross_subject_linear_downsample/seed_10_downsample_t40/ratio_full/neurolm/summary.json
SEED_cross_subject_linear_downsample,SEED,cross_subject,seed_10_downsample_t40,10,reve,0.43279920835047186,0.3333333333333333,balanced_chance,Cognition & Emotion,认知与情绪,情绪识别,SEED,/benchmark-eeg/5.0_version/result_5/linear_downsample/SEED_cross_subject_linear_downsample/seed_10_downsample_t40/ratio_full/reve/summary.json
SEED_cross_subject_linear_downsample,SEED,cross_subject,seed_42_downsample_t40,42,bendr,0.36802562528191585,0.3333333333333333,balanced_chance,Cognition & Emotion,认知与情绪,情绪识别,SEED,/benchmark-eeg/5.0_version/result_5/linear_downsample/SEED_cross_subject_linear_downsample/seed_42_downsample_t40/ratio_full/bendr/summary.json
SEED_cross_subject_linear_downsample,SEED,cross_subject,seed_42_downsample_t40,42,biot,0.4160253391435322,0.3333333333333333,balanced_chance,Cognition & Emotion,认知与情绪,情绪识别,SEED,/benchmark-eeg/5.0_version/result_5/linear_downsample/SEED_cross_subject_linear_downsample/seed_42_downsample_t40/ratio_full/biot/summary.json
SEED_cross_subject_linear_downsample,SEED,cross_subject,seed_42_downsample_t40,42,brainomni,0.5128051894375195,0.3333333333333333,balanced_chance,Cognition & Emotion,认知与情绪,情绪识别,SEED,/benchmark-eeg/5.0_version/result_5/linear_downsample/SEED_cross_subject_linear_downsample/seed_42_downsample_t40/ratio_full/brainomni/summary.json
SEED_cross_subject_linear_downsample,SEED,cross_subject,seed_42_downsample_t40,42,cbramod,0.5244688059484991,0.3333333333333333,balanced_chance,Cognition & Emotion,认知与情绪,情绪识别,SEED,/benchmark-eeg/5.0_version/result_5/linear_downsample/SEED_cross_subject_linear_downsample/seed_42_downsample_t40/ratio_full/cbramod/summary.json
SEED_cross_subject_linear_downsample,SEED,cross_subject,seed_42_downsample_t40,42,eegmamba,0.4800199899454151,0.3333333333333333,balanced_chance,Cognition & Emotion,认知与情绪,情绪识别,SEED,/benchmark-eeg/5.0_version/result_5/linear_downsample/SEED_cross_subject_linear_downsample/seed_42_downsample_t40/ratio_full/eegmamba/summary.json
SEED_cross_subject_linear_downsample,SEED,cross_subject,seed_42_downsample_t40,42,femba,0.4160258359115594,0.3333333333333333,balanced_chance,Cognition & Emotion,认知与情绪,情绪识别,SEED,/benchmark-eeg/5.0_version/result_5/linear_downsample/SEED_cross_subject_linear_downsample/seed_42_downsample_t40/ratio_full/femba/summary.json
SEED_cross_subject_linear_downsample,SEED,cross_subject,seed_42_downsample_t40,42,labram,0.5094311409966756,0.3333333333333333,balanced_chance,Cognition & Emotion,认知与情绪,情绪识别,SEED,/benchmark-eeg/5.0_version/result_5/linear_downsample/SEED_cross_subject_linear_downsample/seed_42_downsample_t40/ratio_full/labram/summary.json
SEED_cross_subject_linear_downsample,SEED,cross_subject,seed_42_downsample_t40,42,neurogpt,0.4675600542868101,0.3333333333333333,balanced_chance,Cognition & Emotion,认知与情绪,情绪识别,SEED,/benchmark-eeg/5.0_version/result_5/linear_downsample/SEED_cross_subject_linear_downsample/seed_42_downsample_t40/ratio_full/neurogpt/summary.json
SEED_cross_subject_linear_downsample,SEED,cross_subject,seed_42_downsample_t40,42,neurolm,0.538203945132965,0.3333333333333333,balanced_chance,Cognition & Emotion,认知与情绪,情绪识别,SEED,/benchmark-eeg/5.0_version/result_5/linear_downsample/SEED_cross_subject_linear_downsample/seed_42_downsample_t40/ratio_full/neurolm/summary.json
SEED_cross_subject_linear_downsample,SEED,cross_subject,seed_42_downsample_t40,42,reve,0.4111197548747847,0.3333333333333333,balanced_chance,Cognition & Emotion,认知与情绪,情绪识别,SEED,/benchmark-eeg/5.0_version/result_5/linear_downsample/SEED_cross_subject_linear_downsample/seed_42_downsample_t40/ratio_full/reve/summary.json
SEED_cross_subject_linear_downsample,SEED,cross_subject,seed_5_downsample_t40,5,bendr,0.3415200704218355,0.3333333333333333,balanced_chance,Cognition & Emotion,认知与情绪,情绪识别,SEED,/benchmark-eeg/5.0_version/result_5/linear_downsample/SEED_cross_subject_linear_downsample/seed_5_downsample_t40/ratio_full/bendr/summary.json
SEED_cross_subject_linear_downsample,SEED,cross_subject,seed_5_downsample_t40,5,biot,0.4089717299251072,0.3333333333333333,balanced_chance,Cognition & Emotion,认知与情绪,情绪识别,SEED,/benchmark-eeg/5.0_version/result_5/linear_downsample/SEED_cross_subject_linear_downsample/seed_5_downsample_t40/ratio_full/biot/summary.json
SEED_cross_subject_linear_downsample,SEED,cross_subject,seed_5_downsample_t40,5,brainomni,0.47079947859227866,0.3333333333333333,balanced_chance,Cognition & Emotion,认知与情绪,情绪识别,SEED,/benchmark-eeg/5.0_version/result_5/linear_downsample/SEED_cross_subject_linear_downsample/seed_5_downsample_t40/ratio_full/brainomni/summary.json
SEED_cross_subject_linear_downsample,SEED,cross_subject,seed_5_downsample_t40,5,cbramod,0.5057317094980059,0.3333333333333333,balanced_chance,Cognition & Emotion,认知与情绪,情绪识别,SEED,/benchmark-eeg/5.0_version/result_5/linear_downsample/SEED_cross_subject_linear_downsample/seed_5_downsample_t40/ratio_full/cbramod/summary.json
SEED_cross_subject_linear_downsample,SEED,cross_subject,seed_5_downsample_t40,5,eegmamba,0.4644512799724989,0.3333333333333333,balanced_chance,Cognition & Emotion,认知与情绪,情绪识别,SEED,/benchmark-eeg/5.0_version/result_5/linear_downsample/SEED_cross_subject_linear_downsample/seed_5_downsample_t40/ratio_full/eegmamba/summary.json
SEED_cross_subject_linear_downsample,SEED,cross_subject,seed_5_downsample_t40,5,femba,0.3888526248229022,0.3333333333333333,balanced_chance,Cognition & Emotion,认知与情绪,情绪识别,SEED,/benchmark-eeg/5.0_version/result_5/linear_downsample/SEED_cross_subject_linear_downsample/seed_5_downsample_t40/ratio_full/femba/summary.json
SEED_cross_subject_linear_downsample,SEED,cross_subject,seed_5_downsample_t40,5,labram,0.4733076603616868,0.3333333333333333,balanced_chance,Cognition & Emotion,认知与情绪,情绪识别,SEED,/benchmark-eeg/5.0_version/result_5/linear_downsample/SEED_cross_subject_linear_downsample/seed_5_downsample_t40/ratio_full/labram/summary.json
SEED_cross_subject_linear_downsample,SEED,cross_subject,seed_5_downsample_t40,5,neurogpt,0.4804551587372554,0.3333333333333333,balanced_chance,Cognition & Emotion,认知与情绪,情绪识别,SEED,/benchmark-eeg/5.0_version/result_5/linear_downsample/SEED_cross_subject_linear_downsample/seed_5_downsample_t40/ratio_full/neurogpt/summary.json
SEED_cross_subject_linear_downsample,SEED,cross_subject,seed_5_downsample_t40,5,neurolm,0.5309690155846066,0.3333333333333333,balanced_chance,Cognition & Emotion,认知与情绪,情绪识别,SEED,/benchmark-eeg/5.0_version/result_5/linear_downsample/SEED_cross_subject_linear_downsample/seed_5_downsample_t40/ratio_full/neurolm/summary.json
SEED_cross_subject_linear_downsample,SEED,cross_subject,seed_5_downsample_t40,5,reve,0.4168385484040831,0.3333333333333333,balanced_chance,Cognition & Emotion,认知与情绪,情绪识别,SEED,/benchmark-eeg/5.0_version/result_5/linear_downsample/SEED_cross_subject_linear_downsample/seed_5_downsample_t40/ratio_full/reve/summary.json
SEED_within_subject_linear_downsample,SEED,within_subject,seed_10_downsample_t40,10,bendr,0.3333333333333333,0.3333333333333333,balanced_chance,Cognition & Emotion,认知与情绪,情绪识别,SEED,/benchmark-eeg/5.0_version/result_5/linear_downsample/SEED_within_subject_linear_downsample/seed_10_downsample_t40/ratio_full/bendr/summary.json
SEED_within_subject_linear_downsample,SEED,within_subject,seed_10_downsample_t40,10,biot,0.4215683101985663,0.3333333333333333,balanced_chance,Cognition & Emotion,认知与情绪,情绪识别,SEED,/benchmark-eeg/5.0_version/result_5/linear_downsample/SEED_within_subject_linear_downsample/seed_10_downsample_t40/ratio_full/biot/summary.json
SEED_within_subject_linear_downsample,SEED,within_subject,seed_10_downsample_t40,10,brainomni,0.45576863958155905,0.3333333333333333,balanced_chance,Cognition & Emotion,认知与情绪,情绪识别,SEED,/benchmark-eeg/5.0_version/result_5/linear_downsample/SEED_within_subject_linear_downsample/seed_10_downsample_t40/ratio_full/brainomni/summary.json
SEED_within_subject_linear_downsample,SEED,within_subject,seed_10_downsample_t40,10,cbramod,0.5586044810403756,0.3333333333333333,balanced_chance,Cognition & Emotion,认知与情绪,情绪识别,SEED,/benchmark-eeg/5.0_version/result_5/linear_downsample/SEED_within_subject_linear_downsample/seed_10_downsample_t40/ratio_full/cbramod/summary.json
SEED_within_subject_linear_downsample,SEED,within_subject,seed_10_downsample_t40,10,eegmamba,0.42846387794295954,0.3333333333333333,balanced_chance,Cognition & Emotion,认知与情绪,情绪识别,SEED,/benchmark-eeg/5.0_version/result_5/linear_downsample/SEED_within_subject_linear_downsample/seed_10_downsample_t40/ratio_full/eegmamba/summary.json
SEED_within_subject_linear_downsample,SEED,within_subject,seed_10_downsample_t40,10,femba,0.38938262016865305,0.3333333333333333,balanced_chance,Cognition & Emotion,认知与情绪,情绪识别,SEED,/benchmark-eeg/5.0_version/result_5/linear_downsample/SEED_within_subject_linear_downsample/seed_10_downsample_t40/ratio_full/femba/summary.json
SEED_within_subject_linear_downsample,SEED,within_subject,seed_10_downsample_t40,10,labram,0.470592345154937,0.3333333333333333,balanced_chance,Cognition & Emotion,认知与情绪,情绪识别,SEED,/benchmark-eeg/5.0_version/result_5/linear_downsample/SEED_within_subject_linear_downsample/seed_10_downsample_t40/ratio_full/labram/summary.json
SEED_within_subject_linear_downsample,SEED,within_subject,seed_10_downsample_t40,10,neurogpt,0.39622131320753234,0.3333333333333333,balanced_chance,Cognition & Emotion,认知与情绪,情绪识别,SEED,/benchmark-eeg/5.0_version/result_5/linear_downsample/SEED_within_subject_linear_downsample/seed_10_downsample_t40/ratio_full/neurogpt/summary.json
SEED_within_subject_linear_downsample,SEED,within_subject,seed_10_downsample_t40,10,neurolm,0.4509602754696944,0.3333333333333333,balanced_chance,Cognition & Emotion,认知与情绪,情绪识别,SEED,/benchmark-eeg/5.0_version/result_5/linear_downsample/SEED_within_subject_linear_downsample/seed_10_downsample_t40/ratio_full/neurolm/summary.json
SEED_within_subject_linear_downsample,SEED,within_subject,seed_10_downsample_t40,10,reve,0.3742112924727798,0.3333333333333333,balanced_chance,Cognition & Emotion,认知与情绪,情绪识别,SEED,/benchmark-eeg/5.0_version/result_5/linear_downsample/SEED_within_subject_linear_downsample/seed_10_downsample_t40/ratio_full/reve/summary.json
SEED_within_subject_linear_downsample,SEED,within_subject,seed_42_downsample_t40,42,bendr,0.3333333333333333,0.3333333333333333,balanced_chance,Cognition & Emotion,认知与情绪,情绪识别,SEED,/benchmark-eeg/5.0_version/result_5/linear_downsample/SEED_within_subject_linear_downsample/seed_42_downsample_t40/ratio_full/bendr/summary.json
SEED_within_subject_linear_downsample,SEED,within_subject,seed_42_downsample_t40,42,biot,0.6002010939340431,0.3333333333333333,balanced_chance,Cognition & Emotion,认知与情绪,情绪识别,SEED,/benchmark-eeg/5.0_version/result_5/linear_downsample/SEED_within_subject_linear_downsample/seed_42_downsample_t40/ratio_full/biot/summary.json
SEED_within_subject_linear_downsample,SEED,within_subject,seed_42_downsample_t40,42,brainomni,0.6273904635123323,0.3333333333333333,balanced_chance,Cognition & Emotion,认知与情绪,情绪识别,SEED,/benchmark-eeg/5.0_version/result_5/linear_downsample/SEED_within_subject_linear_downsample/seed_42_downsample_t40/ratio_full/brainomni/summary.json
SEED_within_subject_linear_downsample,SEED,within_subject,seed_42_downsample_t40,42,cbramod,0.5639543009442088,0.3333333333333333,balanced_chance,Cognition & Emotion,认知与情绪,情绪识别,SEED,/benchmark-eeg/5.0_version/result_5/linear_downsample/SEED_within_subject_linear_downsample/seed_42_downsample_t40/ratio_full/cbramod/summary.json
SEED_within_subject_linear_downsample,SEED,within_subject,seed_42_downsample_t40,42,eegmamba,0.49067202540312405,0.3333333333333333,balanced_chance,Cognition & Emotion,认知与情绪,情绪识别,SEED,/benchmark-eeg/5.0_version/result_5/linear_downsample/SEED_within_subject_linear_downsample/seed_42_downsample_t40/ratio_full/eegmamba/summary.json
SEED_within_subject_linear_downsample,SEED,within_subject,seed_42_downsample_t40,42,femba,0.5676809686424887,0.3333333333333333,balanced_chance,Cognition & Emotion,认知与情绪,情绪识别,SEED,/benchmark-eeg/5.0_version/result_5/linear_downsample/SEED_within_subject_linear_downsample/seed_42_downsample_t40/ratio_full/femba/summary.json
SEED_within_subject_linear_downsample,SEED,within_subject,seed_42_downsample_t40,42,labram,0.5347320879075844,0.3333333333333333,balanced_chance,Cognition & Emotion,认知与情绪,情绪识别,SEED,/benchmark-eeg/5.0_version/result_5/linear_downsample/SEED_within_subject_linear_downsample/seed_42_downsample_t40/ratio_full/labram/summary.json
SEED_within_subject_linear_downsample,SEED,within_subject,seed_42_downsample_t40,42,neurogpt,0.454271479637296,0.3333333333333333,balanced_chance,Cognition & Emotion,认知与情绪,情绪识别,SEED,/benchmark-eeg/5.0_version/result_5/linear_downsample/SEED_within_subject_linear_downsample/seed_42_downsample_t40/ratio_full/neurogpt/summary.json
SEED_within_subject_linear_downsample,SEED,within_subject,seed_42_downsample_t40,42,neurolm,0.49520363410513557,0.3333333333333333,balanced_chance,Cognition & Emotion,认知与情绪,情绪识别,SEED,/benchmark-eeg/5.0_version/result_5/linear_downsample/SEED_within_subject_linear_downsample/seed_42_downsample_t40/ratio_full/neurolm/summary.json
SEED_within_subject_linear_downsample,SEED,within_subject,seed_42_downsample_t40,42,reve,0.4191047716354392,0.3333333333333333,balanced_chance,Cognition & Emotion,认知与情绪,情绪识别,SEED,/benchmark-eeg/5.0_version/result_5/linear_downsample/SEED_within_subject_linear_downsample/seed_42_downsample_t40/ratio_full/reve/summary.json
SEED_within_subject_linear_downsample,SEED,within_subject,seed_5_downsample_t40,5,bendr,0.3333333333333333,0.3333333333333333,balanced_chance,Cognition & Emotion,认知与情绪,情绪识别,SEED,/benchmark-eeg/5.0_version/result_5/linear_downsample/SEED_within_subject_linear_downsample/seed_5_downsample_t40/ratio_full/bendr/summary.json
SEED_within_subject_linear_downsample,SEED,within_subject,seed_5_downsample_t40,5,biot,0.46680630181620764,0.3333333333333333,balanced_chance,Cognition & Emotion,认知与情绪,情绪识别,SEED,/benchmark-eeg/5.0_version/result_5/linear_downsample/SEED_within_subject_linear_downsample/seed_5_downsample_t40/ratio_full/biot/summary.json
SEED_within_subject_linear_downsample,SEED,within_subject,seed_5_downsample_t40,5,brainomni,0.45036809024799135,0.3333333333333333,balanced_chance,Cognition & Emotion,认知与情绪,情绪识别,SEED,/benchmark-eeg/5.0_version/result_5/linear_downsample/SEED_within_subject_linear_downsample/seed_5_downsample_t40/ratio_full/brainomni/summary.json
SEED_within_subject_linear_downsample,SEED,within_subject,seed_5_downsample_t40,5,cbramod,0.5001672306434796,0.3333333333333333,balanced_chance,Cognition & Emotion,认知与情绪,情绪识别,SEED,/benchmark-eeg/5.0_version/result_5/linear_downsample/SEED_within_subject_linear_downsample/seed_5_downsample_t40/ratio_full/cbramod/summary.json
SEED_within_subject_linear_downsample,SEED,within_subject,seed_5_downsample_t40,5,eegmamba,0.3420323739998767,0.3333333333333333,balanced_chance,Cognition & Emotion,认知与情绪,情绪识别,SEED,/benchmark-eeg/5.0_version/result_5/linear_downsample/SEED_within_subject_linear_downsample/seed_5_downsample_t40/ratio_full/eegmamba/summary.json
SEED_within_subject_linear_downsample,SEED,within_subject,seed_5_downsample_t40,5,femba,0.3348679060748847,0.3333333333333333,balanced_chance,Cognition & Emotion,认知与情绪,情绪识别,SEED,/benchmark-eeg/5.0_version/result_5/linear_downsample/SEED_within_subject_linear_downsample/seed_5_downsample_t40/ratio_full/femba/summary.json
SEED_within_subject_linear_downsample,SEED,within_subject,seed_5_downsample_t40,5,labram,0.46624451899128233,0.3333333333333333,balanced_chance,Cognition & Emotion,认知与情绪,情绪识别,SEED,/benchmark-eeg/5.0_version/result_5/linear_downsample/SEED_within_subject_linear_downsample/seed_5_downsample_t40/ratio_full/labram/summary.json
SEED_within_subject_linear_downsample,SEED,within_subject,seed_5_downsample_t40,5,neurogpt,0.49849285210887345,0.3333333333333333,balanced_chance,Cognition & Emotion,认知与情绪,情绪识别,SEED,/benchmark-eeg/5.0_version/result_5/linear_downsample/SEED_within_subject_linear_downsample/seed_5_downsample_t40/ratio_full/neurogpt/summary.json
SEED_within_subject_linear_downsample,SEED,within_subject,seed_5_downsample_t40,5,neurolm,0.402094259089022,0.3333333333333333,balanced_chance,Cognition & Emotion,认知与情绪,情绪识别,SEED,/benchmark-eeg/5.0_version/result_5/linear_downsample/SEED_within_subject_linear_downsample/seed_5_downsample_t40/ratio_full/neurolm/summary.json
SEED_within_subject_linear_downsample,SEED,within_subject,seed_5_downsample_t40,5,reve,0.3892625981840118,0.3333333333333333,balanced_chance,Cognition & Emotion,认知与情绪,情绪识别,SEED,/benchmark-eeg/5.0_version/result_5/linear_downsample/SEED_within_subject_linear_downsample/seed_5_downsample_t40/ratio_full/reve/summary.json
SHU_MI_cross_subject_linear_downsample,SHU_MI,cross_subject,seed_10_downsample_t40,10,bendr,0.5004992779672474,0.5,balanced_chance,Interaction & Control,交互与控制,运动想象（MI）控制,SHU-MI,/benchmark-eeg/5.0_version/result_5/linear_downsample/SHU_MI_cross_subject_linear_downsample/seed_10_downsample_t40/ratio_full/bendr/summary.json
SHU_MI_cross_subject_linear_downsample,SHU_MI,cross_subject,seed_10_downsample_t40,10,biot,0.49537438166344056,0.5,balanced_chance,Interaction & Control,交互与控制,运动想象（MI）控制,SHU-MI,/benchmark-eeg/5.0_version/result_5/linear_downsample/SHU_MI_cross_subject_linear_downsample/seed_10_downsample_t40/ratio_full/biot/summary.json
SHU_MI_cross_subject_linear_downsample,SHU_MI,cross_subject,seed_10_downsample_t40,10,brainomni,0.5118029311457277,0.5,balanced_chance,Interaction & Control,交互与控制,运动想象（MI）控制,SHU-MI,/benchmark-eeg/5.0_version/result_5/linear_downsample/SHU_MI_cross_subject_linear_downsample/seed_10_downsample_t40/ratio_full/brainomni/summary.json
SHU_MI_cross_subject_linear_downsample,SHU_MI,cross_subject,seed_10_downsample_t40,10,cbramod,0.5084001597689495,0.5,balanced_chance,Interaction & Control,交互与控制,运动想象（MI）控制,SHU-MI,/benchmark-eeg/5.0_version/result_5/linear_downsample/SHU_MI_cross_subject_linear_downsample/seed_10_downsample_t40/ratio_full/cbramod/summary.json
SHU_MI_cross_subject_linear_downsample,SHU_MI,cross_subject,seed_10_downsample_t40,10,eegmamba,0.49524533751190586,0.5,balanced_chance,Interaction & Control,交互与控制,运动想象（MI）控制,SHU-MI,/benchmark-eeg/5.0_version/result_5/linear_downsample/SHU_MI_cross_subject_linear_downsample/seed_10_downsample_t40/ratio_full/eegmamba/summary.json
SHU_MI_cross_subject_linear_downsample,SHU_MI,cross_subject,seed_10_downsample_t40,10,femba,0.5131901557747258,0.5,balanced_chance,Interaction & Control,交互与控制,运动想象（MI）控制,SHU-MI,/benchmark-eeg/5.0_version/result_5/linear_downsample/SHU_MI_cross_subject_linear_downsample/seed_10_downsample_t40/ratio_full/femba/summary.json
SHU_MI_cross_subject_linear_downsample,SHU_MI,cross_subject,seed_10_downsample_t40,10,labram,0.5267674440040557,0.5,balanced_chance,Interaction & Control,交互与控制,运动想象（MI）控制,SHU-MI,/benchmark-eeg/5.0_version/result_5/linear_downsample/SHU_MI_cross_subject_linear_downsample/seed_10_downsample_t40/ratio_full/labram/summary.json
SHU_MI_cross_subject_linear_downsample,SHU_MI,cross_subject,seed_10_downsample_t40,10,neurogpt,0.5205472086521031,0.5,balanced_chance,Interaction & Control,交互与控制,运动想象（MI）控制,SHU-MI,/benchmark-eeg/5.0_version/result_5/linear_downsample/SHU_MI_cross_subject_linear_downsample/seed_10_downsample_t40/ratio_full/neurogpt/summary.json
SHU_MI_cross_subject_linear_downsample,SHU_MI,cross_subject,seed_10_downsample_t40,10,neurolm,0.500061449595969,0.5,balanced_chance,Interaction & Control,交互与控制,运动想象（MI）控制,SHU-MI,/benchmark-eeg/5.0_version/result_5/linear_downsample/SHU_MI_cross_subject_linear_downsample/seed_10_downsample_t40/ratio_full/neurolm/summary.json
SHU_MI_cross_subject_linear_downsample,SHU_MI,cross_subject,seed_10_downsample_t40,10,reve,0.5023089685685317,0.5,balanced_chance,Interaction & Control,交互与控制,运动想象（MI）控制,SHU-MI,/benchmark-eeg/5.0_version/result_5/linear_downsample/SHU_MI_cross_subject_linear_downsample/seed_10_downsample_t40/ratio_full/reve/summary.json
SHU_MI_cross_subject_linear_downsample,SHU_MI,cross_subject,seed_42_downsample_t40,42,bendr,0.4967975978762339,0.5,balanced_chance,Interaction & Control,交互与控制,运动想象（MI）控制,SHU-MI,/benchmark-eeg/5.0_version/result_5/linear_downsample/SHU_MI_cross_subject_linear_downsample/seed_42_downsample_t40/ratio_full/bendr/summary.json
SHU_MI_cross_subject_linear_downsample,SHU_MI,cross_subject,seed_42_downsample_t40,42,biot,0.5102300746582815,0.5,balanced_chance,Interaction & Control,交互与控制,运动想象（MI）控制,SHU-MI,/benchmark-eeg/5.0_version/result_5/linear_downsample/SHU_MI_cross_subject_linear_downsample/seed_42_downsample_t40/ratio_full/biot/summary.json
SHU_MI_cross_subject_linear_downsample,SHU_MI,cross_subject,seed_42_downsample_t40,42,brainomni,0.5308663453525434,0.5,balanced_chance,Interaction & Control,交互与控制,运动想象（MI）控制,SHU-MI,/benchmark-eeg/5.0_version/result_5/linear_downsample/SHU_MI_cross_subject_linear_downsample/seed_42_downsample_t40/ratio_full/brainomni/summary.json
SHU_MI_cross_subject_linear_downsample,SHU_MI,cross_subject,seed_42_downsample_t40,42,cbramod,0.5360425955995429,0.5,balanced_chance,Interaction & Control,交互与控制,运动想象（MI）控制,SHU-MI,/benchmark-eeg/5.0_version/result_5/linear_downsample/SHU_MI_cross_subject_linear_downsample/seed_42_downsample_t40/ratio_full/cbramod/summary.json
SHU_MI_cross_subject_linear_downsample,SHU_MI,cross_subject,seed_42_downsample_t40,42,eegmamba,0.4754095895942335,0.5,balanced_chance,Interaction & Control,交互与控制,运动想象（MI）控制,SHU-MI,/benchmark-eeg/5.0_version/result_5/linear_downsample/SHU_MI_cross_subject_linear_downsample/seed_42_downsample_t40/ratio_full/eegmamba/summary.json
SHU_MI_cross_subject_linear_downsample,SHU_MI,cross_subject,seed_42_downsample_t40,42,femba,0.5152924903562807,0.5,balanced_chance,Interaction & Control,交互与控制,运动想象（MI）控制,SHU-MI,/benchmark-eeg/5.0_version/result_5/linear_downsample/SHU_MI_cross_subject_linear_downsample/seed_42_downsample_t40/ratio_full/femba/summary.json
SHU_MI_cross_subject_linear_downsample,SHU_MI,cross_subject,seed_42_downsample_t40,42,labram,0.5059043617962662,0.5,balanced_chance,Interaction & Control,交互与控制,运动想象（MI）控制,SHU-MI,/benchmark-eeg/5.0_version/result_5/linear_downsample/SHU_MI_cross_subject_linear_downsample/seed_42_downsample_t40/ratio_full/labram/summary.json
SHU_MI_cross_subject_linear_downsample,SHU_MI,cross_subject,seed_42_downsample_t40,42,neurogpt,0.5058356315025301,0.5,balanced_chance,Interaction & Control,交互与控制,运动想象（MI）控制,SHU-MI,/benchmark-eeg/5.0_version/result_5/linear_downsample/SHU_MI_cross_subject_linear_downsample/seed_42_downsample_t40/ratio_full/neurogpt/summary.json
SHU_MI_cross_subject_linear_downsample,SHU_MI,cross_subject,seed_42_downsample_t40,42,neurolm,0.5103460570289612,0.5,balanced_chance,Interaction & Control,交互与控制,运动想象（MI）控制,SHU-MI,/benchmark-eeg/5.0_version/result_5/linear_downsample/SHU_MI_cross_subject_linear_downsample/seed_42_downsample_t40/ratio_full/neurolm/summary.json
SHU_MI_cross_subject_linear_downsample,SHU_MI,cross_subject,seed_42_downsample_t40,42,reve,0.4841297456120003,0.5,balanced_chance,Interaction & Control,交互与控制,运动想象（MI）控制,SHU-MI,/benchmark-eeg/5.0_version/result_5/linear_downsample/SHU_MI_cross_subject_linear_downsample/seed_42_downsample_t40/ratio_full/reve/summary.json
SHU_MI_cross_subject_linear_downsample,SHU_MI,cross_subject,seed_5_downsample_t40,5,bendr,0.49416421286220286,0.5,balanced_chance,Interaction & Control,交互与控制,运动想象（MI）控制,SHU-MI,/benchmark-eeg/5.0_version/result_5/linear_downsample/SHU_MI_cross_subject_linear_downsample/seed_5_downsample_t40/ratio_full/bendr/summary.json
SHU_MI_cross_subject_linear_downsample,SHU_MI,cross_subject,seed_5_downsample_t40,5,biot,0.5174753552682114,0.5,balanced_chance,Interaction & Control,交互与控制,运动想象（MI）控制,SHU-MI,/benchmark-eeg/5.0_version/result_5/linear_downsample/SHU_MI_cross_subject_linear_downsample/seed_5_downsample_t40/ratio_full/biot/summary.json
SHU_MI_cross_subject_linear_downsample,SHU_MI,cross_subject,seed_5_downsample_t40,5,brainomni,0.5180087910212094,0.5,balanced_chance,Interaction & Control,交互与控制,运动想象（MI）控制,SHU-MI,/benchmark-eeg/5.0_version/result_5/linear_downsample/SHU_MI_cross_subject_linear_downsample/seed_5_downsample_t40/ratio_full/brainomni/summary.json
SHU_MI_cross_subject_linear_downsample,SHU_MI,cross_subject,seed_5_downsample_t40,5,cbramod,0.505611744121538,0.5,balanced_chance,Interaction & Control,交互与控制,运动想象（MI）控制,SHU-MI,/benchmark-eeg/5.0_version/result_5/linear_downsample/SHU_MI_cross_subject_linear_downsample/seed_5_downsample_t40/ratio_full/cbramod/summary.json
SHU_MI_cross_subject_linear_downsample,SHU_MI,cross_subject,seed_5_downsample_t40,5,eegmamba,0.4666282592924508,0.5,balanced_chance,Interaction & Control,交互与控制,运动想象（MI）控制,SHU-MI,/benchmark-eeg/5.0_version/result_5/linear_downsample/SHU_MI_cross_subject_linear_downsample/seed_5_downsample_t40/ratio_full/eegmamba/summary.json
SHU_MI_cross_subject_linear_downsample,SHU_MI,cross_subject,seed_5_downsample_t40,5,femba,0.496180600008535,0.5,balanced_chance,Interaction & Control,交互与控制,运动想象（MI）控制,SHU-MI,/benchmark-eeg/5.0_version/result_5/linear_downsample/SHU_MI_cross_subject_linear_downsample/seed_5_downsample_t40/ratio_full/femba/summary.json
SHU_MI_cross_subject_linear_downsample,SHU_MI,cross_subject,seed_5_downsample_t40,5,labram,0.5107647334954978,0.5,balanced_chance,Interaction & Control,交互与控制,运动想象（MI）控制,SHU-MI,/benchmark-eeg/5.0_version/result_5/linear_downsample/SHU_MI_cross_subject_linear_downsample/seed_5_downsample_t40/ratio_full/labram/summary.json
SHU_MI_cross_subject_linear_downsample,SHU_MI,cross_subject,seed_5_downsample_t40,5,neurogpt,0.5172673153245423,0.5,balanced_chance,Interaction & Control,交互与控制,运动想象（MI）控制,SHU-MI,/benchmark-eeg/5.0_version/result_5/linear_downsample/SHU_MI_cross_subject_linear_downsample/seed_5_downsample_t40/ratio_full/neurogpt/summary.json
SHU_MI_cross_subject_linear_downsample,SHU_MI,cross_subject,seed_5_downsample_t40,5,neurolm,0.49733282123501044,0.5,balanced_chance,Interaction & Control,交互与控制,运动想象（MI）控制,SHU-MI,/benchmark-eeg/5.0_version/result_5/linear_downsample/SHU_MI_cross_subject_linear_downsample/seed_5_downsample_t40/ratio_full/neurolm/summary.json
SHU_MI_cross_subject_linear_downsample,SHU_MI,cross_subject,seed_5_downsample_t40,5,reve,0.5159283915845175,0.5,balanced_chance,Interaction & Control,交互与控制,运动想象（MI）控制,SHU-MI,/benchmark-eeg/5.0_version/result_5/linear_downsample/SHU_MI_cross_subject_linear_downsample/seed_5_downsample_t40/ratio_full/reve/summary.json
SHU_MI_within_subject_linear_downsample,SHU_MI,within_subject,seed_10_downsample_t40,10,bendr,0.471404399323181,0.5,balanced_chance,Interaction & Control,交互与控制,运动想象（MI）控制,SHU-MI,/benchmark-eeg/5.0_version/result_5/linear_downsample/SHU_MI_within_subject_linear_downsample/seed_10_downsample_t40/ratio_full/bendr/summary.json
SHU_MI_within_subject_linear_downsample,SHU_MI,within_subject,seed_10_downsample_t40,10,biot,0.5226522842639594,0.5,balanced_chance,Interaction & Control,交互与控制,运动想象（MI）控制,SHU-MI,/benchmark-eeg/5.0_version/result_5/linear_downsample/SHU_MI_within_subject_linear_downsample/seed_10_downsample_t40/ratio_full/biot/summary.json
SHU_MI_within_subject_linear_downsample,SHU_MI,within_subject,seed_10_downsample_t40,10,brainomni,0.5739847715736041,0.5,balanced_chance,Interaction & Control,交互与控制,运动想象（MI）控制,SHU-MI,/benchmark-eeg/5.0_version/result_5/linear_downsample/SHU_MI_within_subject_linear_downsample/seed_10_downsample_t40/ratio_full/brainomni/summary.json
SHU_MI_within_subject_linear_downsample,SHU_MI,within_subject,seed_10_downsample_t40,10,cbramod,0.5035815002820079,0.5,balanced_chance,Interaction & Control,交互与控制,运动想象（MI）控制,SHU-MI,/benchmark-eeg/5.0_version/result_5/linear_downsample/SHU_MI_within_subject_linear_downsample/seed_10_downsample_t40/ratio_full/cbramod/summary.json
SHU_MI_within_subject_linear_downsample,SHU_MI,within_subject,seed_10_downsample_t40,10,eegmamba,0.5034968979131416,0.5,balanced_chance,Interaction & Control,交互与控制,运动想象（MI）控制,SHU-MI,/benchmark-eeg/5.0_version/result_5/linear_downsample/SHU_MI_within_subject_linear_downsample/seed_10_downsample_t40/ratio_full/eegmamba/summary.json
SHU_MI_within_subject_linear_downsample,SHU_MI,within_subject,seed_10_downsample_t40,10,femba,0.5391215454032713,0.5,balanced_chance,Interaction & Control,交互与控制,运动想象（MI）控制,SHU-MI,/benchmark-eeg/5.0_version/result_5/linear_downsample/SHU_MI_within_subject_linear_downsample/seed_10_downsample_t40/ratio_full/femba/summary.json
SHU_MI_within_subject_linear_downsample,SHU_MI,within_subject,seed_10_downsample_t40,10,labram,0.5049562887760857,0.5,balanced_chance,Interaction & Control,交互与控制,运动想象（MI）控制,SHU-MI,/benchmark-eeg/5.0_version/result_5/linear_downsample/SHU_MI_within_subject_linear_downsample/seed_10_downsample_t40/ratio_full/labram/summary.json
SHU_MI_within_subject_linear_downsample,SHU_MI,within_subject,seed_10_downsample_t40,10,neurogpt,0.5108220530174845,0.5,balanced_chance,Interaction & Control,交互与控制,运动想象（MI）控制,SHU-MI,/benchmark-eeg/5.0_version/result_5/linear_downsample/SHU_MI_within_subject_linear_downsample/seed_10_downsample_t40/ratio_full/neurogpt/summary.json
SHU_MI_within_subject_linear_downsample,SHU_MI,within_subject,seed_10_downsample_t40,10,neurolm,0.5231246474901298,0.5,balanced_chance,Interaction & Control,交互与控制,运动想象（MI）控制,SHU-MI,/benchmark-eeg/5.0_version/result_5/linear_downsample/SHU_MI_within_subject_linear_downsample/seed_10_downsample_t40/ratio_full/neurolm/summary.json
SHU_MI_within_subject_linear_downsample,SHU_MI,within_subject,seed_10_downsample_t40,10,reve,0.526684997179921,0.5,balanced_chance,Interaction & Control,交互与控制,运动想象（MI）控制,SHU-MI,/benchmark-eeg/5.0_version/result_5/linear_downsample/SHU_MI_within_subject_linear_downsample/seed_10_downsample_t40/ratio_full/reve/summary.json
SHU_MI_within_subject_linear_downsample,SHU_MI,within_subject,seed_42_downsample_t40,42,bendr,0.4930628853952558,0.5,balanced_chance,Interaction & Control,交互与控制,运动想象（MI）控制,SHU-MI,/benchmark-eeg/5.0_version/result_5/linear_downsample/SHU_MI_within_subject_linear_downsample/seed_42_downsample_t40/ratio_full/bendr/summary.json
SHU_MI_within_subject_linear_downsample,SHU_MI,within_subject,seed_42_downsample_t40,42,biot,0.5129541414365869,0.5,balanced_chance,Interaction & Control,交互与控制,运动想象（MI）控制,SHU-MI,/benchmark-eeg/5.0_version/result_5/linear_downsample/SHU_MI_within_subject_linear_downsample/seed_42_downsample_t40/ratio_full/biot/summary.json
SHU_MI_within_subject_linear_downsample,SHU_MI,within_subject,seed_42_downsample_t40,42,brainomni,0.5447961224376423,0.5,balanced_chance,Interaction & Control,交互与控制,运动想象（MI）控制,SHU-MI,/benchmark-eeg/5.0_version/result_5/linear_downsample/SHU_MI_within_subject_linear_downsample/seed_42_downsample_t40/ratio_full/brainomni/summary.json
SHU_MI_within_subject_linear_downsample,SHU_MI,within_subject,seed_42_downsample_t40,42,cbramod,0.5162629853897005,0.5,balanced_chance,Interaction & Control,交互与控制,运动想象（MI）控制,SHU-MI,/benchmark-eeg/5.0_version/result_5/linear_downsample/SHU_MI_within_subject_linear_downsample/seed_42_downsample_t40/ratio_full/cbramod/summary.json
SHU_MI_within_subject_linear_downsample,SHU_MI,within_subject,seed_42_downsample_t40,42,eegmamba,0.5259186989611688,0.5,balanced_chance,Interaction & Control,交互与控制,运动想象（MI）控制,SHU-MI,/benchmark-eeg/5.0_version/result_5/linear_downsample/SHU_MI_within_subject_linear_downsample/seed_42_downsample_t40/ratio_full/eegmamba/summary.json
SHU_MI_within_subject_linear_downsample,SHU_MI,within_subject,seed_42_downsample_t40,42,femba,0.5232174601411033,0.5,balanced_chance,Interaction & Control,交互与控制,运动想象（MI）控制,SHU-MI,/benchmark-eeg/5.0_version/result_5/linear_downsample/SHU_MI_within_subject_linear_downsample/seed_42_downsample_t40/ratio_full/femba/summary.json
SHU_MI_within_subject_linear_downsample,SHU_MI,within_subject,seed_42_downsample_t40,42,labram,0.5022498750069441,0.5,balanced_chance,Interaction & Control,交互与控制,运动想象（MI）控制,SHU-MI,/benchmark-eeg/5.0_version/result_5/linear_downsample/SHU_MI_within_subject_linear_downsample/seed_42_downsample_t40/ratio_full/labram/summary.json
SHU_MI_within_subject_linear_downsample,SHU_MI,within_subject,seed_42_downsample_t40,42,neurogpt,0.5013054830287206,0.5,balanced_chance,Interaction & Control,交互与控制,运动想象（MI）控制,SHU-MI,/benchmark-eeg/5.0_version/result_5/linear_downsample/SHU_MI_within_subject_linear_downsample/seed_42_downsample_t40/ratio_full/neurogpt/summary.json
SHU_MI_within_subject_linear_downsample,SHU_MI,within_subject,seed_42_downsample_t40,42,neurolm,0.5155338592300428,0.5,balanced_chance,Interaction & Control,交互与控制,运动想象（MI）控制,SHU-MI,/benchmark-eeg/5.0_version/result_5/linear_downsample/SHU_MI_within_subject_linear_downsample/seed_42_downsample_t40/ratio_full/neurolm/summary.json
SHU_MI_within_subject_linear_downsample,SHU_MI,within_subject,seed_42_downsample_t40,42,reve,0.5580037220154436,0.5,balanced_chance,Interaction & Control,交互与控制,运动想象（MI）控制,SHU-MI,/benchmark-eeg/5.0_version/result_5/linear_downsample/SHU_MI_within_subject_linear_downsample/seed_42_downsample_t40/ratio_full/reve/summary.json
SHU_MI_within_subject_linear_downsample,SHU_MI,within_subject,seed_5_downsample_t40,5,bendr,0.5116373056994818,0.5,balanced_chance,Interaction & Control,交互与控制,运动想象（MI）控制,SHU-MI,/benchmark-eeg/5.0_version/result_5/linear_downsample/SHU_MI_within_subject_linear_downsample/seed_5_downsample_t40/ratio_full/bendr/summary.json
SHU_MI_within_subject_linear_downsample,SHU_MI,within_subject,seed_5_downsample_t40,5,biot,0.5264145077720208,0.5,balanced_chance,Interaction & Control,交互与控制,运动想象（MI）控制,SHU-MI,/benchmark-eeg/5.0_version/result_5/linear_downsample/SHU_MI_within_subject_linear_downsample/seed_5_downsample_t40/ratio_full/biot/summary.json
SHU_MI_within_subject_linear_downsample,SHU_MI,within_subject,seed_5_downsample_t40,5,brainomni,0.5798721934369603,0.5,balanced_chance,Interaction & Control,交互与控制,运动想象（MI）控制,SHU-MI,/benchmark-eeg/5.0_version/result_5/linear_downsample/SHU_MI_within_subject_linear_downsample/seed_5_downsample_t40/ratio_full/brainomni/summary.json
SHU_MI_within_subject_linear_downsample,SHU_MI,within_subject,seed_5_downsample_t40,5,cbramod,0.5038618307426598,0.5,balanced_chance,Interaction & Control,交互与控制,运动想象（MI）控制,SHU-MI,/benchmark-eeg/5.0_version/result_5/linear_downsample/SHU_MI_within_subject_linear_downsample/seed_5_downsample_t40/ratio_full/cbramod/summary.json
SHU_MI_within_subject_linear_downsample,SHU_MI,within_subject,seed_5_downsample_t40,5,eegmamba,0.4978894645941278,0.5,balanced_chance,Interaction & Control,交互与控制,运动想象（MI）控制,SHU-MI,/benchmark-eeg/5.0_version/result_5/linear_downsample/SHU_MI_within_subject_linear_downsample/seed_5_downsample_t40/ratio_full/eegmamba/summary.json
SHU_MI_within_subject_linear_downsample,SHU_MI,within_subject,seed_5_downsample_t40,5,femba,0.5121416234887737,0.5,balanced_chance,Interaction & Control,交互与控制,运动想象（MI）控制,SHU-MI,/benchmark-eeg/5.0_version/result_5/linear_downsample/SHU_MI_within_subject_linear_downsample/seed_5_downsample_t40/ratio_full/femba/summary.json
SHU_MI_within_subject_linear_downsample,SHU_MI,within_subject,seed_5_downsample_t40,5,labram,0.4801727115716753,0.5,balanced_chance,Interaction & Control,交互与控制,运动想象（MI）控制,SHU-MI,/benchmark-eeg/5.0_version/result_5/linear_downsample/SHU_MI_within_subject_linear_downsample/seed_5_downsample_t40/ratio_full/labram/summary.json
SHU_MI_within_subject_linear_downsample,SHU_MI,within_subject,seed_5_downsample_t40,5,neurogpt,0.49090155440414507,0.5,balanced_chance,Interaction & Control,交互与控制,运动想象（MI）控制,SHU-MI,/benchmark-eeg/5.0_version/result_5/linear_downsample/SHU_MI_within_subject_linear_downsample/seed_5_downsample_t40/ratio_full/neurogpt/summary.json
SHU_MI_within_subject_linear_downsample,SHU_MI,within_subject,seed_5_downsample_t40,5,neurolm,0.5095198618307426,0.5,balanced_chance,Interaction & Control,交互与控制,运动想象（MI）控制,SHU-MI,/benchmark-eeg/5.0_version/result_5/linear_downsample/SHU_MI_within_subject_linear_downsample/seed_5_downsample_t40/ratio_full/neurolm/summary.json
SHU_MI_within_subject_linear_downsample,SHU_MI,within_subject,seed_5_downsample_t40,5,reve,0.5156269430051813,0.5,balanced_chance,Interaction & Control,交互与控制,运动想象（MI）控制,SHU-MI,/benchmark-eeg/5.0_version/result_5/linear_downsample/SHU_MI_within_subject_linear_downsample/seed_5_downsample_t40/ratio_full/reve/summary.json
SSVEP_wsn_cross_subject_linear_downsample,SSVEP_wsn,cross_subject,seed_10_downsample_t40,10,bendr,0.01125,0.00625,balanced_chance,Unknown,Unknown,Unknown,,/benchmark-eeg/5.0_version/result_5/linear_downsample/SSVEP_wsn_cross_subject_linear_downsample/seed_10_downsample_t40/ratio_full/bendr/summary.json
SSVEP_wsn_cross_subject_linear_downsample,SSVEP_wsn,cross_subject,seed_10_downsample_t40,10,biot,0.00625,0.00625,balanced_chance,Unknown,Unknown,Unknown,,/benchmark-eeg/5.0_version/result_5/linear_downsample/SSVEP_wsn_cross_subject_linear_downsample/seed_10_downsample_t40/ratio_full/biot/summary.json
SSVEP_wsn_cross_subject_linear_downsample,SSVEP_wsn,cross_subject,seed_10_downsample_t40,10,brainomni,0.0175,0.00625,balanced_chance,Unknown,Unknown,Unknown,,/benchmark-eeg/5.0_version/result_5/linear_downsample/SSVEP_wsn_cross_subject_linear_downsample/seed_10_downsample_t40/ratio_full/brainomni/summary.json
SSVEP_wsn_cross_subject_linear_downsample,SSVEP_wsn,cross_subject,seed_10_downsample_t40,10,cbramod,0.005,0.00625,balanced_chance,Unknown,Unknown,Unknown,,/benchmark-eeg/5.0_version/result_5/linear_downsample/SSVEP_wsn_cross_subject_linear_downsample/seed_10_downsample_t40/ratio_full/cbramod/summary.json
SSVEP_wsn_cross_subject_linear_downsample,SSVEP_wsn,cross_subject,seed_10_downsample_t40,10,eegmamba,0.013750000000000002,0.00625,balanced_chance,Unknown,Unknown,Unknown,,/benchmark-eeg/5.0_version/result_5/linear_downsample/SSVEP_wsn_cross_subject_linear_downsample/seed_10_downsample_t40/ratio_full/eegmamba/summary.json
SSVEP_wsn_cross_subject_linear_downsample,SSVEP_wsn,cross_subject,seed_10_downsample_t40,10,femba,0.00625,0.00625,balanced_chance,Unknown,Unknown,Unknown,,/benchmark-eeg/5.0_version/result_5/linear_downsample/SSVEP_wsn_cross_subject_linear_downsample/seed_10_downsample_t40/ratio_full/femba/summary.json
SSVEP_wsn_cross_subject_linear_downsample,SSVEP_wsn,cross_subject,seed_10_downsample_t40,10,labram,0.0075000000000000015,0.00625,balanced_chance,Unknown,Unknown,Unknown,,/benchmark-eeg/5.0_version/result_5/linear_downsample/SSVEP_wsn_cross_subject_linear_downsample/seed_10_downsample_t40/ratio_full/labram/summary.json
SSVEP_wsn_cross_subject_linear_downsample,SSVEP_wsn,cross_subject,seed_10_downsample_t40,10,neurogpt,0.0025,0.00625,balanced_chance,Unknown,Unknown,Unknown,,/benchmark-eeg/5.0_version/result_5/linear_downsample/SSVEP_wsn_cross_subject_linear_downsample/seed_10_downsample_t40/ratio_full/neurogpt/summary.json
SSVEP_wsn_cross_subject_linear_downsample,SSVEP_wsn,cross_subject,seed_10_downsample_t40,10,neurolm,0.036250000000000004,0.00625,balanced_chance,Unknown,Unknown,Unknown,,/benchmark-eeg/5.0_version/result_5/linear_downsample/SSVEP_wsn_cross_subject_linear_downsample/seed_10_downsample_t40/ratio_full/neurolm/summary.json
SSVEP_wsn_cross_subject_linear_downsample,SSVEP_wsn,cross_subject,seed_10_downsample_t40,10,reve,0.0125,0.00625,balanced_chance,Unknown,Unknown,Unknown,,/benchmark-eeg/5.0_version/result_5/linear_downsample/SSVEP_wsn_cross_subject_linear_downsample/seed_10_downsample_t40/ratio_full/reve/summary.json
SSVEP_wsn_cross_subject_linear_downsample,SSVEP_wsn,cross_subject,seed_42_downsample_t40,42,bendr,0.021875,0.00625,balanced_chance,Unknown,Unknown,Unknown,,/benchmark-eeg/5.0_version/result_5/linear_downsample/SSVEP_wsn_cross_subject_linear_downsample/seed_42_downsample_t40/ratio_full/bendr/summary.json
SSVEP_wsn_cross_subject_linear_downsample,SSVEP_wsn,cross_subject,seed_42_downsample_t40,42,biot,0.00625,0.00625,balanced_chance,Unknown,Unknown,Unknown,,/benchmark-eeg/5.0_version/result_5/linear_downsample/SSVEP_wsn_cross_subject_linear_downsample/seed_42_downsample_t40/ratio_full/biot/summary.json
SSVEP_wsn_cross_subject_linear_downsample,SSVEP_wsn,cross_subject,seed_42_downsample_t40,42,brainomni,0.0078125,0.00625,balanced_chance,Unknown,Unknown,Unknown,,/benchmark-eeg/5.0_version/result_5/linear_downsample/SSVEP_wsn_cross_subject_linear_downsample/seed_42_downsample_t40/ratio_full/brainomni/summary.json
SSVEP_wsn_cross_subject_linear_downsample,SSVEP_wsn,cross_subject,seed_42_downsample_t40,42,cbramod,0.00625,0.00625,balanced_chance,Unknown,Unknown,Unknown,,/benchmark-eeg/5.0_version/result_5/linear_downsample/SSVEP_wsn_cross_subject_linear_downsample/seed_42_downsample_t40/ratio_full/cbramod/summary.json
SSVEP_wsn_cross_subject_linear_downsample,SSVEP_wsn,cross_subject,seed_42_downsample_t40,42,eegmamba,0.009375,0.00625,balanced_chance,Unknown,Unknown,Unknown,,/benchmark-eeg/5.0_version/result_5/linear_downsample/SSVEP_wsn_cross_subject_linear_downsample/seed_42_downsample_t40/ratio_full/eegmamba/summary.json
SSVEP_wsn_cross_subject_linear_downsample,SSVEP_wsn,cross_subject,seed_42_downsample_t40,42,femba,0.00625,0.00625,balanced_chance,Unknown,Unknown,Unknown,,/benchmark-eeg/5.0_version/result_5/linear_downsample/SSVEP_wsn_cross_subject_linear_downsample/seed_42_downsample_t40/ratio_full/femba/summary.json
SSVEP_wsn_cross_subject_linear_downsample,SSVEP_wsn,cross_subject,seed_42_downsample_t40,42,labram,0.0109375,0.00625,balanced_chance,Unknown,Unknown,Unknown,,/benchmark-eeg/5.0_version/result_5/linear_downsample/SSVEP_wsn_cross_subject_linear_downsample/seed_42_downsample_t40/ratio_full/labram/summary.json
SSVEP_wsn_cross_subject_linear_downsample,SSVEP_wsn,cross_subject,seed_42_downsample_t40,42,neurogpt,0.0078125,0.00625,balanced_chance,Unknown,Unknown,Unknown,,/benchmark-eeg/5.0_version/result_5/linear_downsample/SSVEP_wsn_cross_subject_linear_downsample/seed_42_downsample_t40/ratio_full/neurogpt/summary.json
SSVEP_wsn_cross_subject_linear_downsample,SSVEP_wsn,cross_subject,seed_42_downsample_t40,42,neurolm,0.0265625,0.00625,balanced_chance,Unknown,Unknown,Unknown,,/benchmark-eeg/5.0_version/result_5/linear_downsample/SSVEP_wsn_cross_subject_linear_downsample/seed_42_downsample_t40/ratio_full/neurolm/summary.json
SSVEP_wsn_cross_subject_linear_downsample,SSVEP_wsn,cross_subject,seed_42_downsample_t40,42,reve,0.00625,0.00625,balanced_chance,Unknown,Unknown,Unknown,,/benchmark-eeg/5.0_version/result_5/linear_downsample/SSVEP_wsn_cross_subject_linear_downsample/seed_42_downsample_t40/ratio_full/reve/summary.json
SSVEP_wsn_cross_subject_linear_downsample,SSVEP_wsn,cross_subject,seed_5_downsample_t40,5,bendr,0.0078125,0.00625,balanced_chance,Unknown,Unknown,Unknown,,/benchmark-eeg/5.0_version/result_5/linear_downsample/SSVEP_wsn_cross_subject_linear_downsample/seed_5_downsample_t40/ratio_full/bendr/summary.json
SSVEP_wsn_cross_subject_linear_downsample,SSVEP_wsn,cross_subject,seed_5_downsample_t40,5,biot,0.00625,0.00625,balanced_chance,Unknown,Unknown,Unknown,,/benchmark-eeg/5.0_version/result_5/linear_downsample/SSVEP_wsn_cross_subject_linear_downsample/seed_5_downsample_t40/ratio_full/biot/summary.json
SSVEP_wsn_cross_subject_linear_downsample,SSVEP_wsn,cross_subject,seed_5_downsample_t40,5,brainomni,0.025,0.00625,balanced_chance,Unknown,Unknown,Unknown,,/benchmark-eeg/5.0_version/result_5/linear_downsample/SSVEP_wsn_cross_subject_linear_downsample/seed_5_downsample_t40/ratio_full/brainomni/summary.json
SSVEP_wsn_cross_subject_linear_downsample,SSVEP_wsn,cross_subject,seed_5_downsample_t40,5,cbramod,0.0109375,0.00625,balanced_chance,Unknown,Unknown,Unknown,,/benchmark-eeg/5.0_version/result_5/linear_downsample/SSVEP_wsn_cross_subject_linear_downsample/seed_5_downsample_t40/ratio_full/cbramod/summary.json
SSVEP_wsn_cross_subject_linear_downsample,SSVEP_wsn,cross_subject,seed_5_downsample_t40,5,eegmamba,0.0078125,0.00625,balanced_chance,Unknown,Unknown,Unknown,,/benchmark-eeg/5.0_version/result_5/linear_downsample/SSVEP_wsn_cross_subject_linear_downsample/seed_5_downsample_t40/ratio_full/eegmamba/summary.json
SSVEP_wsn_cross_subject_linear_downsample,SSVEP_wsn,cross_subject,seed_5_downsample_t40,5,femba,0.003125,0.00625,balanced_chance,Unknown,Unknown,Unknown,,/benchmark-eeg/5.0_version/result_5/linear_downsample/SSVEP_wsn_cross_subject_linear_downsample/seed_5_downsample_t40/ratio_full/femba/summary.json
SSVEP_wsn_cross_subject_linear_downsample,SSVEP_wsn,cross_subject,seed_5_downsample_t40,5,labram,0.00625,0.00625,balanced_chance,Unknown,Unknown,Unknown,,/benchmark-eeg/5.0_version/result_5/linear_downsample/SSVEP_wsn_cross_subject_linear_downsample/seed_5_downsample_t40/ratio_full/labram/summary.json
SSVEP_wsn_cross_subject_linear_downsample,SSVEP_wsn,cross_subject,seed_5_downsample_t40,5,neurogpt,0.0078125,0.00625,balanced_chance,Unknown,Unknown,Unknown,,/benchmark-eeg/5.0_version/result_5/linear_downsample/SSVEP_wsn_cross_subject_linear_downsample/seed_5_downsample_t40/ratio_full/neurogpt/summary.json
SSVEP_wsn_cross_subject_linear_downsample,SSVEP_wsn,cross_subject,seed_5_downsample_t40,5,neurolm,0.0296875,0.00625,balanced_chance,Unknown,Unknown,Unknown,,/benchmark-eeg/5.0_version/result_5/linear_downsample/SSVEP_wsn_cross_subject_linear_downsample/seed_5_downsample_t40/ratio_full/neurolm/summary.json
SSVEP_wsn_cross_subject_linear_downsample,SSVEP_wsn,cross_subject,seed_5_downsample_t40,5,reve,0.0015625,0.00625,balanced_chance,Unknown,Unknown,Unknown,,/benchmark-eeg/5.0_version/result_5/linear_downsample/SSVEP_wsn_cross_subject_linear_downsample/seed_5_downsample_t40/ratio_full/reve/summary.json
SSVEP_wsn_within_subject_linear_downsample,SSVEP_wsn,within_subject,seed_10_downsample_t40,10,bendr,0.0125,0.00625,balanced_chance,Unknown,Unknown,Unknown,,/benchmark-eeg/5.0_version/result_5/linear_downsample/SSVEP_wsn_within_subject_linear_downsample/seed_10_downsample_t40/ratio_full/bendr/summary.json
SSVEP_wsn_within_subject_linear_downsample,SSVEP_wsn,within_subject,seed_10_downsample_t40,10,biot,0.00625,0.00625,balanced_chance,Unknown,Unknown,Unknown,,/benchmark-eeg/5.0_version/result_5/linear_downsample/SSVEP_wsn_within_subject_linear_downsample/seed_10_downsample_t40/ratio_full/biot/summary.json
SSVEP_wsn_within_subject_linear_downsample,SSVEP_wsn,within_subject,seed_10_downsample_t40,10,brainomni,0.013392857142857142,0.00625,balanced_chance,Unknown,Unknown,Unknown,,/benchmark-eeg/5.0_version/result_5/linear_downsample/SSVEP_wsn_within_subject_linear_downsample/seed_10_downsample_t40/ratio_full/brainomni/summary.json
SSVEP_wsn_within_subject_linear_downsample,SSVEP_wsn,within_subject,seed_10_downsample_t40,10,cbramod,0.010714285714285713,0.00625,balanced_chance,Unknown,Unknown,Unknown,,/benchmark-eeg/5.0_version/result_5/linear_downsample/SSVEP_wsn_within_subject_linear_downsample/seed_10_downsample_t40/ratio_full/cbramod/summary.json
SSVEP_wsn_within_subject_linear_downsample,SSVEP_wsn,within_subject,seed_10_downsample_t40,10,eegmamba,0.015178571428571427,0.00625,balanced_chance,Unknown,Unknown,Unknown,,/benchmark-eeg/5.0_version/result_5/linear_downsample/SSVEP_wsn_within_subject_linear_downsample/seed_10_downsample_t40/ratio_full/eegmamba/summary.json
SSVEP_wsn_within_subject_linear_downsample,SSVEP_wsn,within_subject,seed_10_downsample_t40,10,femba,0.008035714285714285,0.00625,balanced_chance,Unknown,Unknown,Unknown,,/benchmark-eeg/5.0_version/result_5/linear_downsample/SSVEP_wsn_within_subject_linear_downsample/seed_10_downsample_t40/ratio_full/femba/summary.json
SSVEP_wsn_within_subject_linear_downsample,SSVEP_wsn,within_subject,seed_10_downsample_t40,10,labram,0.005357142857142857,0.00625,balanced_chance,Unknown,Unknown,Unknown,,/benchmark-eeg/5.0_version/result_5/linear_downsample/SSVEP_wsn_within_subject_linear_downsample/seed_10_downsample_t40/ratio_full/labram/summary.json
SSVEP_wsn_within_subject_linear_downsample,SSVEP_wsn,within_subject,seed_10_downsample_t40,10,neurogpt,0.008928571428571428,0.00625,balanced_chance,Unknown,Unknown,Unknown,,/benchmark-eeg/5.0_version/result_5/linear_downsample/SSVEP_wsn_within_subject_linear_downsample/seed_10_downsample_t40/ratio_full/neurogpt/summary.json
SSVEP_wsn_within_subject_linear_downsample,SSVEP_wsn,within_subject,seed_10_downsample_t40,10,neurolm,0.02589285714285714,0.00625,balanced_chance,Unknown,Unknown,Unknown,,/benchmark-eeg/5.0_version/result_5/linear_downsample/SSVEP_wsn_within_subject_linear_downsample/seed_10_downsample_t40/ratio_full/neurolm/summary.json
SSVEP_wsn_within_subject_linear_downsample,SSVEP_wsn,within_subject,seed_10_downsample_t40,10,reve,0.0035714285714285713,0.00625,balanced_chance,Unknown,Unknown,Unknown,,/benchmark-eeg/5.0_version/result_5/linear_downsample/SSVEP_wsn_within_subject_linear_downsample/seed_10_downsample_t40/ratio_full/reve/summary.json
SSVEP_wsn_within_subject_linear_downsample,SSVEP_wsn,within_subject,seed_42_downsample_t40,42,bendr,0.008928571428571428,0.00625,balanced_chance,Unknown,Unknown,Unknown,,/benchmark-eeg/5.0_version/result_5/linear_downsample/SSVEP_wsn_within_subject_linear_downsample/seed_42_downsample_t40/ratio_full/bendr/summary.json
SSVEP_wsn_within_subject_linear_downsample,SSVEP_wsn,within_subject,seed_42_downsample_t40,42,biot,0.00625,0.00625,balanced_chance,Unknown,Unknown,Unknown,,/benchmark-eeg/5.0_version/result_5/linear_downsample/SSVEP_wsn_within_subject_linear_downsample/seed_42_downsample_t40/ratio_full/biot/summary.json
SSVEP_wsn_within_subject_linear_downsample,SSVEP_wsn,within_subject,seed_42_downsample_t40,42,brainomni,0.024107142857142855,0.00625,balanced_chance,Unknown,Unknown,Unknown,,/benchmark-eeg/5.0_version/result_5/linear_downsample/SSVEP_wsn_within_subject_linear_downsample/seed_42_downsample_t40/ratio_full/brainomni/summary.json
SSVEP_wsn_within_subject_linear_downsample,SSVEP_wsn,within_subject,seed_42_downsample_t40,42,cbramod,0.005357142857142857,0.00625,balanced_chance,Unknown,Unknown,Unknown,,/benchmark-eeg/5.0_version/result_5/linear_downsample/SSVEP_wsn_within_subject_linear_downsample/seed_42_downsample_t40/ratio_full/cbramod/summary.json
SSVEP_wsn_within_subject_linear_downsample,SSVEP_wsn,within_subject,seed_42_downsample_t40,42,eegmamba,0.007142857142857143,0.00625,balanced_chance,Unknown,Unknown,Unknown,,/benchmark-eeg/5.0_version/result_5/linear_downsample/SSVEP_wsn_within_subject_linear_downsample/seed_42_downsample_t40/ratio_full/eegmamba/summary.json
SSVEP_wsn_within_subject_linear_downsample,SSVEP_wsn,within_subject,seed_42_downsample_t40,42,femba,0.008035714285714285,0.00625,balanced_chance,Unknown,Unknown,Unknown,,/benchmark-eeg/5.0_version/result_5/linear_downsample/SSVEP_wsn_within_subject_linear_downsample/seed_42_downsample_t40/ratio_full/femba/summary.json
SSVEP_wsn_within_subject_linear_downsample,SSVEP_wsn,within_subject,seed_42_downsample_t40,42,labram,0.010714285714285714,0.00625,balanced_chance,Unknown,Unknown,Unknown,,/benchmark-eeg/5.0_version/result_5/linear_downsample/SSVEP_wsn_within_subject_linear_downsample/seed_42_downsample_t40/ratio_full/labram/summary.json
SSVEP_wsn_within_subject_linear_downsample,SSVEP_wsn,within_subject,seed_42_downsample_t40,42,neurogpt,0.004464285714285714,0.00625,balanced_chance,Unknown,Unknown,Unknown,,/benchmark-eeg/5.0_version/result_5/linear_downsample/SSVEP_wsn_within_subject_linear_downsample/seed_42_downsample_t40/ratio_full/neurogpt/summary.json
SSVEP_wsn_within_subject_linear_downsample,SSVEP_wsn,within_subject,seed_42_downsample_t40,42,neurolm,0.024999999999999998,0.00625,balanced_chance,Unknown,Unknown,Unknown,,/benchmark-eeg/5.0_version/result_5/linear_downsample/SSVEP_wsn_within_subject_linear_downsample/seed_42_downsample_t40/ratio_full/neurolm/summary.json
SSVEP_wsn_within_subject_linear_downsample,SSVEP_wsn,within_subject,seed_42_downsample_t40,42,reve,0.009821428571428571,0.00625,balanced_chance,Unknown,Unknown,Unknown,,/benchmark-eeg/5.0_version/result_5/linear_downsample/SSVEP_wsn_within_subject_linear_downsample/seed_42_downsample_t40/ratio_full/reve/summary.json
SSVEP_wsn_within_subject_linear_downsample,SSVEP_wsn,within_subject,seed_5_downsample_t40,5,bendr,0.01339285714285714,0.00625,balanced_chance,Unknown,Unknown,Unknown,,/benchmark-eeg/5.0_version/result_5/linear_downsample/SSVEP_wsn_within_subject_linear_downsample/seed_5_downsample_t40/ratio_full/bendr/summary.json
SSVEP_wsn_within_subject_linear_downsample,SSVEP_wsn,within_subject,seed_5_downsample_t40,5,biot,0.00625,0.00625,balanced_chance,Unknown,Unknown,Unknown,,/benchmark-eeg/5.0_version/result_5/linear_downsample/SSVEP_wsn_within_subject_linear_downsample/seed_5_downsample_t40/ratio_full/biot/summary.json
SSVEP_wsn_within_subject_linear_downsample,SSVEP_wsn,within_subject,seed_5_downsample_t40,5,brainomni,0.02142857142857143,0.00625,balanced_chance,Unknown,Unknown,Unknown,,/benchmark-eeg/5.0_version/result_5/linear_downsample/SSVEP_wsn_within_subject_linear_downsample/seed_5_downsample_t40/ratio_full/brainomni/summary.json
SSVEP_wsn_within_subject_linear_downsample,SSVEP_wsn,within_subject,seed_5_downsample_t40,5,cbramod,0.004464285714285714,0.00625,balanced_chance,Unknown,Unknown,Unknown,,/benchmark-eeg/5.0_version/result_5/linear_downsample/SSVEP_wsn_within_subject_linear_downsample/seed_5_downsample_t40/ratio_full/cbramod/summary.json
SSVEP_wsn_within_subject_linear_downsample,SSVEP_wsn,within_subject,seed_5_downsample_t40,5,eegmamba,0.012499999999999999,0.00625,balanced_chance,Unknown,Unknown,Unknown,,/benchmark-eeg/5.0_version/result_5/linear_downsample/SSVEP_wsn_within_subject_linear_downsample/seed_5_downsample_t40/ratio_full/eegmamba/summary.json
SSVEP_wsn_within_subject_linear_downsample,SSVEP_wsn,within_subject,seed_5_downsample_t40,5,femba,0.00625,0.00625,balanced_chance,Unknown,Unknown,Unknown,,/benchmark-eeg/5.0_version/result_5/linear_downsample/SSVEP_wsn_within_subject_linear_downsample/seed_5_downsample_t40/ratio_full/femba/summary.json
SSVEP_wsn_within_subject_linear_downsample,SSVEP_wsn,within_subject,seed_5_downsample_t40,5,labram,0.005357142857142857,0.00625,balanced_chance,Unknown,Unknown,Unknown,,/benchmark-eeg/5.0_version/result_5/linear_downsample/SSVEP_wsn_within_subject_linear_downsample/seed_5_downsample_t40/ratio_full/labram/summary.json
SSVEP_wsn_within_subject_linear_downsample,SSVEP_wsn,within_subject,seed_5_downsample_t40,5,neurogpt,0.007142857142857143,0.00625,balanced_chance,Unknown,Unknown,Unknown,,/benchmark-eeg/5.0_version/result_5/linear_downsample/SSVEP_wsn_within_subject_linear_downsample/seed_5_downsample_t40/ratio_full/neurogpt/summary.json
SSVEP_wsn_within_subject_linear_downsample,SSVEP_wsn,within_subject,seed_5_downsample_t40,5,neurolm,0.02678571428571428,0.00625,balanced_chance,Unknown,Unknown,Unknown,,/benchmark-eeg/5.0_version/result_5/linear_downsample/SSVEP_wsn_within_subject_linear_downsample/seed_5_downsample_t40/ratio_full/neurolm/summary.json
SSVEP_wsn_within_subject_linear_downsample,SSVEP_wsn,within_subject,seed_5_downsample_t40,5,reve,0.004464285714285714,0.00625,balanced_chance,Unknown,Unknown,Unknown,,/benchmark-eeg/5.0_version/result_5/linear_downsample/SSVEP_wsn_within_subject_linear_downsample/seed_5_downsample_t40/ratio_full/reve/summary.json
Siena_EEG_cross_subject_linear_downsample,Siena_EEG,cross_subject,seed_10_downsample_t40,10,bendr,0.4978657950219726,0.5,balanced_chance,Unknown,Unknown,Unknown,,/benchmark-eeg/5.0_version/result_5/linear_downsample/Siena_EEG_cross_subject_linear_downsample/seed_10_downsample_t40/ratio_full/bendr/summary.json
Siena_EEG_cross_subject_linear_downsample,Siena_EEG,cross_subject,seed_10_downsample_t40,10,biot,0.6153368823279664,0.5,balanced_chance,Unknown,Unknown,Unknown,,/benchmark-eeg/5.0_version/result_5/linear_downsample/Siena_EEG_cross_subject_linear_downsample/seed_10_downsample_t40/ratio_full/biot/summary.json
Siena_EEG_cross_subject_linear_downsample,Siena_EEG,cross_subject,seed_10_downsample_t40,10,brainomni,0.5444445351651661,0.5,balanced_chance,Unknown,Unknown,Unknown,,/benchmark-eeg/5.0_version/result_5/linear_downsample/Siena_EEG_cross_subject_linear_downsample/seed_10_downsample_t40/ratio_full/brainomni/summary.json
Siena_EEG_cross_subject_linear_downsample,Siena_EEG,cross_subject,seed_10_downsample_t40,10,cbramod,0.5255714498259977,0.5,balanced_chance,Unknown,Unknown,Unknown,,/benchmark-eeg/5.0_version/result_5/linear_downsample/Siena_EEG_cross_subject_linear_downsample/seed_10_downsample_t40/ratio_full/cbramod/summary.json
Siena_EEG_cross_subject_linear_downsample,Siena_EEG,cross_subject,seed_10_downsample_t40,10,eegmamba,0.6215766535665944,0.5,balanced_chance,Unknown,Unknown,Unknown,,/benchmark-eeg/5.0_version/result_5/linear_downsample/Siena_EEG_cross_subject_linear_downsample/seed_10_downsample_t40/ratio_full/eegmamba/summary.json
Siena_EEG_cross_subject_linear_downsample,Siena_EEG,cross_subject,seed_10_downsample_t40,10,femba,0.6082878822517609,0.5,balanced_chance,Unknown,Unknown,Unknown,,/benchmark-eeg/5.0_version/result_5/linear_downsample/Siena_EEG_cross_subject_linear_downsample/seed_10_downsample_t40/ratio_full/femba/summary.json
Siena_EEG_cross_subject_linear_downsample,Siena_EEG,cross_subject,seed_10_downsample_t40,10,labram,0.6040448740977824,0.5,balanced_chance,Unknown,Unknown,Unknown,,/benchmark-eeg/5.0_version/result_5/linear_downsample/Siena_EEG_cross_subject_linear_downsample/seed_10_downsample_t40/ratio_full/labram/summary.json
Siena_EEG_cross_subject_linear_downsample,Siena_EEG,cross_subject,seed_10_downsample_t40,10,neurogpt,0.6001819857677332,0.5,balanced_chance,Unknown,Unknown,Unknown,,/benchmark-eeg/5.0_version/result_5/linear_downsample/Siena_EEG_cross_subject_linear_downsample/seed_10_downsample_t40/ratio_full/neurogpt/summary.json
Siena_EEG_cross_subject_linear_downsample,Siena_EEG,cross_subject,seed_10_downsample_t40,10,neurolm,0.5503608870309284,0.5,balanced_chance,Unknown,Unknown,Unknown,,/benchmark-eeg/5.0_version/result_5/linear_downsample/Siena_EEG_cross_subject_linear_downsample/seed_10_downsample_t40/ratio_full/neurolm/summary.json
Siena_EEG_cross_subject_linear_downsample,Siena_EEG,cross_subject,seed_10_downsample_t40,10,reve,0.4805975592497034,0.5,balanced_chance,Unknown,Unknown,Unknown,,/benchmark-eeg/5.0_version/result_5/linear_downsample/Siena_EEG_cross_subject_linear_downsample/seed_10_downsample_t40/ratio_full/reve/summary.json
Siena_EEG_cross_subject_linear_downsample,Siena_EEG,cross_subject,seed_42_downsample_t40,42,bendr,0.8175463124781545,0.5,balanced_chance,Unknown,Unknown,Unknown,,/benchmark-eeg/5.0_version/result_5/linear_downsample/Siena_EEG_cross_subject_linear_downsample/seed_42_downsample_t40/ratio_full/bendr/summary.json
Siena_EEG_cross_subject_linear_downsample,Siena_EEG,cross_subject,seed_42_downsample_t40,42,biot,0.7520097867878365,0.5,balanced_chance,Unknown,Unknown,Unknown,,/benchmark-eeg/5.0_version/result_5/linear_downsample/Siena_EEG_cross_subject_linear_downsample/seed_42_downsample_t40/ratio_full/biot/summary.json
Siena_EEG_cross_subject_linear_downsample,Siena_EEG,cross_subject,seed_42_downsample_t40,42,brainomni,0.6135966445298846,0.5,balanced_chance,Unknown,Unknown,Unknown,,/benchmark-eeg/5.0_version/result_5/linear_downsample/Siena_EEG_cross_subject_linear_downsample/seed_42_downsample_t40/ratio_full/brainomni/summary.json
Siena_EEG_cross_subject_linear_downsample,Siena_EEG,cross_subject,seed_42_downsample_t40,42,cbramod,0.9631247815449143,0.5,balanced_chance,Unknown,Unknown,Unknown,,/benchmark-eeg/5.0_version/result_5/linear_downsample/Siena_EEG_cross_subject_linear_downsample/seed_42_downsample_t40/ratio_full/cbramod/summary.json
Siena_EEG_cross_subject_linear_downsample,Siena_EEG,cross_subject,seed_42_downsample_t40,42,eegmamba,0.8233135267389025,0.5,balanced_chance,Unknown,Unknown,Unknown,,/benchmark-eeg/5.0_version/result_5/linear_downsample/Siena_EEG_cross_subject_linear_downsample/seed_42_downsample_t40/ratio_full/eegmamba/summary.json
Siena_EEG_cross_subject_linear_downsample,Siena_EEG,cross_subject,seed_42_downsample_t40,42,femba,0.39024816497728065,0.5,balanced_chance,Unknown,Unknown,Unknown,,/benchmark-eeg/5.0_version/result_5/linear_downsample/Siena_EEG_cross_subject_linear_downsample/seed_42_downsample_t40/ratio_full/femba/summary.json
Siena_EEG_cross_subject_linear_downsample,Siena_EEG,cross_subject,seed_42_downsample_t40,42,labram,0.788535477105907,0.5,balanced_chance,Unknown,Unknown,Unknown,,/benchmark-eeg/5.0_version/result_5/linear_downsample/Siena_EEG_cross_subject_linear_downsample/seed_42_downsample_t40/ratio_full/labram/summary.json
Siena_EEG_cross_subject_linear_downsample,Siena_EEG,cross_subject,seed_42_downsample_t40,42,neurogpt,0.16288011184900383,0.5,balanced_chance,Unknown,Unknown,Unknown,,/benchmark-eeg/5.0_version/result_5/linear_downsample/Siena_EEG_cross_subject_linear_downsample/seed_42_downsample_t40/ratio_full/neurogpt/summary.json
Siena_EEG_cross_subject_linear_downsample,Siena_EEG,cross_subject,seed_42_downsample_t40,42,neurolm,0.9468717231737155,0.5,balanced_chance,Unknown,Unknown,Unknown,,/benchmark-eeg/5.0_version/result_5/linear_downsample/Siena_EEG_cross_subject_linear_downsample/seed_42_downsample_t40/ratio_full/neurolm/summary.json
Siena_EEG_cross_subject_linear_downsample,Siena_EEG,cross_subject,seed_42_downsample_t40,42,reve,0.5957707095421182,0.5,balanced_chance,Unknown,Unknown,Unknown,,/benchmark-eeg/5.0_version/result_5/linear_downsample/Siena_EEG_cross_subject_linear_downsample/seed_42_downsample_t40/ratio_full/reve/summary.json
Siena_EEG_cross_subject_linear_downsample,Siena_EEG,cross_subject,seed_5_downsample_t40,5,bendr,0.5757348655175285,0.5,balanced_chance,Unknown,Unknown,Unknown,,/benchmark-eeg/5.0_version/result_5/linear_downsample/Siena_EEG_cross_subject_linear_downsample/seed_5_downsample_t40/ratio_full/bendr/summary.json
Siena_EEG_cross_subject_linear_downsample,Siena_EEG,cross_subject,seed_5_downsample_t40,5,biot,0.589474560746107,0.5,balanced_chance,Unknown,Unknown,Unknown,,/benchmark-eeg/5.0_version/result_5/linear_downsample/Siena_EEG_cross_subject_linear_downsample/seed_5_downsample_t40/ratio_full/biot/summary.json
Siena_EEG_cross_subject_linear_downsample,Siena_EEG,cross_subject,seed_5_downsample_t40,5,brainomni,0.7637902525486837,0.5,balanced_chance,Unknown,Unknown,Unknown,,/benchmark-eeg/5.0_version/result_5/linear_downsample/Siena_EEG_cross_subject_linear_downsample/seed_5_downsample_t40/ratio_full/brainomni/summary.json
Siena_EEG_cross_subject_linear_downsample,Siena_EEG,cross_subject,seed_5_downsample_t40,5,cbramod,0.9094905011717402,0.5,balanced_chance,Unknown,Unknown,Unknown,,/benchmark-eeg/5.0_version/result_5/linear_downsample/Siena_EEG_cross_subject_linear_downsample/seed_5_downsample_t40/ratio_full/cbramod/summary.json
Siena_EEG_cross_subject_linear_downsample,Siena_EEG,cross_subject,seed_5_downsample_t40,5,eegmamba,0.7515613290032476,0.5,balanced_chance,Unknown,Unknown,Unknown,,/benchmark-eeg/5.0_version/result_5/linear_downsample/Siena_EEG_cross_subject_linear_downsample/seed_5_downsample_t40/ratio_full/eegmamba/summary.json
Siena_EEG_cross_subject_linear_downsample,Siena_EEG,cross_subject,seed_5_downsample_t40,5,femba,0.5350808322329681,0.5,balanced_chance,Unknown,Unknown,Unknown,,/benchmark-eeg/5.0_version/result_5/linear_downsample/Siena_EEG_cross_subject_linear_downsample/seed_5_downsample_t40/ratio_full/femba/summary.json
Siena_EEG_cross_subject_linear_downsample,Siena_EEG,cross_subject,seed_5_downsample_t40,5,labram,0.7802124597028419,0.5,balanced_chance,Unknown,Unknown,Unknown,,/benchmark-eeg/5.0_version/result_5/linear_downsample/Siena_EEG_cross_subject_linear_downsample/seed_5_downsample_t40/ratio_full/labram/summary.json
Siena_EEG_cross_subject_linear_downsample,Siena_EEG,cross_subject,seed_5_downsample_t40,5,neurogpt,0.5398094286428037,0.5,balanced_chance,Unknown,Unknown,Unknown,,/benchmark-eeg/5.0_version/result_5/linear_downsample/Siena_EEG_cross_subject_linear_downsample/seed_5_downsample_t40/ratio_full/neurogpt/summary.json
Siena_EEG_cross_subject_linear_downsample,Siena_EEG,cross_subject,seed_5_downsample_t40,5,neurolm,0.8239296717937736,0.5,balanced_chance,Unknown,Unknown,Unknown,,/benchmark-eeg/5.0_version/result_5/linear_downsample/Siena_EEG_cross_subject_linear_downsample/seed_5_downsample_t40/ratio_full/neurolm/summary.json
Siena_EEG_cross_subject_linear_downsample,Siena_EEG,cross_subject,seed_5_downsample_t40,5,reve,0.5559818231564422,0.5,balanced_chance,Unknown,Unknown,Unknown,,/benchmark-eeg/5.0_version/result_5/linear_downsample/Siena_EEG_cross_subject_linear_downsample/seed_5_downsample_t40/ratio_full/reve/summary.json
Siena_EEG_within_subject_linear_downsample,Siena_EEG,within_subject,seed_10_downsample_t40,10,bendr,0.49972110664881747,0.5,balanced_chance,Unknown,Unknown,Unknown,,/benchmark-eeg/5.0_version/result_5/linear_downsample/Siena_EEG_within_subject_linear_downsample/seed_10_downsample_t40/ratio_full/bendr/summary.json
Siena_EEG_within_subject_linear_downsample,Siena_EEG,within_subject,seed_10_downsample_t40,10,biot,0.574683054898437,0.5,balanced_chance,Unknown,Unknown,Unknown,,/benchmark-eeg/5.0_version/result_5/linear_downsample/Siena_EEG_within_subject_linear_downsample/seed_10_downsample_t40/ratio_full/biot/summary.json
Siena_EEG_within_subject_linear_downsample,Siena_EEG,within_subject,seed_10_downsample_t40,10,brainomni,0.56087592378647,0.5,balanced_chance,Unknown,Unknown,Unknown,,/benchmark-eeg/5.0_version/result_5/linear_downsample/Siena_EEG_within_subject_linear_downsample/seed_10_downsample_t40/ratio_full/brainomni/summary.json
Siena_EEG_within_subject_linear_downsample,Siena_EEG,within_subject,seed_10_downsample_t40,10,cbramod,0.5125234576051543,0.5,balanced_chance,Unknown,Unknown,Unknown,,/benchmark-eeg/5.0_version/result_5/linear_downsample/Siena_EEG_within_subject_linear_downsample/seed_10_downsample_t40/ratio_full/cbramod/summary.json
Siena_EEG_within_subject_linear_downsample,Siena_EEG,within_subject,seed_10_downsample_t40,10,eegmamba,0.6183936659881535,0.5,balanced_chance,Unknown,Unknown,Unknown,,/benchmark-eeg/5.0_version/result_5/linear_downsample/Siena_EEG_within_subject_linear_downsample/seed_10_downsample_t40/ratio_full/eegmamba/summary.json
Siena_EEG_within_subject_linear_downsample,Siena_EEG,within_subject,seed_10_downsample_t40,10,femba,0.5111473290421962,0.5,balanced_chance,Unknown,Unknown,Unknown,,/benchmark-eeg/5.0_version/result_5/linear_downsample/Siena_EEG_within_subject_linear_downsample/seed_10_downsample_t40/ratio_full/femba/summary.json
Siena_EEG_within_subject_linear_downsample,Siena_EEG,within_subject,seed_10_downsample_t40,10,labram,0.5837948445226874,0.5,balanced_chance,Unknown,Unknown,Unknown,,/benchmark-eeg/5.0_version/result_5/linear_downsample/Siena_EEG_within_subject_linear_downsample/seed_10_downsample_t40/ratio_full/labram/summary.json
Siena_EEG_within_subject_linear_downsample,Siena_EEG,within_subject,seed_10_downsample_t40,10,neurogpt,0.5505010911224808,0.5,balanced_chance,Unknown,Unknown,Unknown,,/benchmark-eeg/5.0_version/result_5/linear_downsample/Siena_EEG_within_subject_linear_downsample/seed_10_downsample_t40/ratio_full/neurogpt/summary.json
Siena_EEG_within_subject_linear_downsample,Siena_EEG,within_subject,seed_10_downsample_t40,10,neurolm,0.5659449059556338,0.5,balanced_chance,Unknown,Unknown,Unknown,,/benchmark-eeg/5.0_version/result_5/linear_downsample/Siena_EEG_within_subject_linear_downsample/seed_10_downsample_t40/ratio_full/neurolm/summary.json
Siena_EEG_within_subject_linear_downsample,Siena_EEG,within_subject,seed_10_downsample_t40,10,reve,0.5105918346139505,0.5,balanced_chance,Unknown,Unknown,Unknown,,/benchmark-eeg/5.0_version/result_5/linear_downsample/Siena_EEG_within_subject_linear_downsample/seed_10_downsample_t40/ratio_full/reve/summary.json
Siena_EEG_within_subject_linear_downsample,Siena_EEG,within_subject,seed_42_downsample_t40,42,bendr,0.5104847535363168,0.5,balanced_chance,Unknown,Unknown,Unknown,,/benchmark-eeg/5.0_version/result_5/linear_downsample/Siena_EEG_within_subject_linear_downsample/seed_42_downsample_t40/ratio_full/bendr/summary.json
Siena_EEG_within_subject_linear_downsample,Siena_EEG,within_subject,seed_42_downsample_t40,42,biot,0.8331539631723544,0.5,balanced_chance,Unknown,Unknown,Unknown,,/benchmark-eeg/5.0_version/result_5/linear_downsample/Siena_EEG_within_subject_linear_downsample/seed_42_downsample_t40/ratio_full/biot/summary.json
Siena_EEG_within_subject_linear_downsample,Siena_EEG,within_subject,seed_42_downsample_t40,42,brainomni,0.8162936221419976,0.5,balanced_chance,Unknown,Unknown,Unknown,,/benchmark-eeg/5.0_version/result_5/linear_downsample/Siena_EEG_within_subject_linear_downsample/seed_42_downsample_t40/ratio_full/brainomni/summary.json
Siena_EEG_within_subject_linear_downsample,Siena_EEG,within_subject,seed_42_downsample_t40,42,cbramod,0.497015189700974,0.5,balanced_chance,Unknown,Unknown,Unknown,,/benchmark-eeg/5.0_version/result_5/linear_downsample/Siena_EEG_within_subject_linear_downsample/seed_42_downsample_t40/ratio_full/cbramod/summary.json
Siena_EEG_within_subject_linear_downsample,Siena_EEG,within_subject,seed_42_downsample_t40,42,eegmamba,0.7631128669709148,0.5,balanced_chance,Unknown,Unknown,Unknown,,/benchmark-eeg/5.0_version/result_5/linear_downsample/Siena_EEG_within_subject_linear_downsample/seed_42_downsample_t40/ratio_full/eegmamba/summary.json
Siena_EEG_within_subject_linear_downsample,Siena_EEG,within_subject,seed_42_downsample_t40,42,femba,0.6209072951433826,0.5,balanced_chance,Unknown,Unknown,Unknown,,/benchmark-eeg/5.0_version/result_5/linear_downsample/Siena_EEG_within_subject_linear_downsample/seed_42_downsample_t40/ratio_full/femba/summary.json
Siena_EEG_within_subject_linear_downsample,Siena_EEG,within_subject,seed_42_downsample_t40,42,labram,0.70806666212565,0.5,balanced_chance,Unknown,Unknown,Unknown,,/benchmark-eeg/5.0_version/result_5/linear_downsample/Siena_EEG_within_subject_linear_downsample/seed_42_downsample_t40/ratio_full/labram/summary.json
Siena_EEG_within_subject_linear_downsample,Siena_EEG,within_subject,seed_42_downsample_t40,42,neurogpt,0.6886919601298731,0.5,balanced_chance,Unknown,Unknown,Unknown,,/benchmark-eeg/5.0_version/result_5/linear_downsample/Siena_EEG_within_subject_linear_downsample/seed_42_downsample_t40/ratio_full/neurogpt/summary.json
Siena_EEG_within_subject_linear_downsample,Siena_EEG,within_subject,seed_42_downsample_t40,42,neurolm,0.8014998978271235,0.5,balanced_chance,Unknown,Unknown,Unknown,,/benchmark-eeg/5.0_version/result_5/linear_downsample/Siena_EEG_within_subject_linear_downsample/seed_42_downsample_t40/ratio_full/neurolm/summary.json
Siena_EEG_within_subject_linear_downsample,Siena_EEG,within_subject,seed_42_downsample_t40,42,reve,0.5448461730581478,0.5,balanced_chance,Unknown,Unknown,Unknown,,/benchmark-eeg/5.0_version/result_5/linear_downsample/Siena_EEG_within_subject_linear_downsample/seed_42_downsample_t40/ratio_full/reve/summary.json
Siena_EEG_within_subject_linear_downsample,Siena_EEG,within_subject,seed_5_downsample_t40,5,bendr,0.4998261776464453,0.5,balanced_chance,Unknown,Unknown,Unknown,,/benchmark-eeg/5.0_version/result_5/linear_downsample/Siena_EEG_within_subject_linear_downsample/seed_5_downsample_t40/ratio_full/bendr/summary.json
Siena_EEG_within_subject_linear_downsample,Siena_EEG,within_subject,seed_5_downsample_t40,5,biot,0.759172471887577,0.5,balanced_chance,Unknown,Unknown,Unknown,,/benchmark-eeg/5.0_version/result_5/linear_downsample/Siena_EEG_within_subject_linear_downsample/seed_5_downsample_t40/ratio_full/biot/summary.json
Siena_EEG_within_subject_linear_downsample,Siena_EEG,within_subject,seed_5_downsample_t40,5,brainomni,0.6580412894944443,0.5,balanced_chance,Unknown,Unknown,Unknown,,/benchmark-eeg/5.0_version/result_5/linear_downsample/Siena_EEG_within_subject_linear_downsample/seed_5_downsample_t40/ratio_full/brainomni/summary.json
Siena_EEG_within_subject_linear_downsample,Siena_EEG,within_subject,seed_5_downsample_t40,5,cbramod,0.5449375353773059,0.5,balanced_chance,Unknown,Unknown,Unknown,,/benchmark-eeg/5.0_version/result_5/linear_downsample/Siena_EEG_within_subject_linear_downsample/seed_5_downsample_t40/ratio_full/cbramod/summary.json
Siena_EEG_within_subject_linear_downsample,Siena_EEG,within_subject,seed_5_downsample_t40,5,eegmamba,0.7302650345193367,0.5,balanced_chance,Unknown,Unknown,Unknown,,/benchmark-eeg/5.0_version/result_5/linear_downsample/Siena_EEG_within_subject_linear_downsample/seed_5_downsample_t40/ratio_full/eegmamba/summary.json
Siena_EEG_within_subject_linear_downsample,Siena_EEG,within_subject,seed_5_downsample_t40,5,femba,0.6463400366364037,0.5,balanced_chance,Unknown,Unknown,Unknown,,/benchmark-eeg/5.0_version/result_5/linear_downsample/Siena_EEG_within_subject_linear_downsample/seed_5_downsample_t40/ratio_full/femba/summary.json
Siena_EEG_within_subject_linear_downsample,Siena_EEG,within_subject,seed_5_downsample_t40,5,labram,0.6356817178996912,0.5,balanced_chance,Unknown,Unknown,Unknown,,/benchmark-eeg/5.0_version/result_5/linear_downsample/Siena_EEG_within_subject_linear_downsample/seed_5_downsample_t40/ratio_full/labram/summary.json
Siena_EEG_within_subject_linear_downsample,Siena_EEG,within_subject,seed_5_downsample_t40,5,neurogpt,0.6169428882143988,0.5,balanced_chance,Unknown,Unknown,Unknown,,/benchmark-eeg/5.0_version/result_5/linear_downsample/Siena_EEG_within_subject_linear_downsample/seed_5_downsample_t40/ratio_full/neurogpt/summary.json
Siena_EEG_within_subject_linear_downsample,Siena_EEG,within_subject,seed_5_downsample_t40,5,neurolm,0.775486702589953,0.5,balanced_chance,Unknown,Unknown,Unknown,,/benchmark-eeg/5.0_version/result_5/linear_downsample/Siena_EEG_within_subject_linear_downsample/seed_5_downsample_t40/ratio_full/neurolm/summary.json
Siena_EEG_within_subject_linear_downsample,Siena_EEG,within_subject,seed_5_downsample_t40,5,reve,0.514283517629598,0.5,balanced_chance,Unknown,Unknown,Unknown,,/benchmark-eeg/5.0_version/result_5/linear_downsample/Siena_EEG_within_subject_linear_downsample/seed_5_downsample_t40/ratio_full/reve/summary.json
SleepEDF_full_cross_subject_linear_downsample,SleepEDF_full,cross_subject,seed_10_downsample_t40,10,bendr,0.21677294684271745,0.2,balanced_chance,Unknown,Unknown,Unknown,,/benchmark-eeg/5.0_version/result_5/linear_downsample/SleepEDF_full_cross_subject_linear_downsample/seed_10_downsample_t40/ratio_full/bendr/summary.json
SleepEDF_full_cross_subject_linear_downsample,SleepEDF_full,cross_subject,seed_10_downsample_t40,10,biot,0.2,0.2,balanced_chance,Unknown,Unknown,Unknown,,/benchmark-eeg/5.0_version/result_5/linear_downsample/SleepEDF_full_cross_subject_linear_downsample/seed_10_downsample_t40/ratio_full/biot/summary.json
SleepEDF_full_cross_subject_linear_downsample,SleepEDF_full,cross_subject,seed_10_downsample_t40,10,brainomni,0.6825135233944868,0.2,balanced_chance,Unknown,Unknown,Unknown,,/benchmark-eeg/5.0_version/result_5/linear_downsample/SleepEDF_full_cross_subject_linear_downsample/seed_10_downsample_t40/ratio_full/brainomni/summary.json
SleepEDF_full_cross_subject_linear_downsample,SleepEDF_full,cross_subject,seed_10_downsample_t40,10,cbramod,0.5148764252093281,0.2,balanced_chance,Unknown,Unknown,Unknown,,/benchmark-eeg/5.0_version/result_5/linear_downsample/SleepEDF_full_cross_subject_linear_downsample/seed_10_downsample_t40/ratio_full/cbramod/summary.json
SleepEDF_full_cross_subject_linear_downsample,SleepEDF_full,cross_subject,seed_10_downsample_t40,10,eegmamba,0.5181694940905128,0.2,balanced_chance,Unknown,Unknown,Unknown,,/benchmark-eeg/5.0_version/result_5/linear_downsample/SleepEDF_full_cross_subject_linear_downsample/seed_10_downsample_t40/ratio_full/eegmamba/summary.json
SleepEDF_full_cross_subject_linear_downsample,SleepEDF_full,cross_subject,seed_10_downsample_t40,10,femba,0.641277143938664,0.2,balanced_chance,Unknown,Unknown,Unknown,,/benchmark-eeg/5.0_version/result_5/linear_downsample/SleepEDF_full_cross_subject_linear_downsample/seed_10_downsample_t40/ratio_full/femba/summary.json
SleepEDF_full_cross_subject_linear_downsample,SleepEDF_full,cross_subject,seed_10_downsample_t40,10,labram,0.6996981839905707,0.2,balanced_chance,Unknown,Unknown,Unknown,,/benchmark-eeg/5.0_version/result_5/linear_downsample/SleepEDF_full_cross_subject_linear_downsample/seed_10_downsample_t40/ratio_full/labram/summary.json
SleepEDF_full_cross_subject_linear_downsample,SleepEDF_full,cross_subject,seed_10_downsample_t40,10,neurogpt,0.6350412420370081,0.2,balanced_chance,Unknown,Unknown,Unknown,,/benchmark-eeg/5.0_version/result_5/linear_downsample/SleepEDF_full_cross_subject_linear_downsample/seed_10_downsample_t40/ratio_full/neurogpt/summary.json
SleepEDF_full_cross_subject_linear_downsample,SleepEDF_full,cross_subject,seed_10_downsample_t40,10,neurolm,0.7072327629842989,0.2,balanced_chance,Unknown,Unknown,Unknown,,/benchmark-eeg/5.0_version/result_5/linear_downsample/SleepEDF_full_cross_subject_linear_downsample/seed_10_downsample_t40/ratio_full/neurolm/summary.json
SleepEDF_full_cross_subject_linear_downsample,SleepEDF_full,cross_subject,seed_10_downsample_t40,10,reve,0.4252102848529328,0.2,balanced_chance,Unknown,Unknown,Unknown,,/benchmark-eeg/5.0_version/result_5/linear_downsample/SleepEDF_full_cross_subject_linear_downsample/seed_10_downsample_t40/ratio_full/reve/summary.json
SleepEDF_full_cross_subject_linear_downsample,SleepEDF_full,cross_subject,seed_42_downsample_t40,42,bendr,0.21922523465884675,0.2,balanced_chance,Unknown,Unknown,Unknown,,/benchmark-eeg/5.0_version/result_5/linear_downsample/SleepEDF_full_cross_subject_linear_downsample/seed_42_downsample_t40/ratio_full/bendr/summary.json
SleepEDF_full_cross_subject_linear_downsample,SleepEDF_full,cross_subject,seed_42_downsample_t40,42,biot,0.2,0.2,balanced_chance,Unknown,Unknown,Unknown,,/benchmark-eeg/5.0_version/result_5/linear_downsample/SleepEDF_full_cross_subject_linear_downsample/seed_42_downsample_t40/ratio_full/biot/summary.json
SleepEDF_full_cross_subject_linear_downsample,SleepEDF_full,cross_subject,seed_42_downsample_t40,42,brainomni,0.6837220831163995,0.2,balanced_chance,Unknown,Unknown,Unknown,,/benchmark-eeg/5.0_version/result_5/linear_downsample/SleepEDF_full_cross_subject_linear_downsample/seed_42_downsample_t40/ratio_full/brainomni/summary.json
SleepEDF_full_cross_subject_linear_downsample,SleepEDF_full,cross_subject,seed_42_downsample_t40,42,cbramod,0.4564412531499037,0.2,balanced_chance,Unknown,Unknown,Unknown,,/benchmark-eeg/5.0_version/result_5/linear_downsample/SleepEDF_full_cross_subject_linear_downsample/seed_42_downsample_t40/ratio_full/cbramod/summary.json
SleepEDF_full_cross_subject_linear_downsample,SleepEDF_full,cross_subject,seed_42_downsample_t40,42,eegmamba,0.5188579538490503,0.2,balanced_chance,Unknown,Unknown,Unknown,,/benchmark-eeg/5.0_version/result_5/linear_downsample/SleepEDF_full_cross_subject_linear_downsample/seed_42_downsample_t40/ratio_full/eegmamba/summary.json
SleepEDF_full_cross_subject_linear_downsample,SleepEDF_full,cross_subject,seed_42_downsample_t40,42,femba,0.621350058899699,0.2,balanced_chance,Unknown,Unknown,Unknown,,/benchmark-eeg/5.0_version/result_5/linear_downsample/SleepEDF_full_cross_subject_linear_downsample/seed_42_downsample_t40/ratio_full/femba/summary.json
SleepEDF_full_cross_subject_linear_downsample,SleepEDF_full,cross_subject,seed_42_downsample_t40,42,labram,0.6808184352653832,0.2,balanced_chance,Unknown,Unknown,Unknown,,/benchmark-eeg/5.0_version/result_5/linear_downsample/SleepEDF_full_cross_subject_linear_downsample/seed_42_downsample_t40/ratio_full/labram/summary.json
SleepEDF_full_cross_subject_linear_downsample,SleepEDF_full,cross_subject,seed_42_downsample_t40,42,neurogpt,0.657512937045254,0.2,balanced_chance,Unknown,Unknown,Unknown,,/benchmark-eeg/5.0_version/result_5/linear_downsample/SleepEDF_full_cross_subject_linear_downsample/seed_42_downsample_t40/ratio_full/neurogpt/summary.json
SleepEDF_full_cross_subject_linear_downsample,SleepEDF_full,cross_subject,seed_42_downsample_t40,42,neurolm,0.6718148790434836,0.2,balanced_chance,Unknown,Unknown,Unknown,,/benchmark-eeg/5.0_version/result_5/linear_downsample/SleepEDF_full_cross_subject_linear_downsample/seed_42_downsample_t40/ratio_full/neurolm/summary.json
SleepEDF_full_cross_subject_linear_downsample,SleepEDF_full,cross_subject,seed_42_downsample_t40,42,reve,0.45210559609988693,0.2,balanced_chance,Unknown,Unknown,Unknown,,/benchmark-eeg/5.0_version/result_5/linear_downsample/SleepEDF_full_cross_subject_linear_downsample/seed_42_downsample_t40/ratio_full/reve/summary.json
SleepEDF_full_cross_subject_linear_downsample,SleepEDF_full,cross_subject,seed_5_downsample_t40,5,bendr,0.21891409381810178,0.2,balanced_chance,Unknown,Unknown,Unknown,,/benchmark-eeg/5.0_version/result_5/linear_downsample/SleepEDF_full_cross_subject_linear_downsample/seed_5_downsample_t40/ratio_full/bendr/summary.json
SleepEDF_full_cross_subject_linear_downsample,SleepEDF_full,cross_subject,seed_5_downsample_t40,5,biot,0.2,0.2,balanced_chance,Unknown,Unknown,Unknown,,/benchmark-eeg/5.0_version/result_5/linear_downsample/SleepEDF_full_cross_subject_linear_downsample/seed_5_downsample_t40/ratio_full/biot/summary.json
SleepEDF_full_cross_subject_linear_downsample,SleepEDF_full,cross_subject,seed_5_downsample_t40,5,brainomni,0.6435407771770822,0.2,balanced_chance,Unknown,Unknown,Unknown,,/benchmark-eeg/5.0_version/result_5/linear_downsample/SleepEDF_full_cross_subject_linear_downsample/seed_5_downsample_t40/ratio_full/brainomni/summary.json
SleepEDF_full_cross_subject_linear_downsample,SleepEDF_full,cross_subject,seed_5_downsample_t40,5,cbramod,0.5594920854070364,0.2,balanced_chance,Unknown,Unknown,Unknown,,/benchmark-eeg/5.0_version/result_5/linear_downsample/SleepEDF_full_cross_subject_linear_downsample/seed_5_downsample_t40/ratio_full/cbramod/summary.json
SleepEDF_full_cross_subject_linear_downsample,SleepEDF_full,cross_subject,seed_5_downsample_t40,5,eegmamba,0.539971985888698,0.2,balanced_chance,Unknown,Unknown,Unknown,,/benchmark-eeg/5.0_version/result_5/linear_downsample/SleepEDF_full_cross_subject_linear_downsample/seed_5_downsample_t40/ratio_full/eegmamba/summary.json
SleepEDF_full_cross_subject_linear_downsample,SleepEDF_full,cross_subject,seed_5_downsample_t40,5,femba,0.6057271005557655,0.2,balanced_chance,Unknown,Unknown,Unknown,,/benchmark-eeg/5.0_version/result_5/linear_downsample/SleepEDF_full_cross_subject_linear_downsample/seed_5_downsample_t40/ratio_full/femba/summary.json
SleepEDF_full_cross_subject_linear_downsample,SleepEDF_full,cross_subject,seed_5_downsample_t40,5,labram,0.6900414269207249,0.2,balanced_chance,Unknown,Unknown,Unknown,,/benchmark-eeg/5.0_version/result_5/linear_downsample/SleepEDF_full_cross_subject_linear_downsample/seed_5_downsample_t40/ratio_full/labram/summary.json
SleepEDF_full_cross_subject_linear_downsample,SleepEDF_full,cross_subject,seed_5_downsample_t40,5,neurogpt,0.6047381827965299,0.2,balanced_chance,Unknown,Unknown,Unknown,,/benchmark-eeg/5.0_version/result_5/linear_downsample/SleepEDF_full_cross_subject_linear_downsample/seed_5_downsample_t40/ratio_full/neurogpt/summary.json
SleepEDF_full_cross_subject_linear_downsample,SleepEDF_full,cross_subject,seed_5_downsample_t40,5,neurolm,0.7095512731770228,0.2,balanced_chance,Unknown,Unknown,Unknown,,/benchmark-eeg/5.0_version/result_5/linear_downsample/SleepEDF_full_cross_subject_linear_downsample/seed_5_downsample_t40/ratio_full/neurolm/summary.json
SleepEDF_full_cross_subject_linear_downsample,SleepEDF_full,cross_subject,seed_5_downsample_t40,5,reve,0.4365412278385551,0.2,balanced_chance,Unknown,Unknown,Unknown,,/benchmark-eeg/5.0_version/result_5/linear_downsample/SleepEDF_full_cross_subject_linear_downsample/seed_5_downsample_t40/ratio_full/reve/summary.json
TDBRAIN_cross_subject_linear_downsample,TDBRAIN,cross_subject,seed_10_downsample_t40,10,bendr,0.335195530726257,0.25,balanced_chance,Biometrics & Disease,个体与疾病,精神心理（抑郁/焦虑/精神分裂等）,TDBRAIN,/benchmark-eeg/5.0_version/result_5/linear_downsample/TDBRAIN_cross_subject_linear_downsample/seed_10_downsample_t40/ratio_full/bendr/summary.json
TDBRAIN_cross_subject_linear_downsample,TDBRAIN,cross_subject,seed_10_downsample_t40,10,biot,0.4048994562714459,0.25,balanced_chance,Biometrics & Disease,个体与疾病,精神心理（抑郁/焦虑/精神分裂等）,TDBRAIN,/benchmark-eeg/5.0_version/result_5/linear_downsample/TDBRAIN_cross_subject_linear_downsample/seed_10_downsample_t40/ratio_full/biot/summary.json
TDBRAIN_cross_subject_linear_downsample,TDBRAIN,cross_subject,seed_10_downsample_t40,10,brainomni,0.41949513582909653,0.25,balanced_chance,Biometrics & Disease,个体与疾病,精神心理（抑郁/焦虑/精神分裂等）,TDBRAIN,/benchmark-eeg/5.0_version/result_5/linear_downsample/TDBRAIN_cross_subject_linear_downsample/seed_10_downsample_t40/ratio_full/brainomni/summary.json
TDBRAIN_cross_subject_linear_downsample,TDBRAIN,cross_subject,seed_10_downsample_t40,10,cbramod,0.3841123558123925,0.25,balanced_chance,Biometrics & Disease,个体与疾病,精神心理（抑郁/焦虑/精神分裂等）,TDBRAIN,/benchmark-eeg/5.0_version/result_5/linear_downsample/TDBRAIN_cross_subject_linear_downsample/seed_10_downsample_t40/ratio_full/cbramod/summary.json
TDBRAIN_cross_subject_linear_downsample,TDBRAIN,cross_subject,seed_10_downsample_t40,10,eegmamba,0.35275550309101883,0.25,balanced_chance,Biometrics & Disease,个体与疾病,精神心理（抑郁/焦虑/精神分裂等）,TDBRAIN,/benchmark-eeg/5.0_version/result_5/linear_downsample/TDBRAIN_cross_subject_linear_downsample/seed_10_downsample_t40/ratio_full/eegmamba/summary.json
TDBRAIN_cross_subject_linear_downsample,TDBRAIN,cross_subject,seed_10_downsample_t40,10,femba,0.39536888168428974,0.25,balanced_chance,Biometrics & Disease,个体与疾病,精神心理（抑郁/焦虑/精神分裂等）,TDBRAIN,/benchmark-eeg/5.0_version/result_5/linear_downsample/TDBRAIN_cross_subject_linear_downsample/seed_10_downsample_t40/ratio_full/femba/summary.json
TDBRAIN_cross_subject_linear_downsample,TDBRAIN,cross_subject,seed_10_downsample_t40,10,labram,0.41129931132454445,0.25,balanced_chance,Biometrics & Disease,个体与疾病,精神心理（抑郁/焦虑/精神分裂等）,TDBRAIN,/benchmark-eeg/5.0_version/result_5/linear_downsample/TDBRAIN_cross_subject_linear_downsample/seed_10_downsample_t40/ratio_full/labram/summary.json
TDBRAIN_cross_subject_linear_downsample,TDBRAIN,cross_subject,seed_10_downsample_t40,10,neurogpt,0.39564673017311786,0.25,balanced_chance,Biometrics & Disease,个体与疾病,精神心理（抑郁/焦虑/精神分裂等）,TDBRAIN,/benchmark-eeg/5.0_version/result_5/linear_downsample/TDBRAIN_cross_subject_linear_downsample/seed_10_downsample_t40/ratio_full/neurogpt/summary.json
TDBRAIN_cross_subject_linear_downsample,TDBRAIN,cross_subject,seed_10_downsample_t40,10,neurolm,0.3961017744070881,0.25,balanced_chance,Biometrics & Disease,个体与疾病,精神心理（抑郁/焦虑/精神分裂等）,TDBRAIN,/benchmark-eeg/5.0_version/result_5/linear_downsample/TDBRAIN_cross_subject_linear_downsample/seed_10_downsample_t40/ratio_full/neurolm/summary.json
TDBRAIN_cross_subject_linear_downsample,TDBRAIN,cross_subject,seed_10_downsample_t40,10,reve,0.3403639101033986,0.25,balanced_chance,Biometrics & Disease,个体与疾病,精神心理（抑郁/焦虑/精神分裂等）,TDBRAIN,/benchmark-eeg/5.0_version/result_5/linear_downsample/TDBRAIN_cross_subject_linear_downsample/seed_10_downsample_t40/ratio_full/reve/summary.json
TDBRAIN_cross_subject_linear_downsample,TDBRAIN,cross_subject,seed_10_downsample_t40,10,reve_new,0.2921986855968022,0.25,balanced_chance,Biometrics & Disease,个体与疾病,精神心理（抑郁/焦虑/精神分裂等）,TDBRAIN,/benchmark-eeg/5.0_version/result_5/linear_downsample/TDBRAIN_cross_subject_linear_downsample/seed_10_downsample_t40/ratio_full/reve_new/summary.json
TDBRAIN_cross_subject_linear_downsample,TDBRAIN,cross_subject,seed_42_downsample_t40,42,bendr,0.25,0.25,balanced_chance,Biometrics & Disease,个体与疾病,精神心理（抑郁/焦虑/精神分裂等）,TDBRAIN,/benchmark-eeg/5.0_version/result_5/linear_downsample/TDBRAIN_cross_subject_linear_downsample/seed_42_downsample_t40/ratio_full/bendr/summary.json
TDBRAIN_cross_subject_linear_downsample,TDBRAIN,cross_subject,seed_42_downsample_t40,42,biot,0.40048137831280656,0.25,balanced_chance,Biometrics & Disease,个体与疾病,精神心理（抑郁/焦虑/精神分裂等）,TDBRAIN,/benchmark-eeg/5.0_version/result_5/linear_downsample/TDBRAIN_cross_subject_linear_downsample/seed_42_downsample_t40/ratio_full/biot/summary.json
TDBRAIN_cross_subject_linear_downsample,TDBRAIN,cross_subject,seed_42_downsample_t40,42,brainomni,0.40653715016746017,0.25,balanced_chance,Biometrics & Disease,个体与疾病,精神心理（抑郁/焦虑/精神分裂等）,TDBRAIN,/benchmark-eeg/5.0_version/result_5/linear_downsample/TDBRAIN_cross_subject_linear_downsample/seed_42_downsample_t40/ratio_full/brainomni/summary.json
TDBRAIN_cross_subject_linear_downsample,TDBRAIN,cross_subject,seed_42_downsample_t40,42,cbramod,0.3446460253691166,0.25,balanced_chance,Biometrics & Disease,个体与疾病,精神心理（抑郁/焦虑/精神分裂等）,TDBRAIN,/benchmark-eeg/5.0_version/result_5/linear_downsample/TDBRAIN_cross_subject_linear_downsample/seed_42_downsample_t40/ratio_full/cbramod/summary.json
TDBRAIN_cross_subject_linear_downsample,TDBRAIN,cross_subject,seed_42_downsample_t40,42,eegmamba,0.31394281752182074,0.25,balanced_chance,Biometrics & Disease,个体与疾病,精神心理（抑郁/焦虑/精神分裂等）,TDBRAIN,/benchmark-eeg/5.0_version/result_5/linear_downsample/TDBRAIN_cross_subject_linear_downsample/seed_42_downsample_t40/ratio_full/eegmamba/summary.json
TDBRAIN_cross_subject_linear_downsample,TDBRAIN,cross_subject,seed_42_downsample_t40,42,femba,0.3906723348855,0.25,balanced_chance,Biometrics & Disease,个体与疾病,精神心理（抑郁/焦虑/精神分裂等）,TDBRAIN,/benchmark-eeg/5.0_version/result_5/linear_downsample/TDBRAIN_cross_subject_linear_downsample/seed_42_downsample_t40/ratio_full/femba/summary.json
TDBRAIN_cross_subject_linear_downsample,TDBRAIN,cross_subject,seed_42_downsample_t40,42,labram,0.3564238830439863,0.25,balanced_chance,Biometrics & Disease,个体与疾病,精神心理（抑郁/焦虑/精神分裂等）,TDBRAIN,/benchmark-eeg/5.0_version/result_5/linear_downsample/TDBRAIN_cross_subject_linear_downsample/seed_42_downsample_t40/ratio_full/labram/summary.json
TDBRAIN_cross_subject_linear_downsample,TDBRAIN,cross_subject,seed_42_downsample_t40,42,neurogpt,0.37657729921780825,0.25,balanced_chance,Biometrics & Disease,个体与疾病,精神心理（抑郁/焦虑/精神分裂等）,TDBRAIN,/benchmark-eeg/5.0_version/result_5/linear_downsample/TDBRAIN_cross_subject_linear_downsample/seed_42_downsample_t40/ratio_full/neurogpt/summary.json
TDBRAIN_cross_subject_linear_downsample,TDBRAIN,cross_subject,seed_42_downsample_t40,42,neurolm,0.4168101962894084,0.25,balanced_chance,Biometrics & Disease,个体与疾病,精神心理（抑郁/焦虑/精神分裂等）,TDBRAIN,/benchmark-eeg/5.0_version/result_5/linear_downsample/TDBRAIN_cross_subject_linear_downsample/seed_42_downsample_t40/ratio_full/neurolm/summary.json
TDBRAIN_cross_subject_linear_downsample,TDBRAIN,cross_subject,seed_42_downsample_t40,42,reve,0.3053747107919492,0.25,balanced_chance,Biometrics & Disease,个体与疾病,精神心理（抑郁/焦虑/精神分裂等）,TDBRAIN,/benchmark-eeg/5.0_version/result_5/linear_downsample/TDBRAIN_cross_subject_linear_downsample/seed_42_downsample_t40/ratio_full/reve/summary.json
TDBRAIN_cross_subject_linear_downsample,TDBRAIN,cross_subject,seed_42_downsample_t40,42,reve_new,0.279911397628633,0.25,balanced_chance,Biometrics & Disease,个体与疾病,精神心理（抑郁/焦虑/精神分裂等）,TDBRAIN,/benchmark-eeg/5.0_version/result_5/linear_downsample/TDBRAIN_cross_subject_linear_downsample/seed_42_downsample_t40/ratio_full/reve_new/summary.json
TDBRAIN_cross_subject_linear_downsample,TDBRAIN,cross_subject,seed_5_downsample_t40,5,bendr,0.25,0.25,balanced_chance,Biometrics & Disease,个体与疾病,精神心理（抑郁/焦虑/精神分裂等）,TDBRAIN,/benchmark-eeg/5.0_version/result_5/linear_downsample/TDBRAIN_cross_subject_linear_downsample/seed_5_downsample_t40/ratio_full/bendr/summary.json
TDBRAIN_cross_subject_linear_downsample,TDBRAIN,cross_subject,seed_5_downsample_t40,5,biot,0.3690007692488062,0.25,balanced_chance,Biometrics & Disease,个体与疾病,精神心理（抑郁/焦虑/精神分裂等）,TDBRAIN,/benchmark-eeg/5.0_version/result_5/linear_downsample/TDBRAIN_cross_subject_linear_downsample/seed_5_downsample_t40/ratio_full/biot/summary.json
TDBRAIN_cross_subject_linear_downsample,TDBRAIN,cross_subject,seed_5_downsample_t40,5,brainomni,0.4000386659186711,0.25,balanced_chance,Biometrics & Disease,个体与疾病,精神心理（抑郁/焦虑/精神分裂等）,TDBRAIN,/benchmark-eeg/5.0_version/result_5/linear_downsample/TDBRAIN_cross_subject_linear_downsample/seed_5_downsample_t40/ratio_full/brainomni/summary.json
TDBRAIN_cross_subject_linear_downsample,TDBRAIN,cross_subject,seed_5_downsample_t40,5,cbramod,0.294638683060237,0.25,balanced_chance,Biometrics & Disease,个体与疾病,精神心理（抑郁/焦虑/精神分裂等）,TDBRAIN,/benchmark-eeg/5.0_version/result_5/linear_downsample/TDBRAIN_cross_subject_linear_downsample/seed_5_downsample_t40/ratio_full/cbramod/summary.json
TDBRAIN_cross_subject_linear_downsample,TDBRAIN,cross_subject,seed_5_downsample_t40,5,eegmamba,0.3031909609406045,0.25,balanced_chance,Biometrics & Disease,个体与疾病,精神心理（抑郁/焦虑/精神分裂等）,TDBRAIN,/benchmark-eeg/5.0_version/result_5/linear_downsample/TDBRAIN_cross_subject_linear_downsample/seed_5_downsample_t40/ratio_full/eegmamba/summary.json
TDBRAIN_cross_subject_linear_downsample,TDBRAIN,cross_subject,seed_5_downsample_t40,5,femba,0.4120458961953442,0.25,balanced_chance,Biometrics & Disease,个体与疾病,精神心理（抑郁/焦虑/精神分裂等）,TDBRAIN,/benchmark-eeg/5.0_version/result_5/linear_downsample/TDBRAIN_cross_subject_linear_downsample/seed_5_downsample_t40/ratio_full/femba/summary.json
TDBRAIN_cross_subject_linear_downsample,TDBRAIN,cross_subject,seed_5_downsample_t40,5,labram,0.4056747851881214,0.25,balanced_chance,Biometrics & Disease,个体与疾病,精神心理（抑郁/焦虑/精神分裂等）,TDBRAIN,/benchmark-eeg/5.0_version/result_5/linear_downsample/TDBRAIN_cross_subject_linear_downsample/seed_5_downsample_t40/ratio_full/labram/summary.json
TDBRAIN_cross_subject_linear_downsample,TDBRAIN,cross_subject,seed_5_downsample_t40,5,neurogpt,0.37873890667975657,0.25,balanced_chance,Biometrics & Disease,个体与疾病,精神心理（抑郁/焦虑/精神分裂等）,TDBRAIN,/benchmark-eeg/5.0_version/result_5/linear_downsample/TDBRAIN_cross_subject_linear_downsample/seed_5_downsample_t40/ratio_full/neurogpt/summary.json
TDBRAIN_cross_subject_linear_downsample,TDBRAIN,cross_subject,seed_5_downsample_t40,5,neurolm,0.3496530794515972,0.25,balanced_chance,Biometrics & Disease,个体与疾病,精神心理（抑郁/焦虑/精神分裂等）,TDBRAIN,/benchmark-eeg/5.0_version/result_5/linear_downsample/TDBRAIN_cross_subject_linear_downsample/seed_5_downsample_t40/ratio_full/neurolm/summary.json
TDBRAIN_cross_subject_linear_downsample,TDBRAIN,cross_subject,seed_5_downsample_t40,5,reve,0.27656737096335055,0.25,balanced_chance,Biometrics & Disease,个体与疾病,精神心理（抑郁/焦虑/精神分裂等）,TDBRAIN,/benchmark-eeg/5.0_version/result_5/linear_downsample/TDBRAIN_cross_subject_linear_downsample/seed_5_downsample_t40/ratio_full/reve/summary.json
TDBRAIN_cross_subject_linear_downsample,TDBRAIN,cross_subject,seed_5_downsample_t40,5,reve_new,0.2719993727196477,0.25,balanced_chance,Biometrics & Disease,个体与疾病,精神心理（抑郁/焦虑/精神分裂等）,TDBRAIN,/benchmark-eeg/5.0_version/result_5/linear_downsample/TDBRAIN_cross_subject_linear_downsample/seed_5_downsample_t40/ratio_full/reve_new/summary.json
TUAB_cross_subject_linear_downsample,TUAB,cross_subject,seed_10_downsample_t40,10,bendr,0.5,0.5,balanced_chance,Biometrics & Disease,个体与疾病,癫痫/发作,TUAB,/benchmark-eeg/5.0_version/result_5/linear_downsample/TUAB_cross_subject_linear_downsample/seed_10_downsample_t40/ratio_full/bendr/summary.json
TUAB_cross_subject_linear_downsample,TUAB,cross_subject,seed_10_downsample_t40,10,biot,0.7988106400846051,0.5,balanced_chance,Biometrics & Disease,个体与疾病,癫痫/发作,TUAB,/benchmark-eeg/5.0_version/result_5/linear_downsample/TUAB_cross_subject_linear_downsample/seed_10_downsample_t40/ratio_full/biot/summary.json
TUAB_cross_subject_linear_downsample,TUAB,cross_subject,seed_10_downsample_t40,10,brainomni,0.6900591751345917,0.5,balanced_chance,Biometrics & Disease,个体与疾病,癫痫/发作,TUAB,/benchmark-eeg/5.0_version/result_5/linear_downsample/TUAB_cross_subject_linear_downsample/seed_10_downsample_t40/ratio_full/brainomni/summary.json
TUAB_cross_subject_linear_downsample,TUAB,cross_subject,seed_10_downsample_t40,10,cbramod,0.7147106145086348,0.5,balanced_chance,Biometrics & Disease,个体与疾病,癫痫/发作,TUAB,/benchmark-eeg/5.0_version/result_5/linear_downsample/TUAB_cross_subject_linear_downsample/seed_10_downsample_t40/ratio_full/cbramod/summary.json
TUAB_cross_subject_linear_downsample,TUAB,cross_subject,seed_10_downsample_t40,10,eegmamba,0.6310004979498859,0.5,balanced_chance,Biometrics & Disease,个体与疾病,癫痫/发作,TUAB,/benchmark-eeg/5.0_version/result_5/linear_downsample/TUAB_cross_subject_linear_downsample/seed_10_downsample_t40/ratio_full/eegmamba/summary.json
TUAB_cross_subject_linear_downsample,TUAB,cross_subject,seed_10_downsample_t40,10,femba,0.6785855440630684,0.5,balanced_chance,Biometrics & Disease,个体与疾病,癫痫/发作,TUAB,/benchmark-eeg/5.0_version/result_5/linear_downsample/TUAB_cross_subject_linear_downsample/seed_10_downsample_t40/ratio_full/femba/summary.json
TUAB_cross_subject_linear_downsample,TUAB,cross_subject,seed_10_downsample_t40,10,labram,0.7447133404364336,0.5,balanced_chance,Biometrics & Disease,个体与疾病,癫痫/发作,TUAB,/benchmark-eeg/5.0_version/result_5/linear_downsample/TUAB_cross_subject_linear_downsample/seed_10_downsample_t40/ratio_full/labram/summary.json
TUAB_cross_subject_linear_downsample,TUAB,cross_subject,seed_10_downsample_t40,10,neurogpt,0.6178787712747328,0.5,balanced_chance,Biometrics & Disease,个体与疾病,癫痫/发作,TUAB,/benchmark-eeg/5.0_version/result_5/linear_downsample/TUAB_cross_subject_linear_downsample/seed_10_downsample_t40/ratio_full/neurogpt/summary.json
TUAB_cross_subject_linear_downsample,TUAB,cross_subject,seed_10_downsample_t40,10,neurolm,0.7337193661625274,0.5,balanced_chance,Biometrics & Disease,个体与疾病,癫痫/发作,TUAB,/benchmark-eeg/5.0_version/result_5/linear_downsample/TUAB_cross_subject_linear_downsample/seed_10_downsample_t40/ratio_full/neurolm/summary.json
TUAB_cross_subject_linear_downsample,TUAB,cross_subject,seed_10_downsample_t40,10,reve,0.6750820311889425,0.5,balanced_chance,Biometrics & Disease,个体与疾病,癫痫/发作,TUAB,/benchmark-eeg/5.0_version/result_5/linear_downsample/TUAB_cross_subject_linear_downsample/seed_10_downsample_t40/ratio_full/reve/summary.json
TUAB_cross_subject_linear_downsample,TUAB,cross_subject,seed_42_downsample_t40,42,bendr,0.5,0.5,balanced_chance,Biometrics & Disease,个体与疾病,癫痫/发作,TUAB,/benchmark-eeg/5.0_version/result_5/linear_downsample/TUAB_cross_subject_linear_downsample/seed_42_downsample_t40/ratio_full/bendr/summary.json
TUAB_cross_subject_linear_downsample,TUAB,cross_subject,seed_42_downsample_t40,42,biot,0.7795164418955907,0.5,balanced_chance,Biometrics & Disease,个体与疾病,癫痫/发作,TUAB,/benchmark-eeg/5.0_version/result_5/linear_downsample/TUAB_cross_subject_linear_downsample/seed_42_downsample_t40/ratio_full/biot/summary.json
TUAB_cross_subject_linear_downsample,TUAB,cross_subject,seed_42_downsample_t40,42,brainomni,0.7719409793834193,0.5,balanced_chance,Biometrics & Disease,个体与疾病,癫痫/发作,TUAB,/benchmark-eeg/5.0_version/result_5/linear_downsample/TUAB_cross_subject_linear_downsample/seed_42_downsample_t40/ratio_full/brainomni/summary.json
TUAB_cross_subject_linear_downsample,TUAB,cross_subject,seed_42_downsample_t40,42,cbramod,0.7476937644235562,0.5,balanced_chance,Biometrics & Disease,个体与疾病,癫痫/发作,TUAB,/benchmark-eeg/5.0_version/result_5/linear_downsample/TUAB_cross_subject_linear_downsample/seed_42_downsample_t40/ratio_full/cbramod/summary.json
TUAB_cross_subject_linear_downsample,TUAB,cross_subject,seed_42_downsample_t40,42,eegmamba,0.7206472486946922,0.5,balanced_chance,Biometrics & Disease,个体与疾病,癫痫/发作,TUAB,/benchmark-eeg/5.0_version/result_5/linear_downsample/TUAB_cross_subject_linear_downsample/seed_42_downsample_t40/ratio_full/eegmamba/summary.json
TUAB_cross_subject_linear_downsample,TUAB,cross_subject,seed_42_downsample_t40,42,femba,0.7377309494054236,0.5,balanced_chance,Biometrics & Disease,个体与疾病,癫痫/发作,TUAB,/benchmark-eeg/5.0_version/result_5/linear_downsample/TUAB_cross_subject_linear_downsample/seed_42_downsample_t40/ratio_full/femba/summary.json
TUAB_cross_subject_linear_downsample,TUAB,cross_subject,seed_42_downsample_t40,42,labram,0.748178472578951,0.5,balanced_chance,Biometrics & Disease,个体与疾病,癫痫/发作,TUAB,/benchmark-eeg/5.0_version/result_5/linear_downsample/TUAB_cross_subject_linear_downsample/seed_42_downsample_t40/ratio_full/labram/summary.json
TUAB_cross_subject_linear_downsample,TUAB,cross_subject,seed_42_downsample_t40,42,neurogpt,0.6533078533148302,0.5,balanced_chance,Biometrics & Disease,个体与疾病,癫痫/发作,TUAB,/benchmark-eeg/5.0_version/result_5/linear_downsample/TUAB_cross_subject_linear_downsample/seed_42_downsample_t40/ratio_full/neurogpt/summary.json
TUAB_cross_subject_linear_downsample,TUAB,cross_subject,seed_42_downsample_t40,42,neurolm,0.7063302639750362,0.5,balanced_chance,Biometrics & Disease,个体与疾病,癫痫/发作,TUAB,/benchmark-eeg/5.0_version/result_5/linear_downsample/TUAB_cross_subject_linear_downsample/seed_42_downsample_t40/ratio_full/neurolm/summary.json
TUAB_cross_subject_linear_downsample,TUAB,cross_subject,seed_42_downsample_t40,42,reve,0.631867989480867,0.5,balanced_chance,Biometrics & Disease,个体与疾病,癫痫/发作,TUAB,/benchmark-eeg/5.0_version/result_5/linear_downsample/TUAB_cross_subject_linear_downsample/seed_42_downsample_t40/ratio_full/reve/summary.json
TUAB_cross_subject_linear_downsample,TUAB,cross_subject,seed_5_downsample_t40,5,bendr,0.5,0.5,balanced_chance,Biometrics & Disease,个体与疾病,癫痫/发作,TUAB,/benchmark-eeg/5.0_version/result_5/linear_downsample/TUAB_cross_subject_linear_downsample/seed_5_downsample_t40/ratio_full/bendr/summary.json
TUAB_cross_subject_linear_downsample,TUAB,cross_subject,seed_5_downsample_t40,5,biot,0.7810462861414269,0.5,balanced_chance,Biometrics & Disease,个体与疾病,癫痫/发作,TUAB,/benchmark-eeg/5.0_version/result_5/linear_downsample/TUAB_cross_subject_linear_downsample/seed_5_downsample_t40/ratio_full/biot/summary.json
TUAB_cross_subject_linear_downsample,TUAB,cross_subject,seed_5_downsample_t40,5,brainomni,0.7304283042021128,0.5,balanced_chance,Biometrics & Disease,个体与疾病,癫痫/发作,TUAB,/benchmark-eeg/5.0_version/result_5/linear_downsample/TUAB_cross_subject_linear_downsample/seed_5_downsample_t40/ratio_full/brainomni/summary.json
TUAB_cross_subject_linear_downsample,TUAB,cross_subject,seed_5_downsample_t40,5,cbramod,0.7508194971728623,0.5,balanced_chance,Biometrics & Disease,个体与疾病,癫痫/发作,TUAB,/benchmark-eeg/5.0_version/result_5/linear_downsample/TUAB_cross_subject_linear_downsample/seed_5_downsample_t40/ratio_full/cbramod/summary.json
TUAB_cross_subject_linear_downsample,TUAB,cross_subject,seed_5_downsample_t40,5,eegmamba,0.6785543599318891,0.5,balanced_chance,Biometrics & Disease,个体与疾病,癫痫/发作,TUAB,/benchmark-eeg/5.0_version/result_5/linear_downsample/TUAB_cross_subject_linear_downsample/seed_5_downsample_t40/ratio_full/eegmamba/summary.json
TUAB_cross_subject_linear_downsample,TUAB,cross_subject,seed_5_downsample_t40,5,femba,0.7148540311408926,0.5,balanced_chance,Biometrics & Disease,个体与疾病,癫痫/发作,TUAB,/benchmark-eeg/5.0_version/result_5/linear_downsample/TUAB_cross_subject_linear_downsample/seed_5_downsample_t40/ratio_full/femba/summary.json
TUAB_cross_subject_linear_downsample,TUAB,cross_subject,seed_5_downsample_t40,5,labram,0.7286267427070846,0.5,balanced_chance,Biometrics & Disease,个体与疾病,癫痫/发作,TUAB,/benchmark-eeg/5.0_version/result_5/linear_downsample/TUAB_cross_subject_linear_downsample/seed_5_downsample_t40/ratio_full/labram/summary.json
TUAB_cross_subject_linear_downsample,TUAB,cross_subject,seed_5_downsample_t40,5,neurogpt,0.6799402200765186,0.5,balanced_chance,Biometrics & Disease,个体与疾病,癫痫/发作,TUAB,/benchmark-eeg/5.0_version/result_5/linear_downsample/TUAB_cross_subject_linear_downsample/seed_5_downsample_t40/ratio_full/neurogpt/summary.json
TUAB_cross_subject_linear_downsample,TUAB,cross_subject,seed_5_downsample_t40,5,neurolm,0.6852184083272932,0.5,balanced_chance,Biometrics & Disease,个体与疾病,癫痫/发作,TUAB,/benchmark-eeg/5.0_version/result_5/linear_downsample/TUAB_cross_subject_linear_downsample/seed_5_downsample_t40/ratio_full/neurolm/summary.json
TUAB_cross_subject_linear_downsample,TUAB,cross_subject,seed_5_downsample_t40,5,reve,0.6096675579749604,0.5,balanced_chance,Biometrics & Disease,个体与疾病,癫痫/发作,TUAB,/benchmark-eeg/5.0_version/result_5/linear_downsample/TUAB_cross_subject_linear_downsample/seed_5_downsample_t40/ratio_full/reve/summary.json
TUAB_within_subject_linear_downsample,TUAB,within_subject,seed_42_downsample_t40,42,biot,0.8974739970282318,,unknown,Biometrics & Disease,个体与疾病,癫痫/发作,TUAB,/benchmark-eeg/5.0_version/result_5/linear_downsample/TUAB_within_subject_linear_downsample/seed_42_downsample_t40/ratio_full/biot/summary.json
TUAB_within_subject_linear_downsample,TUAB,within_subject,seed_42_downsample_t40,42,brainomni,0.9457652303120356,,unknown,Biometrics & Disease,个体与疾病,癫痫/发作,TUAB,/benchmark-eeg/5.0_version/result_5/linear_downsample/TUAB_within_subject_linear_downsample/seed_42_downsample_t40/ratio_full/brainomni/summary.json
TUAB_within_subject_linear_downsample,TUAB,within_subject,seed_42_downsample_t40,42,cbramod,0.9955423476968797,,unknown,Biometrics & Disease,个体与疾病,癫痫/发作,TUAB,/benchmark-eeg/5.0_version/result_5/linear_downsample/TUAB_within_subject_linear_downsample/seed_42_downsample_t40/ratio_full/cbramod/summary.json
TUAB_within_subject_linear_downsample,TUAB,within_subject,seed_42_downsample_t40,42,femba,0.9442793462109955,,unknown,Biometrics & Disease,个体与疾病,癫痫/发作,TUAB,/benchmark-eeg/5.0_version/result_5/linear_downsample/TUAB_within_subject_linear_downsample/seed_42_downsample_t40/ratio_full/femba/summary.json
TUAB_within_subject_linear_downsample,TUAB,within_subject,seed_42_downsample_t40,42,neurogpt,0.9063893016344725,,unknown,Biometrics & Disease,个体与疾病,癫痫/发作,TUAB,/benchmark-eeg/5.0_version/result_5/linear_downsample/TUAB_within_subject_linear_downsample/seed_42_downsample_t40/ratio_full/neurogpt/summary.json
TUAB_within_subject_linear_downsample,TUAB,within_subject,seed_42_downsample_t40,42,reve,0.8038632986627043,,unknown,Biometrics & Disease,个体与疾病,癫痫/发作,TUAB,/benchmark-eeg/5.0_version/result_5/linear_downsample/TUAB_within_subject_linear_downsample/seed_42_downsample_t40/ratio_full/reve/summary.json
TUEP_cross_subject_linear_downsample,TUEP,cross_subject,seed_10_downsample_t40,10,bendr,0.5038167026528253,0.5,balanced_chance,Unknown,Unknown,Unknown,,/benchmark-eeg/5.0_version/result_5/linear_downsample/TUEP_cross_subject_linear_downsample/seed_10_downsample_t40/ratio_full/bendr/summary.json
TUEP_cross_subject_linear_downsample,TUEP,cross_subject,seed_10_downsample_t40,10,biot,0.6249085635289017,0.5,balanced_chance,Unknown,Unknown,Unknown,,/benchmark-eeg/5.0_version/result_5/linear_downsample/TUEP_cross_subject_linear_downsample/seed_10_downsample_t40/ratio_full/biot/summary.json
TUEP_cross_subject_linear_downsample,TUEP,cross_subject,seed_10_downsample_t40,10,brainomni,0.6510151700874665,0.5,balanced_chance,Unknown,Unknown,Unknown,,/benchmark-eeg/5.0_version/result_5/linear_downsample/TUEP_cross_subject_linear_downsample/seed_10_downsample_t40/ratio_full/brainomni/summary.json
TUEP_cross_subject_linear_downsample,TUEP,cross_subject,seed_10_downsample_t40,10,cbramod,0.5978331073395214,0.5,balanced_chance,Unknown,Unknown,Unknown,,/benchmark-eeg/5.0_version/result_5/linear_downsample/TUEP_cross_subject_linear_downsample/seed_10_downsample_t40/ratio_full/cbramod/summary.json
TUEP_cross_subject_linear_downsample,TUEP,cross_subject,seed_10_downsample_t40,10,eegmamba,0.670568507753114,0.5,balanced_chance,Unknown,Unknown,Unknown,,/benchmark-eeg/5.0_version/result_5/linear_downsample/TUEP_cross_subject_linear_downsample/seed_10_downsample_t40/ratio_full/eegmamba/summary.json
TUEP_cross_subject_linear_downsample,TUEP,cross_subject,seed_10_downsample_t40,10,femba,0.6110090798392557,0.5,balanced_chance,Unknown,Unknown,Unknown,,/benchmark-eeg/5.0_version/result_5/linear_downsample/TUEP_cross_subject_linear_downsample/seed_10_downsample_t40/ratio_full/femba/summary.json
TUEP_cross_subject_linear_downsample,TUEP,cross_subject,seed_10_downsample_t40,10,labram,0.6773275431843098,0.5,balanced_chance,Unknown,Unknown,Unknown,,/benchmark-eeg/5.0_version/result_5/linear_downsample/TUEP_cross_subject_linear_downsample/seed_10_downsample_t40/ratio_full/labram/summary.json
TUEP_cross_subject_linear_downsample,TUEP,cross_subject,seed_10_downsample_t40,10,neurogpt,0.6218632923161,0.5,balanced_chance,Unknown,Unknown,Unknown,,/benchmark-eeg/5.0_version/result_5/linear_downsample/TUEP_cross_subject_linear_downsample/seed_10_downsample_t40/ratio_full/neurogpt/summary.json
TUEP_cross_subject_linear_downsample,TUEP,cross_subject,seed_10_downsample_t40,10,neurolm,0.6638125248013957,0.5,balanced_chance,Unknown,Unknown,Unknown,,/benchmark-eeg/5.0_version/result_5/linear_downsample/TUEP_cross_subject_linear_downsample/seed_10_downsample_t40/ratio_full/neurolm/summary.json
TUEP_cross_subject_linear_downsample,TUEP,cross_subject,seed_10_downsample_t40,10,reve,0.5283851905464343,0.5,balanced_chance,Unknown,Unknown,Unknown,,/benchmark-eeg/5.0_version/result_5/linear_downsample/TUEP_cross_subject_linear_downsample/seed_10_downsample_t40/ratio_full/reve/summary.json
TUEP_cross_subject_linear_downsample,TUEP,cross_subject,seed_42_downsample_t40,42,bendr,0.5026471237433633,0.5,balanced_chance,Unknown,Unknown,Unknown,,/benchmark-eeg/5.0_version/result_5/linear_downsample/TUEP_cross_subject_linear_downsample/seed_42_downsample_t40/ratio_full/bendr/summary.json
TUEP_cross_subject_linear_downsample,TUEP,cross_subject,seed_42_downsample_t40,42,biot,0.5965856283134363,0.5,balanced_chance,Unknown,Unknown,Unknown,,/benchmark-eeg/5.0_version/result_5/linear_downsample/TUEP_cross_subject_linear_downsample/seed_42_downsample_t40/ratio_full/biot/summary.json
TUEP_cross_subject_linear_downsample,TUEP,cross_subject,seed_42_downsample_t40,42,brainomni,0.6097549562942071,0.5,balanced_chance,Unknown,Unknown,Unknown,,/benchmark-eeg/5.0_version/result_5/linear_downsample/TUEP_cross_subject_linear_downsample/seed_42_downsample_t40/ratio_full/brainomni/summary.json
TUEP_cross_subject_linear_downsample,TUEP,cross_subject,seed_42_downsample_t40,42,cbramod,0.6745682116654916,0.5,balanced_chance,Unknown,Unknown,Unknown,,/benchmark-eeg/5.0_version/result_5/linear_downsample/TUEP_cross_subject_linear_downsample/seed_42_downsample_t40/ratio_full/cbramod/summary.json
TUEP_cross_subject_linear_downsample,TUEP,cross_subject,seed_42_downsample_t40,42,eegmamba,0.6218474223416974,0.5,balanced_chance,Unknown,Unknown,Unknown,,/benchmark-eeg/5.0_version/result_5/linear_downsample/TUEP_cross_subject_linear_downsample/seed_42_downsample_t40/ratio_full/eegmamba/summary.json
TUEP_cross_subject_linear_downsample,TUEP,cross_subject,seed_42_downsample_t40,42,femba,0.4936065174565778,0.5,balanced_chance,Unknown,Unknown,Unknown,,/benchmark-eeg/5.0_version/result_5/linear_downsample/TUEP_cross_subject_linear_downsample/seed_42_downsample_t40/ratio_full/femba/summary.json
TUEP_cross_subject_linear_downsample,TUEP,cross_subject,seed_42_downsample_t40,42,labram,0.6742577327884649,0.5,balanced_chance,Unknown,Unknown,Unknown,,/benchmark-eeg/5.0_version/result_5/linear_downsample/TUEP_cross_subject_linear_downsample/seed_42_downsample_t40/ratio_full/labram/summary.json
TUEP_cross_subject_linear_downsample,TUEP,cross_subject,seed_42_downsample_t40,42,neurogpt,0.47792593584651877,0.5,balanced_chance,Unknown,Unknown,Unknown,,/benchmark-eeg/5.0_version/result_5/linear_downsample/TUEP_cross_subject_linear_downsample/seed_42_downsample_t40/ratio_full/neurogpt/summary.json
TUEP_cross_subject_linear_downsample,TUEP,cross_subject,seed_42_downsample_t40,42,neurolm,0.6494104630190396,0.5,balanced_chance,Unknown,Unknown,Unknown,,/benchmark-eeg/5.0_version/result_5/linear_downsample/TUEP_cross_subject_linear_downsample/seed_42_downsample_t40/ratio_full/neurolm/summary.json
TUEP_cross_subject_linear_downsample,TUEP,cross_subject,seed_42_downsample_t40,42,reve,0.5359317282067393,0.5,balanced_chance,Unknown,Unknown,Unknown,,/benchmark-eeg/5.0_version/result_5/linear_downsample/TUEP_cross_subject_linear_downsample/seed_42_downsample_t40/ratio_full/reve/summary.json
TUEP_cross_subject_linear_downsample,TUEP,cross_subject,seed_5_downsample_t40,5,bendr,0.4929926444412297,0.5,balanced_chance,Unknown,Unknown,Unknown,,/benchmark-eeg/5.0_version/result_5/linear_downsample/TUEP_cross_subject_linear_downsample/seed_5_downsample_t40/ratio_full/bendr/summary.json
TUEP_cross_subject_linear_downsample,TUEP,cross_subject,seed_5_downsample_t40,5,biot,0.5399685208784086,0.5,balanced_chance,Unknown,Unknown,Unknown,,/benchmark-eeg/5.0_version/result_5/linear_downsample/TUEP_cross_subject_linear_downsample/seed_5_downsample_t40/ratio_full/biot/summary.json
TUEP_cross_subject_linear_downsample,TUEP,cross_subject,seed_5_downsample_t40,5,brainomni,0.5356549451437835,0.5,balanced_chance,Unknown,Unknown,Unknown,,/benchmark-eeg/5.0_version/result_5/linear_downsample/TUEP_cross_subject_linear_downsample/seed_5_downsample_t40/ratio_full/brainomni/summary.json
TUEP_cross_subject_linear_downsample,TUEP,cross_subject,seed_5_downsample_t40,5,cbramod,0.5649569019161913,0.5,balanced_chance,Unknown,Unknown,Unknown,,/benchmark-eeg/5.0_version/result_5/linear_downsample/TUEP_cross_subject_linear_downsample/seed_5_downsample_t40/ratio_full/cbramod/summary.json
TUEP_cross_subject_linear_downsample,TUEP,cross_subject,seed_5_downsample_t40,5,eegmamba,0.5308974754120332,0.5,balanced_chance,Unknown,Unknown,Unknown,,/benchmark-eeg/5.0_version/result_5/linear_downsample/TUEP_cross_subject_linear_downsample/seed_5_downsample_t40/ratio_full/eegmamba/summary.json
TUEP_cross_subject_linear_downsample,TUEP,cross_subject,seed_5_downsample_t40,5,femba,0.49529344494628547,0.5,balanced_chance,Unknown,Unknown,Unknown,,/benchmark-eeg/5.0_version/result_5/linear_downsample/TUEP_cross_subject_linear_downsample/seed_5_downsample_t40/ratio_full/femba/summary.json
TUEP_cross_subject_linear_downsample,TUEP,cross_subject,seed_5_downsample_t40,5,labram,0.5299891996615942,0.5,balanced_chance,Unknown,Unknown,Unknown,,/benchmark-eeg/5.0_version/result_5/linear_downsample/TUEP_cross_subject_linear_downsample/seed_5_downsample_t40/ratio_full/labram/summary.json
TUEP_cross_subject_linear_downsample,TUEP,cross_subject,seed_5_downsample_t40,5,neurogpt,0.49075549005383146,0.5,balanced_chance,Unknown,Unknown,Unknown,,/benchmark-eeg/5.0_version/result_5/linear_downsample/TUEP_cross_subject_linear_downsample/seed_5_downsample_t40/ratio_full/neurogpt/summary.json
TUEP_cross_subject_linear_downsample,TUEP,cross_subject,seed_5_downsample_t40,5,neurolm,0.5382626298540358,0.5,balanced_chance,Unknown,Unknown,Unknown,,/benchmark-eeg/5.0_version/result_5/linear_downsample/TUEP_cross_subject_linear_downsample/seed_5_downsample_t40/ratio_full/neurolm/summary.json
TUEP_cross_subject_linear_downsample,TUEP,cross_subject,seed_5_downsample_t40,5,reve,0.4521019196839181,0.5,balanced_chance,Unknown,Unknown,Unknown,,/benchmark-eeg/5.0_version/result_5/linear_downsample/TUEP_cross_subject_linear_downsample/seed_5_downsample_t40/ratio_full/reve/summary.json
TUEV_cross_subject_linear_downsample,TUEV,cross_subject,seed_10_downsample_t40,10,bendr,0.16104413858054675,0.1666666666666666,balanced_chance,Unknown,Unknown,Unknown,,/benchmark-eeg/5.0_version/result_5/linear_downsample/TUEV_cross_subject_linear_downsample/seed_10_downsample_t40/ratio_full/bendr/summary.json
TUEV_cross_subject_linear_downsample,TUEV,cross_subject,seed_10_downsample_t40,10,biot,0.8099004097760968,0.1666666666666666,balanced_chance,Unknown,Unknown,Unknown,,/benchmark-eeg/5.0_version/result_5/linear_downsample/TUEV_cross_subject_linear_downsample/seed_10_downsample_t40/ratio_full/biot/summary.json
TUEV_cross_subject_linear_downsample,TUEV,cross_subject,seed_10_downsample_t40,10,brainomni,0.30110094657751585,0.1666666666666666,balanced_chance,Unknown,Unknown,Unknown,,/benchmark-eeg/5.0_version/result_5/linear_downsample/TUEV_cross_subject_linear_downsample/seed_10_downsample_t40/ratio_full/brainomni/summary.json
TUEV_cross_subject_linear_downsample,TUEV,cross_subject,seed_10_downsample_t40,10,cbramod,0.2529664818635872,0.1666666666666666,balanced_chance,Unknown,Unknown,Unknown,,/benchmark-eeg/5.0_version/result_5/linear_downsample/TUEV_cross_subject_linear_downsample/seed_10_downsample_t40/ratio_full/cbramod/summary.json
TUEV_cross_subject_linear_downsample,TUEV,cross_subject,seed_10_downsample_t40,10,eegmamba,0.28164128148811235,0.1666666666666666,balanced_chance,Unknown,Unknown,Unknown,,/benchmark-eeg/5.0_version/result_5/linear_downsample/TUEV_cross_subject_linear_downsample/seed_10_downsample_t40/ratio_full/eegmamba/summary.json
TUEV_cross_subject_linear_downsample,TUEV,cross_subject,seed_10_downsample_t40,10,femba,0.44247402924753426,0.1666666666666666,balanced_chance,Unknown,Unknown,Unknown,,/benchmark-eeg/5.0_version/result_5/linear_downsample/TUEV_cross_subject_linear_downsample/seed_10_downsample_t40/ratio_full/femba/summary.json
TUEV_cross_subject_linear_downsample,TUEV,cross_subject,seed_10_downsample_t40,10,labram,0.47783293105592933,0.1666666666666666,balanced_chance,Unknown,Unknown,Unknown,,/benchmark-eeg/5.0_version/result_5/linear_downsample/TUEV_cross_subject_linear_downsample/seed_10_downsample_t40/ratio_full/labram/summary.json
TUEV_cross_subject_linear_downsample,TUEV,cross_subject,seed_10_downsample_t40,10,neurogpt,0.2823572930721279,0.1666666666666666,balanced_chance,Unknown,Unknown,Unknown,,/benchmark-eeg/5.0_version/result_5/linear_downsample/TUEV_cross_subject_linear_downsample/seed_10_downsample_t40/ratio_full/neurogpt/summary.json
TUEV_cross_subject_linear_downsample,TUEV,cross_subject,seed_10_downsample_t40,10,neurolm,0.2740775301013347,0.1666666666666666,balanced_chance,Unknown,Unknown,Unknown,,/benchmark-eeg/5.0_version/result_5/linear_downsample/TUEV_cross_subject_linear_downsample/seed_10_downsample_t40/ratio_full/neurolm/summary.json
TUEV_cross_subject_linear_downsample,TUEV,cross_subject,seed_10_downsample_t40,10,reve,0.18843584298647317,0.1666666666666666,balanced_chance,Unknown,Unknown,Unknown,,/benchmark-eeg/5.0_version/result_5/linear_downsample/TUEV_cross_subject_linear_downsample/seed_10_downsample_t40/ratio_full/reve/summary.json
TUEV_cross_subject_linear_downsample,TUEV,cross_subject,seed_42_downsample_t40,42,bendr,0.16411892713939488,0.1666666666666666,balanced_chance,Unknown,Unknown,Unknown,,/benchmark-eeg/5.0_version/result_5/linear_downsample/TUEV_cross_subject_linear_downsample/seed_42_downsample_t40/ratio_full/bendr/summary.json
TUEV_cross_subject_linear_downsample,TUEV,cross_subject,seed_42_downsample_t40,42,biot,0.6270667024046951,0.1666666666666666,balanced_chance,Unknown,Unknown,Unknown,,/benchmark-eeg/5.0_version/result_5/linear_downsample/TUEV_cross_subject_linear_downsample/seed_42_downsample_t40/ratio_full/biot/summary.json
TUEV_cross_subject_linear_downsample,TUEV,cross_subject,seed_42_downsample_t40,42,brainomni,0.4546034507952686,0.1666666666666666,balanced_chance,Unknown,Unknown,Unknown,,/benchmark-eeg/5.0_version/result_5/linear_downsample/TUEV_cross_subject_linear_downsample/seed_42_downsample_t40/ratio_full/brainomni/summary.json
TUEV_cross_subject_linear_downsample,TUEV,cross_subject,seed_42_downsample_t40,42,cbramod,0.2615049564160143,0.1666666666666666,balanced_chance,Unknown,Unknown,Unknown,,/benchmark-eeg/5.0_version/result_5/linear_downsample/TUEV_cross_subject_linear_downsample/seed_42_downsample_t40/ratio_full/cbramod/summary.json
TUEV_cross_subject_linear_downsample,TUEV,cross_subject,seed_42_downsample_t40,42,eegmamba,0.30930542405078376,0.1666666666666666,balanced_chance,Unknown,Unknown,Unknown,,/benchmark-eeg/5.0_version/result_5/linear_downsample/TUEV_cross_subject_linear_downsample/seed_42_downsample_t40/ratio_full/eegmamba/summary.json
TUEV_cross_subject_linear_downsample,TUEV,cross_subject,seed_42_downsample_t40,42,femba,0.4355649529998153,0.1666666666666666,balanced_chance,Unknown,Unknown,Unknown,,/benchmark-eeg/5.0_version/result_5/linear_downsample/TUEV_cross_subject_linear_downsample/seed_42_downsample_t40/ratio_full/femba/summary.json
TUEV_cross_subject_linear_downsample,TUEV,cross_subject,seed_42_downsample_t40,42,labram,0.4204692545117446,0.1666666666666666,balanced_chance,Unknown,Unknown,Unknown,,/benchmark-eeg/5.0_version/result_5/linear_downsample/TUEV_cross_subject_linear_downsample/seed_42_downsample_t40/ratio_full/labram/summary.json
TUEV_cross_subject_linear_downsample,TUEV,cross_subject,seed_42_downsample_t40,42,neurogpt,0.29435588807555685,0.1666666666666666,balanced_chance,Unknown,Unknown,Unknown,,/benchmark-eeg/5.0_version/result_5/linear_downsample/TUEV_cross_subject_linear_downsample/seed_42_downsample_t40/ratio_full/neurogpt/summary.json
TUEV_cross_subject_linear_downsample,TUEV,cross_subject,seed_42_downsample_t40,42,neurolm,0.2814899447572837,0.1666666666666666,balanced_chance,Unknown,Unknown,Unknown,,/benchmark-eeg/5.0_version/result_5/linear_downsample/TUEV_cross_subject_linear_downsample/seed_42_downsample_t40/ratio_full/neurolm/summary.json
TUEV_cross_subject_linear_downsample,TUEV,cross_subject,seed_42_downsample_t40,42,reve,0.17168022777020198,0.1666666666666666,balanced_chance,Unknown,Unknown,Unknown,,/benchmark-eeg/5.0_version/result_5/linear_downsample/TUEV_cross_subject_linear_downsample/seed_42_downsample_t40/ratio_full/reve/summary.json
TUEV_cross_subject_linear_downsample,TUEV,cross_subject,seed_5_downsample_t40,5,bendr,0.16666666666666666,0.1666666666666666,balanced_chance,Unknown,Unknown,Unknown,,/benchmark-eeg/5.0_version/result_5/linear_downsample/TUEV_cross_subject_linear_downsample/seed_5_downsample_t40/ratio_full/bendr/summary.json
TUEV_cross_subject_linear_downsample,TUEV,cross_subject,seed_5_downsample_t40,5,biot,0.6423166013430367,0.1666666666666666,balanced_chance,Unknown,Unknown,Unknown,,/benchmark-eeg/5.0_version/result_5/linear_downsample/TUEV_cross_subject_linear_downsample/seed_5_downsample_t40/ratio_full/biot/summary.json
TUEV_cross_subject_linear_downsample,TUEV,cross_subject,seed_5_downsample_t40,5,brainomni,0.5162007502068456,0.1666666666666666,balanced_chance,Unknown,Unknown,Unknown,,/benchmark-eeg/5.0_version/result_5/linear_downsample/TUEV_cross_subject_linear_downsample/seed_5_downsample_t40/ratio_full/brainomni/summary.json
TUEV_cross_subject_linear_downsample,TUEV,cross_subject,seed_5_downsample_t40,5,cbramod,0.3292951538787985,0.1666666666666666,balanced_chance,Unknown,Unknown,Unknown,,/benchmark-eeg/5.0_version/result_5/linear_downsample/TUEV_cross_subject_linear_downsample/seed_5_downsample_t40/ratio_full/cbramod/summary.json
TUEV_cross_subject_linear_downsample,TUEV,cross_subject,seed_5_downsample_t40,5,eegmamba,0.3476504807424378,0.1666666666666666,balanced_chance,Unknown,Unknown,Unknown,,/benchmark-eeg/5.0_version/result_5/linear_downsample/TUEV_cross_subject_linear_downsample/seed_5_downsample_t40/ratio_full/eegmamba/summary.json
TUEV_cross_subject_linear_downsample,TUEV,cross_subject,seed_5_downsample_t40,5,femba,0.40150001477142827,0.1666666666666666,balanced_chance,Unknown,Unknown,Unknown,,/benchmark-eeg/5.0_version/result_5/linear_downsample/TUEV_cross_subject_linear_downsample/seed_5_downsample_t40/ratio_full/femba/summary.json
TUEV_cross_subject_linear_downsample,TUEV,cross_subject,seed_5_downsample_t40,5,labram,0.34291040653530463,0.1666666666666666,balanced_chance,Unknown,Unknown,Unknown,,/benchmark-eeg/5.0_version/result_5/linear_downsample/TUEV_cross_subject_linear_downsample/seed_5_downsample_t40/ratio_full/labram/summary.json
TUEV_cross_subject_linear_downsample,TUEV,cross_subject,seed_5_downsample_t40,5,neurogpt,0.39506293178774077,0.1666666666666666,balanced_chance,Unknown,Unknown,Unknown,,/benchmark-eeg/5.0_version/result_5/linear_downsample/TUEV_cross_subject_linear_downsample/seed_5_downsample_t40/ratio_full/neurogpt/summary.json
TUEV_cross_subject_linear_downsample,TUEV,cross_subject,seed_5_downsample_t40,5,neurolm,0.29597972222183616,0.1666666666666666,balanced_chance,Unknown,Unknown,Unknown,,/benchmark-eeg/5.0_version/result_5/linear_downsample/TUEV_cross_subject_linear_downsample/seed_5_downsample_t40/ratio_full/neurolm/summary.json
TUEV_cross_subject_linear_downsample,TUEV,cross_subject,seed_5_downsample_t40,5,reve,0.21495983788560813,0.1666666666666666,balanced_chance,Unknown,Unknown,Unknown,,/benchmark-eeg/5.0_version/result_5/linear_downsample/TUEV_cross_subject_linear_downsample/seed_5_downsample_t40/ratio_full/reve/summary.json
TUSL_cross_subject_linear_downsample,TUSL,cross_subject,seed_10_downsample_t40,10,bendr,0.29079254079254074,0.3333333333333333,balanced_chance,Unknown,Unknown,Unknown,,/benchmark-eeg/5.0_version/result_5/linear_downsample/TUSL_cross_subject_linear_downsample/seed_10_downsample_t40/ratio_full/bendr/summary.json
TUSL_cross_subject_linear_downsample,TUSL,cross_subject,seed_10_downsample_t40,10,biot,0.49766899766899764,0.3333333333333333,balanced_chance,Unknown,Unknown,Unknown,,/benchmark-eeg/5.0_version/result_5/linear_downsample/TUSL_cross_subject_linear_downsample/seed_10_downsample_t40/ratio_full/biot/summary.json
TUSL_cross_subject_linear_downsample,TUSL,cross_subject,seed_10_downsample_t40,10,brainomni,0.5372960372960373,0.3333333333333333,balanced_chance,Unknown,Unknown,Unknown,,/benchmark-eeg/5.0_version/result_5/linear_downsample/TUSL_cross_subject_linear_downsample/seed_10_downsample_t40/ratio_full/brainomni/summary.json
TUSL_cross_subject_linear_downsample,TUSL,cross_subject,seed_10_downsample_t40,10,cbramod,0.650932400932401,0.3333333333333333,balanced_chance,Unknown,Unknown,Unknown,,/benchmark-eeg/5.0_version/result_5/linear_downsample/TUSL_cross_subject_linear_downsample/seed_10_downsample_t40/ratio_full/cbramod/summary.json
TUSL_cross_subject_linear_downsample,TUSL,cross_subject,seed_10_downsample_t40,10,eegmamba,0.48018648018648014,0.3333333333333333,balanced_chance,Unknown,Unknown,Unknown,,/benchmark-eeg/5.0_version/result_5/linear_downsample/TUSL_cross_subject_linear_downsample/seed_10_downsample_t40/ratio_full/eegmamba/summary.json
TUSL_cross_subject_linear_downsample,TUSL,cross_subject,seed_10_downsample_t40,10,femba,0.5664335664335663,0.3333333333333333,balanced_chance,Unknown,Unknown,Unknown,,/benchmark-eeg/5.0_version/result_5/linear_downsample/TUSL_cross_subject_linear_downsample/seed_10_downsample_t40/ratio_full/femba/summary.json
TUSL_cross_subject_linear_downsample,TUSL,cross_subject,seed_10_downsample_t40,10,labram,0.5221445221445221,0.3333333333333333,balanced_chance,Unknown,Unknown,Unknown,,/benchmark-eeg/5.0_version/result_5/linear_downsample/TUSL_cross_subject_linear_downsample/seed_10_downsample_t40/ratio_full/labram/summary.json
TUSL_cross_subject_linear_downsample,TUSL,cross_subject,seed_10_downsample_t40,10,neurogpt,0.46037296037296044,0.3333333333333333,balanced_chance,Unknown,Unknown,Unknown,,/benchmark-eeg/5.0_version/result_5/linear_downsample/TUSL_cross_subject_linear_downsample/seed_10_downsample_t40/ratio_full/neurogpt/summary.json
TUSL_cross_subject_linear_downsample,TUSL,cross_subject,seed_10_downsample_t40,10,neurolm,0.2703962703962704,0.3333333333333333,balanced_chance,Unknown,Unknown,Unknown,,/benchmark-eeg/5.0_version/result_5/linear_downsample/TUSL_cross_subject_linear_downsample/seed_10_downsample_t40/ratio_full/neurolm/summary.json
TUSL_cross_subject_linear_downsample,TUSL,cross_subject,seed_10_downsample_t40,10,reve,0.4195804195804196,0.3333333333333333,balanced_chance,Unknown,Unknown,Unknown,,/benchmark-eeg/5.0_version/result_5/linear_downsample/TUSL_cross_subject_linear_downsample/seed_10_downsample_t40/ratio_full/reve/summary.json
TUSL_cross_subject_linear_downsample,TUSL,cross_subject,seed_42_downsample_t40,42,bendr,0.2638888888888889,0.3333333333333333,balanced_chance,Unknown,Unknown,Unknown,,/benchmark-eeg/5.0_version/result_5/linear_downsample/TUSL_cross_subject_linear_downsample/seed_42_downsample_t40/ratio_full/bendr/summary.json
TUSL_cross_subject_linear_downsample,TUSL,cross_subject,seed_42_downsample_t40,42,biot,0.7083333333333334,0.3333333333333333,balanced_chance,Unknown,Unknown,Unknown,,/benchmark-eeg/5.0_version/result_5/linear_downsample/TUSL_cross_subject_linear_downsample/seed_42_downsample_t40/ratio_full/biot/summary.json
TUSL_cross_subject_linear_downsample,TUSL,cross_subject,seed_42_downsample_t40,42,brainomni,0.3333333333333333,0.3333333333333333,balanced_chance,Unknown,Unknown,Unknown,,/benchmark-eeg/5.0_version/result_5/linear_downsample/TUSL_cross_subject_linear_downsample/seed_42_downsample_t40/ratio_full/brainomni/summary.json
TUSL_cross_subject_linear_downsample,TUSL,cross_subject,seed_42_downsample_t40,42,cbramod,0.3333333333333333,0.3333333333333333,balanced_chance,Unknown,Unknown,Unknown,,/benchmark-eeg/5.0_version/result_5/linear_downsample/TUSL_cross_subject_linear_downsample/seed_42_downsample_t40/ratio_full/cbramod/summary.json
TUSL_cross_subject_linear_downsample,TUSL,cross_subject,seed_42_downsample_t40,42,eegmamba,0.48148148148148145,0.3333333333333333,balanced_chance,Unknown,Unknown,Unknown,,/benchmark-eeg/5.0_version/result_5/linear_downsample/TUSL_cross_subject_linear_downsample/seed_42_downsample_t40/ratio_full/eegmamba/summary.json
TUSL_cross_subject_linear_downsample,TUSL,cross_subject,seed_42_downsample_t40,42,femba,0.5138888888888888,0.3333333333333333,balanced_chance,Unknown,Unknown,Unknown,,/benchmark-eeg/5.0_version/result_5/linear_downsample/TUSL_cross_subject_linear_downsample/seed_42_downsample_t40/ratio_full/femba/summary.json
TUSL_cross_subject_linear_downsample,TUSL,cross_subject,seed_42_downsample_t40,42,labram,0.5,0.3333333333333333,balanced_chance,Unknown,Unknown,Unknown,,/benchmark-eeg/5.0_version/result_5/linear_downsample/TUSL_cross_subject_linear_downsample/seed_42_downsample_t40/ratio_full/labram/summary.json
TUSL_cross_subject_linear_downsample,TUSL,cross_subject,seed_42_downsample_t40,42,neurogpt,0.4259259259259259,0.3333333333333333,balanced_chance,Unknown,Unknown,Unknown,,/benchmark-eeg/5.0_version/result_5/linear_downsample/TUSL_cross_subject_linear_downsample/seed_42_downsample_t40/ratio_full/neurogpt/summary.json
TUSL_cross_subject_linear_downsample,TUSL,cross_subject,seed_42_downsample_t40,42,neurolm,0.7129629629629629,0.3333333333333333,balanced_chance,Unknown,Unknown,Unknown,,/benchmark-eeg/5.0_version/result_5/linear_downsample/TUSL_cross_subject_linear_downsample/seed_42_downsample_t40/ratio_full/neurolm/summary.json
TUSL_cross_subject_linear_downsample,TUSL,cross_subject,seed_42_downsample_t40,42,reve,0.4907407407407407,0.3333333333333333,balanced_chance,Unknown,Unknown,Unknown,,/benchmark-eeg/5.0_version/result_5/linear_downsample/TUSL_cross_subject_linear_downsample/seed_42_downsample_t40/ratio_full/reve/summary.json
TUSL_cross_subject_linear_downsample,TUSL,cross_subject,seed_5_downsample_t40,5,bendr,0.3984126984126984,0.3333333333333333,balanced_chance,Unknown,Unknown,Unknown,,/benchmark-eeg/5.0_version/result_5/linear_downsample/TUSL_cross_subject_linear_downsample/seed_5_downsample_t40/ratio_full/bendr/summary.json
TUSL_cross_subject_linear_downsample,TUSL,cross_subject,seed_5_downsample_t40,5,biot,0.6071428571428571,0.3333333333333333,balanced_chance,Unknown,Unknown,Unknown,,/benchmark-eeg/5.0_version/result_5/linear_downsample/TUSL_cross_subject_linear_downsample/seed_5_downsample_t40/ratio_full/biot/summary.json
TUSL_cross_subject_linear_downsample,TUSL,cross_subject,seed_5_downsample_t40,5,brainomni,0.5468253968253968,0.3333333333333333,balanced_chance,Unknown,Unknown,Unknown,,/benchmark-eeg/5.0_version/result_5/linear_downsample/TUSL_cross_subject_linear_downsample/seed_5_downsample_t40/ratio_full/brainomni/summary.json
TUSL_cross_subject_linear_downsample,TUSL,cross_subject,seed_5_downsample_t40,5,cbramod,0.4369047619047619,0.3333333333333333,balanced_chance,Unknown,Unknown,Unknown,,/benchmark-eeg/5.0_version/result_5/linear_downsample/TUSL_cross_subject_linear_downsample/seed_5_downsample_t40/ratio_full/cbramod/summary.json
TUSL_cross_subject_linear_downsample,TUSL,cross_subject,seed_5_downsample_t40,5,eegmamba,0.5134920634920634,0.3333333333333333,balanced_chance,Unknown,Unknown,Unknown,,/benchmark-eeg/5.0_version/result_5/linear_downsample/TUSL_cross_subject_linear_downsample/seed_5_downsample_t40/ratio_full/eegmamba/summary.json
TUSL_cross_subject_linear_downsample,TUSL,cross_subject,seed_5_downsample_t40,5,femba,0.5166666666666667,0.3333333333333333,balanced_chance,Unknown,Unknown,Unknown,,/benchmark-eeg/5.0_version/result_5/linear_downsample/TUSL_cross_subject_linear_downsample/seed_5_downsample_t40/ratio_full/femba/summary.json
TUSL_cross_subject_linear_downsample,TUSL,cross_subject,seed_5_downsample_t40,5,labram,0.12857142857142856,0.3333333333333333,balanced_chance,Unknown,Unknown,Unknown,,/benchmark-eeg/5.0_version/result_5/linear_downsample/TUSL_cross_subject_linear_downsample/seed_5_downsample_t40/ratio_full/labram/summary.json
TUSL_cross_subject_linear_downsample,TUSL,cross_subject,seed_5_downsample_t40,5,neurogpt,0.44166666666666665,0.3333333333333333,balanced_chance,Unknown,Unknown,Unknown,,/benchmark-eeg/5.0_version/result_5/linear_downsample/TUSL_cross_subject_linear_downsample/seed_5_downsample_t40/ratio_full/neurogpt/summary.json
TUSL_cross_subject_linear_downsample,TUSL,cross_subject,seed_5_downsample_t40,5,neurolm,0.4154761904761905,0.3333333333333333,balanced_chance,Unknown,Unknown,Unknown,,/benchmark-eeg/5.0_version/result_5/linear_downsample/TUSL_cross_subject_linear_downsample/seed_5_downsample_t40/ratio_full/neurolm/summary.json
TUSL_cross_subject_linear_downsample,TUSL,cross_subject,seed_5_downsample_t40,5,reve,0.4408730158730159,0.3333333333333333,balanced_chance,Unknown,Unknown,Unknown,,/benchmark-eeg/5.0_version/result_5/linear_downsample/TUSL_cross_subject_linear_downsample/seed_5_downsample_t40/ratio_full/reve/summary.json
Things_EEG2_cross_subject_linear_downsample,Things_EEG2,cross_subject,seed_10_downsample_t40,10,bendr,0.5,0.5,balanced_chance,Unknown,Unknown,Unknown,,/benchmark-eeg/5.0_version/result_5/linear_downsample/Things_EEG2_cross_subject_linear_downsample/seed_10_downsample_t40/ratio_full/bendr/summary.json
Things_EEG2_cross_subject_linear_downsample,Things_EEG2,cross_subject,seed_10_downsample_t40,10,biot,0.4953758000442597,0.5,balanced_chance,Unknown,Unknown,Unknown,,/benchmark-eeg/5.0_version/result_5/linear_downsample/Things_EEG2_cross_subject_linear_downsample/seed_10_downsample_t40/ratio_full/biot/summary.json
Things_EEG2_cross_subject_linear_downsample,Things_EEG2,cross_subject,seed_10_downsample_t40,10,brainomni,0.498711540388404,0.5,balanced_chance,Unknown,Unknown,Unknown,,/benchmark-eeg/5.0_version/result_5/linear_downsample/Things_EEG2_cross_subject_linear_downsample/seed_10_downsample_t40/ratio_full/brainomni/summary.json
Things_EEG2_cross_subject_linear_downsample,Things_EEG2,cross_subject,seed_10_downsample_t40,10,cbramod,0.4953758000442597,0.5,balanced_chance,Unknown,Unknown,Unknown,,/benchmark-eeg/5.0_version/result_5/linear_downsample/Things_EEG2_cross_subject_linear_downsample/seed_10_downsample_t40/ratio_full/cbramod/summary.json
Things_EEG2_cross_subject_linear_downsample,Things_EEG2,cross_subject,seed_10_downsample_t40,10,eegmamba,0.5,0.5,balanced_chance,Unknown,Unknown,Unknown,,/benchmark-eeg/5.0_version/result_5/linear_downsample/Things_EEG2_cross_subject_linear_downsample/seed_10_downsample_t40/ratio_full/eegmamba/summary.json
Things_EEG2_cross_subject_linear_downsample,Things_EEG2,cross_subject,seed_10_downsample_t40,10,femba,0.5,0.5,balanced_chance,Unknown,Unknown,Unknown,,/benchmark-eeg/5.0_version/result_5/linear_downsample/Things_EEG2_cross_subject_linear_downsample/seed_10_downsample_t40/ratio_full/femba/summary.json
Things_EEG2_cross_subject_linear_downsample,Things_EEG2,cross_subject,seed_10_downsample_t40,10,labram,0.5,0.5,balanced_chance,Unknown,Unknown,Unknown,,/benchmark-eeg/5.0_version/result_5/linear_downsample/Things_EEG2_cross_subject_linear_downsample/seed_10_downsample_t40/ratio_full/labram/summary.json
Things_EEG2_cross_subject_linear_downsample,Things_EEG2,cross_subject,seed_10_downsample_t40,10,neurogpt,0.5,0.5,balanced_chance,Unknown,Unknown,Unknown,,/benchmark-eeg/5.0_version/result_5/linear_downsample/Things_EEG2_cross_subject_linear_downsample/seed_10_downsample_t40/ratio_full/neurogpt/summary.json
Things_EEG2_cross_subject_linear_downsample,Things_EEG2,cross_subject,seed_10_downsample_t40,10,neurolm,0.5046241999557404,0.5,balanced_chance,Unknown,Unknown,Unknown,,/benchmark-eeg/5.0_version/result_5/linear_downsample/Things_EEG2_cross_subject_linear_downsample/seed_10_downsample_t40/ratio_full/neurolm/summary.json
Things_EEG2_cross_subject_linear_downsample,Things_EEG2,cross_subject,seed_10_downsample_t40,10,reve,0.5,0.5,balanced_chance,Unknown,Unknown,Unknown,,/benchmark-eeg/5.0_version/result_5/linear_downsample/Things_EEG2_cross_subject_linear_downsample/seed_10_downsample_t40/ratio_full/reve/summary.json
Things_EEG2_cross_subject_linear_downsample,Things_EEG2,cross_subject,seed_42_downsample_t40,42,bendr,0.5,0.5,balanced_chance,Unknown,Unknown,Unknown,,/benchmark-eeg/5.0_version/result_5/linear_downsample/Things_EEG2_cross_subject_linear_downsample/seed_42_downsample_t40/ratio_full/bendr/summary.json
Things_EEG2_cross_subject_linear_downsample,Things_EEG2,cross_subject,seed_42_downsample_t40,42,biot,0.5,0.5,balanced_chance,Unknown,Unknown,Unknown,,/benchmark-eeg/5.0_version/result_5/linear_downsample/Things_EEG2_cross_subject_linear_downsample/seed_42_downsample_t40/ratio_full/biot/summary.json
Things_EEG2_cross_subject_linear_downsample,Things_EEG2,cross_subject,seed_42_downsample_t40,42,brainomni,0.5000043363137737,0.5,balanced_chance,Unknown,Unknown,Unknown,,/benchmark-eeg/5.0_version/result_5/linear_downsample/Things_EEG2_cross_subject_linear_downsample/seed_42_downsample_t40/ratio_full/brainomni/summary.json
Things_EEG2_cross_subject_linear_downsample,Things_EEG2,cross_subject,seed_42_downsample_t40,42,cbramod,0.5046241999557404,0.5,balanced_chance,Unknown,Unknown,Unknown,,/benchmark-eeg/5.0_version/result_5/linear_downsample/Things_EEG2_cross_subject_linear_downsample/seed_42_downsample_t40/ratio_full/cbramod/summary.json
Things_EEG2_cross_subject_linear_downsample,Things_EEG2,cross_subject,seed_42_downsample_t40,42,eegmamba,0.5,0.5,balanced_chance,Unknown,Unknown,Unknown,,/benchmark-eeg/5.0_version/result_5/linear_downsample/Things_EEG2_cross_subject_linear_downsample/seed_42_downsample_t40/ratio_full/eegmamba/summary.json
Things_EEG2_cross_subject_linear_downsample,Things_EEG2,cross_subject,seed_42_downsample_t40,42,femba,0.4953758000442597,0.5,balanced_chance,Unknown,Unknown,Unknown,,/benchmark-eeg/5.0_version/result_5/linear_downsample/Things_EEG2_cross_subject_linear_downsample/seed_42_downsample_t40/ratio_full/femba/summary.json
Things_EEG2_cross_subject_linear_downsample,Things_EEG2,cross_subject,seed_42_downsample_t40,42,labram,0.5,0.5,balanced_chance,Unknown,Unknown,Unknown,,/benchmark-eeg/5.0_version/result_5/linear_downsample/Things_EEG2_cross_subject_linear_downsample/seed_42_downsample_t40/ratio_full/labram/summary.json
Things_EEG2_cross_subject_linear_downsample,Things_EEG2,cross_subject,seed_42_downsample_t40,42,neurogpt,0.5,0.5,balanced_chance,Unknown,Unknown,Unknown,,/benchmark-eeg/5.0_version/result_5/linear_downsample/Things_EEG2_cross_subject_linear_downsample/seed_42_downsample_t40/ratio_full/neurogpt/summary.json
Things_EEG2_cross_subject_linear_downsample,Things_EEG2,cross_subject,seed_42_downsample_t40,42,neurolm,0.5,0.5,balanced_chance,Unknown,Unknown,Unknown,,/benchmark-eeg/5.0_version/result_5/linear_downsample/Things_EEG2_cross_subject_linear_downsample/seed_42_downsample_t40/ratio_full/neurolm/summary.json
Things_EEG2_cross_subject_linear_downsample,Things_EEG2,cross_subject,seed_42_downsample_t40,42,reve,0.5,0.5,balanced_chance,Unknown,Unknown,Unknown,,/benchmark-eeg/5.0_version/result_5/linear_downsample/Things_EEG2_cross_subject_linear_downsample/seed_42_downsample_t40/ratio_full/reve/summary.json
Things_EEG2_cross_subject_linear_downsample,Things_EEG2,cross_subject,seed_5_downsample_t40,5,bendr,0.5,0.5,balanced_chance,Unknown,Unknown,Unknown,,/benchmark-eeg/5.0_version/result_5/linear_downsample/Things_EEG2_cross_subject_linear_downsample/seed_5_downsample_t40/ratio_full/bendr/summary.json
Things_EEG2_cross_subject_linear_downsample,Things_EEG2,cross_subject,seed_5_downsample_t40,5,biot,0.4953758000442597,0.5,balanced_chance,Unknown,Unknown,Unknown,,/benchmark-eeg/5.0_version/result_5/linear_downsample/Things_EEG2_cross_subject_linear_downsample/seed_5_downsample_t40/ratio_full/biot/summary.json
Things_EEG2_cross_subject_linear_downsample,Things_EEG2,cross_subject,seed_5_downsample_t40,5,brainomni,0.5,0.5,balanced_chance,Unknown,Unknown,Unknown,,/benchmark-eeg/5.0_version/result_5/linear_downsample/Things_EEG2_cross_subject_linear_downsample/seed_5_downsample_t40/ratio_full/brainomni/summary.json
Things_EEG2_cross_subject_linear_downsample,Things_EEG2,cross_subject,seed_5_downsample_t40,5,cbramod,0.5,0.5,balanced_chance,Unknown,Unknown,Unknown,,/benchmark-eeg/5.0_version/result_5/linear_downsample/Things_EEG2_cross_subject_linear_downsample/seed_5_downsample_t40/ratio_full/cbramod/summary.json
Things_EEG2_cross_subject_linear_downsample,Things_EEG2,cross_subject,seed_5_downsample_t40,5,eegmamba,0.4953758000442597,0.5,balanced_chance,Unknown,Unknown,Unknown,,/benchmark-eeg/5.0_version/result_5/linear_downsample/Things_EEG2_cross_subject_linear_downsample/seed_5_downsample_t40/ratio_full/eegmamba/summary.json
Things_EEG2_cross_subject_linear_downsample,Things_EEG2,cross_subject,seed_5_downsample_t40,5,femba,0.5,0.5,balanced_chance,Unknown,Unknown,Unknown,,/benchmark-eeg/5.0_version/result_5/linear_downsample/Things_EEG2_cross_subject_linear_downsample/seed_5_downsample_t40/ratio_full/femba/summary.json
Things_EEG2_cross_subject_linear_downsample,Things_EEG2,cross_subject,seed_5_downsample_t40,5,labram,0.5,0.5,balanced_chance,Unknown,Unknown,Unknown,,/benchmark-eeg/5.0_version/result_5/linear_downsample/Things_EEG2_cross_subject_linear_downsample/seed_5_downsample_t40/ratio_full/labram/summary.json
Things_EEG2_cross_subject_linear_downsample,Things_EEG2,cross_subject,seed_5_downsample_t40,5,neurogpt,0.5,0.5,balanced_chance,Unknown,Unknown,Unknown,,/benchmark-eeg/5.0_version/result_5/linear_downsample/Things_EEG2_cross_subject_linear_downsample/seed_5_downsample_t40/ratio_full/neurogpt/summary.json
Things_EEG2_cross_subject_linear_downsample,Things_EEG2,cross_subject,seed_5_downsample_t40,5,neurolm,0.4953758000442597,0.5,balanced_chance,Unknown,Unknown,Unknown,,/benchmark-eeg/5.0_version/result_5/linear_downsample/Things_EEG2_cross_subject_linear_downsample/seed_5_downsample_t40/ratio_full/neurolm/summary.json
Things_EEG2_cross_subject_linear_downsample,Things_EEG2,cross_subject,seed_5_downsample_t40,5,reve,0.5,0.5,balanced_chance,Unknown,Unknown,Unknown,,/benchmark-eeg/5.0_version/result_5/linear_downsample/Things_EEG2_cross_subject_linear_downsample/seed_5_downsample_t40/ratio_full/reve/summary.json
Workload_cross_subject_linear_downsample,Workload,cross_subject,seed_10_downsample_t40,10,bendr,0.3691275167785235,0.3333333333333333,balanced_chance,Unknown,Unknown,Unknown,,/benchmark-eeg/5.0_version/result_5/linear_downsample/Workload_cross_subject_linear_downsample/seed_10_downsample_t40/ratio_full/bendr/summary.json
Workload_cross_subject_linear_downsample,Workload,cross_subject,seed_10_downsample_t40,10,biot,0.4362416107382551,0.3333333333333333,balanced_chance,Unknown,Unknown,Unknown,,/benchmark-eeg/5.0_version/result_5/linear_downsample/Workload_cross_subject_linear_downsample/seed_10_downsample_t40/ratio_full/biot/summary.json
Workload_cross_subject_linear_downsample,Workload,cross_subject,seed_10_downsample_t40,10,brainomni,0.4284116331096197,0.3333333333333333,balanced_chance,Unknown,Unknown,Unknown,,/benchmark-eeg/5.0_version/result_5/linear_downsample/Workload_cross_subject_linear_downsample/seed_10_downsample_t40/ratio_full/brainomni/summary.json
Workload_cross_subject_linear_downsample,Workload,cross_subject,seed_10_downsample_t40,10,cbramod,0.49664429530201337,0.3333333333333333,balanced_chance,Unknown,Unknown,Unknown,,/benchmark-eeg/5.0_version/result_5/linear_downsample/Workload_cross_subject_linear_downsample/seed_10_downsample_t40/ratio_full/cbramod/summary.json
Workload_cross_subject_linear_downsample,Workload,cross_subject,seed_10_downsample_t40,10,eegmamba,0.4440715883668904,0.3333333333333333,balanced_chance,Unknown,Unknown,Unknown,,/benchmark-eeg/5.0_version/result_5/linear_downsample/Workload_cross_subject_linear_downsample/seed_10_downsample_t40/ratio_full/eegmamba/summary.json
Workload_cross_subject_linear_downsample,Workload,cross_subject,seed_10_downsample_t40,10,femba,0.4060402684563758,0.3333333333333333,balanced_chance,Unknown,Unknown,Unknown,,/benchmark-eeg/5.0_version/result_5/linear_downsample/Workload_cross_subject_linear_downsample/seed_10_downsample_t40/ratio_full/femba/summary.json
Workload_cross_subject_linear_downsample,Workload,cross_subject,seed_10_downsample_t40,10,labram,0.46644295302013417,0.3333333333333333,balanced_chance,Unknown,Unknown,Unknown,,/benchmark-eeg/5.0_version/result_5/linear_downsample/Workload_cross_subject_linear_downsample/seed_10_downsample_t40/ratio_full/labram/summary.json
Workload_cross_subject_linear_downsample,Workload,cross_subject,seed_10_downsample_t40,10,neurogpt,0.3221476510067114,0.3333333333333333,balanced_chance,Unknown,Unknown,Unknown,,/benchmark-eeg/5.0_version/result_5/linear_downsample/Workload_cross_subject_linear_downsample/seed_10_downsample_t40/ratio_full/neurogpt/summary.json
Workload_cross_subject_linear_downsample,Workload,cross_subject,seed_10_downsample_t40,10,neurolm,0.4697986577181208,0.3333333333333333,balanced_chance,Unknown,Unknown,Unknown,,/benchmark-eeg/5.0_version/result_5/linear_downsample/Workload_cross_subject_linear_downsample/seed_10_downsample_t40/ratio_full/neurolm/summary.json
Workload_cross_subject_linear_downsample,Workload,cross_subject,seed_10_downsample_t40,10,reve,0.32326621923937365,0.3333333333333333,balanced_chance,Unknown,Unknown,Unknown,,/benchmark-eeg/5.0_version/result_5/linear_downsample/Workload_cross_subject_linear_downsample/seed_10_downsample_t40/ratio_full/reve/summary.json
Workload_cross_subject_linear_downsample,Workload,cross_subject,seed_42_downsample_t40,42,bendr,0.3344519015659955,0.3333333333333333,balanced_chance,Unknown,Unknown,Unknown,,/benchmark-eeg/5.0_version/result_5/linear_downsample/Workload_cross_subject_linear_downsample/seed_42_downsample_t40/ratio_full/bendr/summary.json
Workload_cross_subject_linear_downsample,Workload,cross_subject,seed_42_downsample_t40,42,biot,0.4608501118568233,0.3333333333333333,balanced_chance,Unknown,Unknown,Unknown,,/benchmark-eeg/5.0_version/result_5/linear_downsample/Workload_cross_subject_linear_downsample/seed_42_downsample_t40/ratio_full/biot/summary.json
Workload_cross_subject_linear_downsample,Workload,cross_subject,seed_42_downsample_t40,42,brainomni,0.44295302013422816,0.3333333333333333,balanced_chance,Unknown,Unknown,Unknown,,/benchmark-eeg/5.0_version/result_5/linear_downsample/Workload_cross_subject_linear_downsample/seed_42_downsample_t40/ratio_full/brainomni/summary.json
Workload_cross_subject_linear_downsample,Workload,cross_subject,seed_42_downsample_t40,42,cbramod,0.4932885906040268,0.3333333333333333,balanced_chance,Unknown,Unknown,Unknown,,/benchmark-eeg/5.0_version/result_5/linear_downsample/Workload_cross_subject_linear_downsample/seed_42_downsample_t40/ratio_full/cbramod/summary.json
Workload_cross_subject_linear_downsample,Workload,cross_subject,seed_42_downsample_t40,42,eegmamba,0.4407158836689038,0.3333333333333333,balanced_chance,Unknown,Unknown,Unknown,,/benchmark-eeg/5.0_version/result_5/linear_downsample/Workload_cross_subject_linear_downsample/seed_42_downsample_t40/ratio_full/eegmamba/summary.json
Workload_cross_subject_linear_downsample,Workload,cross_subject,seed_42_downsample_t40,42,femba,0.3970917225950783,0.3333333333333333,balanced_chance,Unknown,Unknown,Unknown,,/benchmark-eeg/5.0_version/result_5/linear_downsample/Workload_cross_subject_linear_downsample/seed_42_downsample_t40/ratio_full/femba/summary.json
Workload_cross_subject_linear_downsample,Workload,cross_subject,seed_42_downsample_t40,42,labram,0.48769574944071586,0.3333333333333333,balanced_chance,Unknown,Unknown,Unknown,,/benchmark-eeg/5.0_version/result_5/linear_downsample/Workload_cross_subject_linear_downsample/seed_42_downsample_t40/ratio_full/labram/summary.json
Workload_cross_subject_linear_downsample,Workload,cross_subject,seed_42_downsample_t40,42,neurogpt,0.3769574944071588,0.3333333333333333,balanced_chance,Unknown,Unknown,Unknown,,/benchmark-eeg/5.0_version/result_5/linear_downsample/Workload_cross_subject_linear_downsample/seed_42_downsample_t40/ratio_full/neurogpt/summary.json
Workload_cross_subject_linear_downsample,Workload,cross_subject,seed_42_downsample_t40,42,neurolm,0.4407158836689038,0.3333333333333333,balanced_chance,Unknown,Unknown,Unknown,,/benchmark-eeg/5.0_version/result_5/linear_downsample/Workload_cross_subject_linear_downsample/seed_42_downsample_t40/ratio_full/neurolm/summary.json
Workload_cross_subject_linear_downsample,Workload,cross_subject,seed_42_downsample_t40,42,reve,0.3568232662192394,0.3333333333333333,balanced_chance,Unknown,Unknown,Unknown,,/benchmark-eeg/5.0_version/result_5/linear_downsample/Workload_cross_subject_linear_downsample/seed_42_downsample_t40/ratio_full/reve/summary.json
Workload_cross_subject_linear_downsample,Workload,cross_subject,seed_5_downsample_t40,5,bendr,0.3668903803131991,0.3333333333333333,balanced_chance,Unknown,Unknown,Unknown,,/benchmark-eeg/5.0_version/result_5/linear_downsample/Workload_cross_subject_linear_downsample/seed_5_downsample_t40/ratio_full/bendr/summary.json
Workload_cross_subject_linear_downsample,Workload,cross_subject,seed_5_downsample_t40,5,biot,0.46756152125279643,0.3333333333333333,balanced_chance,Unknown,Unknown,Unknown,,/benchmark-eeg/5.0_version/result_5/linear_downsample/Workload_cross_subject_linear_downsample/seed_5_downsample_t40/ratio_full/biot/summary.json
Workload_cross_subject_linear_downsample,Workload,cross_subject,seed_5_downsample_t40,5,brainomni,0.441834451901566,0.3333333333333333,balanced_chance,Unknown,Unknown,Unknown,,/benchmark-eeg/5.0_version/result_5/linear_downsample/Workload_cross_subject_linear_downsample/seed_5_downsample_t40/ratio_full/brainomni/summary.json
Workload_cross_subject_linear_downsample,Workload,cross_subject,seed_5_downsample_t40,5,cbramod,0.4988814317673378,0.3333333333333333,balanced_chance,Unknown,Unknown,Unknown,,/benchmark-eeg/5.0_version/result_5/linear_downsample/Workload_cross_subject_linear_downsample/seed_5_downsample_t40/ratio_full/cbramod/summary.json
Workload_cross_subject_linear_downsample,Workload,cross_subject,seed_5_downsample_t40,5,eegmamba,0.4038031319910515,0.3333333333333333,balanced_chance,Unknown,Unknown,Unknown,,/benchmark-eeg/5.0_version/result_5/linear_downsample/Workload_cross_subject_linear_downsample/seed_5_downsample_t40/ratio_full/eegmamba/summary.json
Workload_cross_subject_linear_downsample,Workload,cross_subject,seed_5_downsample_t40,5,femba,0.412751677852349,0.3333333333333333,balanced_chance,Unknown,Unknown,Unknown,,/benchmark-eeg/5.0_version/result_5/linear_downsample/Workload_cross_subject_linear_downsample/seed_5_downsample_t40/ratio_full/femba/summary.json
Workload_cross_subject_linear_downsample,Workload,cross_subject,seed_5_downsample_t40,5,labram,0.4932885906040269,0.3333333333333333,balanced_chance,Unknown,Unknown,Unknown,,/benchmark-eeg/5.0_version/result_5/linear_downsample/Workload_cross_subject_linear_downsample/seed_5_downsample_t40/ratio_full/labram/summary.json
Workload_cross_subject_linear_downsample,Workload,cross_subject,seed_5_downsample_t40,5,neurogpt,0.3512304250559284,0.3333333333333333,balanced_chance,Unknown,Unknown,Unknown,,/benchmark-eeg/5.0_version/result_5/linear_downsample/Workload_cross_subject_linear_downsample/seed_5_downsample_t40/ratio_full/neurogpt/summary.json
Workload_cross_subject_linear_downsample,Workload,cross_subject,seed_5_downsample_t40,5,neurolm,0.4463087248322148,0.3333333333333333,balanced_chance,Unknown,Unknown,Unknown,,/benchmark-eeg/5.0_version/result_5/linear_downsample/Workload_cross_subject_linear_downsample/seed_5_downsample_t40/ratio_full/neurolm/summary.json
Workload_cross_subject_linear_downsample,Workload,cross_subject,seed_5_downsample_t40,5,reve,0.3534675615212528,0.3333333333333333,balanced_chance,Unknown,Unknown,Unknown,,/benchmark-eeg/5.0_version/result_5/linear_downsample/Workload_cross_subject_linear_downsample/seed_5_downsample_t40/ratio_full/reve/summary.json
Workload_within_subject_linear_downsample,Workload,within_subject,seed_10_downsample_t40,10,bendr,0.3308165548098434,0.3333333333333333,balanced_chance,Unknown,Unknown,Unknown,,/benchmark-eeg/5.0_version/result_5/linear_downsample/Workload_within_subject_linear_downsample/seed_10_downsample_t40/ratio_full/bendr/summary.json
Workload_within_subject_linear_downsample,Workload,within_subject,seed_10_downsample_t40,10,biot,0.22399328859060405,0.3333333333333333,balanced_chance,Unknown,Unknown,Unknown,,/benchmark-eeg/5.0_version/result_5/linear_downsample/Workload_within_subject_linear_downsample/seed_10_downsample_t40/ratio_full/biot/summary.json
Workload_within_subject_linear_downsample,Workload,within_subject,seed_10_downsample_t40,10,brainomni,0.2750745712155108,0.3333333333333333,balanced_chance,Unknown,Unknown,Unknown,,/benchmark-eeg/5.0_version/result_5/linear_downsample/Workload_within_subject_linear_downsample/seed_10_downsample_t40/ratio_full/brainomni/summary.json
Workload_within_subject_linear_downsample,Workload,within_subject,seed_10_downsample_t40,10,cbramod,0.3333333333333333,0.3333333333333333,balanced_chance,Unknown,Unknown,Unknown,,/benchmark-eeg/5.0_version/result_5/linear_downsample/Workload_within_subject_linear_downsample/seed_10_downsample_t40/ratio_full/cbramod/summary.json
Workload_within_subject_linear_downsample,Workload,within_subject,seed_10_downsample_t40,10,eegmamba,0.3338926174496644,0.3333333333333333,balanced_chance,Unknown,Unknown,Unknown,,/benchmark-eeg/5.0_version/result_5/linear_downsample/Workload_within_subject_linear_downsample/seed_10_downsample_t40/ratio_full/eegmamba/summary.json
Workload_within_subject_linear_downsample,Workload,within_subject,seed_10_downsample_t40,10,femba,0.30443698732289337,0.3333333333333333,balanced_chance,Unknown,Unknown,Unknown,,/benchmark-eeg/5.0_version/result_5/linear_downsample/Workload_within_subject_linear_downsample/seed_10_downsample_t40/ratio_full/femba/summary.json
Workload_within_subject_linear_downsample,Workload,within_subject,seed_10_downsample_t40,10,labram,0.33612975391498884,0.3333333333333333,balanced_chance,Unknown,Unknown,Unknown,,/benchmark-eeg/5.0_version/result_5/linear_downsample/Workload_within_subject_linear_downsample/seed_10_downsample_t40/ratio_full/labram/summary.json
Workload_within_subject_linear_downsample,Workload,within_subject,seed_10_downsample_t40,10,neurogpt,0.15725205070842654,0.3333333333333333,balanced_chance,Unknown,Unknown,Unknown,,/benchmark-eeg/5.0_version/result_5/linear_downsample/Workload_within_subject_linear_downsample/seed_10_downsample_t40/ratio_full/neurogpt/summary.json
Workload_within_subject_linear_downsample,Workload,within_subject,seed_10_downsample_t40,10,neurolm,0.3918717375093214,0.3333333333333333,balanced_chance,Unknown,Unknown,Unknown,,/benchmark-eeg/5.0_version/result_5/linear_downsample/Workload_within_subject_linear_downsample/seed_10_downsample_t40/ratio_full/neurolm/summary.json
Workload_within_subject_linear_downsample,Workload,within_subject,seed_10_downsample_t40,10,reve,0.3196308724832215,0.3333333333333333,balanced_chance,Unknown,Unknown,Unknown,,/benchmark-eeg/5.0_version/result_5/linear_downsample/Workload_within_subject_linear_downsample/seed_10_downsample_t40/ratio_full/reve/summary.json
Workload_within_subject_linear_downsample,Workload,within_subject,seed_42_downsample_t40,42,bendr,0.3333333333333333,0.3333333333333333,balanced_chance,Unknown,Unknown,Unknown,,/benchmark-eeg/5.0_version/result_5/linear_downsample/Workload_within_subject_linear_downsample/seed_42_downsample_t40/ratio_full/bendr/summary.json
Workload_within_subject_linear_downsample,Workload,within_subject,seed_42_downsample_t40,42,biot,0.3737509321401939,0.3333333333333333,balanced_chance,Unknown,Unknown,Unknown,,/benchmark-eeg/5.0_version/result_5/linear_downsample/Workload_within_subject_linear_downsample/seed_42_downsample_t40/ratio_full/biot/summary.json
Workload_within_subject_linear_downsample,Workload,within_subject,seed_42_downsample_t40,42,brainomni,0.3333333333333333,0.3333333333333333,balanced_chance,Unknown,Unknown,Unknown,,/benchmark-eeg/5.0_version/result_5/linear_downsample/Workload_within_subject_linear_downsample/seed_42_downsample_t40/ratio_full/brainomni/summary.json
Workload_within_subject_linear_downsample,Workload,within_subject,seed_42_downsample_t40,42,cbramod,0.3333333333333333,0.3333333333333333,balanced_chance,Unknown,Unknown,Unknown,,/benchmark-eeg/5.0_version/result_5/linear_downsample/Workload_within_subject_linear_downsample/seed_42_downsample_t40/ratio_full/cbramod/summary.json
Workload_within_subject_linear_downsample,Workload,within_subject,seed_42_downsample_t40,42,eegmamba,0.33501118568232663,0.3333333333333333,balanced_chance,Unknown,Unknown,Unknown,,/benchmark-eeg/5.0_version/result_5/linear_downsample/Workload_within_subject_linear_downsample/seed_42_downsample_t40/ratio_full/eegmamba/summary.json
Workload_within_subject_linear_downsample,Workload,within_subject,seed_42_downsample_t40,42,femba,0.3333333333333333,0.3333333333333333,balanced_chance,Unknown,Unknown,Unknown,,/benchmark-eeg/5.0_version/result_5/linear_downsample/Workload_within_subject_linear_downsample/seed_42_downsample_t40/ratio_full/femba/summary.json
Workload_within_subject_linear_downsample,Workload,within_subject,seed_42_downsample_t40,42,labram,0.33702460850111854,0.3333333333333333,balanced_chance,Unknown,Unknown,Unknown,,/benchmark-eeg/5.0_version/result_5/linear_downsample/Workload_within_subject_linear_downsample/seed_42_downsample_t40/ratio_full/labram/summary.json
Workload_within_subject_linear_downsample,Workload,within_subject,seed_42_downsample_t40,42,neurogpt,0.24384787472035793,0.3333333333333333,balanced_chance,Unknown,Unknown,Unknown,,/benchmark-eeg/5.0_version/result_5/linear_downsample/Workload_within_subject_linear_downsample/seed_42_downsample_t40/ratio_full/neurogpt/summary.json
Workload_within_subject_linear_downsample,Workload,within_subject,seed_42_downsample_t40,42,neurolm,0.36845637583892615,0.3333333333333333,balanced_chance,Unknown,Unknown,Unknown,,/benchmark-eeg/5.0_version/result_5/linear_downsample/Workload_within_subject_linear_downsample/seed_42_downsample_t40/ratio_full/neurolm/summary.json
Workload_within_subject_linear_downsample,Workload,within_subject,seed_42_downsample_t40,42,reve,0.32673378076062637,0.3333333333333333,balanced_chance,Unknown,Unknown,Unknown,,/benchmark-eeg/5.0_version/result_5/linear_downsample/Workload_within_subject_linear_downsample/seed_42_downsample_t40/ratio_full/reve/summary.json
Workload_within_subject_linear_downsample,Workload,within_subject,seed_5_downsample_t40,5,bendr,0.3333333333333333,0.3333333333333333,balanced_chance,Unknown,Unknown,Unknown,,/benchmark-eeg/5.0_version/result_5/linear_downsample/Workload_within_subject_linear_downsample/seed_5_downsample_t40/ratio_full/bendr/summary.json
Workload_within_subject_linear_downsample,Workload,within_subject,seed_5_downsample_t40,5,biot,0.30602162565249813,0.3333333333333333,balanced_chance,Unknown,Unknown,Unknown,,/benchmark-eeg/5.0_version/result_5/linear_downsample/Workload_within_subject_linear_downsample/seed_5_downsample_t40/ratio_full/biot/summary.json
Workload_within_subject_linear_downsample,Workload,within_subject,seed_5_downsample_t40,5,brainomni,0.3333333333333333,0.3333333333333333,balanced_chance,Unknown,Unknown,Unknown,,/benchmark-eeg/5.0_version/result_5/linear_downsample/Workload_within_subject_linear_downsample/seed_5_downsample_t40/ratio_full/brainomni/summary.json
Workload_within_subject_linear_downsample,Workload,within_subject,seed_5_downsample_t40,5,cbramod,0.3333333333333333,0.3333333333333333,balanced_chance,Unknown,Unknown,Unknown,,/benchmark-eeg/5.0_version/result_5/linear_downsample/Workload_within_subject_linear_downsample/seed_5_downsample_t40/ratio_full/cbramod/summary.json
Workload_within_subject_linear_downsample,Workload,within_subject,seed_5_downsample_t40,5,eegmamba,0.3333333333333333,0.3333333333333333,balanced_chance,Unknown,Unknown,Unknown,,/benchmark-eeg/5.0_version/result_5/linear_downsample/Workload_within_subject_linear_downsample/seed_5_downsample_t40/ratio_full/eegmamba/summary.json
Workload_within_subject_linear_downsample,Workload,within_subject,seed_5_downsample_t40,5,femba,0.3333333333333333,0.3333333333333333,balanced_chance,Unknown,Unknown,Unknown,,/benchmark-eeg/5.0_version/result_5/linear_downsample/Workload_within_subject_linear_downsample/seed_5_downsample_t40/ratio_full/femba/summary.json
Workload_within_subject_linear_downsample,Workload,within_subject,seed_5_downsample_t40,5,labram,0.3333333333333333,0.3333333333333333,balanced_chance,Unknown,Unknown,Unknown,,/benchmark-eeg/5.0_version/result_5/linear_downsample/Workload_within_subject_linear_downsample/seed_5_downsample_t40/ratio_full/labram/summary.json
Workload_within_subject_linear_downsample,Workload,within_subject,seed_5_downsample_t40,5,neurogpt,0.34386651752423564,0.3333333333333333,balanced_chance,Unknown,Unknown,Unknown,,/benchmark-eeg/5.0_version/result_5/linear_downsample/Workload_within_subject_linear_downsample/seed_5_downsample_t40/ratio_full/neurogpt/summary.json
Workload_within_subject_linear_downsample,Workload,within_subject,seed_5_downsample_t40,5,neurolm,0.30909768829231915,0.3333333333333333,balanced_chance,Unknown,Unknown,Unknown,,/benchmark-eeg/5.0_version/result_5/linear_downsample/Workload_within_subject_linear_downsample/seed_5_downsample_t40/ratio_full/neurolm/summary.json
Workload_within_subject_linear_downsample,Workload,within_subject,seed_5_downsample_t40,5,reve,0.3360365398956003,0.3333333333333333,balanced_chance,Unknown,Unknown,Unknown,,/benchmark-eeg/5.0_version/result_5/linear_downsample/Workload_within_subject_linear_downsample/seed_5_downsample_t40/ratio_full/reve/summary.json
